{"type":"FeatureCollection","attribution":"© OpenStreetMap contributors (ODbL) · MCGM public toilet data via data.opencity.in (public domain)","generated":"2026-08-13T12:06:51.153Z","bbox":"18.87,72.77,19.32,73.02","features":[{"type":"Feature","geometry":{"type":"Point","coordinates":[72.798253,18.954779]},"properties":{"id":"osm:node/458905821","name":"HDFC Bank","category":"atm","source":"osm","operator":"HDFC Bank"}},{"type":"Feature","geometry":{"type":"Point","coordinates":[72.79821,18.954739]},"properties":{"id":"osm:node/459663556","name":"State Bank of India","category":"atm","source":"osm","operator":"State Bank of India"}},{"type":"Feature","geometry":{"type":"Point","coordinates":[72.798012,18.954511]},"properties":{"id":"osm:node/459663557","name":"Bank of India","category":"atm","source":"osm","operator":"Bank of India"}},{"type":"Feature","geometry":{"type":"Point","coordinates":[72.931905,19.042572]},"properties":{"id":"osm:node/632349479","name":"Central Bank","category":"atm","source":"osm"}},{"type":"Feature","geometry":{"type":"Point","coordinates":[72.832209,18.960846]},"properties":{"id":"osm:node/861184746","name":null,"category":"atm","source":"osm","operator":"IDBI Bank"}},{"type":"Feature","geometry":{"type":"Point","coordinates":[72.850557,19.165316]},"properties":{"id":"osm:node/984980710","name":"HDFC Bank","category":"atm","source":"osm"}},{"type":"Feature","geometry":{"type":"Point","coordinates":[72.85053,19.165286]},"properties":{"id":"osm:node/984980713","name":"HDFC Bank","category":"atm","source":"osm","operator":"HDFC Bank"}},{"type":"Feature","geometry":{"type":"Point","coordinates":[72.87167,19.280859]},"properties":{"id":"osm:node/1070188234","name":null,"category":"atm","source":"osm","operator":"Axis Bank"}},{"type":"Feature","geometry":{"type":"Point","coordinates":[72.87183,19.280718]},"properties":{"id":"osm:node/1070196440","name":null,"category":"atm","source":"osm","operator":"Canara Bank ATM"}},{"type":"Feature","geometry":{"type":"Point","coordinates":[72.850614,19.172133]},"properties":{"id":"osm:node/1145116880","name":"HDFC Bank","category":"atm","source":"osm","operator":"HDFC Bank"}},{"type":"Feature","geometry":{"type":"Point","coordinates":[72.851159,19.166809]},"properties":{"id":"osm:node/1157166465","name":null,"category":"atm","source":"osm","operator":"The Saraswat Bank"}},{"type":"Feature","geometry":{"type":"Point","coordinates":[72.85118,19.166834]},"properties":{"id":"osm:node/1157166467","name":"The Saraswat Bank","category":"atm","source":"osm"}},{"type":"Feature","geometry":{"type":"Point","coordinates":[72.852798,19.163639]},"properties":{"id":"osm:node/1157169624","name":"State Bank of India","category":"atm","source":"osm"}},{"type":"Feature","geometry":{"type":"Point","coordinates":[72.852763,19.164028]},"properties":{"id":"osm:node/1157169630","name":"IDBI Bank","category":"atm","source":"osm"}},{"type":"Feature","geometry":{"type":"Point","coordinates":[72.853288,19.164431]},"properties":{"id":"osm:node/1160824876","name":"Bank of Baroda","category":"atm","source":"osm"}},{"type":"Feature","geometry":{"type":"Point","coordinates":[72.849704,19.170405]},"properties":{"id":"osm:node/1167616434","name":"State Bank of India","category":"atm","source":"osm","operator":"State Bank of India"}},{"type":"Feature","geometry":{"type":"Point","coordinates":[72.851276,19.163213]},"properties":{"id":"osm:node/1169398226","name":"Axis Bank","category":"atm","source":"osm"}},{"type":"Feature","geometry":{"type":"Point","coordinates":[72.980536,19.251462]},"properties":{"id":"osm:node/1182387560","name":null,"category":"atm","source":"osm","operator":"Citibank ATM"}},{"type":"Feature","geometry":{"type":"Point","coordinates":[72.980496,19.255101]},"properties":{"id":"osm:node/1182393187","name":null,"category":"atm","source":"osm","operator":"AXIS Bank ATM"}},{"type":"Feature","geometry":{"type":"Point","coordinates":[72.979157,19.249036]},"properties":{"id":"osm:node/1182393193","name":"Kotak Mahindra Bank","category":"atm","source":"osm"}},{"type":"Feature","geometry":{"type":"Point","coordinates":[72.9793,19.249135]},"properties":{"id":"osm:node/1182393195","name":null,"category":"atm","source":"osm","operator":"HDFC Bank ATM"}},{"type":"Feature","geometry":{"type":"Point","coordinates":[72.980673,19.255263]},"properties":{"id":"osm:node/1182393196","name":"Axis Bank","category":"atm","source":"osm"}},{"type":"Feature","geometry":{"type":"Point","coordinates":[72.982423,19.253896]},"properties":{"id":"osm:node/1235863195","name":null,"category":"atm","source":"osm","operator":"Standard Chartered Bank"}},{"type":"Feature","geometry":{"type":"Point","coordinates":[72.826531,18.930011]},"properties":{"id":"osm:node/1332576516","name":null,"category":"atm","source":"osm","operator":"HDFC Bank"}},{"type":"Feature","geometry":{"type":"Point","coordinates":[72.826077,18.9301]},"properties":{"id":"osm:node/1332577679","name":null,"category":"atm","source":"osm","fee":"Bank of Baroda","operator":"Bank of Baroda"}},{"type":"Feature","geometry":{"type":"Point","coordinates":[72.85326,19.108939]},"properties":{"id":"osm:node/1345329161","name":null,"category":"atm","source":"osm","operator":"HSBC"}},{"type":"Feature","geometry":{"type":"Point","coordinates":[72.852973,19.109292]},"properties":{"id":"osm:node/1345329167","name":"HDFC Bank Sahar Road","category":"atm","source":"osm","operator":"HDFC"}},{"type":"Feature","geometry":{"type":"Point","coordinates":[72.907226,19.06152]},"properties":{"id":"osm:node/1351234040","name":"sngc bank","category":"atm","source":"osm"}},{"type":"Feature","geometry":{"type":"Point","coordinates":[72.987558,19.072865]},"properties":{"id":"osm:node/1356234981","name":"HDFC BANK","category":"atm","source":"osm","operator":"HDFC BANK"}},{"type":"Feature","geometry":{"type":"Point","coordinates":[72.846838,19.166588]},"properties":{"id":"osm:node/1360134313","name":"Bank of Maharashtra","category":"atm","source":"osm"}},{"type":"Feature","geometry":{"type":"Point","coordinates":[72.920407,19.06666]},"properties":{"id":"osm:node/1366956273","name":"kokan bank","category":"atm","source":"osm"}},{"type":"Feature","geometry":{"type":"Point","coordinates":[72.898538,19.060348]},"properties":{"id":"osm:node/1398701316","name":"ICICI","category":"atm","source":"osm"}},{"type":"Feature","geometry":{"type":"Point","coordinates":[72.820561,19.209447]},"properties":{"id":"osm:node/1416471635","name":"New India Cop Bank","category":"atm","source":"osm"}},{"type":"Feature","geometry":{"type":"Point","coordinates":[72.842987,19.212659]},"properties":{"id":"osm:node/1416514165","name":"Axis Bank","category":"atm","source":"osm"}},{"type":"Feature","geometry":{"type":"Point","coordinates":[72.834343,19.071492]},"properties":{"id":"osm:node/1501518125","name":"Citibank","category":"atm","source":"osm"}},{"type":"Feature","geometry":{"type":"Point","coordinates":[72.834469,19.076049]},"properties":{"id":"osm:node/1501518140","name":null,"category":"atm","source":"osm","operator":"HSBC"}},{"type":"Feature","geometry":{"type":"Point","coordinates":[72.834475,19.075859]},"properties":{"id":"osm:node/1501518150","name":"ICICI Bank","category":"atm","source":"osm"}},{"type":"Feature","geometry":{"type":"Point","coordinates":[72.833791,19.075218]},"properties":{"id":"osm:node/1501518157","name":"IDBI Bank","category":"atm","source":"osm"}},{"type":"Feature","geometry":{"type":"Point","coordinates":[72.835003,19.084371]},"properties":{"id":"osm:node/1501518167","name":null,"category":"atm","source":"osm","operator":"Axis Bank"}},{"type":"Feature","geometry":{"type":"Point","coordinates":[72.826015,19.074456]},"properties":{"id":"osm:node/1514451614","name":"Indian Overseas Bank","category":"atm","source":"osm"}},{"type":"Feature","geometry":{"type":"Point","coordinates":[72.857601,19.021633]},"properties":{"id":"osm:node/1573743430","name":"Allahabad Bank","category":"atm","source":"osm"}},{"type":"Feature","geometry":{"type":"Point","coordinates":[72.846788,19.103147]},"properties":{"id":"osm:node/1573917606","name":"Bank of India","category":"atm","source":"osm"}},{"type":"Feature","geometry":{"type":"Point","coordinates":[72.847356,19.103048]},"properties":{"id":"osm:node/1575306449","name":"Cosmos Bank","category":"atm","source":"osm"}},{"type":"Feature","geometry":{"type":"Point","coordinates":[72.848443,19.103182]},"properties":{"id":"osm:node/1576633589","name":"Pen Urban Bank","category":"atm","source":"osm"}},{"type":"Feature","geometry":{"type":"Point","coordinates":[72.848585,19.103469]},"properties":{"id":"osm:node/1577704949","name":"ING Vaisya","category":"atm","source":"osm"}},{"type":"Feature","geometry":{"type":"Point","coordinates":[72.849818,19.103626]},"properties":{"id":"osm:node/1577946978","name":"Janata Sahakari Bank","category":"atm","source":"osm"}},{"type":"Feature","geometry":{"type":"Point","coordinates":[72.850307,19.103674]},"properties":{"id":"osm:node/1577992597","name":"Punjab National Bank","category":"atm","source":"osm"}},{"type":"Feature","geometry":{"type":"Point","coordinates":[72.851473,19.103846]},"properties":{"id":"osm:node/1579242356","name":"ICICI Bank","category":"atm","source":"osm"}},{"type":"Feature","geometry":{"type":"Point","coordinates":[72.851766,19.103866]},"properties":{"id":"osm:node/1579243979","name":"Corporation Bank","category":"atm","source":"osm"}},{"type":"Feature","geometry":{"type":"Point","coordinates":[72.851342,19.103838]},"properties":{"id":"osm:node/1579246326","name":"Karnataka Bank","category":"atm","source":"osm"}},{"type":"Feature","geometry":{"type":"Point","coordinates":[72.852272,19.103887]},"properties":{"id":"osm:node/1579287602","name":"Kotak Mahindra Bank","category":"atm","source":"osm"}},{"type":"Feature","geometry":{"type":"Point","coordinates":[72.980263,19.253432]},"properties":{"id":"osm:node/1581114996","name":null,"category":"atm","source":"osm","operator":"ICICI"}},{"type":"Feature","geometry":{"type":"Point","coordinates":[72.983055,19.255253]},"properties":{"id":"osm:node/1581163256","name":"HDFC Bank","category":"atm","source":"osm"}},{"type":"Feature","geometry":{"type":"Point","coordinates":[72.977728,19.247649]},"properties":{"id":"osm:node/1581197764","name":null,"category":"atm","source":"osm","operator":"ICICI"}},{"type":"Feature","geometry":{"type":"Point","coordinates":[72.979681,19.249748]},"properties":{"id":"osm:node/1582067185","name":"State Bank of India","category":"atm","source":"osm"}},{"type":"Feature","geometry":{"type":"Point","coordinates":[72.900132,19.059613]},"properties":{"id":"osm:node/1651421868","name":"State Bank of India","category":"atm","source":"osm"}},{"type":"Feature","geometry":{"type":"Point","coordinates":[72.849784,19.108013]},"properties":{"id":"osm:node/1803672128","name":"Union Bank of India","category":"atm","source":"osm"}},{"type":"Feature","geometry":{"type":"Point","coordinates":[72.973278,19.200949]},"properties":{"id":"osm:node/1855429901","name":"State Bank of India","category":"atm","source":"osm"}},{"type":"Feature","geometry":{"type":"Point","coordinates":[72.916294,19.125151]},"properties":{"id":"osm:node/1855812193","name":"State Bank of India","category":"atm","source":"osm"}},{"type":"Feature","geometry":{"type":"Point","coordinates":[72.916851,19.124177]},"properties":{"id":"osm:node/1855812196","name":"South Indian Bank","category":"atm","source":"osm"}},{"type":"Feature","geometry":{"type":"Point","coordinates":[72.970329,19.226987]},"properties":{"id":"osm:node/1856751371","name":"Standard Chartered","category":"atm","source":"osm"}},{"type":"Feature","geometry":{"type":"Point","coordinates":[72.96993,19.231483]},"properties":{"id":"osm:node/1856751372","name":"State Bank of India","category":"atm","source":"osm"}},{"type":"Feature","geometry":{"type":"Point","coordinates":[72.969414,19.228059]},"properties":{"id":"osm:node/1856751374","name":"Axis Bank","category":"atm","source":"osm"}},{"type":"Feature","geometry":{"type":"Point","coordinates":[72.964378,19.223063]},"properties":{"id":"osm:node/1856751393","name":"HDFC Bank","category":"atm","source":"osm"}},{"type":"Feature","geometry":{"type":"Point","coordinates":[72.970156,19.236337]},"properties":{"id":"osm:node/1861363376","name":"Federal Bank","category":"atm","source":"osm"}},{"type":"Feature","geometry":{"type":"Point","coordinates":[72.970466,19.219612]},"properties":{"id":"osm:node/1861363377","name":"Indian Overseas Bank","category":"atm","source":"osm"}},{"type":"Feature","geometry":{"type":"Point","coordinates":[72.963745,19.208237]},"properties":{"id":"osm:node/1864486759","name":"State Bank of India","category":"atm","source":"osm"}},{"type":"Feature","geometry":{"type":"Point","coordinates":[72.972038,19.206881]},"properties":{"id":"osm:node/1864486763","name":"Bank of Baroda","category":"atm","source":"osm"}},{"type":"Feature","geometry":{"type":"Point","coordinates":[72.978714,19.217063]},"properties":{"id":"osm:node/1864486765","name":"HDFC Bank","category":"atm","source":"osm"}},{"type":"Feature","geometry":{"type":"Point","coordinates":[72.96471,19.207352]},"properties":{"id":"osm:node/1864486767","name":"Saraswat Bank","category":"atm","source":"osm"}},{"type":"Feature","geometry":{"type":"Point","coordinates":[72.963456,19.208438]},"properties":{"id":"osm:node/1864486768","name":"HDFC Bank","category":"atm","source":"osm"}},{"type":"Feature","geometry":{"type":"Point","coordinates":[72.972352,19.20721]},"properties":{"id":"osm:node/1864486770","name":"State Bank of India","category":"atm","source":"osm"}},{"type":"Feature","geometry":{"type":"Point","coordinates":[72.9726,19.216395]},"properties":{"id":"osm:node/1864767851","name":"State Bank of India","category":"atm","source":"osm"}},{"type":"Feature","geometry":{"type":"Point","coordinates":[72.970195,19.224141]},"properties":{"id":"osm:node/1960732144","name":"IndusInd Bank","category":"atm","source":"osm"}},{"type":"Feature","geometry":{"type":"Point","coordinates":[72.970189,19.224003]},"properties":{"id":"osm:node/1960732182","name":"Yes Bank","category":"atm","source":"osm"}},{"type":"Feature","geometry":{"type":"Point","coordinates":[72.829402,19.06138]},"properties":{"id":"osm:node/2068377754","name":"HDFC Bank","category":"atm","source":"osm"}},{"type":"Feature","geometry":{"type":"Point","coordinates":[72.813885,19.138446]},"properties":{"id":"osm:node/2069676851","name":null,"category":"atm","source":"osm","operator":"HDFC Bank"}},{"type":"Feature","geometry":{"type":"Point","coordinates":[72.831287,19.140376]},"properties":{"id":"osm:node/2071265014","name":"Kotak Mahindra Bank","category":"atm","source":"osm"}},{"type":"Feature","geometry":{"type":"Point","coordinates":[72.831282,19.140617]},"properties":{"id":"osm:node/2071265558","name":"State Bank of India","category":"atm","source":"osm"}},{"type":"Feature","geometry":{"type":"Point","coordinates":[72.809599,19.136018]},"properties":{"id":"osm:node/2071437616","name":"Yes Bank","category":"atm","source":"osm","operator":"Yes Bank"}},{"type":"Feature","geometry":{"type":"Point","coordinates":[72.811133,19.137079]},"properties":{"id":"osm:node/2071438253","name":"ICICI Bank","category":"atm","source":"osm"}},{"type":"Feature","geometry":{"type":"Point","coordinates":[72.832029,19.139537]},"properties":{"id":"osm:node/2074174740","name":"IndusInd Bank","category":"atm","source":"osm","level":"0"}},{"type":"Feature","geometry":{"type":"Point","coordinates":[72.829096,19.146835]},"properties":{"id":"osm:node/2125166461","name":"Standard Chartered","category":"atm","source":"osm"}},{"type":"Feature","geometry":{"type":"Point","coordinates":[72.829075,19.146895]},"properties":{"id":"osm:node/2125166463","name":null,"category":"atm","source":"osm","operator":"Jammu and Kashmir Bank"}},{"type":"Feature","geometry":{"type":"Point","coordinates":[72.825333,19.139436]},"properties":{"id":"osm:node/2125237550","name":"HDFC Bank","category":"atm","source":"osm"}},{"type":"Feature","geometry":{"type":"Point","coordinates":[72.822451,19.125114]},"properties":{"id":"osm:node/2125326736","name":"United Bank of India","category":"atm","source":"osm"}},{"type":"Feature","geometry":{"type":"Point","coordinates":[72.822111,19.125689]},"properties":{"id":"osm:node/2125326742","name":"IDBI Bank","category":"atm","source":"osm"}},{"type":"Feature","geometry":{"type":"Point","coordinates":[72.830264,19.115668]},"properties":{"id":"osm:node/2131147318","name":null,"category":"atm","source":"osm","operator":"Standard Chartered"}},{"type":"Feature","geometry":{"type":"Point","coordinates":[72.825612,19.121488]},"properties":{"id":"osm:node/2131202830","name":"HDFC Bank","category":"atm","source":"osm"}},{"type":"Feature","geometry":{"type":"Point","coordinates":[72.825518,19.132851]},"properties":{"id":"osm:node/2148660912","name":"Yes Bank","category":"atm","source":"osm"}},{"type":"Feature","geometry":{"type":"Point","coordinates":[72.832712,18.938328]},"properties":{"id":"osm:node/2166796344","name":"Deutsche Bank","category":"atm","source":"osm"}},{"type":"Feature","geometry":{"type":"Point","coordinates":[72.833156,18.93772]},"properties":{"id":"osm:node/2166796346","name":"Vijaya Bank","category":"atm","source":"osm"}},{"type":"Feature","geometry":{"type":"Point","coordinates":[72.833663,18.932329]},"properties":{"id":"osm:node/2166856493","name":"ABN AMRO","category":"atm","source":"osm"}},{"type":"Feature","geometry":{"type":"Point","coordinates":[72.83343,18.932313]},"properties":{"id":"osm:node/2166856495","name":"HSBC","category":"atm","source":"osm"}},{"type":"Feature","geometry":{"type":"Point","coordinates":[72.83421,18.932311]},"properties":{"id":"osm:node/2166856496","name":"Indian Overseas Bank","category":"atm","source":"osm"}},{"type":"Feature","geometry":{"type":"Point","coordinates":[72.833944,18.932357]},"properties":{"id":"osm:node/2166856499","name":"Punjab National Bank","category":"atm","source":"osm"}},{"type":"Feature","geometry":{"type":"Point","coordinates":[72.835694,18.934759]},"properties":{"id":"osm:node/2166856503","name":"Zorastrian Bank","category":"atm","source":"osm"}},{"type":"Feature","geometry":{"type":"Point","coordinates":[72.835429,18.93348]},"properties":{"id":"osm:node/2167547603","name":"Bank National de Paris","category":"atm","source":"osm"}},{"type":"Feature","geometry":{"type":"Point","coordinates":[72.834846,18.933737]},"properties":{"id":"osm:node/2167547604","name":"Bank of Tokyo","category":"atm","source":"osm"}},{"type":"Feature","geometry":{"type":"Point","coordinates":[72.834347,18.92813]},"properties":{"id":"osm:node/2167547605","name":"Canara Bank","category":"atm","source":"osm"}},{"type":"Feature","geometry":{"type":"Point","coordinates":[72.832155,18.932571]},"properties":{"id":"osm:node/2168552195","name":"Standard Chartered","category":"atm","source":"osm"}},{"type":"Feature","geometry":{"type":"Point","coordinates":[72.835429,18.931241]},"properties":{"id":"osm:node/2168597659","name":"Allahabad Bank","category":"atm","source":"osm"}},{"type":"Feature","geometry":{"type":"Point","coordinates":[72.834152,18.930559]},"properties":{"id":"osm:node/2168597681","name":"Bank of Maharashtra","category":"atm","source":"osm"}},{"type":"Feature","geometry":{"type":"Point","coordinates":[72.836977,18.932788]},"properties":{"id":"osm:node/2168597685","name":"Reserve Bank of India","category":"atm","source":"osm"}},{"type":"Feature","geometry":{"type":"Point","coordinates":[72.834678,18.931045]},"properties":{"id":"osm:node/2168597692","name":"State Bank of India","category":"atm","source":"osm"}},{"type":"Feature","geometry":{"type":"Point","coordinates":[72.834342,18.931086]},"properties":{"id":"osm:node/2168597698","name":"State Bank of India","category":"atm","source":"osm"}},{"type":"Feature","geometry":{"type":"Point","coordinates":[72.835101,18.933229]},"properties":{"id":"osm:node/2168654399","name":"Canara Bank","category":"atm","source":"osm"}},{"type":"Feature","geometry":{"type":"Point","coordinates":[72.832844,18.933678]},"properties":{"id":"osm:node/2168853713","name":"Bank of Rajasthan","category":"atm","source":"osm"}},{"type":"Feature","geometry":{"type":"Point","coordinates":[72.831553,18.933341]},"properties":{"id":"osm:node/2169130410","name":"American Express Bank","category":"atm","source":"osm"}},{"type":"Feature","geometry":{"type":"Point","coordinates":[72.829295,19.059682]},"properties":{"id":"osm:node/2173557095","name":"Kotak Mahindra Bank","category":"atm","source":"osm","operator":"Kotak Mahindra"}},{"type":"Feature","geometry":{"type":"Point","coordinates":[72.829453,19.060351]},"properties":{"id":"osm:node/2173585904","name":"HSBC","category":"atm","source":"osm"}},{"type":"Feature","geometry":{"type":"Point","coordinates":[72.82684,19.140197]},"properties":{"id":"osm:node/2181459990","name":"Bank of Baroda","category":"atm","source":"osm"}},{"type":"Feature","geometry":{"type":"Point","coordinates":[72.827347,19.132752]},"properties":{"id":"osm:node/2186668925","name":"Shamrao Viththal Cooperative Bank","category":"atm","source":"osm"}},{"type":"Feature","geometry":{"type":"Point","coordinates":[72.867162,19.106858]},"properties":{"id":"osm:node/2188840265","name":"Jankalyan Sahkari Bank Ltd","category":"atm","source":"osm"}},{"type":"Feature","geometry":{"type":"Point","coordinates":[72.867101,19.107091]},"properties":{"id":"osm:node/2188841241","name":"HDFC Bank ATM","category":"atm","source":"osm"}},{"type":"Feature","geometry":{"type":"Point","coordinates":[72.833753,18.936559]},"properties":{"id":"osm:node/2189176387","name":"Deutsche Bank","category":"atm","source":"osm"}},{"type":"Feature","geometry":{"type":"Point","coordinates":[72.833416,18.935809]},"properties":{"id":"osm:node/2189176388","name":"ICICI Bank","category":"atm","source":"osm"}},{"type":"Feature","geometry":{"type":"Point","coordinates":[72.90486,19.066423]},"properties":{"id":"osm:node/2235213166","name":null,"category":"atm","source":"osm","fee":"no","operator":"HDFC Bank"}},{"type":"Feature","geometry":{"type":"Point","coordinates":[72.957266,19.169575]},"properties":{"id":"osm:node/2296930090","name":"IDBI Bank","category":"atm","source":"osm","operator":"IDBI Bank"}},{"type":"Feature","geometry":{"type":"Point","coordinates":[72.955753,19.170184]},"properties":{"id":"osm:node/2296930091","name":"State Bank of India, Mulund E","category":"atm","source":"osm","operator":"State Bank of India"}},{"type":"Feature","geometry":{"type":"Point","coordinates":[72.955726,19.170153]},"properties":{"id":"osm:node/2296930159","name":null,"category":"atm","source":"osm","operator":"State Bank of India"}},{"type":"Feature","geometry":{"type":"Point","coordinates":[72.85588,19.178255]},"properties":{"id":"osm:node/2308149391","name":"HDFC Bank","category":"atm","source":"osm","operator":"HDFC Bank"}},{"type":"Feature","geometry":{"type":"Point","coordinates":[72.900548,19.135243]},"properties":{"id":"osm:node/2313088123","name":"State Bank of India","category":"atm","source":"osm","phone":"022-28575099"}},{"type":"Feature","geometry":{"type":"Point","coordinates":[72.900291,19.058454]},"properties":{"id":"osm:node/2319384840","name":"HDFC Bank","category":"atm","source":"osm"}},{"type":"Feature","geometry":{"type":"Point","coordinates":[72.825867,19.139244]},"properties":{"id":"osm:node/2364369003","name":null,"category":"atm","source":"osm","operator":"State Bank of India"}},{"type":"Feature","geometry":{"type":"Point","coordinates":[72.831537,19.136791]},"properties":{"id":"osm:node/2364401398","name":null,"category":"atm","source":"osm","operator":"Bank of Maharashtra"}},{"type":"Feature","geometry":{"type":"Point","coordinates":[72.831169,19.165394]},"properties":{"id":"osm:node/2366680453","name":"oroental Bank Of Commerce","category":"atm","source":"osm"}},{"type":"Feature","geometry":{"type":"Point","coordinates":[72.829998,19.184454]},"properties":{"id":"osm:node/2366707932","name":"Corporation Bank","category":"atm","source":"osm"}},{"type":"Feature","geometry":{"type":"Point","coordinates":[72.835727,19.150693]},"properties":{"id":"osm:node/2366731272","name":"HDFC Bank","category":"atm","source":"osm","operator":"HDFC Bank"}},{"type":"Feature","geometry":{"type":"Point","coordinates":[72.829182,19.11231]},"properties":{"id":"osm:node/2368204850","name":"ICICI Bank","category":"atm","source":"osm"}},{"type":"Feature","geometry":{"type":"Point","coordinates":[72.847144,19.174571]},"properties":{"id":"osm:node/2397247529","name":"RBL Bank","category":"atm","source":"osm"}},{"type":"Feature","geometry":{"type":"Point","coordinates":[72.851161,19.24427]},"properties":{"id":"osm:node/2399406516","name":null,"category":"atm","source":"osm","operator":"HDFC Bank"}},{"type":"Feature","geometry":{"type":"Point","coordinates":[72.85172,19.244307]},"properties":{"id":"osm:node/2399406553","name":null,"category":"atm","source":"osm","operator":"ICICI Bank"}},{"type":"Feature","geometry":{"type":"Point","coordinates":[72.820742,19.12838]},"properties":{"id":"osm:node/2414363400","name":"Axis Bank","category":"atm","source":"osm"}},{"type":"Feature","geometry":{"type":"Point","coordinates":[72.977119,19.210384]},"properties":{"id":"osm:node/2430874434","name":"State Bank of India","category":"atm","source":"osm"}},{"type":"Feature","geometry":{"type":"Point","coordinates":[72.817284,18.958197]},"properties":{"id":"osm:node/2457605418","name":"North Kanara Bank","category":"atm","source":"osm"}},{"type":"Feature","geometry":{"type":"Point","coordinates":[72.816997,18.958723]},"properties":{"id":"osm:node/2457605419","name":"Yes Bank","category":"atm","source":"osm","operator":"Yes Bank"}},{"type":"Feature","geometry":{"type":"Point","coordinates":[72.817023,18.958789]},"properties":{"id":"osm:node/2457605420","name":"ICICI Bank","category":"atm","source":"osm"}},{"type":"Feature","geometry":{"type":"Point","coordinates":[72.947766,19.195041]},"properties":{"id":"osm:node/2502769609","name":"ICICI Bank, Wagle Estate Branch","category":"atm","source":"osm"}},{"type":"Feature","geometry":{"type":"Point","coordinates":[72.928321,19.04291]},"properties":{"id":"osm:node/2567529788","name":"Ghadi House, Mankhurd","category":"atm","source":"osm","operator":"ICICI Bank"}},{"type":"Feature","geometry":{"type":"Point","coordinates":[72.829838,19.055186]},"properties":{"id":"osm:node/2610566341","name":"Standard Chartered","category":"atm","source":"osm","operator":"Standard Chartered"}},{"type":"Feature","geometry":{"type":"Point","coordinates":[72.827148,19.054552]},"properties":{"id":"osm:node/2610566388","name":"Bank of Baroda","category":"atm","source":"osm"}},{"type":"Feature","geometry":{"type":"Point","coordinates":[72.821819,18.968563]},"properties":{"id":"osm:node/2637276408","name":null,"category":"atm","source":"osm"}},{"type":"Feature","geometry":{"type":"Point","coordinates":[72.834262,19.070801]},"properties":{"id":"osm:node/2680353849","name":"Axis Bank","category":"atm","source":"osm"}},{"type":"Feature","geometry":{"type":"Point","coordinates":[72.988439,19.072851]},"properties":{"id":"osm:node/2700306830","name":"Dena Bank","category":"atm","source":"osm"}},{"type":"Feature","geometry":{"type":"Point","coordinates":[72.872519,19.207279]},"properties":{"id":"osm:node/2725113107","name":"Kotak Mahindra Bank","category":"atm","source":"osm","operator":"Kotak Mahindra Bank"}},{"type":"Feature","geometry":{"type":"Point","coordinates":[72.841281,19.028724]},"properties":{"id":"osm:node/2726744170","name":"Bank of Baroda","category":"atm","source":"osm","opening_hours":"24/7"}},{"type":"Feature","geometry":{"type":"Point","coordinates":[72.841533,19.029749]},"properties":{"id":"osm:node/2726744681","name":"HDFC Bank","category":"atm","source":"osm"}},{"type":"Feature","geometry":{"type":"Point","coordinates":[72.841636,19.030098]},"properties":{"id":"osm:node/2726757528","name":"Bank of India","category":"atm","source":"osm"}},{"type":"Feature","geometry":{"type":"Point","coordinates":[72.872844,19.20632]},"properties":{"id":"osm:node/2820520132","name":"HDFC ATM","category":"atm","source":"osm","operator":"HDFC Bank"}},{"type":"Feature","geometry":{"type":"Point","coordinates":[72.874539,19.212632]},"properties":{"id":"osm:node/2822421687","name":"Axis Bank","category":"atm","source":"osm","operator":"AXIS Bank"}},{"type":"Feature","geometry":{"type":"Point","coordinates":[72.826046,19.048582]},"properties":{"id":"osm:node/2851477524","name":"Federal Bank","category":"atm","source":"osm"}},{"type":"Feature","geometry":{"type":"Point","coordinates":[72.824276,19.052619]},"properties":{"id":"osm:node/2851478746","name":"Union Bank of India","category":"atm","source":"osm"}},{"type":"Feature","geometry":{"type":"Point","coordinates":[72.824301,19.052835]},"properties":{"id":"osm:node/2851478747","name":"HDFC Bank","category":"atm","source":"osm"}},{"type":"Feature","geometry":{"type":"Point","coordinates":[72.974075,19.250335]},"properties":{"id":"osm:node/2902095345","name":"ICICI Bank","category":"atm","source":"osm"}},{"type":"Feature","geometry":{"type":"Point","coordinates":[72.825735,18.953081]},"properties":{"id":"osm:node/2930722460","name":"State Bank of India","category":"atm","source":"osm"}},{"type":"Feature","geometry":{"type":"Point","coordinates":[72.926497,19.063952]},"properties":{"id":"osm:node/2930724985","name":"Dena Bank","category":"atm","source":"osm"}},{"type":"Feature","geometry":{"type":"Point","coordinates":[72.885093,19.071457]},"properties":{"id":"osm:node/2933190830","name":"State Bank ATM","category":"atm","source":"osm","operator":"State Bank"}},{"type":"Feature","geometry":{"type":"Point","coordinates":[72.85596,19.144048]},"properties":{"id":"osm:node/3016655937","name":"State Bank of India","category":"atm","source":"osm","operator":"State Bank of India"}},{"type":"Feature","geometry":{"type":"Point","coordinates":[72.897614,19.028024]},"properties":{"id":"osm:node/3125292401","name":"Dena Bank","category":"atm","source":"osm","opening_hours":"8:15-14:15"}},{"type":"Feature","geometry":{"type":"Point","coordinates":[72.834115,19.071657]},"properties":{"id":"osm:node/3195574836","name":"Citibank","category":"atm","source":"osm"}},{"type":"Feature","geometry":{"type":"Point","coordinates":[72.829749,19.111172]},"properties":{"id":"osm:node/3195592887","name":"Union Bank of India","category":"atm","source":"osm"}},{"type":"Feature","geometry":{"type":"Point","coordinates":[72.830641,19.114352]},"properties":{"id":"osm:node/3201090477","name":"Corporation Bank","category":"atm","source":"osm"}},{"type":"Feature","geometry":{"type":"Point","coordinates":[72.919094,19.0605]},"properties":{"id":"osm:node/3202765969","name":null,"category":"atm","source":"osm","opening_hours":"0:00-24:00","operator":"all"}},{"type":"Feature","geometry":{"type":"Point","coordinates":[72.909162,19.061137]},"properties":{"id":"osm:node/3202766974","name":"bank of narayana guru","category":"atm","source":"osm","operator":"Hemant"}},{"type":"Feature","geometry":{"type":"Point","coordinates":[72.830277,18.95634]},"properties":{"id":"osm:node/3202767480","name":"badhoda bank","category":"atm","source":"osm"}},{"type":"Feature","geometry":{"type":"Point","coordinates":[72.92884,19.063151]},"properties":{"id":"osm:node/3202949536","name":"lena bank","category":"atm","source":"osm","operator":"safiya"}},{"type":"Feature","geometry":{"type":"Point","coordinates":[72.844296,19.06072]},"properties":{"id":"osm:node/3207680705","name":"Axis Bank","category":"atm","source":"osm","operator":"Axis Bank"}},{"type":"Feature","geometry":{"type":"Point","coordinates":[72.844258,19.060667]},"properties":{"id":"osm:node/3207680721","name":"Bank of Baroda","category":"atm","source":"osm","operator":"Bank of Baroda"}},{"type":"Feature","geometry":{"type":"Point","coordinates":[73.013911,19.016815]},"properties":{"id":"osm:node/3208149026","name":"Kayur Vysya Bank","category":"atm","source":"osm","opening_hours":"Mo-Sa 09:30-17:00"}},{"type":"Feature","geometry":{"type":"Point","coordinates":[72.824015,19.134832]},"properties":{"id":"osm:node/3208522595","name":"Bank Of Baroda","category":"atm","source":"osm","operator":"Bank of Baroda"}},{"type":"Feature","geometry":{"type":"Point","coordinates":[72.918274,19.084261]},"properties":{"id":"osm:node/3210487879","name":null,"category":"atm","source":"osm"}},{"type":"Feature","geometry":{"type":"Point","coordinates":[72.92471,19.060896]},"properties":{"id":"osm:node/3213765399","name":"state Bank of India","category":"atm","source":"osm","opening_hours":"0:00-24:00"}},{"type":"Feature","geometry":{"type":"Point","coordinates":[72.901129,19.051825]},"properties":{"id":"osm:node/3214396698","name":"State Bank of India Specialised NRI Branch","category":"atm","source":"osm","opening_hours":"Mo-Fr 10:00-16:00;Sa 10:00-13:00","operator":"State Bank of India","phone":"+91 22 25214446"}},{"type":"Feature","geometry":{"type":"Point","coordinates":[72.906243,19.068094]},"properties":{"id":"osm:node/3215227340","name":"Indian Overseas Bank","category":"atm","source":"osm","opening_hours":"Mo-Fr 08:00-14:00; Sa 08:00-11:00","operator":"Indian Overseas Bank","phone":"+91 22 25258093"}},{"type":"Feature","geometry":{"type":"Point","coordinates":[72.919509,19.064982]},"properties":{"id":"osm:node/3218583001","name":"kocan bank","category":"atm","source":"osm"}},{"type":"Feature","geometry":{"type":"Point","coordinates":[72.919212,19.064454]},"properties":{"id":"osm:node/3218618160","name":"THE HINDUSTHAN CO-OP.BANK LTD MUMBAI","category":"atm","source":"osm","operator":"9;00am to 5;00pm and sater day is half day so timing 9;30am to 1;00 pm","description":"ho;4/A devi galli Baburao Bobade Marg,Lokhand Bazaar"}},{"type":"Feature","geometry":{"type":"Point","coordinates":[72.919348,19.06433]},"properties":{"id":"osm:node/3218626830","name":"FRB EASY BANKING","category":"atm","source":"osm","operator":"PREAM SHARMA COMMUNICATION"}},{"type":"Feature","geometry":{"type":"Point","coordinates":[72.90116,19.06212]},"properties":{"id":"osm:node/3218920533","name":"Indian Bank","category":"atm","source":"osm"}},{"type":"Feature","geometry":{"type":"Point","coordinates":[72.920122,19.066136]},"properties":{"id":"osm:node/3221370130","name":"AXIS bank ATM 24& 7 services","category":"atm","source":"osm"}},{"type":"Feature","geometry":{"type":"Point","coordinates":[72.958721,19.17203]},"properties":{"id":"osm:node/3224623804","name":"Bank of Baroda","category":"atm","source":"osm"}},{"type":"Feature","geometry":{"type":"Point","coordinates":[72.959458,19.171917]},"properties":{"id":"osm:node/3224692236","name":"Axis Bank","category":"atm","source":"osm"}},{"type":"Feature","geometry":{"type":"Point","coordinates":[72.953486,19.174683]},"properties":{"id":"osm:node/3235946455","name":"Dena Bank","category":"atm","source":"osm"}},{"type":"Feature","geometry":{"type":"Point","coordinates":[72.954421,19.175383]},"properties":{"id":"osm:node/3235952462","name":"Cyndicate Bank","category":"atm","source":"osm"}},{"type":"Feature","geometry":{"type":"Point","coordinates":[72.95448,19.175363]},"properties":{"id":"osm:node/3235952463","name":"Sarswat Bank","category":"atm","source":"osm"}},{"type":"Feature","geometry":{"type":"Point","coordinates":[72.850139,19.11492]},"properties":{"id":"osm:node/3242698781","name":"Kotak Mahindra Bank","category":"atm","source":"osm"}},{"type":"Feature","geometry":{"type":"Point","coordinates":[72.878966,19.077535]},"properties":{"id":"osm:node/3289545269","name":null,"category":"atm","source":"osm"}},{"type":"Feature","geometry":{"type":"Point","coordinates":[72.831819,19.140484]},"properties":{"id":"osm:node/3293516345","name":"Yes Bank","category":"atm","source":"osm"}},{"type":"Feature","geometry":{"type":"Point","coordinates":[72.831918,19.140794]},"properties":{"id":"osm:node/3305729037","name":"New India Co-Operative Bank Ltd","category":"atm","source":"osm"}},{"type":"Feature","geometry":{"type":"Point","coordinates":[72.832427,18.924822]},"properties":{"id":"osm:node/3306535077","name":"HDFC Bank","category":"atm","source":"osm"}},{"type":"Feature","geometry":{"type":"Point","coordinates":[72.832967,18.924649]},"properties":{"id":"osm:node/3306535084","name":null,"category":"atm","source":"osm","operator":"Axis Bank"}},{"type":"Feature","geometry":{"type":"Point","coordinates":[72.827774,19.001095]},"properties":{"id":"osm:node/3333491792","name":"RBS Office","category":"atm","source":"osm"}},{"type":"Feature","geometry":{"type":"Point","coordinates":[72.827554,18.998745]},"properties":{"id":"osm:node/3333491946","name":"Kotak Mahindra Bank","category":"atm","source":"osm"}},{"type":"Feature","geometry":{"type":"Point","coordinates":[72.833805,18.928934]},"properties":{"id":"osm:node/3366416121","name":"Corporation Bank","category":"atm","source":"osm"}},{"type":"Feature","geometry":{"type":"Point","coordinates":[72.833785,18.929053]},"properties":{"id":"osm:node/3366416124","name":"Canara Bank","category":"atm","source":"osm"}},{"type":"Feature","geometry":{"type":"Point","coordinates":[72.833787,18.92854]},"properties":{"id":"osm:node/3366427604","name":"Lakshmi Vilas Bank","category":"atm","source":"osm"}},{"type":"Feature","geometry":{"type":"Point","coordinates":[73.001915,19.06936]},"properties":{"id":"osm:node/3431431592","name":"The Maharashtra State Co-Operative Bank Ltd","category":"atm","source":"osm"}},{"type":"Feature","geometry":{"type":"Point","coordinates":[73.008876,19.043855]},"properties":{"id":"osm:node/3451890496","name":"HDFC Bank","category":"atm","source":"osm"}},{"type":"Feature","geometry":{"type":"Point","coordinates":[72.874536,19.209239]},"properties":{"id":"osm:node/3484977398","name":"Saraswat Bank","category":"atm","source":"osm"}},{"type":"Feature","geometry":{"type":"Point","coordinates":[72.829767,19.059685]},"properties":{"id":"osm:node/3512350293","name":"Axis Bank","category":"atm","source":"osm","operator":"Axis Bank"}},{"type":"Feature","geometry":{"type":"Point","coordinates":[72.903437,19.113575]},"properties":{"id":"osm:node/3518548898","name":"Apna Janta Sahakari Bank","category":"atm","source":"osm"}},{"type":"Feature","geometry":{"type":"Point","coordinates":[72.837014,19.020862]},"properties":{"id":"osm:node/3524849445","name":"Oriental Bank Of Conmerce","category":"atm","source":"osm"}},{"type":"Feature","geometry":{"type":"Point","coordinates":[72.83692,19.0207]},"properties":{"id":"osm:node/3524849447","name":"Bank of India","category":"atm","source":"osm","operator":"Bank of India"}},{"type":"Feature","geometry":{"type":"Point","coordinates":[72.909885,19.046008]},"properties":{"id":"osm:node/3529548084","name":"State Bank of India","category":"atm","source":"osm","opening_hours":"09:30-15:30","phone":"+912225580005"}},{"type":"Feature","geometry":{"type":"Point","coordinates":[72.896704,19.060767]},"properties":{"id":"osm:node/3529572268","name":"vijya bank","category":"atm","source":"osm"}},{"type":"Feature","geometry":{"type":"Point","coordinates":[72.88046,19.06275]},"properties":{"id":"osm:node/3532111661","name":"State Bank of India","category":"atm","source":"osm"}},{"type":"Feature","geometry":{"type":"Point","coordinates":[72.884219,19.063772]},"properties":{"id":"osm:node/3532122516","name":"Allahabad Bank","category":"atm","source":"osm"}},{"type":"Feature","geometry":{"type":"Point","coordinates":[72.878128,19.069281]},"properties":{"id":"osm:node/3532124715","name":"noor communication","category":"atm","source":"osm"}},{"type":"Feature","geometry":{"type":"Point","coordinates":[72.898235,19.053202]},"properties":{"id":"osm:node/3534557308","name":"Dena Bank","category":"atm","source":"osm"}},{"type":"Feature","geometry":{"type":"Point","coordinates":[72.898715,19.058465]},"properties":{"id":"osm:node/3534574621","name":"ING","category":"atm","source":"osm"}},{"type":"Feature","geometry":{"type":"Point","coordinates":[72.934253,19.144507]},"properties":{"id":"osm:node/3554043837","name":"Dena Bank","category":"atm","source":"osm","opening_hours":"10:00-15:30","operator":"unknown"}},{"type":"Feature","geometry":{"type":"Point","coordinates":[73.004636,19.086391]},"properties":{"id":"osm:node/3554645742","name":"South Indian Bank","category":"atm","source":"osm"}},{"type":"Feature","geometry":{"type":"Point","coordinates":[72.922086,19.106534]},"properties":{"id":"osm:node/3587223727","name":"ICICI Bank","category":"atm","source":"osm"}},{"type":"Feature","geometry":{"type":"Point","coordinates":[72.895341,19.100142]},"properties":{"id":"osm:node/3602055066","name":"Bank of Baroda","category":"atm","source":"osm"}},{"type":"Feature","geometry":{"type":"Point","coordinates":[72.925351,19.110703]},"properties":{"id":"osm:node/3602161433","name":"mutual fund","category":"atm","source":"osm"}},{"type":"Feature","geometry":{"type":"Point","coordinates":[72.925294,19.110566]},"properties":{"id":"osm:node/3602161434","name":"hdfc bank","category":"atm","source":"osm"}},{"type":"Feature","geometry":{"type":"Point","coordinates":[72.936623,19.117314]},"properties":{"id":"osm:node/3602843667","name":"Jankalyan Sahakari bank","category":"atm","source":"osm"}},{"type":"Feature","geometry":{"type":"Point","coordinates":[72.93866,19.120212]},"properties":{"id":"osm:node/3602868335","name":"State Bank of India","category":"atm","source":"osm"}},{"type":"Feature","geometry":{"type":"Point","coordinates":[72.852297,19.080884]},"properties":{"id":"osm:node/3632361087","name":"Axis Bank","category":"atm","source":"osm"}},{"type":"Feature","geometry":{"type":"Point","coordinates":[72.831155,19.127488]},"properties":{"id":"osm:node/3767105939","name":"Karnataka Bank Ltd","category":"atm","source":"osm","operator":"Karnataka Bank"}},{"type":"Feature","geometry":{"type":"Point","coordinates":[72.83117,19.127303]},"properties":{"id":"osm:node/3767105941","name":"Corporation Bank","category":"atm","source":"osm","operator":"Corporation Bank"}},{"type":"Feature","geometry":{"type":"Point","coordinates":[72.809032,18.974046]},"properties":{"id":"osm:node/3878645356","name":"Axis Bank","category":"atm","source":"osm","opening_hours":"Mo-Sa 09:30-15:30; PH closed","operator":"Private","level":"0"}},{"type":"Feature","geometry":{"type":"Point","coordinates":[72.814076,19.134767]},"properties":{"id":"osm:node/3945482603","name":"DCB Bank","category":"atm","source":"osm"}},{"type":"Feature","geometry":{"type":"Point","coordinates":[72.839575,19.101319]},"properties":{"id":"osm:node/3951524189","name":"Bank of India","category":"atm","source":"osm"}},{"type":"Feature","geometry":{"type":"Point","coordinates":[72.837927,19.086474]},"properties":{"id":"osm:node/3951538081","name":"HDFC Bank","category":"atm","source":"osm"}},{"type":"Feature","geometry":{"type":"Point","coordinates":[72.837888,19.084709]},"properties":{"id":"osm:node/3951540038","name":"ICICI Bank","category":"atm","source":"osm"}},{"type":"Feature","geometry":{"type":"Point","coordinates":[72.837784,19.083998]},"properties":{"id":"osm:node/3951540700","name":"Standard Chartered","category":"atm","source":"osm"}},{"type":"Feature","geometry":{"type":"Point","coordinates":[72.954918,19.173687]},"properties":{"id":"osm:node/3951814358","name":"Thane Bharat  Sahkari Bank","category":"atm","source":"osm"}},{"type":"Feature","geometry":{"type":"Point","coordinates":[72.842284,19.113826]},"properties":{"id":"osm:node/3979085054","name":"ICICI Bank","category":"atm","source":"osm"}},{"type":"Feature","geometry":{"type":"Point","coordinates":[72.825854,19.121304]},"properties":{"id":"osm:node/3979245839","name":"State Bank of India","category":"atm","source":"osm"}},{"type":"Feature","geometry":{"type":"Point","coordinates":[72.818809,19.13008]},"properties":{"id":"osm:node/3980133296","name":"Bank of Maharashtra","category":"atm","source":"osm"}},{"type":"Feature","geometry":{"type":"Point","coordinates":[72.831438,19.151407]},"properties":{"id":"osm:node/3981607926","name":"State Bank of India","category":"atm","source":"osm","operator":"State Bank of India"}},{"type":"Feature","geometry":{"type":"Point","coordinates":[72.821481,19.127478]},"properties":{"id":"osm:node/3984000685","name":"Greater Bank","category":"atm","source":"osm"}},{"type":"Feature","geometry":{"type":"Point","coordinates":[72.829335,19.059377]},"properties":{"id":"osm:node/4014530263","name":"Citibank","category":"atm","source":"osm","operator":"Citibank"}},{"type":"Feature","geometry":{"type":"Point","coordinates":[72.829677,19.060532]},"properties":{"id":"osm:node/4014544589","name":"Bank of Baroda","category":"atm","source":"osm"}},{"type":"Feature","geometry":{"type":"Point","coordinates":[72.819907,18.915807]},"properties":{"id":"osm:node/4044345927","name":"State Bank of India","category":"atm","source":"osm","operator":"State Bank of India"}},{"type":"Feature","geometry":{"type":"Point","coordinates":[72.819982,18.915745]},"properties":{"id":"osm:node/4044345928","name":"Axis Bank","category":"atm","source":"osm","operator":"Axis Bank"}},{"type":"Feature","geometry":{"type":"Point","coordinates":[72.819411,18.91614]},"properties":{"id":"osm:node/4044345934","name":"Kotak Mahindra Bank","category":"atm","source":"osm","operator":"Kotak Mahindra Bank"}},{"type":"Feature","geometry":{"type":"Point","coordinates":[72.822493,19.129844]},"properties":{"id":"osm:node/4081096090","name":null,"category":"atm","source":"osm"}},{"type":"Feature","geometry":{"type":"Point","coordinates":[72.839396,19.194723]},"properties":{"id":"osm:node/4137656290","name":"Union Bank of India","category":"atm","source":"osm"}},{"type":"Feature","geometry":{"type":"Point","coordinates":[72.838876,19.194955]},"properties":{"id":"osm:node/4137663922","name":"Punjab National Bank","category":"atm","source":"osm"}},{"type":"Feature","geometry":{"type":"Point","coordinates":[72.838997,19.195991]},"properties":{"id":"osm:node/4137664042","name":"Axis Bank","category":"atm","source":"osm"}},{"type":"Feature","geometry":{"type":"Point","coordinates":[72.970347,19.228115]},"properties":{"id":"osm:node/4151012961","name":"ICICI bank ATM","category":"atm","source":"osm"}},{"type":"Feature","geometry":{"type":"Point","coordinates":[72.814907,19.138673]},"properties":{"id":"osm:node/4152602621","name":"IndusInd Bank","category":"atm","source":"osm","operator":"IndusInd Bank"}},{"type":"Feature","geometry":{"type":"Point","coordinates":[72.975774,19.233205]},"properties":{"id":"osm:node/4154053797","name":"Kotak Mahindra Bank","category":"atm","source":"osm","opening_hours":"24/7"}},{"type":"Feature","geometry":{"type":"Point","coordinates":[72.920015,19.102235]},"properties":{"id":"osm:node/4154053798","name":null,"category":"atm","source":"osm","opening_hours":"24/7"}},{"type":"Feature","geometry":{"type":"Point","coordinates":[72.921596,19.104266]},"properties":{"id":"osm:node/4154068291","name":null,"category":"atm","source":"osm","opening_hours":"24/7"}},{"type":"Feature","geometry":{"type":"Point","coordinates":[72.976524,19.186971]},"properties":{"id":"osm:node/4158041490","name":null,"category":"atm","source":"osm"}},{"type":"Feature","geometry":{"type":"Point","coordinates":[72.976832,19.18704]},"properties":{"id":"osm:node/4158041491","name":null,"category":"atm","source":"osm"}},{"type":"Feature","geometry":{"type":"Point","coordinates":[72.975807,19.234264]},"properties":{"id":"osm:node/4158101344","name":"Punjab National Bank","category":"atm","source":"osm"}},{"type":"Feature","geometry":{"type":"Point","coordinates":[72.975766,19.234455]},"properties":{"id":"osm:node/4158101552","name":"ICICI Bank","category":"atm","source":"osm"}},{"type":"Feature","geometry":{"type":"Point","coordinates":[72.975946,19.233556]},"properties":{"id":"osm:node/4170687889","name":"Union Bank of India","category":"atm","source":"osm"}},{"type":"Feature","geometry":{"type":"Point","coordinates":[72.97143,19.232765]},"properties":{"id":"osm:node/4173199994","name":"Central Bank of India","category":"atm","source":"osm","opening_hours":"24/7"}},{"type":"Feature","geometry":{"type":"Point","coordinates":[72.969341,19.261505]},"properties":{"id":"osm:node/4216317816","name":"Axis Bank","category":"atm","source":"osm"}},{"type":"Feature","geometry":{"type":"Point","coordinates":[72.981176,19.241417]},"properties":{"id":"osm:node/4256155760","name":"Union Bank ATM","category":"atm","source":"osm","operator":"ATM ( UNION , ICICI and HDFC"}},{"type":"Feature","geometry":{"type":"Point","coordinates":[72.984631,19.246288]},"properties":{"id":"osm:node/4256155767","name":"Indian Overseas Bank","category":"atm","source":"osm"}},{"type":"Feature","geometry":{"type":"Point","coordinates":[72.984742,19.246266]},"properties":{"id":"osm:node/4256155769","name":"ICICI Bank","category":"atm","source":"osm"}},{"type":"Feature","geometry":{"type":"Point","coordinates":[72.925341,19.110031]},"properties":{"id":"osm:node/4258412111","name":"union bank","category":"atm","source":"osm"}},{"type":"Feature","geometry":{"type":"Point","coordinates":[72.965118,19.270941]},"properties":{"id":"osm:node/4270153490","name":null,"category":"atm","source":"osm","operator":"Bank of Baroda "}},{"type":"Feature","geometry":{"type":"Point","coordinates":[72.965628,19.27017]},"properties":{"id":"osm:node/4270169689","name":null,"category":"atm","source":"osm"}},{"type":"Feature","geometry":{"type":"Point","coordinates":[72.961972,19.273329]},"properties":{"id":"osm:node/4270329890","name":null,"category":"atm","source":"osm","operator":"Bank of Maharashtra "}},{"type":"Feature","geometry":{"type":"Point","coordinates":[72.834434,19.113035]},"properties":{"id":"osm:node/4279191189","name":null,"category":"atm","source":"osm","opening_hours":"24/7"}},{"type":"Feature","geometry":{"type":"Point","coordinates":[72.843691,19.119246]},"properties":{"id":"osm:node/4282380299","name":null,"category":"atm","source":"osm","opening_hours":"24/7"}},{"type":"Feature","geometry":{"type":"Point","coordinates":[72.844748,19.118795]},"properties":{"id":"osm:node/4282385496","name":"State Bank of India","category":"atm","source":"osm","operator":"State Bank of India"}},{"type":"Feature","geometry":{"type":"Point","coordinates":[72.83456,19.060567]},"properties":{"id":"osm:node/4303141075","name":"ICICI Bank","category":"atm","source":"osm"}},{"type":"Feature","geometry":{"type":"Point","coordinates":[72.834249,19.060685]},"properties":{"id":"osm:node/4303151062","name":"Allahabad Bank","category":"atm","source":"osm"}},{"type":"Feature","geometry":{"type":"Point","coordinates":[72.836424,19.059684]},"properties":{"id":"osm:node/4303174219","name":"Bank of Baroda","category":"atm","source":"osm"}},{"type":"Feature","geometry":{"type":"Point","coordinates":[72.835927,19.059109]},"properties":{"id":"osm:node/4303174323","name":"State Bank of India","category":"atm","source":"osm"}},{"type":"Feature","geometry":{"type":"Point","coordinates":[72.829392,19.056925]},"properties":{"id":"osm:node/4309831195","name":"Central Bank of India","category":"atm","source":"osm"}},{"type":"Feature","geometry":{"type":"Point","coordinates":[72.834269,19.058688]},"properties":{"id":"osm:node/4312866252","name":"Standard Chartered","category":"atm","source":"osm"}},{"type":"Feature","geometry":{"type":"Point","coordinates":[72.888089,19.097969]},"properties":{"id":"osm:node/4326460089","name":"Punjab National Bank","category":"atm","source":"osm","operator":"Punjab National Bank"}},{"type":"Feature","geometry":{"type":"Point","coordinates":[72.881834,19.107248]},"properties":{"id":"osm:node/4326907789","name":"Bank of Maharashtra","category":"atm","source":"osm"}},{"type":"Feature","geometry":{"type":"Point","coordinates":[72.838481,19.033318]},"properties":{"id":"osm:node/4341088612","name":"IndusInd Bank","category":"atm","source":"osm","opening_hours":"24/7"}},{"type":"Feature","geometry":{"type":"Point","coordinates":[72.841703,19.167902]},"properties":{"id":"osm:node/4342364990","name":null,"category":"atm","source":"osm","operator":"axis"}},{"type":"Feature","geometry":{"type":"Point","coordinates":[72.836368,19.210275]},"properties":{"id":"osm:node/4343231498","name":"Bank of Baroda","category":"atm","source":"osm"}},{"type":"Feature","geometry":{"type":"Point","coordinates":[72.9917,19.163523]},"properties":{"id":"osm:node/4348226989","name":null,"category":"atm","source":"osm","opening_hours":"24/7","wheelchair":"yes","operator":"ICICI Bank"}},{"type":"Feature","geometry":{"type":"Point","coordinates":[72.831638,19.055554]},"properties":{"id":"osm:node/4350842789","name":"Union Bank of India","category":"atm","source":"osm"}},{"type":"Feature","geometry":{"type":"Point","coordinates":[72.835234,19.059448]},"properties":{"id":"osm:node/4385124118","name":"Union Bank of India","category":"atm","source":"osm"}},{"type":"Feature","geometry":{"type":"Point","coordinates":[73.00512,19.057527]},"properties":{"id":"osm:node/4393199076","name":"State Bank of India","category":"atm","source":"osm"}},{"type":"Feature","geometry":{"type":"Point","coordinates":[72.864093,19.10726]},"properties":{"id":"osm:node/4396299490","name":"Greater Bombay Bank","category":"atm","source":"osm"}},{"type":"Feature","geometry":{"type":"Point","coordinates":[72.864157,19.062114]},"properties":{"id":"osm:node/4412722495","name":"Kotak Mahindra 27 BKC","category":"atm","source":"osm"}},{"type":"Feature","geometry":{"type":"Point","coordinates":[72.835678,18.934827]},"properties":{"id":"osm:node/4416529689","name":"Abduyuay Co Op Bank","category":"atm","source":"osm"}},{"type":"Feature","geometry":{"type":"Point","coordinates":[72.823887,18.94255]},"properties":{"id":"osm:node/4454435389","name":"Axis Bank","category":"atm","source":"osm"}},{"type":"Feature","geometry":{"type":"Point","coordinates":[72.868628,19.039424]},"properties":{"id":"osm:node/4472152289","name":null,"category":"atm","source":"osm"}},{"type":"Feature","geometry":{"type":"Point","coordinates":[72.928668,19.118227]},"properties":{"id":"osm:node/4484203195","name":null,"category":"atm","source":"osm"}},{"type":"Feature","geometry":{"type":"Point","coordinates":[72.821343,19.200953]},"properties":{"id":"osm:node/4498884752","name":"State Bank of India","category":"atm","source":"osm"}},{"type":"Feature","geometry":{"type":"Point","coordinates":[72.820691,19.198129]},"properties":{"id":"osm:node/4498898611","name":"HDFC Bank ATM","category":"atm","source":"osm","operator":"HDFC Bank"}},{"type":"Feature","geometry":{"type":"Point","coordinates":[72.814908,18.969269]},"properties":{"id":"osm:node/4503511183","name":"Axis Bank","category":"atm","source":"osm","operator":"Axis Bank"}},{"type":"Feature","geometry":{"type":"Point","coordinates":[72.81522,19.006895]},"properties":{"id":"osm:node/4506845889","name":null,"category":"atm","source":"osm"}},{"type":"Feature","geometry":{"type":"Point","coordinates":[72.833931,18.936218]},"properties":{"id":"osm:node/4510126689","name":null,"category":"atm","source":"osm","operator":"DBS"}},{"type":"Feature","geometry":{"type":"Point","coordinates":[72.833996,18.936053]},"properties":{"id":"osm:node/4510126690","name":null,"category":"atm","source":"osm","operator":"Bank of India"}},{"type":"Feature","geometry":{"type":"Point","coordinates":[73.004985,19.201115]},"properties":{"id":"osm:node/4513336294","name":null,"category":"atm","source":"osm","operator":"ICICI ATM"}},{"type":"Feature","geometry":{"type":"Point","coordinates":[72.819425,18.965539]},"properties":{"id":"osm:node/4513420193","name":"Dhanlaxmi bank (western Union)","category":"atm","source":"osm"}},{"type":"Feature","geometry":{"type":"Point","coordinates":[72.877494,19.022444]},"properties":{"id":"osm:node/4516550091","name":null,"category":"atm","source":"osm","operator":"sbi"}},{"type":"Feature","geometry":{"type":"Point","coordinates":[72.97721,19.200757]},"properties":{"id":"osm:node/4517313291","name":null,"category":"atm","source":"osm"}},{"type":"Feature","geometry":{"type":"Point","coordinates":[72.843692,19.214543]},"properties":{"id":"osm:node/4538995089","name":null,"category":"atm","source":"osm","opening_hours":"24/7","operator":"United Bank of India"}},{"type":"Feature","geometry":{"type":"Point","coordinates":[72.831504,18.995298]},"properties":{"id":"osm:node/4562835192","name":null,"category":"atm","source":"osm"}},{"type":"Feature","geometry":{"type":"Point","coordinates":[72.837296,18.936202]},"properties":{"id":"osm:node/4563605917","name":null,"category":"atm","source":"osm"}},{"type":"Feature","geometry":{"type":"Point","coordinates":[72.837583,18.936212]},"properties":{"id":"osm:node/4563662791","name":null,"category":"atm","source":"osm"}},{"type":"Feature","geometry":{"type":"Point","coordinates":[72.839257,19.006993]},"properties":{"id":"osm:node/4564918990","name":"Mitradham","category":"atm","source":"osm"}},{"type":"Feature","geometry":{"type":"Point","coordinates":[72.839216,19.007004]},"properties":{"id":"osm:node/4564949289","name":"State Bank of India","category":"atm","source":"osm","opening_hours":"24/7","operator":"SBI"}},{"type":"Feature","geometry":{"type":"Point","coordinates":[72.904813,19.066464]},"properties":{"id":"osm:node/4569905550","name":"State Bamk ATM Chheda Nagar","category":"atm","source":"osm","operator":"State Bank of India"}},{"type":"Feature","geometry":{"type":"Point","coordinates":[72.826453,18.920695]},"properties":{"id":"osm:node/4574503391","name":"State bank of Patalai","category":"atm","source":"osm"}},{"type":"Feature","geometry":{"type":"Point","coordinates":[72.963169,19.194444]},"properties":{"id":"osm:node/4585339391","name":"HDFC Bank","category":"atm","source":"osm"}},{"type":"Feature","geometry":{"type":"Point","coordinates":[72.963171,19.194388]},"properties":{"id":"osm:node/4585386591","name":null,"category":"atm","source":"osm"}},{"type":"Feature","geometry":{"type":"Point","coordinates":[72.83273,19.059568]},"properties":{"id":"osm:node/4590507805","name":"Yes Bank","category":"atm","source":"osm"}},{"type":"Feature","geometry":{"type":"Point","coordinates":[72.820563,19.126484]},"properties":{"id":"osm:node/4590912465","name":"ICICI Bank","category":"atm","source":"osm"}},{"type":"Feature","geometry":{"type":"Point","coordinates":[72.960847,19.19636]},"properties":{"id":"osm:node/4593850890","name":"Union Bank","category":"atm","source":"osm"}},{"type":"Feature","geometry":{"type":"Point","coordinates":[72.864465,19.25461]},"properties":{"id":"osm:node/4621599021","name":"HDFC Bank","category":"atm","source":"osm"}},{"type":"Feature","geometry":{"type":"Point","coordinates":[72.874481,19.212065]},"properties":{"id":"osm:node/4624928646","name":"HDFC Bank","category":"atm","source":"osm","operator":"HDFC Bank"}},{"type":"Feature","geometry":{"type":"Point","coordinates":[72.874367,19.210064]},"properties":{"id":"osm:node/4624928647","name":"ING","category":"atm","source":"osm"}},{"type":"Feature","geometry":{"type":"Point","coordinates":[72.835602,19.009868]},"properties":{"id":"osm:node/4640238826","name":"Yes Bank","category":"atm","source":"osm"}},{"type":"Feature","geometry":{"type":"Point","coordinates":[72.839018,19.195849]},"properties":{"id":"osm:node/4650900015","name":"Model Co-operative Bank","category":"atm","source":"osm"}},{"type":"Feature","geometry":{"type":"Point","coordinates":[72.839392,19.19384]},"properties":{"id":"osm:node/4650919208","name":"Yes Bank ATM","category":"atm","source":"osm","operator":"Yes Bank"}},{"type":"Feature","geometry":{"type":"Point","coordinates":[72.839724,19.193399]},"properties":{"id":"osm:node/4650922200","name":"Dena Bank","category":"atm","source":"osm"}},{"type":"Feature","geometry":{"type":"Point","coordinates":[72.967895,19.187604]},"properties":{"id":"osm:node/4663156697","name":"Navjeevan Blood Bank","category":"atm","source":"osm"}},{"type":"Feature","geometry":{"type":"Point","coordinates":[72.861195,19.107509]},"properties":{"id":"osm:node/4683305101","name":"Axis Bank ATM","category":"atm","source":"osm"}},{"type":"Feature","geometry":{"type":"Point","coordinates":[72.864302,19.107253]},"properties":{"id":"osm:node/4683432441","name":"Bassein Catholic Bank","category":"atm","source":"osm"}},{"type":"Feature","geometry":{"type":"Point","coordinates":[72.863941,19.107061]},"properties":{"id":"osm:node/4683432701","name":"Canara Bank","category":"atm","source":"osm"}},{"type":"Feature","geometry":{"type":"Point","coordinates":[72.864003,19.107276]},"properties":{"id":"osm:node/4683441200","name":"Greater Bombay Co-operative Bank","category":"atm","source":"osm"}},{"type":"Feature","geometry":{"type":"Point","coordinates":[72.863944,19.107416]},"properties":{"id":"osm:node/4683441296","name":"Punjab National Bank","category":"atm","source":"osm"}},{"type":"Feature","geometry":{"type":"Point","coordinates":[72.850772,19.160667]},"properties":{"id":"osm:node/4713077091","name":"Indian Bank","category":"atm","source":"osm"}},{"type":"Feature","geometry":{"type":"Point","coordinates":[72.845463,19.039795]},"properties":{"id":"osm:node/4821879685","name":"Indian Bank","category":"atm","source":"osm"}},{"type":"Feature","geometry":{"type":"Point","coordinates":[72.83279,18.924179]},"properties":{"id":"osm:node/4839324924","name":null,"category":"atm","source":"osm","operator":"ICICI Bank"}},{"type":"Feature","geometry":{"type":"Point","coordinates":[72.831459,18.920602]},"properties":{"id":"osm:node/4839324926","name":"Western Union","category":"atm","source":"osm"}},{"type":"Feature","geometry":{"type":"Point","coordinates":[72.820906,18.955144]},"properties":{"id":"osm:node/4844717533","name":null,"category":"atm","source":"osm"}},{"type":"Feature","geometry":{"type":"Point","coordinates":[72.820954,18.955241]},"properties":{"id":"osm:node/4844717534","name":null,"category":"atm","source":"osm"}},{"type":"Feature","geometry":{"type":"Point","coordinates":[72.864778,19.045337]},"properties":{"id":"osm:node/4844717542","name":null,"category":"atm","source":"osm","operator":"karnataka"}},{"type":"Feature","geometry":{"type":"Point","coordinates":[72.841873,19.039573]},"properties":{"id":"osm:node/4846878575","name":"Axis Bank","category":"atm","source":"osm"}},{"type":"Feature","geometry":{"type":"Point","coordinates":[72.861014,19.035453]},"properties":{"id":"osm:node/4846908728","name":"Punjab & Maharashtra Co-operative Bank","category":"atm","source":"osm"}},{"type":"Feature","geometry":{"type":"Point","coordinates":[72.861401,19.035845]},"properties":{"id":"osm:node/4848773728","name":"Karnataka Bank","category":"atm","source":"osm"}},{"type":"Feature","geometry":{"type":"Point","coordinates":[72.837927,19.20626]},"properties":{"id":"osm:node/4869752226","name":"Kotak Mahindra Bank","category":"atm","source":"osm","operator":"Kotak Mahindra Bank"}},{"type":"Feature","geometry":{"type":"Point","coordinates":[72.838363,19.205571]},"properties":{"id":"osm:node/4869762661","name":"IDBI Bank ATM","category":"atm","source":"osm","operator":"IDBI Bank"}},{"type":"Feature","geometry":{"type":"Point","coordinates":[72.843937,19.201965]},"properties":{"id":"osm:node/4871079832","name":"RBL Bank ATM","category":"atm","source":"osm","operator":"RBL Bank"}},{"type":"Feature","geometry":{"type":"Point","coordinates":[72.849381,19.204248]},"properties":{"id":"osm:node/4874452534","name":"Dena Bank","category":"atm","source":"osm"}},{"type":"Feature","geometry":{"type":"Point","coordinates":[72.841398,19.202766]},"properties":{"id":"osm:node/4909995120","name":"Indian Bank","category":"atm","source":"osm"}},{"type":"Feature","geometry":{"type":"Point","coordinates":[72.861638,19.283326]},"properties":{"id":"osm:node/4910114821","name":null,"category":"atm","source":"osm","opening_hours":"24/7","operator":"Asmita Regency 1"}},{"type":"Feature","geometry":{"type":"Point","coordinates":[72.801107,18.959902]},"properties":{"id":"osm:node/4922989525","name":"Dena Bank ATM","category":"atm","source":"osm","operator":"Dena Bank"}},{"type":"Feature","geometry":{"type":"Point","coordinates":[72.801142,18.960162]},"properties":{"id":"osm:node/4922989526","name":"Dena Bank","category":"atm","source":"osm","opening_hours":"Mo-Sa 09:00-15:30","operator":"Dena Bank"}},{"type":"Feature","geometry":{"type":"Point","coordinates":[72.837331,18.961823]},"properties":{"id":"osm:node/5038350524","name":null,"category":"atm","source":"osm"}},{"type":"Feature","geometry":{"type":"Point","coordinates":[72.841585,19.204317]},"properties":{"id":"osm:node/5083628481","name":"Union Bank","category":"atm","source":"osm"}},{"type":"Feature","geometry":{"type":"Point","coordinates":[72.838514,19.203436]},"properties":{"id":"osm:node/5083718012","name":"State Bank of India","category":"atm","source":"osm","operator":"State Bank of India"}},{"type":"Feature","geometry":{"type":"Point","coordinates":[72.841771,18.968485]},"properties":{"id":"osm:node/5085177321","name":"Axis Bank","category":"atm","source":"osm"}},{"type":"Feature","geometry":{"type":"Point","coordinates":[72.841125,18.968464]},"properties":{"id":"osm:node/5085177521","name":"HDFC Bank","category":"atm","source":"osm"}},{"type":"Feature","geometry":{"type":"Point","coordinates":[73.009708,19.11302]},"properties":{"id":"osm:node/5109501522","name":"UCO Bank Ghansoli","category":"atm","source":"osm"}},{"type":"Feature","geometry":{"type":"Point","coordinates":[72.839617,19.204078]},"properties":{"id":"osm:node/5152959445","name":null,"category":"atm","source":"osm","operator":"Union Bank"}},{"type":"Feature","geometry":{"type":"Point","coordinates":[72.83925,19.202822]},"properties":{"id":"osm:node/5158410257","name":"State Bank of India","category":"atm","source":"osm","opening_hours":"Mo-Fr 09:00-18:00","operator":"SBI"}},{"type":"Feature","geometry":{"type":"Point","coordinates":[72.833457,19.068199]},"properties":{"id":"osm:node/5185427021","name":"Punjab bank","category":"atm","source":"osm"}},{"type":"Feature","geometry":{"type":"Point","coordinates":[72.843128,19.187462]},"properties":{"id":"osm:node/5219090121","name":"Bank of Maharashtra","category":"atm","source":"osm"}},{"type":"Feature","geometry":{"type":"Point","coordinates":[72.967003,19.196877]},"properties":{"id":"osm:node/5224507323","name":"Bank of Maharashtra","category":"atm","source":"osm"}},{"type":"Feature","geometry":{"type":"Point","coordinates":[72.848191,19.198935]},"properties":{"id":"osm:node/5236295949","name":"HDFC Bank","category":"atm","source":"osm"}},{"type":"Feature","geometry":{"type":"Point","coordinates":[72.848208,19.198996]},"properties":{"id":"osm:node/5236295950","name":"Kotak Mahindra Bank","category":"atm","source":"osm"}},{"type":"Feature","geometry":{"type":"Point","coordinates":[72.848656,19.198706]},"properties":{"id":"osm:node/5236297491","name":"Bank of Baroda","category":"atm","source":"osm"}},{"type":"Feature","geometry":{"type":"Point","coordinates":[72.848229,19.19907]},"properties":{"id":"osm:node/5236297827","name":"State Bank of India","category":"atm","source":"osm","operator":"State Bank of India"}},{"type":"Feature","geometry":{"type":"Point","coordinates":[72.847674,19.201123]},"properties":{"id":"osm:node/5236304708","name":"ICICI Bank","category":"atm","source":"osm"}},{"type":"Feature","geometry":{"type":"Point","coordinates":[72.828884,19.051383]},"properties":{"id":"osm:node/5238216603","name":"ICICI Bank","category":"atm","source":"osm","operator":"ICICI Bank"}},{"type":"Feature","geometry":{"type":"Point","coordinates":[72.827551,19.05113]},"properties":{"id":"osm:node/5238264795","name":null,"category":"atm","source":"osm","operator":"Citizen Credit Co-operative Bank"}},{"type":"Feature","geometry":{"type":"Point","coordinates":[72.826807,19.050542]},"properties":{"id":"osm:node/5238414917","name":"Kotak Mahindra Bank","category":"atm","source":"osm","operator":"Kotak Mahindra Bank"}},{"type":"Feature","geometry":{"type":"Point","coordinates":[72.825081,19.051361]},"properties":{"id":"osm:node/5238415227","name":"Union Bank of India","category":"atm","source":"osm"}},{"type":"Feature","geometry":{"type":"Point","coordinates":[72.829404,19.051802]},"properties":{"id":"osm:node/5256637204","name":"Axis Bank","category":"atm","source":"osm","operator":"Axis Bank"}},{"type":"Feature","geometry":{"type":"Point","coordinates":[72.826069,19.048258]},"properties":{"id":"osm:node/5256641024","name":"Bank of India","category":"atm","source":"osm","operator":"Bank of India"}},{"type":"Feature","geometry":{"type":"Point","coordinates":[72.869108,19.210003]},"properties":{"id":"osm:node/5268302360","name":"ICICI Bank","category":"atm","source":"osm"}},{"type":"Feature","geometry":{"type":"Point","coordinates":[72.869025,19.209812]},"properties":{"id":"osm:node/5268302361","name":"HDFC Bank","category":"atm","source":"osm"}},{"type":"Feature","geometry":{"type":"Point","coordinates":[72.869041,19.209895]},"properties":{"id":"osm:node/5268302362","name":"Yes Bank","category":"atm","source":"osm"}},{"type":"Feature","geometry":{"type":"Point","coordinates":[72.869016,19.209767]},"properties":{"id":"osm:node/5268302363","name":"Bank of Maharashtra","category":"atm","source":"osm"}},{"type":"Feature","geometry":{"type":"Point","coordinates":[72.869035,19.209867]},"properties":{"id":"osm:node/5268302364","name":"Canara Bank","category":"atm","source":"osm"}},{"type":"Feature","geometry":{"type":"Point","coordinates":[72.871047,19.21132]},"properties":{"id":"osm:node/5268302365","name":"State Bank of India","category":"atm","source":"osm","opening_hours":"9:00 - 15:00"}},{"type":"Feature","geometry":{"type":"Point","coordinates":[72.837292,19.072459]},"properties":{"id":"osm:node/5291105323","name":"Deutsche Bank Mumbai","category":"atm","source":"osm"}},{"type":"Feature","geometry":{"type":"Point","coordinates":[72.829669,19.061591]},"properties":{"id":"osm:node/5346702817","name":"ICICI Bank","category":"atm","source":"osm"}},{"type":"Feature","geometry":{"type":"Point","coordinates":[72.859379,19.101673]},"properties":{"id":"osm:node/5409007621","name":null,"category":"atm","source":"osm","operator":"ok"}},{"type":"Feature","geometry":{"type":"Point","coordinates":[72.868706,19.068488]},"properties":{"id":"osm:node/5506320550","name":"State Bank of India","category":"atm","source":"osm","operator":"State Bank of India"}},{"type":"Feature","geometry":{"type":"Point","coordinates":[72.868277,19.068694]},"properties":{"id":"osm:node/5506320971","name":"FAB (First Abu Dhabi Bank)","category":"atm","source":"osm"}},{"type":"Feature","geometry":{"type":"Point","coordinates":[72.868364,19.068758]},"properties":{"id":"osm:node/5506321249","name":"Bandhan Bank","category":"atm","source":"osm"}},{"type":"Feature","geometry":{"type":"Point","coordinates":[72.859304,19.065304]},"properties":{"id":"osm:node/5506321254","name":"Allahabad Bank","category":"atm","source":"osm","opening_hours":"Mo-Sa 10:00-16:00"}},{"type":"Feature","geometry":{"type":"Point","coordinates":[72.848405,19.199877]},"properties":{"id":"osm:node/5592598716","name":"Cosmos Bank","category":"atm","source":"osm"}},{"type":"Feature","geometry":{"type":"Point","coordinates":[73.016416,19.017833]},"properties":{"id":"osm:node/5600182567","name":"Axis Bank","category":"atm","source":"osm"}},{"type":"Feature","geometry":{"type":"Point","coordinates":[73.016205,19.016058]},"properties":{"id":"osm:node/5600182568","name":"Central Bank of India","category":"atm","source":"osm"}},{"type":"Feature","geometry":{"type":"Point","coordinates":[73.015048,19.014792]},"properties":{"id":"osm:node/5600182569","name":"Abhyudaya Co-Operative Bank","category":"atm","source":"osm"}},{"type":"Feature","geometry":{"type":"Point","coordinates":[73.014941,19.014684]},"properties":{"id":"osm:node/5600182570","name":"HDFC Bank","category":"atm","source":"osm"}},{"type":"Feature","geometry":{"type":"Point","coordinates":[73.014826,19.014568]},"properties":{"id":"osm:node/5600182571","name":"Shree Warana Sahakari Bank","category":"atm","source":"osm"}},{"type":"Feature","geometry":{"type":"Point","coordinates":[73.014091,19.013815]},"properties":{"id":"osm:node/5600182572","name":"Kotak Mahindra Bank","category":"atm","source":"osm"}},{"type":"Feature","geometry":{"type":"Point","coordinates":[73.013023,19.013466]},"properties":{"id":"osm:node/5600182573","name":"Dena Bank","category":"atm","source":"osm"}},{"type":"Feature","geometry":{"type":"Point","coordinates":[73.01204,19.013892]},"properties":{"id":"osm:node/5600182574","name":"Punjab National Bank","category":"atm","source":"osm"}},{"type":"Feature","geometry":{"type":"Point","coordinates":[73.012302,19.015057]},"properties":{"id":"osm:node/5600182575","name":"Bank of India","category":"atm","source":"osm"}},{"type":"Feature","geometry":{"type":"Point","coordinates":[73.013836,19.012898]},"properties":{"id":"osm:node/5600182576","name":"HDFC Bank","category":"atm","source":"osm"}},{"type":"Feature","geometry":{"type":"Point","coordinates":[73.014,19.012178]},"properties":{"id":"osm:node/5600182577","name":"Bank of Maharashtra","category":"atm","source":"osm"}},{"type":"Feature","geometry":{"type":"Point","coordinates":[73.012336,19.011354]},"properties":{"id":"osm:node/5600182578","name":"Andhra Bank","category":"atm","source":"osm"}},{"type":"Feature","geometry":{"type":"Point","coordinates":[73.012054,19.011715]},"properties":{"id":"osm:node/5600182579","name":"Bank of Baroda","category":"atm","source":"osm"}},{"type":"Feature","geometry":{"type":"Point","coordinates":[73.011902,19.010891]},"properties":{"id":"osm:node/5600182580","name":"Yes Bank","category":"atm","source":"osm"}},{"type":"Feature","geometry":{"type":"Point","coordinates":[73.011756,19.010742]},"properties":{"id":"osm:node/5600182581","name":"SBI - Seawoods NRI","category":"atm","source":"osm"}},{"type":"Feature","geometry":{"type":"Point","coordinates":[73.013541,19.015171]},"properties":{"id":"osm:node/5600185739","name":"ICICI Bank","category":"atm","source":"osm"}},{"type":"Feature","geometry":{"type":"Point","coordinates":[72.871723,19.212018]},"properties":{"id":"osm:node/5609861204","name":"IDBI Bank","category":"atm","source":"osm"}},{"type":"Feature","geometry":{"type":"Point","coordinates":[72.873363,19.210425]},"properties":{"id":"osm:node/5609870264","name":"Kotak Mahindra Bank","category":"atm","source":"osm"}},{"type":"Feature","geometry":{"type":"Point","coordinates":[72.951683,19.172589]},"properties":{"id":"osm:node/5641941123","name":"Karur Vysya Bank","category":"atm","source":"osm"}},{"type":"Feature","geometry":{"type":"Point","coordinates":[72.952523,19.171809]},"properties":{"id":"osm:node/5641941124","name":"SVC Bank","category":"atm","source":"osm"}},{"type":"Feature","geometry":{"type":"Point","coordinates":[72.95236,19.171777]},"properties":{"id":"osm:node/5641941324","name":"Canara Bank","category":"atm","source":"osm"}},{"type":"Feature","geometry":{"type":"Point","coordinates":[72.952469,19.171856]},"properties":{"id":"osm:node/5641953222","name":null,"category":"atm","source":"osm","operator":"SVC Bank"}},{"type":"Feature","geometry":{"type":"Point","coordinates":[72.958214,19.171739]},"properties":{"id":"osm:node/5646143121","name":"New India Co. Op.  Bank","category":"atm","source":"osm"}},{"type":"Feature","geometry":{"type":"Point","coordinates":[72.869027,19.068887]},"properties":{"id":"osm:node/5674545821","name":"FirstRand Bank, India branch","category":"atm","source":"osm"}},{"type":"Feature","geometry":{"type":"Point","coordinates":[72.937233,19.162527]},"properties":{"id":"osm:node/5859095485","name":null,"category":"atm","source":"osm","operator":"Axis Bank"}},{"type":"Feature","geometry":{"type":"Point","coordinates":[72.852147,19.060363]},"properties":{"id":"osm:node/5867113900","name":"ICICI Bank","category":"atm","source":"osm"}},{"type":"Feature","geometry":{"type":"Point","coordinates":[72.836678,19.084142]},"properties":{"id":"osm:node/5890154781","name":"State Bank of India","category":"atm","source":"osm"}},{"type":"Feature","geometry":{"type":"Point","coordinates":[72.944151,19.161208]},"properties":{"id":"osm:node/6052290387","name":"SBI","category":"atm","source":"osm"}},{"type":"Feature","geometry":{"type":"Point","coordinates":[72.944194,19.161178]},"properties":{"id":"osm:node/6052842885","name":"NKGSB Bank","category":"atm","source":"osm"}},{"type":"Feature","geometry":{"type":"Point","coordinates":[72.869605,19.210554]},"properties":{"id":"osm:node/6066150031","name":"SVC Bank","category":"atm","source":"osm"}},{"type":"Feature","geometry":{"type":"Point","coordinates":[72.850476,19.102313]},"properties":{"id":"osm:node/6110268585","name":null,"category":"atm","source":"osm","opening_hours":"24/7","operator":"HDFC Bank ATM"}},{"type":"Feature","geometry":{"type":"Point","coordinates":[72.851968,19.103849]},"properties":{"id":"osm:node/6110268586","name":null,"category":"atm","source":"osm","opening_hours":"24/7","operator":"State Bank Of India ATM"}},{"type":"Feature","geometry":{"type":"Point","coordinates":[72.851657,19.107192]},"properties":{"id":"osm:node/6110577785","name":null,"category":"atm","source":"osm","opening_hours":"24/7","operator":"State Bank Of India ATM"}},{"type":"Feature","geometry":{"type":"Point","coordinates":[72.851993,19.096881]},"properties":{"id":"osm:node/6110577885","name":null,"category":"atm","source":"osm","opening_hours":"24/7","operator":"State Bank Of India ATM"}},{"type":"Feature","geometry":{"type":"Point","coordinates":[72.844396,19.205749]},"properties":{"id":"osm:node/6127387623","name":"Corporation Bank","category":"atm","source":"osm"}},{"type":"Feature","geometry":{"type":"Point","coordinates":[72.843779,19.205669]},"properties":{"id":"osm:node/6127387950","name":"Canara Bank","category":"atm","source":"osm","operator":"Canara Bank"}},{"type":"Feature","geometry":{"type":"Point","coordinates":[72.85301,19.109298]},"properties":{"id":"osm:node/6178450085","name":null,"category":"atm","source":"osm","opening_hours":"24/7","operator":"HDFC Bank"}},{"type":"Feature","geometry":{"type":"Point","coordinates":[72.841543,19.020593]},"properties":{"id":"osm:node/6187817686","name":"Indian Bank","category":"atm","source":"osm","operator":"Indian Bank"}},{"type":"Feature","geometry":{"type":"Point","coordinates":[72.909012,19.115686]},"properties":{"id":"osm:node/6230994886","name":"Mahindra Bank","category":"atm","source":"osm"}},{"type":"Feature","geometry":{"type":"Point","coordinates":[72.909311,19.115867]},"properties":{"id":"osm:node/6230994889","name":"ICICI Bank","category":"atm","source":"osm"}},{"type":"Feature","geometry":{"type":"Point","coordinates":[72.908998,19.116155]},"properties":{"id":"osm:node/6230994986","name":"Axis Bank","category":"atm","source":"osm"}},{"type":"Feature","geometry":{"type":"Point","coordinates":[72.909136,19.116254]},"properties":{"id":"osm:node/6233043685","name":"State Bank of India","category":"atm","source":"osm"}},{"type":"Feature","geometry":{"type":"Point","coordinates":[72.90967,19.116137]},"properties":{"id":"osm:node/6233043688","name":"HSBC Bank","category":"atm","source":"osm"}},{"type":"Feature","geometry":{"type":"Point","coordinates":[72.909918,19.116294]},"properties":{"id":"osm:node/6233043787","name":"HDFC Bank","category":"atm","source":"osm"}},{"type":"Feature","geometry":{"type":"Point","coordinates":[72.973324,19.184532]},"properties":{"id":"osm:node/6380738672","name":"Union Bank","category":"atm","source":"osm"}},{"type":"Feature","geometry":{"type":"Point","coordinates":[72.971802,19.17502]},"properties":{"id":"osm:node/6381032025","name":"State Bank of India","category":"atm","source":"osm"}},{"type":"Feature","geometry":{"type":"Point","coordinates":[72.829211,18.917591]},"properties":{"id":"osm:node/6428467286","name":null,"category":"atm","source":"osm","operator":"Central Bank of India"}},{"type":"Feature","geometry":{"type":"Point","coordinates":[72.976443,19.195597]},"properties":{"id":"osm:node/6429747207","name":"Thane Janata Sahakari Bank (TJSB)","category":"atm","source":"osm"}},{"type":"Feature","geometry":{"type":"Point","coordinates":[72.900325,19.055517]},"properties":{"id":"osm:node/6488201822","name":"IDFC First Bank","category":"atm","source":"osm"}},{"type":"Feature","geometry":{"type":"Point","coordinates":[72.810172,18.957454]},"properties":{"id":"osm:node/6608966495","name":"State Bank of India","category":"atm","source":"osm"}},{"type":"Feature","geometry":{"type":"Point","coordinates":[72.907736,19.115198]},"properties":{"id":"osm:node/6795476295","name":"Jana Small Finance Bank","category":"atm","source":"osm","opening_hours":"Mo-Su 10:00-18:00"}},{"type":"Feature","geometry":{"type":"Point","coordinates":[72.907777,19.115211]},"properties":{"id":"osm:node/6795476296","name":null,"category":"atm","source":"osm","opening_hours":"Mo-Su 09:00-22:00","operator":"Jana Small Finance Bank"}},{"type":"Feature","geometry":{"type":"Point","coordinates":[72.906816,19.114956]},"properties":{"id":"osm:node/6795540693","name":null,"category":"atm","source":"osm","opening_hours":"24/7","operator":"Bharat Co-op Bank"}},{"type":"Feature","geometry":{"type":"Point","coordinates":[72.906867,19.115001]},"properties":{"id":"osm:node/6795551889","name":null,"category":"atm","source":"osm","opening_hours":"24/7","operator":"Apna Sahakari Bank Ltd"}},{"type":"Feature","geometry":{"type":"Point","coordinates":[72.909414,19.115829]},"properties":{"id":"osm:node/6795659086","name":"Credit Suisse","category":"atm","source":"osm"}},{"type":"Feature","geometry":{"type":"Point","coordinates":[72.908846,19.11559]},"properties":{"id":"osm:node/6796939953","name":"Kotak Mahindra Bank","category":"atm","source":"osm"}},{"type":"Feature","geometry":{"type":"Point","coordinates":[72.917628,19.125562]},"properties":{"id":"osm:node/6799614988","name":"UCO Bank (Supreme Infrastructure Ltd.)","category":"atm","source":"osm"}},{"type":"Feature","geometry":{"type":"Point","coordinates":[72.917894,19.125313]},"properties":{"id":"osm:node/6799616186","name":"ICICI Bank","category":"atm","source":"osm"}},{"type":"Feature","geometry":{"type":"Point","coordinates":[72.907628,19.117643]},"properties":{"id":"osm:node/6802053484","name":"Andhra Bank","category":"atm","source":"osm"}},{"type":"Feature","geometry":{"type":"Point","coordinates":[72.952699,19.172856]},"properties":{"id":"osm:node/6802059739","name":"State Bank Of India","category":"atm","source":"osm"}},{"type":"Feature","geometry":{"type":"Point","coordinates":[72.919342,19.125257]},"properties":{"id":"osm:node/6804290517","name":"Axis Bank","category":"atm","source":"osm","operator":"Axis Bank","description":"ATM"}},{"type":"Feature","geometry":{"type":"Point","coordinates":[72.964804,19.223409]},"properties":{"id":"osm:node/6805069586","name":"Oriental Bank of Commerce","category":"atm","source":"osm"}},{"type":"Feature","geometry":{"type":"Point","coordinates":[72.909756,19.11654]},"properties":{"id":"osm:node/6805333289","name":null,"category":"atm","source":"osm","operator":"IDFC First Bank"}},{"type":"Feature","geometry":{"type":"Point","coordinates":[72.90506,19.118289]},"properties":{"id":"osm:node/6914500985","name":"ICICI Prudential mutual funds","category":"atm","source":"osm"}},{"type":"Feature","geometry":{"type":"Point","coordinates":[72.828185,18.996312]},"properties":{"id":"osm:node/6982475286","name":"State Bank of India","category":"atm","source":"osm","operator":"State Bank of India"}},{"type":"Feature","geometry":{"type":"Point","coordinates":[72.865763,19.279781]},"properties":{"id":"osm:node/7003379685","name":"Bank Of India (Mira Road branch)","category":"atm","source":"osm","opening_hours":"Mo-Fr 09:00-15:00","phone":"022 2812 3761"}},{"type":"Feature","geometry":{"type":"Point","coordinates":[72.809046,18.973865]},"properties":{"id":"osm:node/7046917434","name":"Syndicate Bank","category":"atm","source":"osm","opening_hours":"Mo-Sa 09:00-15:00; PH closed"}},{"type":"Feature","geometry":{"type":"Point","coordinates":[72.832129,18.922207]},"properties":{"id":"osm:node/7138467185","name":null,"category":"atm","source":"osm","opening_hours":"24/7","operator":"State Bank of India"}},{"type":"Feature","geometry":{"type":"Point","coordinates":[72.835561,18.948233]},"properties":{"id":"osm:node/7146851785","name":null,"category":"atm","source":"osm","opening_hours":"24/7","operator":"DCB Bank"}},{"type":"Feature","geometry":{"type":"Point","coordinates":[72.825164,19.134743]},"properties":{"id":"osm:node/7158055669","name":null,"category":"atm","source":"osm"}},{"type":"Feature","geometry":{"type":"Point","coordinates":[72.865867,19.27924]},"properties":{"id":"osm:node/7217831773","name":"HDFC Bank","category":"atm","source":"osm"}},{"type":"Feature","geometry":{"type":"Point","coordinates":[72.84755,19.05816]},"properties":{"id":"osm:node/7229757870","name":"Bank of Maharashtra","category":"atm","source":"osm"}},{"type":"Feature","geometry":{"type":"Point","coordinates":[72.828762,18.95064]},"properties":{"id":"osm:node/7279287985","name":null,"category":"atm","source":"osm","operator":"State Bank of India (SBI)"}},{"type":"Feature","geometry":{"type":"Point","coordinates":[72.958413,19.171856]},"properties":{"id":"osm:node/7291611986","name":null,"category":"atm","source":"osm"}},{"type":"Feature","geometry":{"type":"Point","coordinates":[72.826204,19.140339]},"properties":{"id":"osm:node/7425718017","name":"ICICI Bank","category":"atm","source":"osm","wheelchair":"no","level":"0"}},{"type":"Feature","geometry":{"type":"Point","coordinates":[72.824151,19.146771]},"properties":{"id":"osm:node/7425718026","name":"HDFC Bank","category":"atm","source":"osm"}},{"type":"Feature","geometry":{"type":"Point","coordinates":[72.822886,19.147234]},"properties":{"id":"osm:node/7425718030","name":"IndusInd Bank","category":"atm","source":"osm"}},{"type":"Feature","geometry":{"type":"Point","coordinates":[72.864618,19.255256]},"properties":{"id":"osm:node/7484275077","name":"Bank of Baroda","category":"atm","source":"osm","opening_hours":"Mo-Fr 09:00-17:00"}},{"type":"Feature","geometry":{"type":"Point","coordinates":[72.849984,19.303635]},"properties":{"id":"osm:node/7484350728","name":"Canara Bank","category":"atm","source":"osm"}},{"type":"Feature","geometry":{"type":"Point","coordinates":[72.922273,19.04195]},"properties":{"id":"osm:node/7626670561","name":"State Bank of India","category":"atm","source":"osm"}},{"type":"Feature","geometry":{"type":"Point","coordinates":[73.016038,19.0159]},"properties":{"id":"osm:node/7730612397","name":"State Bank of India","category":"atm","source":"osm"}},{"type":"Feature","geometry":{"type":"Point","coordinates":[72.829027,19.059488]},"properties":{"id":"osm:node/7842942530","name":"Citizen Credit Co-op Bank","category":"atm","source":"osm","opening_hours":"Mo-Fr 9:15-13:00"}},{"type":"Feature","geometry":{"type":"Point","coordinates":[72.831823,18.943797]},"properties":{"id":"osm:node/7925356116","name":"Corporation Bank","category":"atm","source":"osm"}},{"type":"Feature","geometry":{"type":"Point","coordinates":[72.977159,19.182776]},"properties":{"id":"osm:node/8315284596","name":"Thane Janata Sahakari Bank (TJSB))","category":"atm","source":"osm","opening_hours":"Mo-Fr 09:00-17:00"}},{"type":"Feature","geometry":{"type":"Point","coordinates":[72.924432,19.035608]},"properties":{"id":"osm:node/8336929894","name":null,"category":"atm","source":"osm","operator":"State Bank of India"}},{"type":"Feature","geometry":{"type":"Point","coordinates":[72.825225,19.215338]},"properties":{"id":"osm:node/8399715871","name":"Dena Bank","category":"atm","source":"osm","opening_hours":"Mo-Fr 09:00-17:00","operator":"Government of India"}},{"type":"Feature","geometry":{"type":"Point","coordinates":[72.925629,19.038079]},"properties":{"id":"osm:node/8408208932","name":null,"category":"atm","source":"osm","operator":"Punjab National Bank"}},{"type":"Feature","geometry":{"type":"Point","coordinates":[72.865506,19.096248]},"properties":{"id":"osm:node/8448096886","name":"State Bank of India","category":"atm","source":"osm","opening_hours":"Mo-Sa 10:00-04:00"}},{"type":"Feature","geometry":{"type":"Point","coordinates":[72.966963,19.22281]},"properties":{"id":"osm:node/8451825613","name":"new india bank","category":"atm","source":"osm","opening_hours":"Mo-Su 08:00-22:00"}},{"type":"Feature","geometry":{"type":"Point","coordinates":[72.870762,19.276894]},"properties":{"id":"osm:node/8464487505","name":"Punjab National Bank","category":"atm","source":"osm"}},{"type":"Feature","geometry":{"type":"Point","coordinates":[72.909437,19.078986]},"properties":{"id":"osm:node/8473218127","name":"ICICI Bank","category":"atm","source":"osm"}},{"type":"Feature","geometry":{"type":"Point","coordinates":[72.83252,18.964674]},"properties":{"id":"osm:node/8524317738","name":null,"category":"atm","source":"osm","operator":"ICICI Bank"}},{"type":"Feature","geometry":{"type":"Point","coordinates":[72.833172,18.966501]},"properties":{"id":"osm:node/8718465671","name":"Bank of India","category":"atm","source":"osm"}},{"type":"Feature","geometry":{"type":"Point","coordinates":[72.8227,18.957899]},"properties":{"id":"osm:node/8839016426","name":"Bank of Baroda","category":"atm","source":"osm"}},{"type":"Feature","geometry":{"type":"Point","coordinates":[73.015797,19.237961]},"properties":{"id":"osm:node/8846554057","name":"State bank of india ATM","category":"atm","source":"osm","operator":"State Bank of India"}},{"type":"Feature","geometry":{"type":"Point","coordinates":[73.002981,19.202695]},"properties":{"id":"osm:node/8928694187","name":"HDFC Bank ATM","category":"atm","source":"osm","operator":"HDFC Bank"}},{"type":"Feature","geometry":{"type":"Point","coordinates":[73.002889,19.202665]},"properties":{"id":"osm:node/8928694188","name":"AXIS Bank ATM","category":"atm","source":"osm","operator":"Axis Bank"}},{"type":"Feature","geometry":{"type":"Point","coordinates":[73.00171,19.203385]},"properties":{"id":"osm:node/8928712003","name":"Parsik Bank","category":"atm","source":"osm"}},{"type":"Feature","geometry":{"type":"Point","coordinates":[73.00168,19.20329]},"properties":{"id":"osm:node/8928712004","name":"Parsik Bank ATM","category":"atm","source":"osm","operator":"GP Parsik Sahakari Bank"}},{"type":"Feature","geometry":{"type":"Point","coordinates":[73.002278,19.20229]},"properties":{"id":"osm:node/8929345269","name":"Saraswat Bank ATM","category":"atm","source":"osm"}},{"type":"Feature","geometry":{"type":"Point","coordinates":[73.011998,19.207774]},"properties":{"id":"osm:node/8929369569","name":"SBI ATM","category":"atm","source":"osm","operator":"State Bank of India"}},{"type":"Feature","geometry":{"type":"Point","coordinates":[73.012316,19.208023]},"properties":{"id":"osm:node/8929390307","name":"ICICI ATM","category":"atm","source":"osm","operator":"ICICI Bank"}},{"type":"Feature","geometry":{"type":"Point","coordinates":[73.012278,19.207993]},"properties":{"id":"osm:node/8929399283","name":"ICICI Bank","category":"atm","source":"osm","operator":"ICICI Bank"}},{"type":"Feature","geometry":{"type":"Point","coordinates":[72.838794,19.126396]},"properties":{"id":"osm:node/8981778718","name":"HDFC Bank","category":"atm","source":"osm"}},{"type":"Feature","geometry":{"type":"Point","coordinates":[73.007799,19.20563]},"properties":{"id":"osm:node/8989548752","name":null,"category":"atm","source":"osm","operator":"GP Parsik Sahakari Bank"}},{"type":"Feature","geometry":{"type":"Point","coordinates":[72.978926,19.196426]},"properties":{"id":"osm:node/8995137469","name":"State Bank of India","category":"atm","source":"osm"}},{"type":"Feature","geometry":{"type":"Point","coordinates":[72.970657,19.182653]},"properties":{"id":"osm:node/9035100232","name":"ICICI Bank","category":"atm","source":"osm"}},{"type":"Feature","geometry":{"type":"Point","coordinates":[72.829595,19.01702]},"properties":{"id":"osm:node/9036896649","name":"Canara Bank","category":"atm","source":"osm","operator":"Canara Bank"}},{"type":"Feature","geometry":{"type":"Point","coordinates":[72.960141,19.165992]},"properties":{"id":"osm:node/9042224334","name":"ICICI","category":"atm","source":"osm"}},{"type":"Feature","geometry":{"type":"Point","coordinates":[72.95024,19.172724]},"properties":{"id":"osm:node/9047334658","name":"ICICI Bank","category":"atm","source":"osm"}},{"type":"Feature","geometry":{"type":"Point","coordinates":[72.856281,19.228419]},"properties":{"id":"osm:node/9115722511","name":null,"category":"atm","source":"osm"}},{"type":"Feature","geometry":{"type":"Point","coordinates":[72.841251,19.223697]},"properties":{"id":"osm:node/9115783841","name":"RBL Bank","category":"atm","source":"osm"}},{"type":"Feature","geometry":{"type":"Point","coordinates":[72.825467,19.128761]},"properties":{"id":"osm:node/9118087831","name":"UCO Bank","category":"atm","source":"osm"}},{"type":"Feature","geometry":{"type":"Point","coordinates":[72.825457,19.128716]},"properties":{"id":"osm:node/9118087836","name":null,"category":"atm","source":"osm","opening_hours":"24/7","operator":"UCO Bank"}},{"type":"Feature","geometry":{"type":"Point","coordinates":[72.823776,19.129503]},"properties":{"id":"osm:node/9118087861","name":"State Bank of India","category":"atm","source":"osm","opening_hours":"Mo-Sa 09:00-16:00"}},{"type":"Feature","geometry":{"type":"Point","coordinates":[72.820804,19.12842]},"properties":{"id":"osm:node/9120822711","name":null,"category":"atm","source":"osm","opening_hours":"24/7"}},{"type":"Feature","geometry":{"type":"Point","coordinates":[72.817868,19.129633]},"properties":{"id":"osm:node/9122423232","name":null,"category":"atm","source":"osm"}},{"type":"Feature","geometry":{"type":"Point","coordinates":[72.817828,19.129645]},"properties":{"id":"osm:node/9122423233","name":null,"category":"atm","source":"osm","opening_hours":"24/7","wheelchair":"no"}},{"type":"Feature","geometry":{"type":"Point","coordinates":[72.825862,19.131586]},"properties":{"id":"osm:node/9124396658","name":null,"category":"atm","source":"osm","opening_hours":"24/7","wheelchair":"limited","operator":"IndusInd Bank"}},{"type":"Feature","geometry":{"type":"Point","coordinates":[72.825855,19.131708]},"properties":{"id":"osm:node/9124396662","name":"IDFC First Bank","category":"atm","source":"osm","wheelchair":"limited","level":"0"}},{"type":"Feature","geometry":{"type":"Point","coordinates":[72.825852,19.131669]},"properties":{"id":"osm:node/9124396663","name":null,"category":"atm","source":"osm","opening_hours":"24/7","wheelchair":"limited","operator":"IDFC First Bank","level":"0"}},{"type":"Feature","geometry":{"type":"Point","coordinates":[72.825861,19.131619]},"properties":{"id":"osm:node/9124396670","name":"IndusInd Bank","category":"atm","source":"osm","wheelchair":"limited","level":"0"}},{"type":"Feature","geometry":{"type":"Point","coordinates":[72.825474,19.137611]},"properties":{"id":"osm:node/9125877270","name":"Union Bank of India","category":"atm","source":"osm"}},{"type":"Feature","geometry":{"type":"Point","coordinates":[72.825474,19.137695]},"properties":{"id":"osm:node/9125877272","name":"Kotak Mahindra Bank","category":"atm","source":"osm"}},{"type":"Feature","geometry":{"type":"Point","coordinates":[72.82548,19.137375]},"properties":{"id":"osm:node/9125877274","name":"Bank of Baroda","category":"atm","source":"osm"}},{"type":"Feature","geometry":{"type":"Point","coordinates":[72.80565,19.140479]},"properties":{"id":"osm:node/9126801431","name":null,"category":"atm","source":"osm","wheelchair":"no"}},{"type":"Feature","geometry":{"type":"Point","coordinates":[72.907515,19.081735]},"properties":{"id":"osm:node/9129138274","name":"New India Co -op Bank","category":"atm","source":"osm"}},{"type":"Feature","geometry":{"type":"Point","coordinates":[72.908454,19.080953]},"properties":{"id":"osm:node/9129138276","name":"Arihant Co-op Bank","category":"atm","source":"osm"}},{"type":"Feature","geometry":{"type":"Point","coordinates":[72.832021,19.139574]},"properties":{"id":"osm:node/9130241612","name":null,"category":"atm","source":"osm","opening_hours":"24/7","operator":"IndusInd Bank","level":"0"}},{"type":"Feature","geometry":{"type":"Point","coordinates":[72.832562,19.127949]},"properties":{"id":"osm:node/9132850202","name":null,"category":"atm","source":"osm"}},{"type":"Feature","geometry":{"type":"Point","coordinates":[72.832535,19.127602]},"properties":{"id":"osm:node/9132850203","name":"Bank of Baroda","category":"atm","source":"osm","wheelchair":"limited"}},{"type":"Feature","geometry":{"type":"Point","coordinates":[72.828086,19.128636]},"properties":{"id":"osm:node/9132857971","name":null,"category":"atm","source":"osm","opening_hours":"24/7","operator":"IndusInd Bank"}},{"type":"Feature","geometry":{"type":"Point","coordinates":[72.828028,19.128641]},"properties":{"id":"osm:node/9132857973","name":null,"category":"atm","source":"osm","operator":"HDFC Bank"}},{"type":"Feature","geometry":{"type":"Point","coordinates":[72.909573,19.078696]},"properties":{"id":"osm:node/9134213521","name":"Induslnd Bank","category":"atm","source":"osm"}},{"type":"Feature","geometry":{"type":"Point","coordinates":[72.83507,19.131723]},"properties":{"id":"osm:node/9134855262","name":null,"category":"atm","source":"osm","wheelchair":"no","operator":"State Bank of India"}},{"type":"Feature","geometry":{"type":"Point","coordinates":[72.835117,19.13171]},"properties":{"id":"osm:node/9134855264","name":"State Bank of India","category":"atm","source":"osm","wheelchair":"no"}},{"type":"Feature","geometry":{"type":"Point","coordinates":[72.833361,19.116232]},"properties":{"id":"osm:node/9137876886","name":"HDFC Bank","category":"atm","source":"osm"}},{"type":"Feature","geometry":{"type":"Point","coordinates":[72.832626,19.116251]},"properties":{"id":"osm:node/9137876891","name":"IDFC First Bank","category":"atm","source":"osm"}},{"type":"Feature","geometry":{"type":"Point","coordinates":[72.83106,19.115901]},"properties":{"id":"osm:node/9137876892","name":"Axis Bank","category":"atm","source":"osm"}},{"type":"Feature","geometry":{"type":"Point","coordinates":[72.820251,19.14071]},"properties":{"id":"osm:node/9139716434","name":null,"category":"atm","source":"osm"}},{"type":"Feature","geometry":{"type":"Point","coordinates":[72.820564,19.126455]},"properties":{"id":"osm:node/9140907837","name":null,"category":"atm","source":"osm","opening_hours":"24/7"}},{"type":"Feature","geometry":{"type":"Point","coordinates":[72.826374,19.128926]},"properties":{"id":"osm:node/9141480144","name":"Kotak Mahindra Bank","category":"atm","source":"osm"}},{"type":"Feature","geometry":{"type":"Point","coordinates":[72.826311,19.128934]},"properties":{"id":"osm:node/9141480147","name":null,"category":"atm","source":"osm","opening_hours":"24/7","operator":"Kotak Mahindra Bank"}},{"type":"Feature","geometry":{"type":"Point","coordinates":[72.82684,19.128747]},"properties":{"id":"osm:node/9141480148","name":"Karnataka Bank","category":"atm","source":"osm"}},{"type":"Feature","geometry":{"type":"Point","coordinates":[72.969973,19.236167]},"properties":{"id":"osm:node/9188261865","name":"The Cosmos Bank","category":"atm","source":"osm"}},{"type":"Feature","geometry":{"type":"Point","coordinates":[72.970405,19.236348]},"properties":{"id":"osm:node/9188261878","name":"HDFC Bank","category":"atm","source":"osm","operator":"HDFC Bank"}},{"type":"Feature","geometry":{"type":"Point","coordinates":[72.972683,19.181138]},"properties":{"id":"osm:node/9223722851","name":"Central Bank of India","category":"atm","source":"osm"}},{"type":"Feature","geometry":{"type":"Point","coordinates":[72.973633,19.182935]},"properties":{"id":"osm:node/9227182504","name":"Navjeevan Cooperative Bank","category":"atm","source":"osm"}},{"type":"Feature","geometry":{"type":"Point","coordinates":[72.863115,19.298157]},"properties":{"id":"osm:node/9245847141","name":"Bank of India","category":"atm","source":"osm","opening_hours":"Mo-Sa 09:00-14:00+","level":"0"}},{"type":"Feature","geometry":{"type":"Point","coordinates":[72.980389,19.229024]},"properties":{"id":"osm:node/9350865306","name":"State Bank of India","category":"atm","source":"osm","operator":"State Bank of India"}},{"type":"Feature","geometry":{"type":"Point","coordinates":[72.980386,19.229083]},"properties":{"id":"osm:node/9350865307","name":"State Bank of India","category":"atm","source":"osm"}},{"type":"Feature","geometry":{"type":"Point","coordinates":[72.960211,19.208697]},"properties":{"id":"osm:node/9435641175","name":"ICICI Bank","category":"atm","source":"osm","opening_hours":"Mo-Fr 09:00-17:00"}},{"type":"Feature","geometry":{"type":"Point","coordinates":[72.823477,19.144794]},"properties":{"id":"osm:node/9505205401","name":"Punjab National Bank","category":"atm","source":"osm","opening_hours":"Mo-Fr 10:00-16:00","level":"0"}},{"type":"Feature","geometry":{"type":"Point","coordinates":[72.866614,19.278591]},"properties":{"id":"osm:node/9679106724","name":"Punjab National Bank","category":"atm","source":"osm"}},{"type":"Feature","geometry":{"type":"Point","coordinates":[72.870746,19.276457]},"properties":{"id":"osm:node/9771200879","name":"Canara Bank","category":"atm","source":"osm"}},{"type":"Feature","geometry":{"type":"Point","coordinates":[72.8606,19.298086]},"properties":{"id":"osm:node/9771992217","name":"Canara Bank","category":"atm","source":"osm","opening_hours":"Mo-Sa 09:00-14:00+"}},{"type":"Feature","geometry":{"type":"Point","coordinates":[72.995734,19.147451]},"properties":{"id":"osm:node/9797810463","name":"State Bank of India","category":"atm","source":"osm"}},{"type":"Feature","geometry":{"type":"Point","coordinates":[72.965621,19.169277]},"properties":{"id":"osm:node/9800734068","name":"Mumbai Bank - MDCC","category":"atm","source":"osm"}},{"type":"Feature","geometry":{"type":"Point","coordinates":[72.990489,19.143717]},"properties":{"id":"osm:node/9808600922","name":"Bank of Baroda","category":"atm","source":"osm"}},{"type":"Feature","geometry":{"type":"Point","coordinates":[72.99968,19.14855]},"properties":{"id":"osm:node/9811767583","name":"State Bank of India","category":"atm","source":"osm","operator":"Airoli Branch"}},{"type":"Feature","geometry":{"type":"Point","coordinates":[72.999688,19.148996]},"properties":{"id":"osm:node/9811774923","name":"Punjab National Bank","category":"atm","source":"osm"}},{"type":"Feature","geometry":{"type":"Point","coordinates":[72.999676,19.148519]},"properties":{"id":"osm:node/9811776922","name":"State Bank of India","category":"atm","source":"osm","operator":"State Bank of India"}},{"type":"Feature","geometry":{"type":"Point","coordinates":[72.848014,19.250284]},"properties":{"id":"osm:node/9812187794","name":"Kotak Mahindra","category":"atm","source":"osm"}},{"type":"Feature","geometry":{"type":"Point","coordinates":[72.994135,19.148041]},"properties":{"id":"osm:node/9830161855","name":"HDFC Bank","category":"atm","source":"osm","operator":"HDFC Bank"}},{"type":"Feature","geometry":{"type":"Point","coordinates":[72.994173,19.148038]},"properties":{"id":"osm:node/9830191343","name":"HDFC Bank","category":"atm","source":"osm"}},{"type":"Feature","geometry":{"type":"Point","coordinates":[72.995055,19.147718]},"properties":{"id":"osm:node/9830198060","name":"Kotak Mahindra Bank","category":"atm","source":"osm","opening_hours":"Su-Fr 09:30-15:30","operator":"Kotak Mahindra Bank","phone":"18602662666"}},{"type":"Feature","geometry":{"type":"Point","coordinates":[72.825861,19.129594]},"properties":{"id":"osm:node/9841035971","name":"Janakalyan Shahakari Bank","category":"atm","source":"osm"}},{"type":"Feature","geometry":{"type":"Point","coordinates":[72.825884,19.129978]},"properties":{"id":"osm:node/9841035972","name":"Jana Small Fonance Bank","category":"atm","source":"osm"}},{"type":"Feature","geometry":{"type":"Point","coordinates":[72.841072,19.223821]},"properties":{"id":"osm:node/9852700818","name":"Ratnakar Bank","category":"atm","source":"osm"}},{"type":"Feature","geometry":{"type":"Point","coordinates":[72.86575,19.022624]},"properties":{"id":"osm:node/9863208552","name":"Axis Bank","category":"atm","source":"osm"}},{"type":"Feature","geometry":{"type":"Point","coordinates":[72.866694,19.028923]},"properties":{"id":"osm:node/9863208554","name":"State Bank of India","category":"atm","source":"osm"}},{"type":"Feature","geometry":{"type":"Point","coordinates":[72.827438,18.929637]},"properties":{"id":"osm:node/9918827615","name":"Bank of Baroda","category":"atm","source":"osm","opening_hours":"Mo-Fr 10:00-17:00"}},{"type":"Feature","geometry":{"type":"Point","coordinates":[72.827402,18.929549]},"properties":{"id":"osm:node/9918837074","name":"Bank of Baroda","category":"atm","source":"osm","opening_hours":"Mo-Fr 10:00-17:00; Sa-Su off","phone":"18002584455"}},{"type":"Feature","geometry":{"type":"Point","coordinates":[72.843455,19.204819]},"properties":{"id":"osm:node/9981895595","name":"Sarasvat Bank","category":"atm","source":"osm"}},{"type":"Feature","geometry":{"type":"Point","coordinates":[72.842624,19.205805]},"properties":{"id":"osm:node/9981895596","name":"AU Small Finance Bank","category":"atm","source":"osm"}},{"type":"Feature","geometry":{"type":"Point","coordinates":[72.998521,19.162142]},"properties":{"id":"osm:node/10004859926","name":"Mahanagar Co Op Bank","category":"atm","source":"osm"}},{"type":"Feature","geometry":{"type":"Point","coordinates":[72.998286,19.157123]},"properties":{"id":"osm:node/10004969931","name":"Bank of Maharashtra","category":"atm","source":"osm","opening_hours":"Mo-Sa 10:00-15:30"}},{"type":"Feature","geometry":{"type":"Point","coordinates":[72.998151,19.1584]},"properties":{"id":"osm:node/10004969932","name":"Bank of Maharashtra ATM","category":"atm","source":"osm","operator":"Bank of Maharashtra"}},{"type":"Feature","geometry":{"type":"Point","coordinates":[72.999393,19.149884]},"properties":{"id":"osm:node/10004969934","name":"Indian Overseas Bank","category":"atm","source":"osm"}},{"type":"Feature","geometry":{"type":"Point","coordinates":[72.999707,19.147819]},"properties":{"id":"osm:node/10004969935","name":"Axis Bank","category":"atm","source":"osm"}},{"type":"Feature","geometry":{"type":"Point","coordinates":[72.995551,19.147482]},"properties":{"id":"osm:node/10004969936","name":"Federal Bank","category":"atm","source":"osm"}},{"type":"Feature","geometry":{"type":"Point","coordinates":[72.995225,19.14674]},"properties":{"id":"osm:node/10004969937","name":"Saraswat Co Op Bank","category":"atm","source":"osm","opening_hours":"Mo-Sa 10:00-15:00","operator":"Saraswat Co Op Bank"}},{"type":"Feature","geometry":{"type":"Point","coordinates":[72.995674,19.148053]},"properties":{"id":"osm:node/10004969942","name":"Yes Bank","category":"atm","source":"osm"}},{"type":"Feature","geometry":{"type":"Point","coordinates":[72.995483,19.148065]},"properties":{"id":"osm:node/10004969943","name":"IDFC First Bank","category":"atm","source":"osm","operator":"IDFC First Bank"}},{"type":"Feature","geometry":{"type":"Point","coordinates":[72.997288,19.147902]},"properties":{"id":"osm:node/10004969944","name":"IDBI Bank","category":"atm","source":"osm"}},{"type":"Feature","geometry":{"type":"Point","coordinates":[72.998465,19.147889]},"properties":{"id":"osm:node/10004969945","name":"Bank of Baroda","category":"atm","source":"osm"}},{"type":"Feature","geometry":{"type":"Point","coordinates":[72.997625,19.147905]},"properties":{"id":"osm:node/10004969946","name":"ICICI Bank","category":"atm","source":"osm"}},{"type":"Feature","geometry":{"type":"Point","coordinates":[72.992312,19.158151]},"properties":{"id":"osm:node/10004969948","name":"ICICI Bank","category":"atm","source":"osm"}},{"type":"Feature","geometry":{"type":"Point","coordinates":[72.990842,19.160992]},"properties":{"id":"osm:node/10018548775","name":"Bank of India","category":"atm","source":"osm","operator":"Bank Of India"}},{"type":"Feature","geometry":{"type":"Point","coordinates":[72.999884,19.147866]},"properties":{"id":"osm:node/10047670763","name":"IndusInd Bank","category":"atm","source":"osm"}},{"type":"Feature","geometry":{"type":"Point","coordinates":[72.999444,19.153708]},"properties":{"id":"osm:node/10047670764","name":"Union Bank of India","category":"atm","source":"osm"}},{"type":"Feature","geometry":{"type":"Point","coordinates":[72.99227,19.158454]},"properties":{"id":"osm:node/10049107085","name":"Bharat Co Op Bank","category":"atm","source":"osm","operator":"Bharat Co Op Bank"}},{"type":"Feature","geometry":{"type":"Point","coordinates":[72.992654,19.158548]},"properties":{"id":"osm:node/10049107086","name":"State Bank of India","category":"atm","source":"osm","operator":"SBI"}},{"type":"Feature","geometry":{"type":"Point","coordinates":[72.990983,19.160973]},"properties":{"id":"osm:node/10049107087","name":"GP Parsik Co Op Bank","category":"atm","source":"osm","operator":"GP Parsik Co Op Bank"}},{"type":"Feature","geometry":{"type":"Point","coordinates":[72.843783,19.160243]},"properties":{"id":"osm:node/10050183817","name":"Indian Bank","category":"atm","source":"osm"}},{"type":"Feature","geometry":{"type":"Point","coordinates":[72.8527,19.23822]},"properties":{"id":"osm:node/10170584901","name":"State Bank of India-RACPC-Borivali","category":"atm","source":"osm"}},{"type":"Feature","geometry":{"type":"Point","coordinates":[72.851401,19.243876]},"properties":{"id":"osm:node/10170631375","name":"Karnataka Bank","category":"atm","source":"osm"}},{"type":"Feature","geometry":{"type":"Point","coordinates":[72.852364,19.244903]},"properties":{"id":"osm:node/10170645868","name":"Bank of Baroda","category":"atm","source":"osm"}},{"type":"Feature","geometry":{"type":"Point","coordinates":[72.828538,19.217666]},"properties":{"id":"osm:node/10246294969","name":"Apna Bazar Bank","category":"atm","source":"osm"}},{"type":"Feature","geometry":{"type":"Point","coordinates":[72.850814,19.060851]},"properties":{"id":"osm:node/10252312409","name":null,"category":"atm","source":"osm"}},{"type":"Feature","geometry":{"type":"Point","coordinates":[72.868719,19.254242]},"properties":{"id":"osm:node/10275188524","name":"bank","category":"atm","source":"osm"}},{"type":"Feature","geometry":{"type":"Point","coordinates":[72.953077,19.172435]},"properties":{"id":"osm:node/10280126583","name":"State Bank of India","category":"atm","source":"osm"}},{"type":"Feature","geometry":{"type":"Point","coordinates":[72.833852,19.056754]},"properties":{"id":"osm:node/10608361190","name":"The Municipal Co-Op Bank","category":"atm","source":"osm","operator":"The Municipal Co-Op Bank"}},{"type":"Feature","geometry":{"type":"Point","coordinates":[72.834219,19.060601]},"properties":{"id":"osm:node/10608367508","name":"Indian Bank","category":"atm","source":"osm"}},{"type":"Feature","geometry":{"type":"Point","coordinates":[72.834551,19.061541]},"properties":{"id":"osm:node/10608367509","name":"IDBI Bank","category":"atm","source":"osm"}},{"type":"Feature","geometry":{"type":"Point","coordinates":[72.834555,19.061603]},"properties":{"id":"osm:node/10608367510","name":null,"category":"atm","source":"osm","operator":"IDBI Bank"}},{"type":"Feature","geometry":{"type":"Point","coordinates":[72.841801,19.22189]},"properties":{"id":"osm:node/10613956805","name":"State Bank of India","category":"atm","source":"osm"}},{"type":"Feature","geometry":{"type":"Point","coordinates":[72.868485,19.128501]},"properties":{"id":"osm:node/10633836758","name":null,"category":"atm","source":"osm"}},{"type":"Feature","geometry":{"type":"Point","coordinates":[72.884568,19.084281]},"properties":{"id":"osm:node/10694582246","name":"IndusInd Bank","category":"atm","source":"osm","operator":"IndusInd Bank"}},{"type":"Feature","geometry":{"type":"Point","coordinates":[72.864016,19.061433]},"properties":{"id":"osm:node/10779234836","name":"Bank of Baroda","category":"atm","source":"osm","operator":"Bank of Baroda"}},{"type":"Feature","geometry":{"type":"Point","coordinates":[72.861425,19.061459]},"properties":{"id":"osm:node/10779234841","name":"Bank of India","category":"atm","source":"osm","operator":"Bank of India"}},{"type":"Feature","geometry":{"type":"Point","coordinates":[72.862079,19.061259]},"properties":{"id":"osm:node/10779234842","name":"Kotak Mahindra Bank","category":"atm","source":"osm","operator":"Kotak Mahindra Bank"}},{"type":"Feature","geometry":{"type":"Point","coordinates":[72.862225,19.059998]},"properties":{"id":"osm:node/10779234845","name":"Punjab National Bank","category":"atm","source":"osm","operator":"Punjab National Bank"}},{"type":"Feature","geometry":{"type":"Point","coordinates":[72.827377,19.08759]},"properties":{"id":"osm:node/10779617870","name":"Axis Bank","category":"atm","source":"osm","operator":"Axis Bank"}},{"type":"Feature","geometry":{"type":"Point","coordinates":[72.827371,19.087534]},"properties":{"id":"osm:node/10779617872","name":"ICICI Bank","category":"atm","source":"osm"}},{"type":"Feature","geometry":{"type":"Point","coordinates":[72.82712,19.087596]},"properties":{"id":"osm:node/10779633722","name":"Union Bank","category":"atm","source":"osm"}},{"type":"Feature","geometry":{"type":"Point","coordinates":[72.827208,19.087056]},"properties":{"id":"osm:node/10779648605","name":"Kotak Mahindra ATM Juhu Tara road","category":"atm","source":"osm","operator":"Kotak Mahindra Bank"}},{"type":"Feature","geometry":{"type":"Point","coordinates":[73.008772,19.066997]},"properties":{"id":"osm:node/10827297704","name":null,"category":"atm","source":"osm","level":"0"}},{"type":"Feature","geometry":{"type":"Point","coordinates":[73.002033,19.170057]},"properties":{"id":"osm:node/10951319907","name":null,"category":"atm","source":"osm","opening_hours":"24/7","operator":"IndusInd Bank"}},{"type":"Feature","geometry":{"type":"Point","coordinates":[72.827226,18.930181]},"properties":{"id":"osm:node/11142925399","name":null,"category":"atm","source":"osm","operator":"Axis Bank"}},{"type":"Feature","geometry":{"type":"Point","coordinates":[72.827094,18.930161]},"properties":{"id":"osm:node/11142934544","name":"Axis Bank","category":"atm","source":"osm","opening_hours":"Mo-Fr 09:00-18:00;Mo-Sa 08:00-18:00"}},{"type":"Feature","geometry":{"type":"Point","coordinates":[72.863939,19.107104]},"properties":{"id":"osm:node/11193066689","name":"canera bank","category":"atm","source":"osm"}},{"type":"Feature","geometry":{"type":"Point","coordinates":[72.910743,19.101401]},"properties":{"id":"osm:node/11241874437","name":null,"category":"atm","source":"osm","opening_hours":"24/7","operator":"HDFC Bank"}},{"type":"Feature","geometry":{"type":"Point","coordinates":[72.885673,19.082133]},"properties":{"id":"osm:node/11278792816","name":"State Bank of India","category":"atm","source":"osm"}},{"type":"Feature","geometry":{"type":"Point","coordinates":[72.998882,19.069255]},"properties":{"id":"osm:node/11282700768","name":"HDFC Bank","category":"atm","source":"osm"}},{"type":"Feature","geometry":{"type":"Point","coordinates":[72.896198,19.053472]},"properties":{"id":"osm:node/11283018641","name":"South Indian Bank","category":"atm","source":"osm"}},{"type":"Feature","geometry":{"type":"Point","coordinates":[72.896064,19.053506]},"properties":{"id":"osm:node/11283018643","name":"Jana Small Finance Bank","category":"atm","source":"osm"}},{"type":"Feature","geometry":{"type":"Point","coordinates":[72.895613,19.053623]},"properties":{"id":"osm:node/11283018645","name":"ICICI Bank","category":"atm","source":"osm"}},{"type":"Feature","geometry":{"type":"Point","coordinates":[72.895596,19.053633]},"properties":{"id":"osm:node/11283018646","name":null,"category":"atm","source":"osm","operator":"ICICI Bank"}},{"type":"Feature","geometry":{"type":"Point","coordinates":[72.828886,19.059544]},"properties":{"id":"osm:node/11296361339","name":"RBL Bank","category":"atm","source":"osm","operator":"RBL Bank"}},{"type":"Feature","geometry":{"type":"Point","coordinates":[72.828256,19.062486]},"properties":{"id":"osm:node/11296361362","name":null,"category":"atm","source":"osm","operator":"Bank of India"}},{"type":"Feature","geometry":{"type":"Point","coordinates":[72.828258,19.062474]},"properties":{"id":"osm:node/11296361363","name":"Bank of India","category":"atm","source":"osm"}},{"type":"Feature","geometry":{"type":"Point","coordinates":[72.829988,19.065705]},"properties":{"id":"osm:node/11298645288","name":"Bank of Baroda","category":"atm","source":"osm"}},{"type":"Feature","geometry":{"type":"Point","coordinates":[72.829986,19.065681]},"properties":{"id":"osm:node/11298645289","name":null,"category":"atm","source":"osm","operator":"Bank of Baroda"}},{"type":"Feature","geometry":{"type":"Point","coordinates":[72.833378,19.067974]},"properties":{"id":"osm:node/11298645390","name":"ICICI Bank","category":"atm","source":"osm"}},{"type":"Feature","geometry":{"type":"Point","coordinates":[72.833755,19.067593]},"properties":{"id":"osm:node/11298645404","name":"Punjab National Bank","category":"atm","source":"osm"}},{"type":"Feature","geometry":{"type":"Point","coordinates":[72.831625,19.065005]},"properties":{"id":"osm:node/11298645409","name":"Bharat Bank","category":"atm","source":"osm"}},{"type":"Feature","geometry":{"type":"Point","coordinates":[72.831626,19.065036]},"properties":{"id":"osm:node/11298645410","name":null,"category":"atm","source":"osm","operator":"Bharat Bank"}},{"type":"Feature","geometry":{"type":"Point","coordinates":[72.823928,19.052335]},"properties":{"id":"osm:node/11342048112","name":"DCB Bank","category":"atm","source":"osm"}},{"type":"Feature","geometry":{"type":"Point","coordinates":[72.972621,19.195046]},"properties":{"id":"osm:node/11358027971","name":"ICICI Bank","category":"atm","source":"osm","operator":"ICICI Bank"}},{"type":"Feature","geometry":{"type":"Point","coordinates":[72.972841,19.19516]},"properties":{"id":"osm:node/11358027972","name":"Bandhan Bank","category":"atm","source":"osm","operator":"Bandhan Bank"}},{"type":"Feature","geometry":{"type":"Point","coordinates":[72.972285,19.195232]},"properties":{"id":"osm:node/11358027973","name":"Axis Bank","category":"atm","source":"osm","operator":"Axis Bank"}},{"type":"Feature","geometry":{"type":"Point","coordinates":[72.971974,19.195455]},"properties":{"id":"osm:node/11358027974","name":"AU Small Finance Bank","category":"atm","source":"osm"}},{"type":"Feature","geometry":{"type":"Point","coordinates":[72.9726,19.193478]},"properties":{"id":"osm:node/11358027975","name":"Punjab National Bank","category":"atm","source":"osm"}},{"type":"Feature","geometry":{"type":"Point","coordinates":[72.971613,19.192244]},"properties":{"id":"osm:node/11358027976","name":"RBL Bank","category":"atm","source":"osm"}},{"type":"Feature","geometry":{"type":"Point","coordinates":[72.972578,19.191413]},"properties":{"id":"osm:node/11358042120","name":"State Bank of India","category":"atm","source":"osm"}},{"type":"Feature","geometry":{"type":"Point","coordinates":[72.972526,19.19103]},"properties":{"id":"osm:node/11358042122","name":"TJSB","category":"atm","source":"osm","operator":"Thane Janata Sahakari Bank"}},{"type":"Feature","geometry":{"type":"Point","coordinates":[72.972828,19.191587]},"properties":{"id":"osm:node/11358042123","name":"IDFC First Bank","category":"atm","source":"osm"}},{"type":"Feature","geometry":{"type":"Point","coordinates":[72.829403,19.061337]},"properties":{"id":"osm:node/11364270983","name":"HDFC Bank","category":"atm","source":"osm","operator":"HDFC Bank"}},{"type":"Feature","geometry":{"type":"Point","coordinates":[72.829305,19.06148]},"properties":{"id":"osm:node/11364270984","name":"Yes Bank","category":"atm","source":"osm"}},{"type":"Feature","geometry":{"type":"Point","coordinates":[72.827123,19.101]},"properties":{"id":"osm:node/11372185953","name":"HSBC","category":"atm","source":"osm"}},{"type":"Feature","geometry":{"type":"Point","coordinates":[72.826982,19.103975]},"properties":{"id":"osm:node/11372229081","name":"State Bank of India","category":"atm","source":"osm","operator":"State Bank of India"}},{"type":"Feature","geometry":{"type":"Point","coordinates":[72.834692,19.081539]},"properties":{"id":"osm:node/11384515562","name":"HDFC Bank","category":"atm","source":"osm","operator":"HDFC Bank"}},{"type":"Feature","geometry":{"type":"Point","coordinates":[72.834695,19.081439]},"properties":{"id":"osm:node/11384515563","name":"HDFC Bank","category":"atm","source":"osm"}},{"type":"Feature","geometry":{"type":"Point","coordinates":[72.834574,19.078378]},"properties":{"id":"osm:node/11384515564","name":"Kotak Mahindra Bank","category":"atm","source":"osm"}},{"type":"Feature","geometry":{"type":"Point","coordinates":[72.834577,19.078328]},"properties":{"id":"osm:node/11384515565","name":null,"category":"atm","source":"osm","operator":"Kotak Mahindra Bank"}},{"type":"Feature","geometry":{"type":"Point","coordinates":[72.844245,19.060639]},"properties":{"id":"osm:node/11384605319","name":"Canara Bank","category":"atm","source":"osm","operator":"Canara Bank"}},{"type":"Feature","geometry":{"type":"Point","coordinates":[72.841027,19.017382]},"properties":{"id":"osm:node/11384605378","name":null,"category":"atm","source":"osm","operator":"ICICI Bank"}},{"type":"Feature","geometry":{"type":"Point","coordinates":[72.83692,19.019485]},"properties":{"id":"osm:node/11384605397","name":"Saraswat Co Op Bank","category":"atm","source":"osm"}},{"type":"Feature","geometry":{"type":"Point","coordinates":[72.896128,19.081961]},"properties":{"id":"osm:node/11400791211","name":"IDFC First Bank","category":"atm","source":"osm"}},{"type":"Feature","geometry":{"type":"Point","coordinates":[72.896127,19.081938]},"properties":{"id":"osm:node/11400791212","name":null,"category":"atm","source":"osm","operator":"IDFC First Bank"}},{"type":"Feature","geometry":{"type":"Point","coordinates":[72.896125,19.0819]},"properties":{"id":"osm:node/11400791213","name":"HDFC Bank","category":"atm","source":"osm"}},{"type":"Feature","geometry":{"type":"Point","coordinates":[72.89612,19.081844]},"properties":{"id":"osm:node/11400791215","name":"ICICI Bank","category":"atm","source":"osm"}},{"type":"Feature","geometry":{"type":"Point","coordinates":[72.896113,19.081789]},"properties":{"id":"osm:node/11400791217","name":"Axis Bank","category":"atm","source":"osm"}},{"type":"Feature","geometry":{"type":"Point","coordinates":[72.896109,19.081755]},"properties":{"id":"osm:node/11400791218","name":null,"category":"atm","source":"osm","operator":"Axis Bank"}},{"type":"Feature","geometry":{"type":"Point","coordinates":[72.896103,19.081707]},"properties":{"id":"osm:node/11400791219","name":"Punjab National Bank","category":"atm","source":"osm"}},{"type":"Feature","geometry":{"type":"Point","coordinates":[72.896103,19.081669]},"properties":{"id":"osm:node/11400791220","name":null,"category":"atm","source":"osm","operator":"Punjab National Bank"}},{"type":"Feature","geometry":{"type":"Point","coordinates":[72.896099,19.081622]},"properties":{"id":"osm:node/11400791221","name":"Canara Bank","category":"atm","source":"osm"}},{"type":"Feature","geometry":{"type":"Point","coordinates":[72.827431,19.08689]},"properties":{"id":"osm:node/11426624934","name":"RBL Bank","category":"atm","source":"osm"}},{"type":"Feature","geometry":{"type":"Point","coordinates":[72.827146,19.086765]},"properties":{"id":"osm:node/11426709413","name":"Yes Bank","category":"atm","source":"osm"}},{"type":"Feature","geometry":{"type":"Point","coordinates":[72.827753,19.090923]},"properties":{"id":"osm:node/11426725043","name":"HDFC Bank","category":"atm","source":"osm"}},{"type":"Feature","geometry":{"type":"Point","coordinates":[72.828349,19.094751]},"properties":{"id":"osm:node/11426734642","name":"State Bank of India ATM","category":"atm","source":"osm"}},{"type":"Feature","geometry":{"type":"Point","coordinates":[72.82716,19.086792]},"properties":{"id":"osm:node/11426738526","name":"Yes Bank ATM - Juhu Tara Road","category":"atm","source":"osm","operator":"Yes Bank"}},{"type":"Feature","geometry":{"type":"Point","coordinates":[72.827128,19.087616]},"properties":{"id":"osm:node/11426738527","name":"Union Bank ATM","category":"atm","source":"osm"}},{"type":"Feature","geometry":{"type":"Point","coordinates":[72.836543,19.109745]},"properties":{"id":"osm:node/11426738821","name":"Central Bank of India ATM","category":"atm","source":"osm"}},{"type":"Feature","geometry":{"type":"Point","coordinates":[72.853222,19.109593]},"properties":{"id":"osm:node/11426738822","name":"SBI ATM","category":"atm","source":"osm","operator":"State Bank of India"}},{"type":"Feature","geometry":{"type":"Point","coordinates":[72.827198,19.087024]},"properties":{"id":"osm:node/11426739082","name":"Kotak Mahindra Bank","category":"atm","source":"osm"}},{"type":"Feature","geometry":{"type":"Point","coordinates":[72.828345,19.094799]},"properties":{"id":"osm:node/11426739557","name":"State Bank of India, Juhu Tara","category":"atm","source":"osm"}},{"type":"Feature","geometry":{"type":"Point","coordinates":[72.827436,19.086904]},"properties":{"id":"osm:node/11426739576","name":"RBL Bank ATM Juhu Tara Road","category":"atm","source":"osm","operator":"RBL Bank"}},{"type":"Feature","geometry":{"type":"Point","coordinates":[72.887046,19.104325]},"properties":{"id":"osm:node/11445787300","name":"Kotak Mahindra bank ATM","category":"atm","source":"osm"}},{"type":"Feature","geometry":{"type":"Point","coordinates":[72.885574,19.102435]},"properties":{"id":"osm:node/11445789940","name":"Yes Bank","category":"atm","source":"osm"}},{"type":"Feature","geometry":{"type":"Point","coordinates":[72.885735,19.10252]},"properties":{"id":"osm:node/11445794599","name":"IndusInd Bank","category":"atm","source":"osm"}},{"type":"Feature","geometry":{"type":"Point","coordinates":[72.888878,19.080614]},"properties":{"id":"osm:node/11445805534","name":"Unity Small Finance Bank","category":"atm","source":"osm"}},{"type":"Feature","geometry":{"type":"Point","coordinates":[72.856551,19.042632]},"properties":{"id":"osm:node/11449396797","name":"Apna Sarkari Bank Ltd.","category":"atm","source":"osm"}},{"type":"Feature","geometry":{"type":"Point","coordinates":[72.874454,19.065303]},"properties":{"id":"osm:node/11449431524","name":"State Bank of India","category":"atm","source":"osm"}},{"type":"Feature","geometry":{"type":"Point","coordinates":[72.876795,19.075825]},"properties":{"id":"osm:node/11449433247","name":"AU Small Finance Bank","category":"atm","source":"osm"}},{"type":"Feature","geometry":{"type":"Point","coordinates":[72.835986,19.025234]},"properties":{"id":"osm:node/11451911115","name":"Kotak Mahindra Bank","category":"atm","source":"osm"}},{"type":"Feature","geometry":{"type":"Point","coordinates":[72.841621,19.030583]},"properties":{"id":"osm:node/11451935137","name":"IDBI Bank","category":"atm","source":"osm"}},{"type":"Feature","geometry":{"type":"Point","coordinates":[72.85976,19.061723]},"properties":{"id":"osm:node/11451942458","name":"Axis Bank","category":"atm","source":"osm"}},{"type":"Feature","geometry":{"type":"Point","coordinates":[72.836307,19.026044]},"properties":{"id":"osm:node/11451998176","name":"Axis Bank","category":"atm","source":"osm"}},{"type":"Feature","geometry":{"type":"Point","coordinates":[72.832092,19.055638]},"properties":{"id":"osm:node/11452002895","name":"Bank of India","category":"atm","source":"osm"}},{"type":"Feature","geometry":{"type":"Point","coordinates":[72.842519,19.036832]},"properties":{"id":"osm:node/11452006918","name":"Indian Overseas Bank","category":"atm","source":"osm"}},{"type":"Feature","geometry":{"type":"Point","coordinates":[72.876407,19.075125]},"properties":{"id":"osm:node/11452006995","name":"Canara Bank","category":"atm","source":"osm"}},{"type":"Feature","geometry":{"type":"Point","coordinates":[72.876815,19.075877]},"properties":{"id":"osm:node/11452009155","name":"AU Small Finance Bank","category":"atm","source":"osm"}},{"type":"Feature","geometry":{"type":"Point","coordinates":[72.835903,19.025137]},"properties":{"id":"osm:node/11452010576","name":"Canara Bank","category":"atm","source":"osm"}},{"type":"Feature","geometry":{"type":"Point","coordinates":[72.835873,19.026013]},"properties":{"id":"osm:node/11452011297","name":"ICICI ATM","category":"atm","source":"osm","operator":"ICICI Bank"}},{"type":"Feature","geometry":{"type":"Point","coordinates":[72.87643,19.075187]},"properties":{"id":"osm:node/11452011988","name":"Canara ATM","category":"atm","source":"osm"}},{"type":"Feature","geometry":{"type":"Point","coordinates":[72.835879,19.025114]},"properties":{"id":"osm:node/11452014434","name":"IndusInd Bank","category":"atm","source":"osm"}},{"type":"Feature","geometry":{"type":"Point","coordinates":[72.885569,19.084528]},"properties":{"id":"osm:node/11452014929","name":"ICICI Bank","category":"atm","source":"osm"}},{"type":"Feature","geometry":{"type":"Point","coordinates":[72.842517,19.03696]},"properties":{"id":"osm:node/11452014931","name":"ICICI Bank","category":"atm","source":"osm"}},{"type":"Feature","geometry":{"type":"Point","coordinates":[72.835274,19.024782]},"properties":{"id":"osm:node/11452017571","name":"RBL Bank","category":"atm","source":"osm"}},{"type":"Feature","geometry":{"type":"Point","coordinates":[72.822107,18.971748]},"properties":{"id":"osm:node/11456147260","name":"Kotak Mahindra Bank","category":"atm","source":"osm"}},{"type":"Feature","geometry":{"type":"Point","coordinates":[72.817329,18.959466]},"properties":{"id":"osm:node/11456147261","name":"Kotak Mahindra Bank","category":"atm","source":"osm"}},{"type":"Feature","geometry":{"type":"Point","coordinates":[72.816676,18.957881]},"properties":{"id":"osm:node/11456249200","name":"ICICI Bank","category":"atm","source":"osm"}},{"type":"Feature","geometry":{"type":"Point","coordinates":[72.888759,19.080666]},"properties":{"id":"osm:node/11458866392","name":"Kotak Mahindra Bank","category":"atm","source":"osm"}},{"type":"Feature","geometry":{"type":"Point","coordinates":[72.897008,19.08001]},"properties":{"id":"osm:node/11464728718","name":"Saraswat Bank","category":"atm","source":"osm"}},{"type":"Feature","geometry":{"type":"Point","coordinates":[72.885903,19.102469]},"properties":{"id":"osm:node/11464742832","name":"ICICI Bank","category":"atm","source":"osm"}},{"type":"Feature","geometry":{"type":"Point","coordinates":[72.886167,19.102799]},"properties":{"id":"osm:node/11464742833","name":"Axis Bank","category":"atm","source":"osm"}},{"type":"Feature","geometry":{"type":"Point","coordinates":[72.886248,19.102848]},"properties":{"id":"osm:node/11464742834","name":"Bank of India","category":"atm","source":"osm"}},{"type":"Feature","geometry":{"type":"Point","coordinates":[72.838226,18.938649]},"properties":{"id":"osm:node/11465204244","name":"State Bank of India","category":"atm","source":"osm"}},{"type":"Feature","geometry":{"type":"Point","coordinates":[72.829465,19.051828]},"properties":{"id":"osm:node/11482187977","name":"Axis Bank","category":"atm","source":"osm","operator":"Axis Bank"}},{"type":"Feature","geometry":{"type":"Point","coordinates":[72.834638,19.082181]},"properties":{"id":"osm:node/11483837678","name":null,"category":"atm","source":"osm","operator":"IDFC First Bank"}},{"type":"Feature","geometry":{"type":"Point","coordinates":[72.834635,19.082216]},"properties":{"id":"osm:node/11483837679","name":"IDFC First Bank","category":"atm","source":"osm"}},{"type":"Feature","geometry":{"type":"Point","coordinates":[72.842858,19.115186]},"properties":{"id":"osm:node/11483837683","name":"Yes Bank","category":"atm","source":"osm"}},{"type":"Feature","geometry":{"type":"Point","coordinates":[72.854619,19.092485]},"properties":{"id":"osm:node/11545405994","name":"DBS Digibank ATM","category":"atm","source":"osm"}},{"type":"Feature","geometry":{"type":"Point","coordinates":[72.85478,19.092146]},"properties":{"id":"osm:node/11545405995","name":"Kotak bank ATM","category":"atm","source":"osm"}},{"type":"Feature","geometry":{"type":"Point","coordinates":[72.85466,19.092348]},"properties":{"id":"osm:node/11545405996","name":"DBS bank ATM","category":"atm","source":"osm"}},{"type":"Feature","geometry":{"type":"Point","coordinates":[72.855984,19.092509]},"properties":{"id":"osm:node/11545405997","name":"SBI bank ATM","category":"atm","source":"osm","operator":"State Bank of India"}},{"type":"Feature","geometry":{"type":"Point","coordinates":[72.857036,19.093223]},"properties":{"id":"osm:node/11545405998","name":"Citibank ATM","category":"atm","source":"osm","operator":"Citibank"}},{"type":"Feature","geometry":{"type":"Point","coordinates":[72.87549,19.09897]},"properties":{"id":"osm:node/11545405999","name":"Indusind bank ATM","category":"atm","source":"osm","operator":"IndusInd Bank"}},{"type":"Feature","geometry":{"type":"Point","coordinates":[72.875207,19.100075]},"properties":{"id":"osm:node/11545406000","name":"SBI ATM State Bank of India, Kotak Bank ATM","category":"atm","source":"osm","operator":"State Bank of India"}},{"type":"Feature","geometry":{"type":"Point","coordinates":[72.865196,19.241835]},"properties":{"id":"osm:node/11597394249","name":"rxtfy","category":"atm","source":"osm","operator":"Bank of Baroda"}},{"type":"Feature","geometry":{"type":"Point","coordinates":[72.837068,19.062419]},"properties":{"id":"osm:node/11607186143","name":"Indian Bank","category":"atm","source":"osm"}},{"type":"Feature","geometry":{"type":"Point","coordinates":[72.845463,19.119282]},"properties":{"id":"osm:node/11609353968","name":"Indian Bank","category":"atm","source":"osm","operator":"Indian Bank"}},{"type":"Feature","geometry":{"type":"Point","coordinates":[72.864436,19.208915]},"properties":{"id":"osm:node/11613055040","name":"ICICI bank kandivali (east )","category":"atm","source":"osm","opening_hours":"Mo-Sa 08:00-18:00"}},{"type":"Feature","geometry":{"type":"Point","coordinates":[72.82361,19.146794]},"properties":{"id":"osm:node/11662659677","name":"HDFC Bank","category":"atm","source":"osm"}},{"type":"Feature","geometry":{"type":"Point","coordinates":[72.823851,19.146992]},"properties":{"id":"osm:node/11662659678","name":"Kotak Mahindra","category":"atm","source":"osm"}},{"type":"Feature","geometry":{"type":"Point","coordinates":[72.823455,19.146904]},"properties":{"id":"osm:node/11662659680","name":"RBL Ratnakar Bank Ltd","category":"atm","source":"osm"}},{"type":"Feature","geometry":{"type":"Point","coordinates":[72.824082,19.146853]},"properties":{"id":"osm:node/11662659682","name":"Yes Bank","category":"atm","source":"osm"}},{"type":"Feature","geometry":{"type":"Point","coordinates":[72.825001,19.071538]},"properties":{"id":"osm:node/11671765952","name":"Canara Bank","category":"atm","source":"osm"}},{"type":"Feature","geometry":{"type":"Point","coordinates":[72.829128,19.070267]},"properties":{"id":"osm:node/11693903879","name":"State Bank of India","category":"atm","source":"osm"}},{"type":"Feature","geometry":{"type":"Point","coordinates":[72.842703,19.205801]},"properties":{"id":"osm:node/11728336005","name":"HDFC Bank","category":"atm","source":"osm","opening_hours":"Mo-Fr 09:00-17:00"}},{"type":"Feature","geometry":{"type":"Point","coordinates":[72.827248,19.105047]},"properties":{"id":"osm:node/11893277046","name":"State Bank of India","category":"atm","source":"osm","operator":"State Bank of India"}},{"type":"Feature","geometry":{"type":"Point","coordinates":[72.827312,19.105036]},"properties":{"id":"osm:node/11893277047","name":"State Bank of India","category":"atm","source":"osm"}},{"type":"Feature","geometry":{"type":"Point","coordinates":[72.832211,19.055653]},"properties":{"id":"osm:node/11895592386","name":"Axis Bank","category":"atm","source":"osm"}},{"type":"Feature","geometry":{"type":"Point","coordinates":[72.827549,19.104448]},"properties":{"id":"osm:node/11901164005","name":"Standard Chartered","category":"atm","source":"osm"}},{"type":"Feature","geometry":{"type":"Point","coordinates":[72.851173,19.080197]},"properties":{"id":"osm:node/11934056366","name":"NKGSB Bank ATM","category":"atm","source":"osm"}},{"type":"Feature","geometry":{"type":"Point","coordinates":[72.851063,19.080154]},"properties":{"id":"osm:node/11934060762","name":"ICICI Bank","category":"atm","source":"osm","opening_hours":"Mo-Sa 09:30-15:00"}},{"type":"Feature","geometry":{"type":"Point","coordinates":[72.85121,19.080203]},"properties":{"id":"osm:node/11934081455","name":"NKGSB Bank","category":"atm","source":"osm"}},{"type":"Feature","geometry":{"type":"Point","coordinates":[72.851106,19.080169]},"properties":{"id":"osm:node/11934083637","name":"Axis Bank","category":"atm","source":"osm","operator":"Axis Bank"}},{"type":"Feature","geometry":{"type":"Point","coordinates":[72.851859,19.080355]},"properties":{"id":"osm:node/11934093375","name":"State Bank of India","category":"atm","source":"osm"}},{"type":"Feature","geometry":{"type":"Point","coordinates":[72.851816,19.080351]},"properties":{"id":"osm:node/11934094879","name":"SBI ATM","category":"atm","source":"osm","operator":"State Bank of India"}},{"type":"Feature","geometry":{"type":"Point","coordinates":[72.851038,19.080152]},"properties":{"id":"osm:node/11934096303","name":"ICICI Bank","category":"atm","source":"osm","operator":"ICICI Bank"}},{"type":"Feature","geometry":{"type":"Point","coordinates":[72.979569,19.183082]},"properties":{"id":"osm:node/12150144264","name":"State Bank of India","category":"atm","source":"osm"}},{"type":"Feature","geometry":{"type":"Point","coordinates":[72.827978,19.064956]},"properties":{"id":"osm:node/12192784742","name":"Axis Bank","category":"atm","source":"osm"}},{"type":"Feature","geometry":{"type":"Point","coordinates":[72.828018,19.065057]},"properties":{"id":"osm:node/12192784743","name":"Axis Bank","category":"atm","source":"osm","operator":"Axis Bank"}},{"type":"Feature","geometry":{"type":"Point","coordinates":[72.82452,19.061289]},"properties":{"id":"osm:node/12192784769","name":"State Bank of India","category":"atm","source":"osm"}},{"type":"Feature","geometry":{"type":"Point","coordinates":[72.824507,19.061241]},"properties":{"id":"osm:node/12192784770","name":"State Bank of India","category":"atm","source":"osm","operator":"State Bank of India"}},{"type":"Feature","geometry":{"type":"Point","coordinates":[72.993169,19.149985]},"properties":{"id":"osm:node/12215837191","name":"Suryoday Small Finance Bank","category":"atm","source":"osm","operator":"Suryoday Small Finance Bank"}},{"type":"Feature","geometry":{"type":"Point","coordinates":[72.995859,19.146412]},"properties":{"id":"osm:node/12215846016","name":"Unity Small Finance Bank","category":"atm","source":"osm","operator":"Unity Small Finance Bank"}},{"type":"Feature","geometry":{"type":"Point","coordinates":[73.017034,19.033774]},"properties":{"id":"osm:node/12271316909","name":"State Bank of India","category":"atm","source":"osm"}},{"type":"Feature","geometry":{"type":"Point","coordinates":[73.017041,19.033817]},"properties":{"id":"osm:node/12271316910","name":null,"category":"atm","source":"osm","operator":"State Bank of India"}},{"type":"Feature","geometry":{"type":"Point","coordinates":[73.017722,19.033618]},"properties":{"id":"osm:node/12288110668","name":"Union Bank of India","category":"atm","source":"osm","opening_hours":"Mo-Fr 09:00-17:00","operator":"Union Bank"}},{"type":"Feature","geometry":{"type":"Point","coordinates":[72.846775,19.146618]},"properties":{"id":"osm:node/12290032514","name":"State Bank of India","category":"atm","source":"osm","wheelchair":"no","level":"0"}},{"type":"Feature","geometry":{"type":"Point","coordinates":[72.846477,19.146637]},"properties":{"id":"osm:node/12290056462","name":"HDFC Bank","category":"atm","source":"osm","wheelchair":"yes","level":"0"}},{"type":"Feature","geometry":{"type":"Point","coordinates":[72.833966,18.928244]},"properties":{"id":"osm:node/12299747088","name":"Bank of Maharashtra","category":"atm","source":"osm"}},{"type":"Feature","geometry":{"type":"Point","coordinates":[72.840202,19.054701]},"properties":{"id":"osm:node/12311432807","name":"Hitachi Money Spot ATM","category":"atm","source":"osm"}},{"type":"Feature","geometry":{"type":"Point","coordinates":[72.831296,19.009803]},"properties":{"id":"osm:node/12313201027","name":null,"category":"atm","source":"osm","operator":"Axis Bank"}},{"type":"Feature","geometry":{"type":"Point","coordinates":[72.829801,19.128596]},"properties":{"id":"osm:node/12317694536","name":"Canara Bank","category":"atm","source":"osm","wheelchair":"no","operator":"Canara Bank","level":"0"}},{"type":"Feature","geometry":{"type":"Point","coordinates":[72.825871,19.195063]},"properties":{"id":"osm:node/12322916537","name":"Axis Bank","category":"atm","source":"osm","opening_hours":"Mo-Su 09:00-23:00","wheelchair":"yes"}},{"type":"Feature","geometry":{"type":"Point","coordinates":[72.875732,19.268594]},"properties":{"id":"osm:node/12325441673","name":"Axis Bank","category":"atm","source":"osm"}},{"type":"Feature","geometry":{"type":"Point","coordinates":[72.820907,19.135683]},"properties":{"id":"osm:node/12330942982","name":null,"category":"atm","source":"osm","wheelchair":"no","operator":"Kotak Mahindra Bank","level":"0"}},{"type":"Feature","geometry":{"type":"Point","coordinates":[72.82522,19.048043]},"properties":{"id":"osm:node/12334053397","name":"IDBI Bank","category":"atm","source":"osm","opening_hours":"24/7","operator":"IDBI Bank"}},{"type":"Feature","geometry":{"type":"Point","coordinates":[72.833923,19.069676]},"properties":{"id":"osm:node/12334116841","name":"Saraswat Bank","category":"atm","source":"osm"}},{"type":"Feature","geometry":{"type":"Point","coordinates":[72.8321,19.072869]},"properties":{"id":"osm:node/12334116885","name":"HDFC Bank","category":"atm","source":"osm"}},{"type":"Feature","geometry":{"type":"Point","coordinates":[72.832013,19.072941]},"properties":{"id":"osm:node/12334116886","name":"HDFC Bank","category":"atm","source":"osm","operator":"HDFC Bank"}},{"type":"Feature","geometry":{"type":"Point","coordinates":[72.834569,19.056254]},"properties":{"id":"osm:node/12346531477","name":"HDFC Bank","category":"atm","source":"osm","operator":"HDFC Bank"}},{"type":"Feature","geometry":{"type":"Point","coordinates":[72.837188,19.055519]},"properties":{"id":"osm:node/12346531489","name":"Saraswat Bank","category":"atm","source":"osm","operator":"Saraswat Bank"}},{"type":"Feature","geometry":{"type":"Point","coordinates":[72.837155,19.055589]},"properties":{"id":"osm:node/12346531490","name":"Saraswat Bank","category":"atm","source":"osm"}},{"type":"Feature","geometry":{"type":"Point","coordinates":[72.969247,19.187468]},"properties":{"id":"osm:node/12357386442","name":"Saraswat Bank","category":"atm","source":"osm"}},{"type":"Feature","geometry":{"type":"Point","coordinates":[72.969608,19.187396]},"properties":{"id":"osm:node/12357481179","name":"Maharashtra Bank","category":"atm","source":"osm"}},{"type":"Feature","geometry":{"type":"Point","coordinates":[72.938439,19.176875]},"properties":{"id":"osm:node/12389362159","name":"Bank of Maharashtra","category":"atm","source":"osm"}},{"type":"Feature","geometry":{"type":"Point","coordinates":[72.923196,19.125259]},"properties":{"id":"osm:node/12397216406","name":"Canara Bank","category":"atm","source":"osm","operator":"Canara Bank"}},{"type":"Feature","geometry":{"type":"Point","coordinates":[72.82315,19.145355]},"properties":{"id":"osm:node/12400639960","name":"ICICI Bank","category":"atm","source":"osm","opening_hours":"Mo-Sa 09:30-15:00","level":"0"}},{"type":"Feature","geometry":{"type":"Point","coordinates":[72.823894,19.144512]},"properties":{"id":"osm:node/12411907722","name":"Zoroastrian Bank","category":"atm","source":"osm","wheelchair":"no","operator":"The Zoroastrian Cooperative Bank Limited","level":"0"}},{"type":"Feature","geometry":{"type":"Point","coordinates":[72.831318,18.923332]},"properties":{"id":"osm:node/12560946823","name":"Bank of Baroda","category":"atm","source":"osm"}},{"type":"Feature","geometry":{"type":"Point","coordinates":[72.970276,19.228107]},"properties":{"id":"osm:node/12593718813","name":null,"category":"atm","source":"osm","operator":"Kotak Mahindra Bank"}},{"type":"Feature","geometry":{"type":"Point","coordinates":[73.005733,19.097191]},"properties":{"id":"osm:node/12596289350","name":"ATM","category":"atm","source":"osm"}},{"type":"Feature","geometry":{"type":"Point","coordinates":[72.865781,19.023204]},"properties":{"id":"osm:node/12600283234","name":"HDFC Bank","category":"atm","source":"osm"}},{"type":"Feature","geometry":{"type":"Point","coordinates":[72.835682,18.934132]},"properties":{"id":"osm:node/12633513702","name":"Punjab National Bank","category":"atm","source":"osm"}},{"type":"Feature","geometry":{"type":"Point","coordinates":[72.834583,18.932596]},"properties":{"id":"osm:node/12633513801","name":"Bank of Baroda","category":"atm","source":"osm"}},{"type":"Feature","geometry":{"type":"Point","coordinates":[72.829543,19.058022]},"properties":{"id":"osm:node/12668986256","name":"IndusInd Bank","category":"atm","source":"osm","operator":"IndusInd Bank"}},{"type":"Feature","geometry":{"type":"Point","coordinates":[72.852048,19.060408]},"properties":{"id":"osm:node/12696004074","name":"Yes Bank","category":"atm","source":"osm"}},{"type":"Feature","geometry":{"type":"Point","coordinates":[72.85186,19.060479]},"properties":{"id":"osm:node/12696004075","name":"HDFC Bank","category":"atm","source":"osm"}},{"type":"Feature","geometry":{"type":"Point","coordinates":[72.851749,19.060509]},"properties":{"id":"osm:node/12696004076","name":"IndusInd Bank","category":"atm","source":"osm","operator":"IndusInd Bank"}},{"type":"Feature","geometry":{"type":"Point","coordinates":[72.851667,19.060539]},"properties":{"id":"osm:node/12696004077","name":"Axis Bank","category":"atm","source":"osm"}},{"type":"Feature","geometry":{"type":"Point","coordinates":[72.832149,19.059201]},"properties":{"id":"osm:node/12706010775","name":"AU Small Finance Bank","category":"atm","source":"osm"}},{"type":"Feature","geometry":{"type":"Point","coordinates":[72.832155,19.059239]},"properties":{"id":"osm:node/12706010776","name":"AU Small Finance Bank","category":"atm","source":"osm","operator":"AU Small Finance Bank"}},{"type":"Feature","geometry":{"type":"Point","coordinates":[72.832924,19.058767]},"properties":{"id":"osm:node/12706010778","name":"SVC Cooperative Bank","category":"atm","source":"osm"}},{"type":"Feature","geometry":{"type":"Point","coordinates":[72.829386,19.056957]},"properties":{"id":"osm:node/12715439166","name":"Central Bank of India","category":"atm","source":"osm","operator":"Central Bank of India"}},{"type":"Feature","geometry":{"type":"Point","coordinates":[72.83438,19.065927]},"properties":{"id":"osm:node/12731973452","name":"State Bank of India","category":"atm","source":"osm"}},{"type":"Feature","geometry":{"type":"Point","coordinates":[72.838333,19.069957]},"properties":{"id":"osm:node/12731973467","name":"CSB Bank","category":"atm","source":"osm"}},{"type":"Feature","geometry":{"type":"Point","coordinates":[72.856171,19.026764]},"properties":{"id":"osm:node/12770253134","name":"Bank of Baroda","category":"atm","source":"osm","opening_hours":"Mo-Sa 09:00-15:00; PH closed; Sa[2,4] closed","wheelchair":"limited","level":"0"}},{"type":"Feature","geometry":{"type":"Point","coordinates":[72.856068,19.026483]},"properties":{"id":"osm:node/12770260567","name":"Bank of India","category":"atm","source":"osm","opening_hours":"24/7","wheelchair":"no","operator":"Bank of India","level":"0"}},{"type":"Feature","geometry":{"type":"Point","coordinates":[72.852998,19.02759]},"properties":{"id":"osm:node/12770274378","name":"Yes Bank","category":"atm","source":"osm","wheelchair":"limited","level":"0"}},{"type":"Feature","geometry":{"type":"Point","coordinates":[72.853148,19.027543]},"properties":{"id":"osm:node/12770274380","name":"ICICI Bank","category":"atm","source":"osm","wheelchair":"limited","level":"0"}},{"type":"Feature","geometry":{"type":"Point","coordinates":[72.852858,19.027559]},"properties":{"id":"osm:node/12770295080","name":"Bandhan Bank","category":"atm","source":"osm","wheelchair":"limited","level":"0"}},{"type":"Feature","geometry":{"type":"Point","coordinates":[72.852878,19.027582]},"properties":{"id":"osm:node/12770295083","name":"Kotak Mahindra Bank","category":"atm","source":"osm","wheelchair":"no","level":"0"}},{"type":"Feature","geometry":{"type":"Point","coordinates":[72.852791,19.027417]},"properties":{"id":"osm:node/12770295084","name":"HDFC Bank","category":"atm","source":"osm","wheelchair":"no","level":"0"}},{"type":"Feature","geometry":{"type":"Point","coordinates":[72.856176,19.026814]},"properties":{"id":"osm:node/12770346401","name":null,"category":"atm","source":"osm","wheelchair":"yes","operator":"Bank of Baroda","level":"0"}},{"type":"Feature","geometry":{"type":"Point","coordinates":[72.84763,19.05956]},"properties":{"id":"osm:node/12784254796","name":"Bank of Maharashtra","category":"atm","source":"osm"}},{"type":"Feature","geometry":{"type":"Point","coordinates":[72.86471,19.29713]},"properties":{"id":"osm:node/12786048112","name":null,"category":"atm","source":"osm","opening_hours":"24/7","wheelchair":"no","operator":"IDFC","level":"0"}},{"type":"Feature","geometry":{"type":"Point","coordinates":[72.867094,19.292972]},"properties":{"id":"osm:node/12786103038","name":null,"category":"atm","source":"osm","opening_hours":"24/7","wheelchair":"no","operator":"Kotak Mahindra Bank","level":"0"}},{"type":"Feature","geometry":{"type":"Point","coordinates":[72.862581,19.29176]},"properties":{"id":"osm:node/12787558850","name":"Union Bank of India","category":"atm","source":"osm","opening_hours":"Mo-Sa 10:00-16:00; Sa[2,4] closed; PH closed","wheelchair":"no","level":"0"}},{"type":"Feature","geometry":{"type":"Point","coordinates":[72.862497,19.291864]},"properties":{"id":"osm:node/12787558851","name":"Karnataka Bank","category":"atm","source":"osm","opening_hours":"Mo-Sa 10:00-14:00,14:30-16:00; PH closed; Sa[2,4] closed","wheelchair":"limited","level":"0"}},{"type":"Feature","geometry":{"type":"Point","coordinates":[72.834267,19.078611]},"properties":{"id":"osm:node/12805979971","name":"DCB Bank","category":"atm","source":"osm"}},{"type":"Feature","geometry":{"type":"Point","coordinates":[72.834227,19.078613]},"properties":{"id":"osm:node/12805979972","name":"DCB Bank","category":"atm","source":"osm"}},{"type":"Feature","geometry":{"type":"Point","coordinates":[72.831958,19.055838]},"properties":{"id":"osm:node/12809197800","name":"Citizen Credit Co-operative Bank","category":"atm","source":"osm"}},{"type":"Feature","geometry":{"type":"Point","coordinates":[72.852264,19.311539]},"properties":{"id":"osm:node/12825315005","name":null,"category":"atm","source":"osm","opening_hours":"24/7","operator":"Kotak Mahindra"}},{"type":"Feature","geometry":{"type":"Point","coordinates":[72.854467,19.308392]},"properties":{"id":"osm:node/12825315006","name":null,"category":"atm","source":"osm","opening_hours":"24/7","operator":"Axis Bank"}},{"type":"Feature","geometry":{"type":"Point","coordinates":[72.855006,19.307983]},"properties":{"id":"osm:node/12825315007","name":null,"category":"atm","source":"osm","opening_hours":"24/7","operator":"Bank of Baroda"}},{"type":"Feature","geometry":{"type":"Point","coordinates":[72.85882,19.304387]},"properties":{"id":"osm:node/12825315008","name":"Bharat Bank","category":"atm","source":"osm","operator":"Bharat Bank"}},{"type":"Feature","geometry":{"type":"Point","coordinates":[72.859027,19.304399]},"properties":{"id":"osm:node/12825315009","name":null,"category":"atm","source":"osm","opening_hours":"24/7","operator":"SBI"}},{"type":"Feature","geometry":{"type":"Point","coordinates":[72.859878,19.304872]},"properties":{"id":"osm:node/12825315010","name":null,"category":"atm","source":"osm","opening_hours":"24/7","operator":"ICICI"}},{"type":"Feature","geometry":{"type":"Point","coordinates":[72.860891,19.305419]},"properties":{"id":"osm:node/12825315011","name":null,"category":"atm","source":"osm","opening_hours":"24/7","operator":"Kotak Mahindra"}},{"type":"Feature","geometry":{"type":"Point","coordinates":[72.863794,19.303808]},"properties":{"id":"osm:node/12825315012","name":null,"category":"atm","source":"osm","opening_hours":"24/7","operator":"ICICI"}},{"type":"Feature","geometry":{"type":"Point","coordinates":[72.863898,19.303771]},"properties":{"id":"osm:node/12825315013","name":null,"category":"atm","source":"osm","opening_hours":"24/7","operator":"Bank Of India"}},{"type":"Feature","geometry":{"type":"Point","coordinates":[72.865051,19.303492]},"properties":{"id":"osm:node/12825315014","name":null,"category":"atm","source":"osm","opening_hours":"24/7","operator":"Axis Bank"}},{"type":"Feature","geometry":{"type":"Point","coordinates":[72.859923,19.296629]},"properties":{"id":"osm:node/12828138298","name":"Icici Bank","category":"atm","source":"osm","wheelchair":"no","operator":"Icici"}},{"type":"Feature","geometry":{"type":"Point","coordinates":[72.829714,19.105158]},"properties":{"id":"osm:node/12842089420","name":"IndusInd Bank","category":"atm","source":"osm"}},{"type":"Feature","geometry":{"type":"Point","coordinates":[72.946346,19.181415]},"properties":{"id":"osm:node/12843975056","name":"Bank of Baroda","category":"atm","source":"osm"}},{"type":"Feature","geometry":{"type":"Point","coordinates":[72.859269,19.294428]},"properties":{"id":"osm:node/12849150412","name":"ICICI Bank","category":"atm","source":"osm"}},{"type":"Feature","geometry":{"type":"Point","coordinates":[72.826326,19.102146]},"properties":{"id":"osm:node/12849292008","name":"Kotak Mahindra Bank","category":"atm","source":"osm","operator":"Kotak Mahindra Bank","level":"0"}},{"type":"Feature","geometry":{"type":"Point","coordinates":[72.834957,19.062235]},"properties":{"id":"osm:node/12855850013","name":"IDFC First Bank","category":"atm","source":"osm"}},{"type":"Feature","geometry":{"type":"Point","coordinates":[72.897656,19.072349]},"properties":{"id":"osm:node/12866469430","name":null,"category":"atm","source":"osm","operator":"Kotak Mahindra Bank"}},{"type":"Feature","geometry":{"type":"Point","coordinates":[72.853674,19.222538]},"properties":{"id":"osm:node/12871387490","name":"ICICI Bank","category":"atm","source":"osm","operator":"ICICI Bank"}},{"type":"Feature","geometry":{"type":"Point","coordinates":[72.853626,19.222409]},"properties":{"id":"osm:node/12871387491","name":"Saraswat Co-operative Bank","category":"atm","source":"osm"}},{"type":"Feature","geometry":{"type":"Point","coordinates":[72.853519,19.223071]},"properties":{"id":"osm:node/12871387492","name":"HDFC Bank","category":"atm","source":"osm"}},{"type":"Feature","geometry":{"type":"Point","coordinates":[72.852287,19.220947]},"properties":{"id":"osm:node/12871400534","name":"State Bank of India","category":"atm","source":"osm","operator":"State Bank of India"}},{"type":"Feature","geometry":{"type":"Point","coordinates":[72.851351,19.216729]},"properties":{"id":"osm:node/12871400535","name":"Oriental Bank of Commerce","category":"atm","source":"osm"}},{"type":"Feature","geometry":{"type":"Point","coordinates":[72.853485,19.222056]},"properties":{"id":"osm:node/12871400536","name":"Kotak Mahindra Bank","category":"atm","source":"osm"}},{"type":"Feature","geometry":{"type":"Point","coordinates":[72.852505,19.219647]},"properties":{"id":"osm:node/12887001654","name":"Federal Bank","category":"atm","source":"osm"}},{"type":"Feature","geometry":{"type":"Point","coordinates":[72.960098,19.171845]},"properties":{"id":"osm:node/12888171945","name":"ICICI Bank","category":"atm","source":"osm"}},{"type":"Feature","geometry":{"type":"Point","coordinates":[72.834102,19.056373]},"properties":{"id":"osm:node/12896373078","name":"Cosmos Bank","category":"atm","source":"osm","opening_hours":"Mo-Sa 10:00-13:00,14:00-16:30; Sa[2,4] off"}},{"type":"Feature","geometry":{"type":"Point","coordinates":[72.848695,18.993653]},"properties":{"id":"osm:node/12902702201","name":null,"category":"atm","source":"osm","opening_hours":"24/7","operator":"Bank of India"}},{"type":"Feature","geometry":{"type":"Point","coordinates":[72.83085,19.064936]},"properties":{"id":"osm:node/12920626771","name":"Canara Bank","category":"atm","source":"osm"}},{"type":"Feature","geometry":{"type":"Point","coordinates":[72.830851,19.064987]},"properties":{"id":"osm:node/12920626772","name":"Canara Bank","category":"atm","source":"osm","operator":"Canara Bank"}},{"type":"Feature","geometry":{"type":"Point","coordinates":[72.844651,19.058712]},"properties":{"id":"osm:node/12921849720","name":"Abhyudaya Bank","category":"atm","source":"osm"}},{"type":"Feature","geometry":{"type":"Point","coordinates":[72.844093,19.058701]},"properties":{"id":"osm:node/12921861852","name":"Central Bank of India","category":"atm","source":"osm"}},{"type":"Feature","geometry":{"type":"Point","coordinates":[72.835267,19.061629]},"properties":{"id":"osm:node/12926034673","name":"Punjab National Bank","category":"atm","source":"osm","operator":"Punjab National Bank"}},{"type":"Feature","geometry":{"type":"Point","coordinates":[72.835283,19.061245]},"properties":{"id":"osm:node/12926034675","name":"Axis Bank","category":"atm","source":"osm","operator":"Axis Bank"}},{"type":"Feature","geometry":{"type":"Point","coordinates":[72.835186,19.060374]},"properties":{"id":"osm:node/12926034699","name":"South Indian Bank","category":"atm","source":"osm"}},{"type":"Feature","geometry":{"type":"Point","coordinates":[72.835177,19.060313]},"properties":{"id":"osm:node/12926034700","name":"South Indian Bank","category":"atm","source":"osm","operator":"South Indian Bank"}},{"type":"Feature","geometry":{"type":"Point","coordinates":[72.826061,19.048166]},"properties":{"id":"osm:node/12926508540","name":"Bank of India","category":"atm","source":"osm","operator":"Bank of India"}},{"type":"Feature","geometry":{"type":"Point","coordinates":[72.841555,19.08169]},"properties":{"id":"osm:node/12936459272","name":null,"category":"atm","source":"osm","wheelchair":"no","level":"1"}},{"type":"Feature","geometry":{"type":"Point","coordinates":[72.838191,19.08339]},"properties":{"id":"osm:node/12936465965","name":null,"category":"atm","source":"osm","wheelchair":"limited","operator":"Canara Bank","level":"0"}},{"type":"Feature","geometry":{"type":"Point","coordinates":[72.838187,19.083449]},"properties":{"id":"osm:node/12936465971","name":"Canara Bank","category":"atm","source":"osm","wheelchair":"limited","level":"0"}},{"type":"Feature","geometry":{"type":"Point","coordinates":[72.900222,19.05204]},"properties":{"id":"osm:node/12944612681","name":"Saraswat Co-operative Bank Limited","category":"atm","source":"osm"}},{"type":"Feature","geometry":{"type":"Point","coordinates":[72.900196,19.052044]},"properties":{"id":"osm:node/12944657557","name":"Saraswat Co-op Bank Ltd","category":"atm","source":"osm","wheelchair":"no","level":"0"}},{"type":"Feature","geometry":{"type":"Point","coordinates":[72.900229,19.054036]},"properties":{"id":"osm:node/12944717844","name":null,"category":"atm","source":"osm","wheelchair":"limited","operator":"Kotak Mahindra Bank","level":"0"}},{"type":"Feature","geometry":{"type":"Point","coordinates":[72.900267,19.054262]},"properties":{"id":"osm:node/12944717846","name":null,"category":"atm","source":"osm","wheelchair":"limited","operator":"Punjab National Bank","level":"0"}},{"type":"Feature","geometry":{"type":"Point","coordinates":[72.900274,19.054298]},"properties":{"id":"osm:node/12944717847","name":"Punjab National Bank","category":"atm","source":"osm","wheelchair":"limited","level":"0"}},{"type":"Feature","geometry":{"type":"Point","coordinates":[72.898666,19.05841]},"properties":{"id":"osm:node/12945621800","name":null,"category":"atm","source":"osm","level":"0"}},{"type":"Feature","geometry":{"type":"Point","coordinates":[72.898702,19.058734]},"properties":{"id":"osm:node/12945637201","name":null,"category":"atm","source":"osm","level":"0"}},{"type":"Feature","geometry":{"type":"Point","coordinates":[72.856374,19.279284]},"properties":{"id":"osm:node/12956319443","name":null,"category":"atm","source":"osm"}},{"type":"Feature","geometry":{"type":"Point","coordinates":[72.836404,19.062245]},"properties":{"id":"osm:node/12961126624","name":"Indian Overseas Bank","category":"atm","source":"osm"}},{"type":"Feature","geometry":{"type":"Point","coordinates":[72.860449,19.276804]},"properties":{"id":"osm:node/12982380420","name":"AU Small Finance Bank","category":"atm","source":"osm","operator":"AU Small Finance Bank"}},{"type":"Feature","geometry":{"type":"Point","coordinates":[72.832898,18.966972]},"properties":{"id":"osm:node/13006129919","name":"Canara Bank","category":"atm","source":"osm"}},{"type":"Feature","geometry":{"type":"Point","coordinates":[72.854053,19.032305]},"properties":{"id":"osm:node/13022353432","name":"State Bank of India","category":"atm","source":"osm"}},{"type":"Feature","geometry":{"type":"Point","coordinates":[72.854027,19.032281]},"properties":{"id":"osm:node/13022356999","name":null,"category":"atm","source":"osm","operator":"State Bank of India"}},{"type":"Feature","geometry":{"type":"Point","coordinates":[72.867319,19.111825]},"properties":{"id":"osm:node/13031102801","name":null,"category":"atm","source":"osm","operator":"ICICI Bank"}},{"type":"Feature","geometry":{"type":"Point","coordinates":[72.913582,19.082958]},"properties":{"id":"osm:node/13049436802","name":null,"category":"atm","source":"osm"}},{"type":"Feature","geometry":{"type":"Point","coordinates":[72.834477,19.059217]},"properties":{"id":"osm:node/13058306157","name":"Bandhan Bank","category":"atm","source":"osm"}},{"type":"Feature","geometry":{"type":"Point","coordinates":[72.827885,19.054936]},"properties":{"id":"osm:node/13064902215","name":"State Bank of India","category":"atm","source":"osm"}},{"type":"Feature","geometry":{"type":"Point","coordinates":[72.829796,19.110686]},"properties":{"id":"osm:node/13082483660","name":"Indian Bank","category":"atm","source":"osm"}},{"type":"Feature","geometry":{"type":"Point","coordinates":[72.829798,19.110585]},"properties":{"id":"osm:node/13082483661","name":null,"category":"atm","source":"osm","operator":"Indian Bank"}},{"type":"Feature","geometry":{"type":"Point","coordinates":[72.837117,19.068516]},"properties":{"id":"osm:node/13094991451","name":null,"category":"atm","source":"osm","operator":"Yes Bank"}},{"type":"Feature","geometry":{"type":"Point","coordinates":[72.838052,19.067963]},"properties":{"id":"osm:node/13097872578","name":"Union Bank of India","category":"atm","source":"osm"}},{"type":"Feature","geometry":{"type":"Point","coordinates":[72.838024,19.067994]},"properties":{"id":"osm:node/13097872579","name":"Union Bank of India","category":"atm","source":"osm","operator":"Union Bank of India"}},{"type":"Feature","geometry":{"type":"Point","coordinates":[72.82821,19.06567]},"properties":{"id":"osm:node/13112584779","name":"IDFC First Bank","category":"atm","source":"osm"}},{"type":"Feature","geometry":{"type":"Point","coordinates":[72.82824,19.065754]},"properties":{"id":"osm:node/13112584781","name":"HDFC Bank","category":"atm","source":"osm"}},{"type":"Feature","geometry":{"type":"Point","coordinates":[72.828254,19.065799]},"properties":{"id":"osm:node/13112584782","name":"HDFC Bank","category":"atm","source":"osm","operator":"HDFC Bank"}},{"type":"Feature","geometry":{"type":"Point","coordinates":[72.828481,19.069136]},"properties":{"id":"osm:node/13112602728","name":"ICICI Bank","category":"atm","source":"osm","operator":"ICICI Bank"}},{"type":"Feature","geometry":{"type":"Point","coordinates":[72.846362,19.234536]},"properties":{"id":"osm:node/13127616601","name":null,"category":"atm","source":"osm"}},{"type":"Feature","geometry":{"type":"Point","coordinates":[72.835568,19.084502]},"properties":{"id":"osm:node/13231510820","name":"Bank of India","category":"atm","source":"osm","level":"0"}},{"type":"Feature","geometry":{"type":"Point","coordinates":[72.833765,19.068536]},"properties":{"id":"osm:node/13238143855","name":"RBL Bank","category":"atm","source":"osm"}},{"type":"Feature","geometry":{"type":"Point","coordinates":[72.834318,19.072508]},"properties":{"id":"osm:node/13238145682","name":"Yes Bank","category":"atm","source":"osm"}},{"type":"Feature","geometry":{"type":"Point","coordinates":[72.857781,19.108458]},"properties":{"id":"osm:node/13240431120","name":null,"category":"atm","source":"osm","wheelchair":"no","operator":"Axis Bank","level":"0"}},{"type":"Feature","geometry":{"type":"Point","coordinates":[72.822919,19.13017]},"properties":{"id":"osm:node/13240709968","name":"Bandhan Bank","category":"atm","source":"osm","opening_hours":"Mo-Fr 09:30-16:30; PH closed; Sa[1,3,5] 09:30-16:30","wheelchair":"designated","level":"0"}},{"type":"Feature","geometry":{"type":"Point","coordinates":[72.823497,19.144747]},"properties":{"id":"osm:node/13247358617","name":null,"category":"atm","source":"osm","wheelchair":"limited","operator":"Punjab National Bank","level":"0"}},{"type":"Feature","geometry":{"type":"Point","coordinates":[72.846334,19.118534]},"properties":{"id":"osm:node/13252681183","name":null,"category":"atm","source":"osm","level":"1"}},{"type":"Feature","geometry":{"type":"Point","coordinates":[72.843246,19.018724]},"properties":{"id":"osm:node/13252709758","name":null,"category":"atm","source":"osm","wheelchair":"no","level":"0"}},{"type":"Feature","geometry":{"type":"Point","coordinates":[72.85305,19.309592]},"properties":{"id":"osm:node/13253766204","name":null,"category":"atm","source":"osm","wheelchair":"no"}},{"type":"Feature","geometry":{"type":"Point","coordinates":[72.894313,19.034798]},"properties":{"id":"osm:node/13286967197","name":"Banker's Adda","category":"atm","source":"osm","opening_hours":"Mo-Fr 09:00-17:00","operator":"Me"}},{"type":"Feature","geometry":{"type":"Point","coordinates":[72.993391,19.174965]},"properties":{"id":"osm:node/13299573701","name":"HDFC Bank","category":"atm","source":"osm","opening_hours":"Mo-Sa 09:30-18:30"}},{"type":"Feature","geometry":{"type":"Point","coordinates":[72.868549,19.301115]},"properties":{"id":"osm:node/13321922200","name":"Saraswat Bank","category":"atm","source":"osm","wheelchair":"limited"}},{"type":"Feature","geometry":{"type":"Point","coordinates":[72.884554,19.052545]},"properties":{"id":"osm:node/13338898103","name":null,"category":"atm","source":"osm"}},{"type":"Feature","geometry":{"type":"Point","coordinates":[72.888074,19.097938]},"properties":{"id":"osm:node/13355660558","name":null,"category":"atm","source":"osm","operator":"Punjab National Bank"}},{"type":"Feature","geometry":{"type":"Point","coordinates":[72.907644,19.085873]},"properties":{"id":"osm:node/13373184069","name":"Canara Bank","category":"atm","source":"osm","level":"0"}},{"type":"Feature","geometry":{"type":"Point","coordinates":[72.997742,19.118553]},"properties":{"id":"osm:node/13375366229","name":"Indian Bank","category":"atm","source":"osm","level":"0"}},{"type":"Feature","geometry":{"type":"Point","coordinates":[72.997619,19.118404]},"properties":{"id":"osm:node/13375366230","name":"Canara Bank","category":"atm","source":"osm","level":"0"}},{"type":"Feature","geometry":{"type":"Point","coordinates":[72.997533,19.118303]},"properties":{"id":"osm:node/13375366231","name":"State Bank of India","category":"atm","source":"osm","level":"0"}},{"type":"Feature","geometry":{"type":"Point","coordinates":[72.997461,19.118222]},"properties":{"id":"osm:node/13375366234","name":"Kotak Mahindra Bank","category":"atm","source":"osm","level":"0"}},{"type":"Feature","geometry":{"type":"Point","coordinates":[72.997662,19.118464]},"properties":{"id":"osm:node/13375366235","name":"IDFC First Bank","category":"atm","source":"osm","level":"0"}},{"type":"Feature","geometry":{"type":"Point","coordinates":[72.997704,19.118514]},"properties":{"id":"osm:node/13375366238","name":"ICICI Bank","category":"atm","source":"osm","level":"0"}},{"type":"Feature","geometry":{"type":"Point","coordinates":[72.99832,19.119056]},"properties":{"id":"osm:node/13375366239","name":null,"category":"atm","source":"osm","operator":"IndusInd Bank","level":"0"}},{"type":"Feature","geometry":{"type":"Point","coordinates":[72.997128,19.118725]},"properties":{"id":"osm:node/13375388909","name":"Axis Bank","category":"atm","source":"osm"}},{"type":"Feature","geometry":{"type":"Point","coordinates":[72.998559,19.120077]},"properties":{"id":"osm:node/13375397268","name":null,"category":"atm","source":"osm","operator":"State Bank of India"}},{"type":"Feature","geometry":{"type":"Point","coordinates":[72.998994,19.121757]},"properties":{"id":"osm:node/13375398323","name":null,"category":"atm","source":"osm","operator":"HDFC Bank"}},{"type":"Feature","geometry":{"type":"Point","coordinates":[72.998766,19.12118]},"properties":{"id":"osm:node/13375400596","name":"Yes Bank","category":"atm","source":"osm"}},{"type":"Feature","geometry":{"type":"Point","coordinates":[72.969703,19.190362]},"properties":{"id":"osm:node/13377923878","name":"Thane Bharat Sahakari Bank","category":"atm","source":"osm","opening_hours":"Mo-Sa 09:30-14:30,17:30-19:30","operator":"Thane Bharat Sahakari Bank"}},{"type":"Feature","geometry":{"type":"Point","coordinates":[72.851632,19.023259]},"properties":{"id":"osm:node/13383255573","name":"IDFC First Bank","category":"atm","source":"osm"}},{"type":"Feature","geometry":{"type":"Point","coordinates":[72.851606,19.023228]},"properties":{"id":"osm:node/13383255574","name":"Bank of Maharashtra","category":"atm","source":"osm"}},{"type":"Feature","geometry":{"type":"Point","coordinates":[72.851577,19.023198]},"properties":{"id":"osm:node/13383255575","name":null,"category":"atm","source":"osm","opening_hours":"24/7","operator":"Bank of Maharashtra"}},{"type":"Feature","geometry":{"type":"Point","coordinates":[72.851659,19.02329]},"properties":{"id":"osm:node/13383255576","name":null,"category":"atm","source":"osm","opening_hours":"24/7","operator":"IDFC First Bank"}},{"type":"Feature","geometry":{"type":"Point","coordinates":[72.851911,19.023673]},"properties":{"id":"osm:node/13383308321","name":"ICICI Bank","category":"atm","source":"osm"}},{"type":"Feature","geometry":{"type":"Point","coordinates":[72.851862,19.023605]},"properties":{"id":"osm:node/13383308322","name":null,"category":"atm","source":"osm","operator":"ICICI Bank"}},{"type":"Feature","geometry":{"type":"Point","coordinates":[72.852191,19.023936]},"properties":{"id":"osm:node/13383308323","name":"Bank of Baroda","category":"atm","source":"osm"}},{"type":"Feature","geometry":{"type":"Point","coordinates":[72.85212,19.023864]},"properties":{"id":"osm:node/13383308324","name":null,"category":"atm","source":"osm","operator":"Bank of Baroda"}},{"type":"Feature","geometry":{"type":"Point","coordinates":[72.830256,19.128293]},"properties":{"id":"osm:node/13386371360","name":null,"category":"atm","source":"osm","access":"customers","operator":"IndusInd Bank","level":"1"}},{"type":"Feature","geometry":{"type":"Point","coordinates":[72.84816,19.01735]},"properties":{"id":"osm:node/13388474942","name":"HDFC Bank","category":"atm","source":"osm","level":"0"}},{"type":"Feature","geometry":{"type":"Point","coordinates":[72.848027,19.017287]},"properties":{"id":"osm:node/13388476084","name":"Kotak Mahindra Bank","category":"atm","source":"osm","wheelchair":"limited","level":"0"}},{"type":"Feature","geometry":{"type":"Point","coordinates":[72.847182,19.017863]},"properties":{"id":"osm:node/13388534189","name":"AU Small Finance Bank","category":"atm","source":"osm"}},{"type":"Feature","geometry":{"type":"Point","coordinates":[72.847758,19.017251]},"properties":{"id":"osm:node/13388540876","name":null,"category":"atm","source":"osm","opening_hours":"24/7","wheelchair":"no","operator":"Bank of India","level":"0"}},{"type":"Feature","geometry":{"type":"Point","coordinates":[72.84878,19.018753]},"properties":{"id":"osm:node/13388557593","name":null,"category":"atm","source":"osm","opening_hours":"24/7","operator":"IndusInd Bank"}},{"type":"Feature","geometry":{"type":"Point","coordinates":[72.846808,19.017001]},"properties":{"id":"osm:node/13388576662","name":"Yes Bank","category":"atm","source":"osm"}},{"type":"Feature","geometry":{"type":"Point","coordinates":[72.838361,19.03043]},"properties":{"id":"osm:node/13447665113","name":"Yes Bank","category":"atm","source":"osm"}},{"type":"Feature","geometry":{"type":"Point","coordinates":[72.826145,18.934287]},"properties":{"id":"osm:node/13470129570","name":null,"category":"atm","source":"osm","operator":"State Bank of India"}},{"type":"Feature","geometry":{"type":"Point","coordinates":[72.826102,18.934295]},"properties":{"id":"osm:node/13470129571","name":"State Bank of India","category":"atm","source":"osm"}},{"type":"Feature","geometry":{"type":"Point","coordinates":[72.825424,18.933561]},"properties":{"id":"osm:node/13470129575","name":"Union Bank of India","category":"atm","source":"osm"}},{"type":"Feature","geometry":{"type":"Point","coordinates":[72.826999,18.928545]},"properties":{"id":"osm:node/13471766114","name":"ICICI Bank","category":"atm","source":"osm"}},{"type":"Feature","geometry":{"type":"Point","coordinates":[72.816653,18.953806]},"properties":{"id":"osm:node/13473025456","name":"Bandhan Bank","category":"atm","source":"osm"}},{"type":"Feature","geometry":{"type":"Point","coordinates":[72.946843,19.181334]},"properties":{"id":"osm:node/13504116709","name":"AU Small Finance Bank","category":"atm","source":"osm"}},{"type":"Feature","geometry":{"type":"Point","coordinates":[72.851317,19.135994]},"properties":{"id":"osm:node/13506238551","name":"Bank of Baroda","category":"atm","source":"osm","opening_hours":"Mo-Fr 09:00-10:00"}},{"type":"Feature","geometry":{"type":"Point","coordinates":[72.853142,19.136279]},"properties":{"id":"osm:node/13506271536","name":"HDFC Bank","category":"atm","source":"osm","opening_hours":"Mo-Fr 09:00-10:00"}},{"type":"Feature","geometry":{"type":"Point","coordinates":[72.835037,18.932971]},"properties":{"id":"osm:node/13514194577","name":"Bank of Baroda","category":"atm","source":"osm"}},{"type":"Feature","geometry":{"type":"Point","coordinates":[72.832192,18.932179]},"properties":{"id":"osm:node/13514201327","name":"Zoroastrian Co Op Bank Ltd","category":"atm","source":"osm"}},{"type":"Feature","geometry":{"type":"Point","coordinates":[72.832011,18.932283]},"properties":{"id":"osm:node/13514205156","name":null,"category":"atm","source":"osm","operator":"Saraswat Bank ATM"}},{"type":"Feature","geometry":{"type":"Point","coordinates":[72.832023,18.932206]},"properties":{"id":"osm:node/13514206753","name":"Saraswat Bank","category":"atm","source":"osm"}},{"type":"Feature","geometry":{"type":"Point","coordinates":[72.832778,18.932867]},"properties":{"id":"osm:node/13514237296","name":"State Bank of India","category":"atm","source":"osm"}},{"type":"Feature","geometry":{"type":"Point","coordinates":[72.832983,18.93236]},"properties":{"id":"osm:node/13514247970","name":"Federal Bank","category":"atm","source":"osm"}},{"type":"Feature","geometry":{"type":"Point","coordinates":[72.8329,18.932358]},"properties":{"id":"osm:node/13514250416","name":"Federal Bank","category":"atm","source":"osm","wheelchair":"no","level":"0"}},{"type":"Feature","geometry":{"type":"Point","coordinates":[72.834025,18.934321]},"properties":{"id":"osm:node/13514266428","name":"Bank of Baroda","category":"atm","source":"osm"}},{"type":"Feature","geometry":{"type":"Point","coordinates":[72.834002,18.934327]},"properties":{"id":"osm:node/13514273412","name":null,"category":"atm","source":"osm"}},{"type":"Feature","geometry":{"type":"Point","coordinates":[72.833916,18.9341]},"properties":{"id":"osm:node/13514277454","name":"IDBI Bank","category":"atm","source":"osm"}},{"type":"Feature","geometry":{"type":"Point","coordinates":[72.833438,18.934507]},"properties":{"id":"osm:node/13515415268","name":null,"category":"atm","source":"osm","wheelchair":"no","operator":"Canara Bank","level":"0"}},{"type":"Feature","geometry":{"type":"Point","coordinates":[72.843012,19.128236]},"properties":{"id":"osm:node/13516940284","name":"Canara Bank","category":"atm","source":"osm","level":"0"}},{"type":"Feature","geometry":{"type":"Point","coordinates":[72.857837,19.22793]},"properties":{"id":"osm:node/13518571451","name":"TJSB Bank","category":"atm","source":"osm","wheelchair":"no","level":"0"}},{"type":"Feature","geometry":{"type":"Point","coordinates":[72.857843,19.227947]},"properties":{"id":"osm:node/13518571490","name":null,"category":"atm","source":"osm","wheelchair":"no","level":"0"}},{"type":"Feature","geometry":{"type":"Point","coordinates":[72.857354,19.305922]},"properties":{"id":"osm:node/13542399881","name":null,"category":"atm","source":"osm","operator":"ICICI Bank"}},{"type":"Feature","geometry":{"type":"Point","coordinates":[72.838375,19.127174]},"properties":{"id":"osm:node/13589398562","name":"Standard Chartered","category":"atm","source":"osm","level":"0"}},{"type":"Feature","geometry":{"type":"Point","coordinates":[72.838314,19.126995]},"properties":{"id":"osm:node/13589398566","name":"Bank of Baroda","category":"atm","source":"osm","level":"0"}},{"type":"Feature","geometry":{"type":"Point","coordinates":[72.822736,19.142253]},"properties":{"id":"osm:node/13589527961","name":null,"category":"atm","source":"osm","wheelchair":"no","operator":"State Bank of India","level":"0"}},{"type":"Feature","geometry":{"type":"Point","coordinates":[72.900405,19.061176]},"properties":{"id":"osm:node/13594630332","name":"Bank of Maharashtra","category":"atm","source":"osm"}},{"type":"Feature","geometry":{"type":"Point","coordinates":[72.901046,19.060052]},"properties":{"id":"osm:node/13594645970","name":"Utkarsh Small Finance Bank","category":"atm","source":"osm"}},{"type":"Feature","geometry":{"type":"Point","coordinates":[72.834468,19.075813]},"properties":{"id":"osm:node/13598885127","name":null,"category":"atm","source":"osm","wheelchair":"yes","operator":"ICICI Bank","level":"0"}},{"type":"Feature","geometry":{"type":"Point","coordinates":[72.82815,18.951244]},"properties":{"id":"osm:node/13602294879","name":null,"category":"atm","source":"osm","operator":"Union Bank of India"}},{"type":"Feature","geometry":{"type":"Point","coordinates":[72.854095,19.311978]},"properties":{"id":"osm:node/13617664031","name":null,"category":"atm","source":"osm","wheelchair":"no","operator":"HDFC Bank","level":"0"}},{"type":"Feature","geometry":{"type":"Point","coordinates":[73.017729,19.074349]},"properties":{"id":"osm:node/13624447022","name":"HDFC ATM","category":"atm","source":"osm"}},{"type":"Feature","geometry":{"type":"Point","coordinates":[72.841432,19.040499]},"properties":{"id":"osm:node/13667662963","name":"IDFC First Bank","category":"atm","source":"osm"}},{"type":"Feature","geometry":{"type":"Point","coordinates":[72.859476,19.281782]},"properties":{"id":"osm:node/13686389614","name":"ICICI Bank","category":"atm","source":"osm","description":"11 Branch","level":"0"}},{"type":"Feature","geometry":{"type":"Point","coordinates":[72.859424,19.281381]},"properties":{"id":"osm:node/13686406824","name":null,"category":"atm","source":"osm","operator":"Saraswat Bank"}},{"type":"Feature","geometry":{"type":"Point","coordinates":[72.862093,19.282624]},"properties":{"id":"osm:node/13686473776","name":null,"category":"atm","source":"osm","operator":"Punjab National Bank"}},{"type":"Feature","geometry":{"type":"Point","coordinates":[72.80369,18.966515]},"properties":{"id":"osm:node/13697619171","name":"ICICI Bank","category":"atm","source":"osm"}},{"type":"Feature","geometry":{"type":"Point","coordinates":[72.945184,19.175803]},"properties":{"id":"osm:node/13760645277","name":"HDFC Bank","category":"atm","source":"osm","opening_hours":"Mo-Fr 09:00-15:30","wheelchair":"no"}},{"type":"Feature","geometry":{"type":"Point","coordinates":[72.994169,19.182694]},"properties":{"id":"osm:node/13763907572","name":"HDFC Bank","category":"atm","source":"osm"}},{"type":"Feature","geometry":{"type":"Point","coordinates":[72.814849,19.129639]},"properties":{"id":"osm:node/13769101941","name":"Central Bank of India","category":"atm","source":"osm","level":"0"}},{"type":"Feature","geometry":{"type":"Point","coordinates":[72.814818,19.12967]},"properties":{"id":"osm:node/13769101945","name":null,"category":"atm","source":"osm","operator":"Central Bank of India","level":"0"}},{"type":"Feature","geometry":{"type":"Point","coordinates":[72.815071,19.129836]},"properties":{"id":"osm:node/13769101947","name":null,"category":"atm","source":"osm","wheelchair":"no","operator":"Bank of Baroda","level":"0"}},{"type":"Feature","geometry":{"type":"Point","coordinates":[72.815042,19.129862]},"properties":{"id":"osm:node/13769101951","name":"Bank of Baroda","category":"atm","source":"osm","wheelchair":"no","level":"0"}},{"type":"Feature","geometry":{"type":"Point","coordinates":[72.825879,19.132612]},"properties":{"id":"osm:node/13769303512","name":null,"category":"atm","source":"osm","wheelchair":"limited","operator":"Punjab National Bank","level":"0"}},{"type":"Feature","geometry":{"type":"Point","coordinates":[72.826199,19.137312]},"properties":{"id":"osm:node/13769303513","name":"HDFC Bank","category":"atm","source":"osm","level":"0"}},{"type":"Feature","geometry":{"type":"Point","coordinates":[72.825884,19.132577]},"properties":{"id":"osm:node/13769303535","name":"Punjab & Sind Bank","category":"atm","source":"osm","wheelchair":"limited"}},{"type":"Feature","geometry":{"type":"Point","coordinates":[72.816271,18.955483]},"properties":{"id":"osm:node/13770724901","name":"Federal Bank","category":"atm","source":"osm"}},{"type":"Feature","geometry":{"type":"Point","coordinates":[72.816398,18.955093]},"properties":{"id":"osm:node/13770724902","name":"Kotak Mahindra Bank","category":"atm","source":"osm"}},{"type":"Feature","geometry":{"type":"Point","coordinates":[72.81585,18.955791]},"properties":{"id":"osm:node/13770724903","name":"State Bank of India","category":"atm","source":"osm"}},{"type":"Feature","geometry":{"type":"Point","coordinates":[72.813632,18.960662]},"properties":{"id":"osm:node/13770774801","name":"IDBI Bank","category":"atm","source":"osm"}},{"type":"Feature","geometry":{"type":"Point","coordinates":[72.837633,19.07848]},"properties":{"id":"osm:node/13773028235","name":null,"category":"atm","source":"osm","wheelchair":"no","operator":"UCO Bank","level":"0"}},{"type":"Feature","geometry":{"type":"Point","coordinates":[72.994197,19.182764]},"properties":{"id":"osm:node/13776104189","name":"Axis Bank","category":"atm","source":"osm"}},{"type":"Feature","geometry":{"type":"Point","coordinates":[72.81658,18.966681]},"properties":{"id":"osm:node/13787342401","name":"SVC Co-Operative Bank (Shamrao Vithal Co-operative Bank)","category":"atm","source":"osm"}},{"type":"Feature","geometry":{"type":"Point","coordinates":[72.819055,18.965411]},"properties":{"id":"osm:node/13787385401","name":"Bank of India","category":"atm","source":"osm"}},{"type":"Feature","geometry":{"type":"Point","coordinates":[72.823758,18.933161]},"properties":{"id":"osm:node/13835136534","name":"HDFC Bank","category":"atm","source":"osm"}},{"type":"Feature","geometry":{"type":"Point","coordinates":[73.000586,19.071866]},"properties":{"id":"osm:node/13866690702","name":null,"category":"atm","source":"osm","wheelchair":"no","operator":"Ujjivan Small Finance Bank"}},{"type":"Feature","geometry":{"type":"Point","coordinates":[72.914122,19.135316]},"properties":{"id":"osm:node/13873158390","name":null,"category":"atm","source":"osm","operator":"State Bank of India"}},{"type":"Feature","geometry":{"type":"Point","coordinates":[72.914022,19.135281]},"properties":{"id":"osm:node/13873158391","name":"State Bank of India","category":"atm","source":"osm"}},{"type":"Feature","geometry":{"type":"Point","coordinates":[72.809101,18.973163]},"properties":{"id":"osm:node/13903925701","name":"HDFC Bank","category":"atm","source":"osm"}},{"type":"Feature","geometry":{"type":"Point","coordinates":[72.841461,19.064855]},"properties":{"id":"osm:node/13948463503","name":null,"category":"atm","source":"osm","wheelchair":"no","level":"0"}},{"type":"Feature","geometry":{"type":"Point","coordinates":[72.809791,18.960079]},"properties":{"id":"osm:way/39841636","name":"Shanti Sadan","category":"atm","source":"osm","operator":"Dena Bank"}},{"type":"Feature","geometry":{"type":"Point","coordinates":[72.84726,19.00291]},"properties":{"id":"osm:way/119488914","name":"Mumbai District Central Co-Operative Bank","category":"atm","source":"osm","operator":"Mumbai Co-Opretaive Bank"}},{"type":"Feature","geometry":{"type":"Point","coordinates":[72.84081,19.031706]},"properties":{"id":"osm:way/151806616","name":"Union Bank of India","category":"atm","source":"osm"}},{"type":"Feature","geometry":{"type":"Point","coordinates":[72.830902,18.930439]},"properties":{"id":"osm:way/206805804","name":"Standard Chartered","category":"atm","source":"osm"}},{"type":"Feature","geometry":{"type":"Point","coordinates":[72.83094,18.930878]},"properties":{"id":"osm:way/206805813","name":"Bank of India","category":"atm","source":"osm"}},{"type":"Feature","geometry":{"type":"Point","coordinates":[72.830958,18.931395]},"properties":{"id":"osm:way/206805814","name":"HSBC","category":"atm","source":"osm"}},{"type":"Feature","geometry":{"type":"Point","coordinates":[72.824431,19.051669]},"properties":{"id":"osm:way/280020712","name":"ICICI Bank","category":"atm","source":"osm"}},{"type":"Feature","geometry":{"type":"Point","coordinates":[72.95394,19.172855]},"properties":{"id":"osm:way/352995711","name":"Canara Bank","category":"atm","source":"osm"}},{"type":"Feature","geometry":{"type":"Point","coordinates":[72.861189,19.060711]},"properties":{"id":"osm:way/353172662","name":"Bank of India","category":"atm","source":"osm"}},{"type":"Feature","geometry":{"type":"Point","coordinates":[72.925726,19.038098]},"properties":{"id":"osm:way/353198963","name":"Punjab National Bank","category":"atm","source":"osm","opening_hours":"Mo-Sa 09:00-15:00"}},{"type":"Feature","geometry":{"type":"Point","coordinates":[72.8661,19.03901]},"properties":{"id":"osm:way/353395884","name":"Indian Overseas Bank","category":"atm","source":"osm"}},{"type":"Feature","geometry":{"type":"Point","coordinates":[72.911763,19.04537]},"properties":{"id":"osm:way/353395885","name":"Central Bank of India","category":"atm","source":"osm","opening_hours":"Mo-Fr 09:00-15:00"}},{"type":"Feature","geometry":{"type":"Point","coordinates":[72.879585,19.070533]},"properties":{"id":"osm:way/353424954","name":"The Kurla Nagarik Sahakarl bank Limited","category":"atm","source":"osm"}},{"type":"Feature","geometry":{"type":"Point","coordinates":[72.809655,18.958298]},"properties":{"id":"osm:way/353773237","name":"Central Bank of India","category":"atm","source":"osm"}},{"type":"Feature","geometry":{"type":"Point","coordinates":[72.980339,19.180015]},"properties":{"id":"osm:way/354063772","name":"Sadashiv Hights","category":"atm","source":"osm"}},{"type":"Feature","geometry":{"type":"Point","coordinates":[72.829824,19.013625]},"properties":{"id":"osm:way/354294903","name":"Saraswat Bank Head Office","category":"atm","source":"osm"}},{"type":"Feature","geometry":{"type":"Point","coordinates":[73.007918,19.20592]},"properties":{"id":"osm:way/354312223","name":"GP Parsik Sahakari Bank (Head Office)","category":"atm","source":"osm","description":"Head Office of GP Parsik Sahakari Bank","phone":"022-25456500 / 6525, Toll Free : 1800 222511"}},{"type":"Feature","geometry":{"type":"Point","coordinates":[72.827149,18.923911]},"properties":{"id":"osm:way/356173978","name":"Bank of Baroda","category":"atm","source":"osm"}},{"type":"Feature","geometry":{"type":"Point","coordinates":[72.861031,19.060092]},"properties":{"id":"osm:way/356258925","name":"State Bank of India","category":"atm","source":"osm"}},{"type":"Feature","geometry":{"type":"Point","coordinates":[72.864719,19.108267]},"properties":{"id":"osm:way/358888209","name":"ICICI Bank ATM","category":"atm","source":"osm"}},{"type":"Feature","geometry":{"type":"Point","coordinates":[72.993122,19.15362]},"properties":{"id":"osm:way/415687361","name":"Abhyudaya Co Op Bank Ltd","category":"atm","source":"osm"}},{"type":"Feature","geometry":{"type":"Point","coordinates":[72.977502,19.193192]},"properties":{"id":"osm:way/681041413","name":"Maharashtra Bank","category":"atm","source":"osm"}},{"type":"Feature","geometry":{"type":"Point","coordinates":[72.862996,19.04272]},"properties":{"id":"osm:way/695890088","name":"Punjab National Bank","category":"atm","source":"osm"}},{"type":"Feature","geometry":{"type":"Point","coordinates":[72.822707,19.142354]},"properties":{"id":"osm:way/793852027","name":"State Bank of India","category":"atm","source":"osm"}},{"type":"Feature","geometry":{"type":"Point","coordinates":[72.847897,19.066361]},"properties":{"id":"osm:way/906170575","name":"Bank of India","category":"atm","source":"osm","operator":"Bank of India"}},{"type":"Feature","geometry":{"type":"Point","coordinates":[72.859784,19.276259]},"properties":{"id":"osm:way/1223431841","name":"State Bank of India","category":"atm","source":"osm"}},{"type":"Feature","geometry":{"type":"Point","coordinates":[72.861572,19.274033]},"properties":{"id":"osm:way/1394766126","name":"Allahabad Bank","category":"atm","source":"osm"}},{"type":"Feature","geometry":{"type":"Point","coordinates":[72.848069,19.067444]},"properties":{"id":"osm:way/1465598065","name":"Bank of Maharashtra","category":"atm","source":"osm"}}]}