{"type":"FeatureCollection","attribution":"© OpenStreetMap contributors (ODbL) · MCGM public toilet data via data.opencity.in (public domain)","generated":"2026-09-16T10:42:09.372Z","bbox":"18.87,72.77,19.32,73.02","features":[{"type":"Feature","geometry":{"type":"Point","coordinates":[72.832575,18.927571]},"properties":{"id":"osm:node/245653876","name":"Copper Chimney","category":"food","subtype":"amenity=restaurant","source":"osm"}},{"type":"Feature","geometry":{"type":"Point","coordinates":[72.888984,19.276775]},"properties":{"id":"osm:node/342120140","name":"Dara's Dhaba","category":"food","subtype":"amenity=restaurant","source":"osm"}},{"type":"Feature","geometry":{"type":"Point","coordinates":[72.905275,19.293367]},"properties":{"id":"osm:node/342120148","name":"Haveli Inn","category":"food","subtype":"amenity=restaurant","source":"osm"}},{"type":"Feature","geometry":{"type":"Point","coordinates":[72.827685,19.057344]},"properties":{"id":"osm:node/347036704","name":"Cafe Andora","category":"food","subtype":"amenity=cafe","source":"osm","opening_hours":"Mo-Su 09:00-21:00","cuisine":"sandwich;burger"}},{"type":"Feature","geometry":{"type":"Point","coordinates":[72.830738,19.055061]},"properties":{"id":"osm:node/347114424","name":"TIBBS Frankies","category":"food","subtype":"amenity=fast_food","source":"osm"}},{"type":"Feature","geometry":{"type":"Point","coordinates":[72.826663,19.055059]},"properties":{"id":"osm:node/347124929","name":"Naturals","category":"food","subtype":"amenity=ice_cream","source":"osm","cuisine":"ice_cream"}},{"type":"Feature","geometry":{"type":"Point","coordinates":[72.824081,19.051757]},"properties":{"id":"osm:node/347145411","name":"Good Luck Restaurant","category":"food","subtype":"amenity=restaurant","source":"osm","opening_hours":"Mo-Su 07:00-00:00","phone":"02226422250"}},{"type":"Feature","geometry":{"type":"Point","coordinates":[72.826472,19.054624]},"properties":{"id":"osm:node/347145587","name":"A1 Bakery","category":"food","subtype":"amenity=cafe","source":"osm"}},{"type":"Feature","geometry":{"type":"Point","coordinates":[72.82699,19.055169]},"properties":{"id":"osm:node/347146089","name":"J Hearsch and Co","category":"food","subtype":"shop=bakery","source":"osm","opening_hours":"Mo, We-Su 07:30-22:00","phone":"022 2643 5361"}},{"type":"Feature","geometry":{"type":"Point","coordinates":[72.825897,19.054838]},"properties":{"id":"osm:node/347168988","name":"Wonton House","category":"food","subtype":"amenity=restaurant","source":"osm","cuisine":"chinese"}},{"type":"Feature","geometry":{"type":"Point","coordinates":[72.797669,18.954073]},"properties":{"id":"osm:node/459667350","name":"Jai Hind","category":"food","subtype":"amenity=restaurant","source":"osm"}},{"type":"Feature","geometry":{"type":"Point","coordinates":[72.832511,18.92315]},"properties":{"id":"osm:node/488208617","name":"Bademiya Seekh Kebab Stall","category":"food","subtype":"amenity=fast_food","source":"osm","opening_hours":"Mo-Su 17:00-04:00","phone":"+91-2265-5657"}},{"type":"Feature","geometry":{"type":"Point","coordinates":[72.817689,18.916666]},"properties":{"id":"osm:node/496816401","name":"Cafe Coffee Day","category":"food","subtype":"amenity=cafe","source":"osm","cuisine":"coffee_shop"}},{"type":"Feature","geometry":{"type":"Point","coordinates":[72.904388,19.207513]},"properties":{"id":"osm:node/593863031","name":null,"category":"food","subtype":"amenity=cafe","source":"osm"}},{"type":"Feature","geometry":{"type":"Point","coordinates":[72.829151,18.942961]},"properties":{"id":"osm:node/605222674","name":"Rajdhani","category":"food","subtype":"amenity=fast_food","source":"osm"}},{"type":"Feature","geometry":{"type":"Point","coordinates":[72.81716,18.959826]},"properties":{"id":"osm:node/610270325","name":"Ever Green","category":"food","subtype":"amenity=restaurant","source":"osm"}},{"type":"Feature","geometry":{"type":"Point","coordinates":[72.817224,18.959522]},"properties":{"id":"osm:node/610271821","name":"Shriram","category":"food","subtype":"amenity=restaurant","source":"osm"}},{"type":"Feature","geometry":{"type":"Point","coordinates":[72.840716,19.100317]},"properties":{"id":"osm:node/621556463","name":"McDonald's","category":"food","subtype":"amenity=fast_food","source":"osm","cuisine":"burger"}},{"type":"Feature","geometry":{"type":"Point","coordinates":[72.829519,18.918621]},"properties":{"id":"osm:node/623344544","name":"New Martin Hotel","category":"food","subtype":"amenity=restaurant","source":"osm"}},{"type":"Feature","geometry":{"type":"Point","coordinates":[72.833607,18.934027]},"properties":{"id":"osm:node/662459670","name":"Mahesh Lunch Home","category":"food","subtype":"amenity=restaurant","source":"osm"}},{"type":"Feature","geometry":{"type":"Point","coordinates":[72.83368,18.934179]},"properties":{"id":"osm:node/662459710","name":"Mocambo Cafe","category":"food","subtype":"amenity=restaurant","source":"osm"}},{"type":"Feature","geometry":{"type":"Point","coordinates":[72.834217,18.934962]},"properties":{"id":"osm:node/662488869","name":"Ideal Corner","category":"food","subtype":"amenity=restaurant","source":"osm"}},{"type":"Feature","geometry":{"type":"Point","coordinates":[72.837392,18.935257]},"properties":{"id":"osm:node/662488870","name":"Excellency Restaurant","category":"food","subtype":"amenity=restaurant","source":"osm"}},{"type":"Feature","geometry":{"type":"Point","coordinates":[72.832179,18.924042]},"properties":{"id":"osm:node/669259659","name":"Cafe Mondegar","category":"food","subtype":"amenity=cafe","source":"osm","opening_hours":"Mo-Su 08:00-23:30","phone":"22020591; +91 98333 22277"}},{"type":"Feature","geometry":{"type":"Point","coordinates":[72.824523,18.917358]},"properties":{"id":"osm:node/669266696","name":"Moshe's","category":"food","subtype":"amenity=restaurant","source":"osm","opening_hours":"08:00-01:00","cuisine":"lebanese"}},{"type":"Feature","geometry":{"type":"Point","coordinates":[72.831206,18.921528]},"properties":{"id":"osm:node/670270299","name":"Kamat Restaurant","category":"food","subtype":"amenity=restaurant","source":"osm"}},{"type":"Feature","geometry":{"type":"Point","coordinates":[72.832337,18.930642]},"properties":{"id":"osm:node/683777920","name":"Ankur","category":"food","subtype":"amenity=restaurant","source":"osm","phone":"+91 22 2265 4194 / 2263 0393"}},{"type":"Feature","geometry":{"type":"Point","coordinates":[72.833292,18.923906]},"properties":{"id":"osm:node/683779184","name":"Otoki","category":"food","subtype":"amenity=restaurant","source":"osm","cuisine":"japanese"}},{"type":"Feature","geometry":{"type":"Point","coordinates":[72.811785,18.977142]},"properties":{"id":"osm:node/691519675","name":"Cafe Noorani","category":"food","subtype":"amenity=restaurant","source":"osm"}},{"type":"Feature","geometry":{"type":"Point","coordinates":[72.8305,18.925409]},"properties":{"id":"osm:node/704468160","name":"Villa 39","category":"food","subtype":"amenity=restaurant","source":"osm","cuisine":"italian","phone":"+91 22 6657 3939"}},{"type":"Feature","geometry":{"type":"Point","coordinates":[72.818424,18.954452]},"properties":{"id":"osm:node/705149077","name":"Little Italy","category":"food","subtype":"amenity=restaurant","source":"osm"}},{"type":"Feature","geometry":{"type":"Point","coordinates":[72.829171,18.966769]},"properties":{"id":"osm:node/714973133","name":"Sarvi Restaurant","category":"food","subtype":"amenity=restaurant","source":"osm","opening_hours":"Mo-Su 09:00-21:00","cuisine":"indian","phone":"7947140132"}},{"type":"Feature","geometry":{"type":"Point","coordinates":[72.825381,19.071759]},"properties":{"id":"osm:node/745463693","name":"Olive Restaurant","category":"food","subtype":"amenity=restaurant","source":"osm"}},{"type":"Feature","geometry":{"type":"Point","coordinates":[72.844584,19.234858]},"properties":{"id":"osm:node/814448755","name":null,"category":"food","subtype":"amenity=restaurant","source":"osm"}},{"type":"Feature","geometry":{"type":"Point","coordinates":[72.830312,18.959211]},"properties":{"id":"osm:node/858582376","name":"Umar Pulaowala","category":"food","subtype":"amenity=restaurant","source":"osm"}},{"type":"Feature","geometry":{"type":"Point","coordinates":[72.832393,18.928658]},"properties":{"id":"osm:node/858938542","name":"Trishna","category":"food","subtype":"amenity=restaurant","source":"osm","cuisine":"seafood"}},{"type":"Feature","geometry":{"type":"Point","coordinates":[72.830099,18.959767]},"properties":{"id":"osm:node/860314687","name":"Imadadiya Bakery","category":"food","subtype":"shop=bakery","source":"osm"}},{"type":"Feature","geometry":{"type":"Point","coordinates":[72.830938,18.959927]},"properties":{"id":"osm:node/860314998","name":"Firoz Farsan","category":"food","subtype":"shop=bakery","source":"osm"}},{"type":"Feature","geometry":{"type":"Point","coordinates":[72.831281,18.922605]},"properties":{"id":"osm:node/870447440","name":"Olympia Coffee House","category":"food","subtype":"amenity=restaurant","source":"osm","opening_hours":"Mo-Su 07:00-24:00","phone":"022 2202 1043"}},{"type":"Feature","geometry":{"type":"Point","coordinates":[72.832065,18.922272]},"properties":{"id":"osm:node/870447661","name":"Indigo","category":"food","subtype":"amenity=restaurant","source":"osm"}},{"type":"Feature","geometry":{"type":"Point","coordinates":[72.856196,19.154649]},"properties":{"id":"osm:node/984287758","name":"Balaji Rest.","category":"food","subtype":"amenity=restaurant","source":"osm"}},{"type":"Feature","geometry":{"type":"Point","coordinates":[72.856386,19.154609]},"properties":{"id":"osm:node/984287770","name":"McDonald's","category":"food","subtype":"amenity=fast_food","source":"osm","cuisine":"burger"}},{"type":"Feature","geometry":{"type":"Point","coordinates":[72.85027,19.164809]},"properties":{"id":"osm:node/984980715","name":"Sai Veg World","category":"food","subtype":"amenity=restaurant","source":"osm"}},{"type":"Feature","geometry":{"type":"Point","coordinates":[72.826253,18.94451]},"properties":{"id":"osm:node/1033530554","name":"Paris Bakery","category":"food","subtype":"shop=bakery","source":"osm"}},{"type":"Feature","geometry":{"type":"Point","coordinates":[72.803478,19.235804]},"properties":{"id":"osm:node/1070180327","name":"Food Court - Essel World Entrance","category":"food","subtype":"amenity=fast_food","source":"osm","cuisine":"indian"}},{"type":"Feature","geometry":{"type":"Point","coordinates":[72.806168,19.230786]},"properties":{"id":"osm:node/1070186375","name":"Domino's","category":"food","subtype":"amenity=fast_food","source":"osm","cuisine":"pizza"}},{"type":"Feature","geometry":{"type":"Point","coordinates":[72.805184,19.232706]},"properties":{"id":"osm:node/1070186383","name":"Cafe Coffee Day","category":"food","subtype":"amenity=cafe","source":"osm"}},{"type":"Feature","geometry":{"type":"Point","coordinates":[73.00832,19.072105]},"properties":{"id":"osm:node/1122083213","name":"Bhaghat Tarachand","category":"food","subtype":"amenity=restaurant","source":"osm"}},{"type":"Feature","geometry":{"type":"Point","coordinates":[72.998742,19.072136]},"properties":{"id":"osm:node/1123566114","name":"McDonald's","category":"food","subtype":"amenity=fast_food","source":"osm","cuisine":"burger"}},{"type":"Feature","geometry":{"type":"Point","coordinates":[72.851907,19.16602]},"properties":{"id":"osm:node/1168330200","name":"Heritage","category":"food","subtype":"amenity=restaurant","source":"osm"}},{"type":"Feature","geometry":{"type":"Point","coordinates":[72.846121,19.163348]},"properties":{"id":"osm:node/1169481187","name":"Ratna","category":"food","subtype":"amenity=restaurant","source":"osm"}},{"type":"Feature","geometry":{"type":"Point","coordinates":[72.846108,19.163187]},"properties":{"id":"osm:node/1184178688","name":"Domino's","category":"food","subtype":"amenity=fast_food","source":"osm","cuisine":"pizza"}},{"type":"Feature","geometry":{"type":"Point","coordinates":[72.834439,18.938773]},"properties":{"id":"osm:node/1234802651","name":"McDonald's","category":"food","subtype":"amenity=fast_food","source":"osm","cuisine":"burger"}},{"type":"Feature","geometry":{"type":"Point","coordinates":[72.977193,19.221108]},"properties":{"id":"osm:node/1235821137","name":"Pizza Hut","category":"food","subtype":"amenity=restaurant","source":"osm","cuisine":"pizza"}},{"type":"Feature","geometry":{"type":"Point","coordinates":[72.977702,19.247586]},"properties":{"id":"osm:node/1235863192","name":"Domino's","category":"food","subtype":"amenity=fast_food","source":"osm"}},{"type":"Feature","geometry":{"type":"Point","coordinates":[72.979088,19.217236]},"properties":{"id":"osm:node/1235863208","name":"McDonald's","category":"food","subtype":"amenity=fast_food","source":"osm","cuisine":"burger"}},{"type":"Feature","geometry":{"type":"Point","coordinates":[72.833745,18.934843]},"properties":{"id":"osm:node/1286193467","name":"Lalit Refreshments","category":"food","subtype":"amenity=restaurant","source":"osm","cuisine":"indian"}},{"type":"Feature","geometry":{"type":"Point","coordinates":[72.832423,18.957924]},"properties":{"id":"osm:node/1304858029","name":"Shalimar","category":"food","subtype":"amenity=restaurant","source":"osm","cuisine":"indian"}},{"type":"Feature","geometry":{"type":"Point","coordinates":[72.810115,18.959324]},"properties":{"id":"osm:node/1316273888","name":null,"category":"food","subtype":"amenity=fast_food","source":"osm"}},{"type":"Feature","geometry":{"type":"Point","coordinates":[72.826474,18.930465]},"properties":{"id":"osm:node/1332567346","name":"210 C","category":"food","subtype":"amenity=cafe","source":"osm"}},{"type":"Feature","geometry":{"type":"Point","coordinates":[72.826582,18.930445]},"properties":{"id":"osm:node/1332567646","name":"Samrat","category":"food","subtype":"amenity=restaurant","source":"osm"}},{"type":"Feature","geometry":{"type":"Point","coordinates":[72.826515,18.93036]},"properties":{"id":"osm:node/1332568045","name":"Relish","category":"food","subtype":"amenity=restaurant","source":"osm"}},{"type":"Feature","geometry":{"type":"Point","coordinates":[72.852743,19.11356]},"properties":{"id":"osm:node/1345329170","name":"Regency","category":"food","subtype":"amenity=restaurant","source":"osm"}},{"type":"Feature","geometry":{"type":"Point","coordinates":[72.933296,19.042349]},"properties":{"id":"osm:node/1398693348","name":"Bliss Bakery","category":"food","subtype":"shop=bakery","source":"osm"}},{"type":"Feature","geometry":{"type":"Point","coordinates":[72.900758,19.06223]},"properties":{"id":"osm:node/1398698904","name":"SADGURU RESTAURANT","category":"food","subtype":"amenity=restaurant","source":"osm"}},{"type":"Feature","geometry":{"type":"Point","coordinates":[72.829429,19.215455]},"properties":{"id":"osm:node/1416496935","name":"Bhagwati Hotel","category":"food","subtype":"amenity=fast_food","source":"osm"}},{"type":"Feature","geometry":{"type":"Point","coordinates":[72.84078,19.213898]},"properties":{"id":"osm:node/1416511446","name":"Pizza Hut","category":"food","subtype":"amenity=restaurant","source":"osm","cuisine":"pizza"}},{"type":"Feature","geometry":{"type":"Point","coordinates":[72.841193,19.219819]},"properties":{"id":"osm:node/1416517894","name":"The Veg Treat Express","category":"food","subtype":"amenity=fast_food","source":"osm"}},{"type":"Feature","geometry":{"type":"Point","coordinates":[72.853142,19.220503]},"properties":{"id":"osm:node/1416522914","name":"Domino's","category":"food","subtype":"amenity=fast_food","source":"osm","wheelchair":"no","cuisine":"pizza"}},{"type":"Feature","geometry":{"type":"Point","coordinates":[72.852369,19.220993]},"properties":{"id":"osm:node/1416523402","name":"McDonald's","category":"food","subtype":"amenity=fast_food","source":"osm","wheelchair":"no","operator":"Hard Castle Restaurants Ltd.","cuisine":"burger"}},{"type":"Feature","geometry":{"type":"Point","coordinates":[72.826663,19.103666]},"properties":{"id":"osm:node/1437244163","name":"Mahesh Lunch Home","category":"food","subtype":"amenity=restaurant","source":"osm","cuisine":"seafood"}},{"type":"Feature","geometry":{"type":"Point","coordinates":[72.884323,19.107114]},"properties":{"id":"osm:node/1437249360","name":"Mahesh Lunch Home","category":"food","subtype":"amenity=restaurant","source":"osm","cuisine":"seafood"}},{"type":"Feature","geometry":{"type":"Point","coordinates":[72.825206,19.074354]},"properties":{"id":"osm:node/1514451608","name":"Ahmed Bakery","category":"food","subtype":"shop=bakery","source":"osm"}},{"type":"Feature","geometry":{"type":"Point","coordinates":[72.825848,19.074849]},"properties":{"id":"osm:node/1514451615","name":"Hotel Samudra","category":"food","subtype":"amenity=restaurant","source":"osm","cuisine":"south_indian,_chinese"}},{"type":"Feature","geometry":{"type":"Point","coordinates":[72.923531,19.067544]},"properties":{"id":"osm:node/1543873995","name":"Jabbar Hall","category":"food","subtype":"amenity=restaurant","source":"osm"}},{"type":"Feature","geometry":{"type":"Point","coordinates":[72.829227,18.919217]},"properties":{"id":"osm:node/1544430251","name":"Theobroma","category":"food","subtype":"shop=pastry","source":"osm"}},{"type":"Feature","geometry":{"type":"Point","coordinates":[72.853671,19.092192]},"properties":{"id":"osm:node/1560248754","name":"Terminal food court","category":"food","subtype":"amenity=fast_food","source":"osm"}},{"type":"Feature","geometry":{"type":"Point","coordinates":[72.846519,19.102997]},"properties":{"id":"osm:node/1575245771","name":"Wagh Bakari Tea","category":"food","subtype":"amenity=cafe","source":"osm"}},{"type":"Feature","geometry":{"type":"Point","coordinates":[72.847745,19.10306]},"properties":{"id":"osm:node/1575368240","name":"Same Place","category":"food","subtype":"amenity=restaurant","source":"osm"}},{"type":"Feature","geometry":{"type":"Point","coordinates":[72.851149,19.103757]},"properties":{"id":"osm:node/1579240423","name":"Birdy's","category":"food","subtype":"shop=bakery","source":"osm"}},{"type":"Feature","geometry":{"type":"Point","coordinates":[72.851581,19.103846]},"properties":{"id":"osm:node/1579243130","name":"Gajali","category":"food","subtype":"amenity=restaurant","source":"osm"}},{"type":"Feature","geometry":{"type":"Point","coordinates":[72.851862,19.103851]},"properties":{"id":"osm:node/1579252116","name":"Panshikar","category":"food","subtype":"amenity=fast_food","source":"osm"}},{"type":"Feature","geometry":{"type":"Point","coordinates":[72.851806,19.103851]},"properties":{"id":"osm:node/1579253699","name":"Aaswad","category":"food","subtype":"amenity=fast_food","source":"osm"}},{"type":"Feature","geometry":{"type":"Point","coordinates":[72.852176,19.103666]},"properties":{"id":"osm:node/1579291348","name":"Cafe Coffee Day","category":"food","subtype":"amenity=cafe","source":"osm","opening_hours":"Mo-Su,PH 08:00-22:00","cuisine":"coffee_shop"}},{"type":"Feature","geometry":{"type":"Point","coordinates":[72.852308,19.103664]},"properties":{"id":"osm:node/1579294216","name":"Daffodils","category":"food","subtype":"amenity=restaurant","source":"osm","opening_hours":"Mo-Su 08:00-23:00"}},{"type":"Feature","geometry":{"type":"Point","coordinates":[72.85285,19.103653]},"properties":{"id":"osm:node/1579324991","name":"Hotel Shree Ganesh","category":"food","subtype":"amenity=restaurant","source":"osm","cuisine":"indian"}},{"type":"Feature","geometry":{"type":"Point","coordinates":[72.981067,19.252668]},"properties":{"id":"osm:node/1581118659","name":"Spice Up","category":"food","subtype":"amenity=restaurant","source":"osm"}},{"type":"Feature","geometry":{"type":"Point","coordinates":[72.982588,19.257836]},"properties":{"id":"osm:node/1581145453","name":null,"category":"food","subtype":"amenity=restaurant","source":"osm"}},{"type":"Feature","geometry":{"type":"Point","coordinates":[72.915142,19.129793]},"properties":{"id":"osm:node/1608381874","name":"Gulmohar","category":"food","subtype":"amenity=restaurant","source":"osm"}},{"type":"Feature","geometry":{"type":"Point","coordinates":[72.828382,19.055027]},"properties":{"id":"osm:node/1639045726","name":"Ray's Cafe & Pizzeria","category":"food","subtype":"amenity=restaurant","source":"osm","cuisine":"pizza"}},{"type":"Feature","geometry":{"type":"Point","coordinates":[72.822217,19.071582]},"properties":{"id":"osm:node/1641775276","name":"Little Hot","category":"food","subtype":"amenity=fast_food","source":"osm"}},{"type":"Feature","geometry":{"type":"Point","coordinates":[72.824086,19.071333]},"properties":{"id":"osm:node/1641863964","name":"Baskin Robins","category":"food","subtype":"amenity=ice_cream","source":"osm"}},{"type":"Feature","geometry":{"type":"Point","coordinates":[72.822492,19.070755]},"properties":{"id":"osm:node/1641869868","name":"Mezbaan","category":"food","subtype":"amenity=restaurant","source":"osm","cuisine":"lebanese,_chinese,_indian"}},{"type":"Feature","geometry":{"type":"Point","coordinates":[72.810952,18.957949]},"properties":{"id":"osm:node/1704060904","name":"New York Restaurant & Bar","category":"food","subtype":"amenity=restaurant","source":"osm"}},{"type":"Feature","geometry":{"type":"Point","coordinates":[72.835051,18.930808]},"properties":{"id":"osm:node/1704905149","name":"Jimmy Boy","category":"food","subtype":"amenity=restaurant","source":"osm"}},{"type":"Feature","geometry":{"type":"Point","coordinates":[72.826406,19.105776]},"properties":{"id":"osm:node/1803648461","name":"Poetry","category":"food","subtype":"amenity=cafe","source":"osm"}},{"type":"Feature","geometry":{"type":"Point","coordinates":[72.826396,19.105563]},"properties":{"id":"osm:node/1803653587","name":"Kitchen Garden","category":"food","subtype":"amenity=cafe","source":"osm","cuisine":"sandwich"}},{"type":"Feature","geometry":{"type":"Point","coordinates":[72.826255,19.106906]},"properties":{"id":"osm:node/1803681421","name":"Alfredo's","category":"food","subtype":"amenity=restaurant","source":"osm","cuisine":"italian"}},{"type":"Feature","geometry":{"type":"Point","coordinates":[72.826658,19.110032]},"properties":{"id":"osm:node/1803683122","name":"Fresco Bakery","category":"food","subtype":"shop=bakery","source":"osm"}},{"type":"Feature","geometry":{"type":"Point","coordinates":[72.965577,19.26811]},"properties":{"id":"osm:node/1855392610","name":"McDonald's","category":"food","subtype":"amenity=fast_food","source":"osm","opening_hours":"Mo-Su 10:00-23:00","cuisine":"burger"}},{"type":"Feature","geometry":{"type":"Point","coordinates":[72.96739,19.192191]},"properties":{"id":"osm:node/1855420659","name":"Monginis","category":"food","subtype":"shop=pastry","source":"osm"}},{"type":"Feature","geometry":{"type":"Point","coordinates":[72.967157,19.192353]},"properties":{"id":"osm:node/1855420661","name":"Pizza Hut","category":"food","subtype":"amenity=restaurant","source":"osm","cuisine":"pizza"}},{"type":"Feature","geometry":{"type":"Point","coordinates":[72.91313,19.123761]},"properties":{"id":"osm:node/1855761130","name":"Mantra","category":"food","subtype":"amenity=restaurant","source":"osm","wheelchair":"limited"}},{"type":"Feature","geometry":{"type":"Point","coordinates":[72.912496,19.123585]},"properties":{"id":"osm:node/1855761135","name":"Pizza Hut","category":"food","subtype":"amenity=restaurant","source":"osm","wheelchair":"no","cuisine":"pizza"}},{"type":"Feature","geometry":{"type":"Point","coordinates":[72.970325,19.225791]},"properties":{"id":"osm:node/1856751373","name":"Veg Sizzlers","category":"food","subtype":"amenity=restaurant","source":"osm"}},{"type":"Feature","geometry":{"type":"Point","coordinates":[72.970321,19.225699]},"properties":{"id":"osm:node/1856751375","name":"Tip Top","category":"food","subtype":"shop=confectionery","source":"osm"}},{"type":"Feature","geometry":{"type":"Point","coordinates":[72.970254,19.225337]},"properties":{"id":"osm:node/1856751378","name":"Ribbons & Balloons Cake Shop","category":"food","subtype":"shop=bakery","source":"osm"}},{"type":"Feature","geometry":{"type":"Point","coordinates":[72.970372,19.227056]},"properties":{"id":"osm:node/1856751390","name":"Riviera","category":"food","subtype":"amenity=restaurant","source":"osm"}},{"type":"Feature","geometry":{"type":"Point","coordinates":[72.970428,19.219455]},"properties":{"id":"osm:node/1861363379","name":"China Bristo","category":"food","subtype":"amenity=restaurant","source":"osm"}},{"type":"Feature","geometry":{"type":"Point","coordinates":[72.961822,19.195195]},"properties":{"id":"osm:node/1861446128","name":"Barbeque Nation","category":"food","subtype":"amenity=restaurant","source":"osm"}},{"type":"Feature","geometry":{"type":"Point","coordinates":[73.006546,19.11832]},"properties":{"id":"osm:node/1867631839","name":"McDonald's","category":"food","subtype":"amenity=fast_food","source":"osm","cuisine":"burger"}},{"type":"Feature","geometry":{"type":"Point","coordinates":[72.840801,19.23472]},"properties":{"id":"osm:node/1936886202","name":"Aura Restaurant","category":"food","subtype":"amenity=restaurant","source":"osm","wheelchair":"no"}},{"type":"Feature","geometry":{"type":"Point","coordinates":[72.837048,19.231103]},"properties":{"id":"osm:node/1939191842","name":"Pangat","category":"food","subtype":"amenity=restaurant","source":"osm","cuisine":"indian"}},{"type":"Feature","geometry":{"type":"Point","coordinates":[72.839824,18.932332]},"properties":{"id":"osm:node/1973424904","name":"Britannia Cafe","category":"food","subtype":"amenity=restaurant","source":"osm"}},{"type":"Feature","geometry":{"type":"Point","coordinates":[72.824103,18.934588]},"properties":{"id":"osm:node/1973436454","name":"Natural Ice Cream","category":"food","subtype":"amenity=fast_food","source":"osm","cuisine":"ice_cream"}},{"type":"Feature","geometry":{"type":"Point","coordinates":[72.828497,18.91865]},"properties":{"id":"osm:node/1973521830","name":"Kailash Parbat","category":"food","subtype":"amenity=restaurant","source":"osm"}},{"type":"Feature","geometry":{"type":"Point","coordinates":[72.855047,19.027673]},"properties":{"id":"osm:node/1977933168","name":"Cafe Madras","category":"food","subtype":"amenity=restaurant","source":"osm","opening_hours":"Tu-Su 07:00-14:30,16:00-22:30","cuisine":"indian"}},{"type":"Feature","geometry":{"type":"Point","coordinates":[72.823205,18.981972]},"properties":{"id":"osm:node/1977972184","name":"Tote on the Turf","category":"food","subtype":"amenity=restaurant","source":"osm","cuisine":"indian"}},{"type":"Feature","geometry":{"type":"Point","coordinates":[72.809675,19.135974]},"properties":{"id":"osm:node/1999869298","name":"Scrumptuous","category":"food","subtype":"amenity=cafe","source":"osm","cuisine":"coffee_shop"}},{"type":"Feature","geometry":{"type":"Point","coordinates":[72.831371,19.139969]},"properties":{"id":"osm:node/2071267071","name":"Red Box","category":"food","subtype":"amenity=restaurant","source":"osm","cuisine":"chinese"}},{"type":"Feature","geometry":{"type":"Point","coordinates":[72.831389,19.13986]},"properties":{"id":"osm:node/2071267387","name":"Caravan Serai","category":"food","subtype":"amenity=restaurant","source":"osm","cuisine":"indian"}},{"type":"Feature","geometry":{"type":"Point","coordinates":[72.872888,19.212332]},"properties":{"id":"osm:node/2097757621","name":"Nature's Basket","category":"food","subtype":"amenity=ice_cream","source":"osm"}},{"type":"Feature","geometry":{"type":"Point","coordinates":[72.874203,19.211993]},"properties":{"id":"osm:node/2097757622","name":null,"category":"food","subtype":"shop=bakery","source":"osm"}},{"type":"Feature","geometry":{"type":"Point","coordinates":[72.822153,19.125495]},"properties":{"id":"osm:node/2116516246","name":"Mad Over Donuts","category":"food","subtype":"shop=bakery","source":"osm","cuisine":"donut","phone":"+912232230301"}},{"type":"Feature","geometry":{"type":"Point","coordinates":[72.831667,19.148824]},"properties":{"id":"osm:node/2124836823","name":"Shreejee's","category":"food","subtype":"amenity=restaurant","source":"osm","wheelchair":"no","cuisine":"indian","level":"0"}},{"type":"Feature","geometry":{"type":"Point","coordinates":[72.829096,19.142145]},"properties":{"id":"osm:node/2125146883","name":"Delicacy Of China","category":"food","subtype":"amenity=restaurant","source":"osm","cuisine":"chinese"}},{"type":"Feature","geometry":{"type":"Point","coordinates":[72.829088,19.142058]},"properties":{"id":"osm:node/2125146897","name":"Sandwizzaa","category":"food","subtype":"amenity=fast_food","source":"osm","cuisine":"sandwich"}},{"type":"Feature","geometry":{"type":"Point","coordinates":[72.829075,19.142]},"properties":{"id":"osm:node/2125146906","name":"Costa","category":"food","subtype":"amenity=cafe","source":"osm","cuisine":"coffee_shop"}},{"type":"Feature","geometry":{"type":"Point","coordinates":[72.829414,19.145547]},"properties":{"id":"osm:node/2125146914","name":null,"category":"food","subtype":"amenity=restaurant","source":"osm"}},{"type":"Feature","geometry":{"type":"Point","coordinates":[72.828747,19.14666]},"properties":{"id":"osm:node/2125165377","name":"Third Wave Coffee Roasters","category":"food","subtype":"amenity=cafe","source":"osm","cuisine":"coffee_shop"}},{"type":"Feature","geometry":{"type":"Point","coordinates":[72.829164,19.146566]},"properties":{"id":"osm:node/2125165395","name":"Starbucks","category":"food","subtype":"amenity=cafe","source":"osm","cuisine":"coffee_shop","level":"0"}},{"type":"Feature","geometry":{"type":"Point","coordinates":[72.831231,19.141372]},"properties":{"id":"osm:node/2125320195","name":"Cafe Coffee Day","category":"food","subtype":"amenity=cafe","source":"osm","cuisine":"coffee_shop"}},{"type":"Feature","geometry":{"type":"Point","coordinates":[72.831156,19.141068]},"properties":{"id":"osm:node/2125320197","name":"Subway","category":"food","subtype":"amenity=fast_food","source":"osm","cuisine":"sandwich"}},{"type":"Feature","geometry":{"type":"Point","coordinates":[72.822243,19.125399]},"properties":{"id":"osm:node/2125324753","name":"Di Bella Coffee","category":"food","subtype":"amenity=cafe","source":"osm","cuisine":"coffee_shop"}},{"type":"Feature","geometry":{"type":"Point","coordinates":[72.822345,19.12523]},"properties":{"id":"osm:node/2125326735","name":"Nom Nom","category":"food","subtype":"amenity=restaurant","source":"osm","cuisine":"asian"}},{"type":"Feature","geometry":{"type":"Point","coordinates":[72.822512,19.125049]},"properties":{"id":"osm:node/2125326739","name":"Banana Leaf","category":"food","subtype":"amenity=restaurant","source":"osm","opening_hours":"Mo-Su 09:00-21:00","cuisine":"indian"}},{"type":"Feature","geometry":{"type":"Point","coordinates":[72.832305,19.141477]},"properties":{"id":"osm:node/2126250492","name":"Mainland China","category":"food","subtype":"amenity=restaurant","source":"osm","opening_hours":"Fr-Tu 12:00-15:30,19:00-23:30, We,Th 12:00-01:00","cuisine":"chinese"}},{"type":"Feature","geometry":{"type":"Point","coordinates":[72.810733,19.13468]},"properties":{"id":"osm:node/2130260963","name":"Domino's","category":"food","subtype":"amenity=fast_food","source":"osm","cuisine":"pizza"}},{"type":"Feature","geometry":{"type":"Point","coordinates":[72.817759,19.1291]},"properties":{"id":"osm:node/2130342936","name":"Third Wave Coffee Roasters","category":"food","subtype":"amenity=cafe","source":"osm","wheelchair":"no","cuisine":"coffee_shop","level":"0"}},{"type":"Feature","geometry":{"type":"Point","coordinates":[72.838223,19.029206]},"properties":{"id":"osm:node/2131895195","name":"Cafe Coffee Day","category":"food","subtype":"amenity=cafe","source":"osm","cuisine":"coffee_shop"}},{"type":"Feature","geometry":{"type":"Point","coordinates":[72.82639,19.134369]},"properties":{"id":"osm:node/2148660919","name":"Some Like It Hot","category":"food","subtype":"amenity=restaurant","source":"osm","cuisine":"indian"}},{"type":"Feature","geometry":{"type":"Point","coordinates":[72.825419,19.134403]},"properties":{"id":"osm:node/2148661125","name":"Radha Krishna","category":"food","subtype":"amenity=restaurant","source":"osm","opening_hours":"Mo-Su 11:00-15:00, 19:00-23:00","wheelchair":"no","cuisine":"indian","level":"0"}},{"type":"Feature","geometry":{"type":"Point","coordinates":[72.83113,18.93526]},"properties":{"id":"osm:node/2166760742","name":"bhelwala","category":"food","subtype":"amenity=fast_food","source":"osm"}},{"type":"Feature","geometry":{"type":"Point","coordinates":[72.834264,18.939016]},"properties":{"id":"osm:node/2166872171","name":"Cafe Coffee Day","category":"food","subtype":"amenity=cafe","source":"osm","cuisine":"coffee_shop"}},{"type":"Feature","geometry":{"type":"Point","coordinates":[72.834377,18.939209]},"properties":{"id":"osm:node/2166872172","name":"New Majestic","category":"food","subtype":"amenity=restaurant","source":"osm"}},{"type":"Feature","geometry":{"type":"Point","coordinates":[72.829063,19.061651]},"properties":{"id":"osm:node/2171341171","name":"Suzette","category":"food","subtype":"amenity=restaurant","source":"osm","cuisine":"international"}},{"type":"Feature","geometry":{"type":"Point","coordinates":[72.829166,19.061657]},"properties":{"id":"osm:node/2171343532","name":"Papa Pancho Da Dhaba","category":"food","subtype":"amenity=restaurant","source":"osm","cuisine":"indian"}},{"type":"Feature","geometry":{"type":"Point","coordinates":[72.82942,19.062091]},"properties":{"id":"osm:node/2171398723","name":"Pali Bhavan","category":"food","subtype":"amenity=restaurant","source":"osm","cuisine":"indian"}},{"type":"Feature","geometry":{"type":"Point","coordinates":[72.829379,19.062574]},"properties":{"id":"osm:node/2171447221","name":"Punjab Sweet House","category":"food","subtype":"amenity=fast_food","source":"osm","cuisine":"indian"}},{"type":"Feature","geometry":{"type":"Point","coordinates":[72.829637,19.062568]},"properties":{"id":"osm:node/2173092241","name":"Snack Shack","category":"food","subtype":"amenity=restaurant","source":"osm","cuisine":"indian"}},{"type":"Feature","geometry":{"type":"Point","coordinates":[72.829713,19.062482]},"properties":{"id":"osm:node/2173095188","name":"Poco Loco","category":"food","subtype":"amenity=restaurant","source":"osm","cuisine":"spanish"}},{"type":"Feature","geometry":{"type":"Point","coordinates":[72.825446,19.071826]},"properties":{"id":"osm:node/2180954109","name":"Out of the Blue","category":"food","subtype":"amenity=restaurant","source":"osm"}},{"type":"Feature","geometry":{"type":"Point","coordinates":[72.863941,19.106766]},"properties":{"id":"osm:node/2188855052","name":"Cafe Coffee Day","category":"food","subtype":"amenity=cafe","source":"osm","opening_hours":"Mo-Su 10:00-23:00","cuisine":"coffee_shop"}},{"type":"Feature","geometry":{"type":"Point","coordinates":[72.834064,18.937442]},"properties":{"id":"osm:node/2189176390","name":"Suvidha","category":"food","subtype":"amenity=restaurant","source":"osm"}},{"type":"Feature","geometry":{"type":"Point","coordinates":[72.837364,19.131555]},"properties":{"id":"osm:node/2189763326","name":"The Courtyard","category":"food","subtype":"amenity=restaurant","source":"osm","cuisine":"indian"}},{"type":"Feature","geometry":{"type":"Point","coordinates":[72.98339,19.255504]},"properties":{"id":"osm:node/2211189065","name":"Ribbons & Balloons Cake Shop","category":"food","subtype":"amenity=fast_food","source":"osm"}},{"type":"Feature","geometry":{"type":"Point","coordinates":[72.845472,19.031025]},"properties":{"id":"osm:node/2273540883","name":"Ganga Vihar Restaurant","category":"food","subtype":"amenity=restaurant","source":"osm","wheelchair":"no","level":"0"}},{"type":"Feature","geometry":{"type":"Point","coordinates":[72.999799,19.148185]},"properties":{"id":"osm:node/2295455513","name":"Sainidhi","category":"food","subtype":"amenity=restaurant","source":"osm","wheelchair":"yes","cuisine":"indian"}},{"type":"Feature","geometry":{"type":"Point","coordinates":[72.827466,19.136568]},"properties":{"id":"osm:node/2363117996","name":"Que Sera Sera","category":"food","subtype":"amenity=restaurant","source":"osm","wheelchair":"no","cuisine":"international","level":"0"}},{"type":"Feature","geometry":{"type":"Point","coordinates":[72.826996,19.139629]},"properties":{"id":"osm:node/2364363843","name":"Oh Calcutta! Express","category":"food","subtype":"amenity=restaurant","source":"osm","cuisine":"indian"}},{"type":"Feature","geometry":{"type":"Point","coordinates":[72.82944,19.137369]},"properties":{"id":"osm:node/2364385923","name":"Astro Cafe","category":"food","subtype":"amenity=cafe","source":"osm"}},{"type":"Feature","geometry":{"type":"Point","coordinates":[72.831473,19.139393]},"properties":{"id":"osm:node/2365365543","name":"Chocolateria San Churro","category":"food","subtype":"amenity=fast_food","source":"osm"}},{"type":"Feature","geometry":{"type":"Point","coordinates":[72.831468,19.139469]},"properties":{"id":"osm:node/2365365562","name":"Alfredo's Bar And Diner","category":"food","subtype":"amenity=restaurant","source":"osm","cuisine":"italian"}},{"type":"Feature","geometry":{"type":"Point","coordinates":[72.831453,19.139572]},"properties":{"id":"osm:node/2365365573","name":"Carter's Blue","category":"food","subtype":"amenity=fast_food","source":"osm","cuisine":"mediterranean"}},{"type":"Feature","geometry":{"type":"Point","coordinates":[72.831477,19.139338]},"properties":{"id":"osm:node/2365365585","name":"The Chocolate Room","category":"food","subtype":"amenity=fast_food","source":"osm"}},{"type":"Feature","geometry":{"type":"Point","coordinates":[72.831451,19.139645]},"properties":{"id":"osm:node/2365365592","name":"Debonair Pizza","category":"food","subtype":"amenity=fast_food","source":"osm","cuisine":"pizza"}},{"type":"Feature","geometry":{"type":"Point","coordinates":[72.830107,19.184488]},"properties":{"id":"osm:node/2366707929","name":"Cafe Coffee Day","category":"food","subtype":"amenity=cafe","source":"osm","cuisine":"coffee_shop"}},{"type":"Feature","geometry":{"type":"Point","coordinates":[72.835575,19.150972]},"properties":{"id":"osm:node/2366733541","name":"Lucky Biryani","category":"food","subtype":"amenity=restaurant","source":"osm","cuisine":"indian"}},{"type":"Feature","geometry":{"type":"Point","coordinates":[72.831919,19.151464]},"properties":{"id":"osm:node/2366743771","name":"Cafe Coffee Day","category":"food","subtype":"amenity=cafe","source":"osm","cuisine":"coffee_shop"}},{"type":"Feature","geometry":{"type":"Point","coordinates":[72.83123,19.152451]},"properties":{"id":"osm:node/2366754532","name":"Mango Forest Juice Bar","category":"food","subtype":"amenity=fast_food","source":"osm"}},{"type":"Feature","geometry":{"type":"Point","coordinates":[72.829474,19.145159]},"properties":{"id":"osm:node/2366784005","name":"Almond Flower","category":"food","subtype":"amenity=restaurant","source":"osm","cuisine":"indian"}},{"type":"Feature","geometry":{"type":"Point","coordinates":[72.827192,19.137404]},"properties":{"id":"osm:node/2370526133","name":"Cafe Coffee Day","category":"food","subtype":"amenity=cafe","source":"osm","cuisine":"coffee_shop"}},{"type":"Feature","geometry":{"type":"Point","coordinates":[72.82572,19.106209]},"properties":{"id":"osm:node/2391804809","name":"Prithvi Café","category":"food","subtype":"amenity=cafe","source":"osm","opening_hours":"10:30-22:30","operator":"Impresario Ent & Hosp Pvt Ltd","level":"0"}},{"type":"Feature","geometry":{"type":"Point","coordinates":[72.836375,19.11468]},"properties":{"id":"osm:node/2396197796","name":"Cafe Coffee Day","category":"food","subtype":"amenity=cafe","source":"osm","opening_hours":"Mo-Su 09:00-21:00","cuisine":"coffee_shop"}},{"type":"Feature","geometry":{"type":"Point","coordinates":[72.984852,19.211821]},"properties":{"id":"osm:node/2430893870","name":"McDonald's","category":"food","subtype":"amenity=fast_food","source":"osm","cuisine":"burger"}},{"type":"Feature","geometry":{"type":"Point","coordinates":[72.830841,19.065721]},"properties":{"id":"osm:node/2440075893","name":"Dakshin","category":"food","subtype":"amenity=restaurant","source":"osm"}},{"type":"Feature","geometry":{"type":"Point","coordinates":[72.831203,19.065328]},"properties":{"id":"osm:node/2440075895","name":"Mini Punjab","category":"food","subtype":"amenity=restaurant","source":"osm"}},{"type":"Feature","geometry":{"type":"Point","coordinates":[72.967502,19.193061]},"properties":{"id":"osm:node/2493587707","name":"Ribbons & Balloons Cake Shop","category":"food","subtype":"shop=bakery","source":"osm"}},{"type":"Feature","geometry":{"type":"Point","coordinates":[72.975959,19.214643]},"properties":{"id":"osm:node/2493886157","name":"Monginis","category":"food","subtype":"shop=pastry","source":"osm"}},{"type":"Feature","geometry":{"type":"Point","coordinates":[72.87402,19.172685]},"properties":{"id":"osm:node/2562631544","name":"Caffe Coffee Day","category":"food","subtype":"amenity=cafe","source":"osm","cuisine":"coffee_shop"}},{"type":"Feature","geometry":{"type":"Point","coordinates":[72.867905,19.174647]},"properties":{"id":"osm:node/2562637541","name":"Pizza Hut","category":"food","subtype":"amenity=restaurant","source":"osm","cuisine":"pizza"}},{"type":"Feature","geometry":{"type":"Point","coordinates":[72.928989,19.042905]},"properties":{"id":"osm:node/2567521409","name":"Ramji's Tea Stall","category":"food","subtype":"amenity=fast_food","source":"osm"}},{"type":"Feature","geometry":{"type":"Point","coordinates":[72.928336,19.041992]},"properties":{"id":"osm:node/2567524743","name":"Canteen","category":"food","subtype":"amenity=restaurant","source":"osm","cuisine":"regional"}},{"type":"Feature","geometry":{"type":"Point","coordinates":[72.911933,19.043193]},"properties":{"id":"osm:node/2567541050","name":"TISS Dining Hall","category":"food","subtype":"amenity=restaurant","source":"osm","cuisine":"cafeteria"}},{"type":"Feature","geometry":{"type":"Point","coordinates":[72.925996,19.042567]},"properties":{"id":"osm:node/2567630710","name":"BEST Depot Canteen","category":"food","subtype":"amenity=fast_food","source":"osm","cuisine":"regional"}},{"type":"Feature","geometry":{"type":"Point","coordinates":[72.8222,19.125438]},"properties":{"id":"osm:node/2590293389","name":"Debonair's Pizza","category":"food","subtype":"amenity=restaurant","source":"osm","cuisine":"pizza","phone":"+912269431111"}},{"type":"Feature","geometry":{"type":"Point","coordinates":[72.833932,18.932271]},"properties":{"id":"osm:node/2601474357","name":"Starbucks","category":"food","subtype":"amenity=cafe","source":"osm","cuisine":"coffee_shop"}},{"type":"Feature","geometry":{"type":"Point","coordinates":[72.829474,19.059206]},"properties":{"id":"osm:node/2610565997","name":"I Think Fitness Cafe","category":"food","subtype":"amenity=cafe","source":"osm"}},{"type":"Feature","geometry":{"type":"Point","coordinates":[72.826665,19.054939]},"properties":{"id":"osm:node/2610566163","name":"House of Mandarin","category":"food","subtype":"amenity=restaurant","source":"osm","cuisine":"chinese"}},{"type":"Feature","geometry":{"type":"Point","coordinates":[72.827382,19.110104]},"properties":{"id":"osm:node/2633884923","name":"Facing East","category":"food","subtype":"amenity=restaurant","source":"osm","cuisine":"chinese"}},{"type":"Feature","geometry":{"type":"Point","coordinates":[72.823809,18.968096]},"properties":{"id":"osm:node/2637278019","name":"McDonald's","category":"food","subtype":"amenity=fast_food","source":"osm","opening_hours":"Mo-Su 09:00-21:00","cuisine":"burger"}},{"type":"Feature","geometry":{"type":"Point","coordinates":[72.824154,19.071352]},"properties":{"id":"osm:node/2680338196","name":"Guilt Trip","category":"food","subtype":"amenity=cafe","source":"osm"}},{"type":"Feature","geometry":{"type":"Point","coordinates":[72.828369,19.074102]},"properties":{"id":"osm:node/2680831253","name":"Keep Kool Ice Cream & Food","category":"food","subtype":"amenity=fast_food","source":"osm"}},{"type":"Feature","geometry":{"type":"Point","coordinates":[72.827526,19.100602]},"properties":{"id":"osm:node/2718678717","name":"Starbucks","category":"food","subtype":"amenity=cafe","source":"osm","opening_hours":"Mo-Su 07:00-01:00","cuisine":"coffee_shop"}},{"type":"Feature","geometry":{"type":"Point","coordinates":[72.825918,19.075204]},"properties":{"id":"osm:node/2719044956","name":"Modern Tea House","category":"food","subtype":"amenity=cafe","source":"osm"}},{"type":"Feature","geometry":{"type":"Point","coordinates":[72.824539,18.994382]},"properties":{"id":"osm:node/2805238708","name":"McDonald's","category":"food","subtype":"amenity=fast_food","source":"osm","cuisine":"burger"}},{"type":"Feature","geometry":{"type":"Point","coordinates":[72.825173,18.998954]},"properties":{"id":"osm:node/2805271348","name":"Cafe Coffee Day","category":"food","subtype":"amenity=cafe","source":"osm","cuisine":"coffee_shop"}},{"type":"Feature","geometry":{"type":"Point","coordinates":[72.861246,19.201826]},"properties":{"id":"osm:node/2820428444","name":"Jai Mata Di Tea Stall","category":"food","subtype":"amenity=cafe","source":"osm","cuisine":"Tea"}},{"type":"Feature","geometry":{"type":"Point","coordinates":[72.930492,18.966767]},"properties":{"id":"osm:node/2841826856","name":"Elephanta Restaurant","category":"food","subtype":"amenity=restaurant","source":"osm"}},{"type":"Feature","geometry":{"type":"Point","coordinates":[72.999178,19.073517]},"properties":{"id":"osm:node/2919777252","name":"Hotel Golden Punjab","category":"food","subtype":"amenity=restaurant","source":"osm","cuisine":"regional"}},{"type":"Feature","geometry":{"type":"Point","coordinates":[72.998121,19.073278]},"properties":{"id":"osm:node/2919778732","name":"Navratna Veg Restaurant - Vashi","category":"food","subtype":"amenity=restaurant","source":"osm","cuisine":"regional"}},{"type":"Feature","geometry":{"type":"Point","coordinates":[73.004948,19.090049]},"properties":{"id":"osm:node/2921496877","name":"Hotel Bhagat Tarachand","category":"food","subtype":"amenity=restaurant","source":"osm"}},{"type":"Feature","geometry":{"type":"Point","coordinates":[72.910357,19.059761]},"properties":{"id":"osm:node/2930683935","name":"Cold Cafee","category":"food","subtype":"amenity=cafe","source":"osm"}},{"type":"Feature","geometry":{"type":"Point","coordinates":[72.828108,18.952069]},"properties":{"id":"osm:node/2930714471","name":"Khans Cafe","category":"food","subtype":"amenity=cafe","source":"osm","cuisine":"pizza"}},{"type":"Feature","geometry":{"type":"Point","coordinates":[72.82947,18.951507]},"properties":{"id":"osm:node/2930723087","name":"shahil restaurant","category":"food","subtype":"amenity=restaurant","source":"osm","cuisine":"chicken_,fish,cafe"}},{"type":"Feature","geometry":{"type":"Point","coordinates":[72.82645,19.068102]},"properties":{"id":"osm:node/2970392691","name":"Metro Pizza","category":"food","subtype":"amenity=restaurant","source":"osm","cuisine":"pizza"}},{"type":"Feature","geometry":{"type":"Point","coordinates":[72.832721,19.131912]},"properties":{"id":"osm:node/3008644986","name":"Cafe Coffee Day","category":"food","subtype":"amenity=cafe","source":"osm","cuisine":"coffee_shop"}},{"type":"Feature","geometry":{"type":"Point","coordinates":[72.812326,19.132842]},"properties":{"id":"osm:node/3010376564","name":"Jam Jar Diner","category":"food","subtype":"amenity=restaurant","source":"osm","cuisine":"italian"}},{"type":"Feature","geometry":{"type":"Point","coordinates":[72.825637,19.112932]},"properties":{"id":"osm:node/3021741492","name":"Dakshinayan","category":"food","subtype":"amenity=restaurant","source":"osm","opening_hours":"Mo-Fr 11:00-23:00; Sa, Su 08:00-23:00","cuisine":"indian","phone":"+91-26208812"}},{"type":"Feature","geometry":{"type":"Point","coordinates":[72.853409,19.038376]},"properties":{"id":"osm:node/3048179689","name":"Juice Center","category":"food","subtype":"amenity=cafe","source":"osm","cuisine":"indian"}},{"type":"Feature","geometry":{"type":"Point","coordinates":[73.00568,19.090557]},"properties":{"id":"osm:node/3098214489","name":"Blue Diamond Hotel","category":"food","subtype":"amenity=restaurant","source":"osm"}},{"type":"Feature","geometry":{"type":"Point","coordinates":[72.831242,19.114692]},"properties":{"id":"osm:node/3190127198","name":"Goa Bhavan","category":"food","subtype":"amenity=restaurant","source":"osm"}},{"type":"Feature","geometry":{"type":"Point","coordinates":[72.836309,19.114693]},"properties":{"id":"osm:node/3190201210","name":"Tian","category":"food","subtype":"amenity=restaurant","source":"osm"}},{"type":"Feature","geometry":{"type":"Point","coordinates":[72.901807,19.064402]},"properties":{"id":"osm:node/3202768659","name":"mahatma nagar","category":"food","subtype":"amenity=cafe","source":"osm","cuisine":"regional"}},{"type":"Feature","geometry":{"type":"Point","coordinates":[72.934836,19.029541]},"properties":{"id":"osm:node/3204202841","name":"mahul","category":"food","subtype":"amenity=cafe","source":"osm","cuisine":"pizza"}},{"type":"Feature","geometry":{"type":"Point","coordinates":[72.920838,19.06761]},"properties":{"id":"osm:node/3204208838","name":"amina hotel","category":"food","subtype":"amenity=restaurant","source":"osm"}},{"type":"Feature","geometry":{"type":"Point","coordinates":[72.843625,18.946278]},"properties":{"id":"osm:node/3204284269","name":"Traveler's Coffee","category":"food","subtype":"amenity=cafe","source":"osm","cuisine":"coffee_shop"}},{"type":"Feature","geometry":{"type":"Point","coordinates":[72.922148,19.048368]},"properties":{"id":"osm:node/3204438064","name":"drfg","category":"food","subtype":"amenity=cafe","source":"osm"}},{"type":"Feature","geometry":{"type":"Point","coordinates":[72.918751,19.063683]},"properties":{"id":"osm:node/3204439189","name":"iqbal azmi","category":"food","subtype":"amenity=restaurant","source":"osm"}},{"type":"Feature","geometry":{"type":"Point","coordinates":[72.893274,19.054286]},"properties":{"id":"osm:node/3204476109","name":"Domino's","category":"food","subtype":"amenity=restaurant","source":"osm","opening_hours":"Mo-Su 09:00-21:00","cuisine":"pizza"}},{"type":"Feature","geometry":{"type":"Point","coordinates":[72.906779,19.061265]},"properties":{"id":"osm:node/3204495277","name":"lucky restaurant","category":"food","subtype":"amenity=restaurant","source":"osm","cuisine":"pizza"}},{"type":"Feature","geometry":{"type":"Point","coordinates":[72.916438,19.042035]},"properties":{"id":"osm:node/3204516266","name":"karan cafe","category":"food","subtype":"amenity=cafe","source":"osm"}},{"type":"Feature","geometry":{"type":"Point","coordinates":[72.905964,19.068838]},"properties":{"id":"osm:node/3204517061","name":"Sadguru","category":"food","subtype":"amenity=restaurant","source":"osm","cuisine":"indian"}},{"type":"Feature","geometry":{"type":"Point","coordinates":[72.910586,19.060331]},"properties":{"id":"osm:node/3204881746","name":"Ganesh Tea Center","category":"food","subtype":"amenity=cafe","source":"osm"}},{"type":"Feature","geometry":{"type":"Point","coordinates":[72.915192,19.096148]},"properties":{"id":"osm:node/3205771060","name":"Abhinandan","category":"food","subtype":"amenity=restaurant","source":"osm","cuisine":"indian;chinese"}},{"type":"Feature","geometry":{"type":"Point","coordinates":[72.836006,18.953297]},"properties":{"id":"osm:node/3205798464","name":"chanda cafe shop","category":"food","subtype":"amenity=cafe","source":"osm"}},{"type":"Feature","geometry":{"type":"Point","coordinates":[72.904054,19.063364]},"properties":{"id":"osm:node/3205968767","name":"ccd","category":"food","subtype":"amenity=cafe","source":"osm"}},{"type":"Feature","geometry":{"type":"Point","coordinates":[72.921952,19.064456]},"properties":{"id":"osm:node/3205969396","name":"Star Kitchen","category":"food","subtype":"amenity=fast_food","source":"osm","opening_hours":"13:00-1:00","cuisine":"chinese"}},{"type":"Feature","geometry":{"type":"Point","coordinates":[72.926982,19.049231]},"properties":{"id":"osm:node/3205970175","name":"Saidip restarant & Bar","category":"food","subtype":"amenity=restaurant","source":"osm"}},{"type":"Feature","geometry":{"type":"Point","coordinates":[72.928173,19.063205]},"properties":{"id":"osm:node/3206022712","name":null,"category":"food","subtype":"shop=bakery","source":"osm"}},{"type":"Feature","geometry":{"type":"Point","coordinates":[72.924604,19.066509]},"properties":{"id":"osm:node/3206047095","name":"nagore","category":"food","subtype":"amenity=cafe","source":"osm"}},{"type":"Feature","geometry":{"type":"Point","coordinates":[72.917008,19.06372]},"properties":{"id":"osm:node/3206047096","name":"ram class","category":"food","subtype":"amenity=restaurant","source":"osm"}},{"type":"Feature","geometry":{"type":"Point","coordinates":[72.929413,19.065006]},"properties":{"id":"osm:node/3206255569","name":"hotel","category":"food","subtype":"amenity=restaurant","source":"osm"}},{"type":"Feature","geometry":{"type":"Point","coordinates":[72.840072,19.060638]},"properties":{"id":"osm:node/3207595959","name":"Manohar Sweets","category":"food","subtype":"amenity=fast_food","source":"osm","cuisine":"indian"}},{"type":"Feature","geometry":{"type":"Point","coordinates":[72.843343,19.060869]},"properties":{"id":"osm:node/3207619844","name":"Raja ( Southindian FAST FOOD )","category":"food","subtype":"amenity=fast_food","source":"osm","opening_hours":"Mo-Su,PH 07:00-11:00,05:00-19:30","cuisine":"indian"}},{"type":"Feature","geometry":{"type":"Point","coordinates":[72.844824,19.055703]},"properties":{"id":"osm:node/3207654838","name":"Amber","category":"food","subtype":"amenity=restaurant","source":"osm","cuisine":"indian"}},{"type":"Feature","geometry":{"type":"Point","coordinates":[72.910424,19.066651]},"properties":{"id":"osm:node/3213755719","name":"Ram cafe","category":"food","subtype":"amenity=cafe","source":"osm"}},{"type":"Feature","geometry":{"type":"Point","coordinates":[72.935771,19.044603]},"properties":{"id":"osm:node/3213757497","name":"sundar niwas","category":"food","subtype":"amenity=restaurant","source":"osm","cuisine":"burger"}},{"type":"Feature","geometry":{"type":"Point","coordinates":[72.911585,19.06]},"properties":{"id":"osm:node/3213759879","name":"jyoti restaurant","category":"food","subtype":"amenity=restaurant","source":"osm","cuisine":"pizza"}},{"type":"Feature","geometry":{"type":"Point","coordinates":[72.960062,19.168867]},"properties":{"id":"osm:node/3213766641","name":"ccd","category":"food","subtype":"amenity=cafe","source":"osm","opening_hours":"5 mintues from mulund east","cuisine":"regional"}},{"type":"Feature","geometry":{"type":"Point","coordinates":[72.918976,19.048528]},"properties":{"id":"osm:node/3213866933","name":"vadhavi resturant","category":"food","subtype":"amenity=restaurant","source":"osm"}},{"type":"Feature","geometry":{"type":"Point","coordinates":[72.922723,19.065331]},"properties":{"id":"osm:node/3213884633","name":"Vishal General Store","category":"food","subtype":"shop=confectionery","source":"osm","opening_hours":"7:00-24:00"}},{"type":"Feature","geometry":{"type":"Point","coordinates":[72.900797,19.051876]},"properties":{"id":"osm:node/3214503592","name":"Barista","category":"food","subtype":"amenity=cafe","source":"osm","cuisine":"coffee_shop"}},{"type":"Feature","geometry":{"type":"Point","coordinates":[72.950267,19.035556]},"properties":{"id":"osm:node/3215558770","name":"dilshad bakery","category":"food","subtype":"shop=bakery","source":"osm"}},{"type":"Feature","geometry":{"type":"Point","coordinates":[72.950086,19.035364]},"properties":{"id":"osm:node/3215560003","name":"dilshad bakery","category":"food","subtype":"shop=bakery","source":"osm"}},{"type":"Feature","geometry":{"type":"Point","coordinates":[72.873732,19.099347]},"properties":{"id":"osm:node/3216970890","name":"Shiv Sagar","category":"food","subtype":"amenity=restaurant","source":"osm"}},{"type":"Feature","geometry":{"type":"Point","coordinates":[72.873791,19.099337]},"properties":{"id":"osm:node/3216971091","name":"Cafe Coffee Day","category":"food","subtype":"amenity=cafe","source":"osm","cuisine":"coffee_shop"}},{"type":"Feature","geometry":{"type":"Point","coordinates":[72.91024,19.060645]},"properties":{"id":"osm:node/3217145309","name":"Monginis Shop","category":"food","subtype":"shop=bakery","source":"osm"}},{"type":"Feature","geometry":{"type":"Point","coordinates":[72.918479,19.06299]},"properties":{"id":"osm:node/3217533161","name":"Cafe Faizal","category":"food","subtype":"amenity=cafe","source":"osm"}},{"type":"Feature","geometry":{"type":"Point","coordinates":[72.829392,19.136923]},"properties":{"id":"osm:node/3221684164","name":"CakeBred","category":"food","subtype":"shop=bakery","source":"osm"}},{"type":"Feature","geometry":{"type":"Point","coordinates":[72.831932,19.140681]},"properties":{"id":"osm:node/3221689756","name":"High Point","category":"food","subtype":"amenity=restaurant","source":"osm","cuisine":"indian","level":"0"}},{"type":"Feature","geometry":{"type":"Point","coordinates":[72.831892,19.140888]},"properties":{"id":"osm:node/3221694302","name":"Kailash Parbat","category":"food","subtype":"amenity=restaurant","source":"osm","cuisine":"indian"}},{"type":"Feature","geometry":{"type":"Point","coordinates":[72.956029,19.172381]},"properties":{"id":"osm:node/3224720360","name":"Vishva Bharti Pure Veg Restaurant","category":"food","subtype":"amenity=restaurant","source":"osm"}},{"type":"Feature","geometry":{"type":"Point","coordinates":[72.920831,19.067088]},"properties":{"id":"osm:node/3224753570","name":"KHALID BAKRERY","category":"food","subtype":"shop=bakery","source":"osm","description":"PLOT NO 25 LINE (E) SHIVAJI NAGER GOVANDI"}},{"type":"Feature","geometry":{"type":"Point","coordinates":[72.96102,19.168106]},"properties":{"id":"osm:node/3226297459","name":"Campus Hotel","category":"food","subtype":"amenity=restaurant","source":"osm","cuisine":"regional"}},{"type":"Feature","geometry":{"type":"Point","coordinates":[72.958037,19.171499]},"properties":{"id":"osm:node/3226348962","name":"Prashant Hotel","category":"food","subtype":"amenity=restaurant","source":"osm","cuisine":"regional"}},{"type":"Feature","geometry":{"type":"Point","coordinates":[72.957617,19.185685]},"properties":{"id":"osm:node/3226352289","name":"TIP TOP Plaza","category":"food","subtype":"amenity=restaurant","source":"osm","cuisine":"regional"}},{"type":"Feature","geometry":{"type":"Point","coordinates":[72.828847,19.136433]},"properties":{"id":"osm:node/3226547544","name":"Pishu's","category":"food","subtype":"amenity=fast_food","source":"osm"}},{"type":"Feature","geometry":{"type":"Point","coordinates":[72.833002,18.930336]},"properties":{"id":"osm:node/3229085249","name":null,"category":"food","subtype":"amenity=cafe","source":"osm"}},{"type":"Feature","geometry":{"type":"Point","coordinates":[72.959008,19.170655]},"properties":{"id":"osm:node/3229585387","name":"Ruchi Hotel","category":"food","subtype":"amenity=restaurant","source":"osm"}},{"type":"Feature","geometry":{"type":"Point","coordinates":[72.960974,19.167994]},"properties":{"id":"osm:node/3231190599","name":"Cafe Coffee Day","category":"food","subtype":"amenity=cafe","source":"osm"}},{"type":"Feature","geometry":{"type":"Point","coordinates":[72.962101,19.196017]},"properties":{"id":"osm:node/3232946122","name":"Dhiraj Hotel","category":"food","subtype":"amenity=restaurant","source":"osm","opening_hours":"w","cuisine":"regional","phone":"8409629060"}},{"type":"Feature","geometry":{"type":"Point","coordinates":[72.952698,19.176622]},"properties":{"id":"osm:node/3235946452","name":null,"category":"food","subtype":"amenity=restaurant","source":"osm"}},{"type":"Feature","geometry":{"type":"Point","coordinates":[72.998605,19.080499]},"properties":{"id":"osm:node/3240816770","name":"Hotel Shabari","category":"food","subtype":"amenity=restaurant","source":"osm"}},{"type":"Feature","geometry":{"type":"Point","coordinates":[72.958025,19.174896]},"properties":{"id":"osm:node/3256378819","name":"Shubham","category":"food","subtype":"amenity=restaurant","source":"osm"}},{"type":"Feature","geometry":{"type":"Point","coordinates":[72.839483,19.06916]},"properties":{"id":"osm:node/3257870640","name":"Vrindavan","category":"food","subtype":"amenity=restaurant","source":"osm"}},{"type":"Feature","geometry":{"type":"Point","coordinates":[72.828601,18.943271]},"properties":{"id":"osm:node/3257870661","name":"beer bar and restaurant","category":"food","subtype":"amenity=restaurant","source":"osm"}},{"type":"Feature","geometry":{"type":"Point","coordinates":[72.879987,19.079635]},"properties":{"id":"osm:node/3289533443","name":"Sahara","category":"food","subtype":"amenity=restaurant","source":"osm","cuisine":"regional"}},{"type":"Feature","geometry":{"type":"Point","coordinates":[72.881201,19.080596]},"properties":{"id":"osm:node/3289533448","name":"Skyway","category":"food","subtype":"amenity=restaurant","source":"osm","cuisine":"regional"}},{"type":"Feature","geometry":{"type":"Point","coordinates":[72.880202,19.079799]},"properties":{"id":"osm:node/3289544901","name":"Zam Zam","category":"food","subtype":"shop=bakery","source":"osm","cuisine":"regional"}},{"type":"Feature","geometry":{"type":"Point","coordinates":[72.870979,19.07475]},"properties":{"id":"osm:node/3289573073","name":"Hotel Ravi Pure Veg","category":"food","subtype":"amenity=restaurant","source":"osm","cuisine":"South_Indian"}},{"type":"Feature","geometry":{"type":"Point","coordinates":[72.832049,18.918975]},"properties":{"id":"osm:node/3290997483","name":"Flurys","category":"food","subtype":"amenity=restaurant","source":"osm"}},{"type":"Feature","geometry":{"type":"Point","coordinates":[72.814132,19.129358]},"properties":{"id":"osm:node/3292389820","name":"Kinoo's Cottage","category":"food","subtype":"amenity=restaurant","source":"osm"}},{"type":"Feature","geometry":{"type":"Point","coordinates":[72.831088,19.141331]},"properties":{"id":"osm:node/3293516346","name":"Burger King","category":"food","subtype":"amenity=fast_food","source":"osm","cuisine":"burger"}},{"type":"Feature","geometry":{"type":"Point","coordinates":[72.830928,19.141731]},"properties":{"id":"osm:node/3293516347","name":"Starbucks","category":"food","subtype":"amenity=cafe","source":"osm","cuisine":"coffee_shop"}},{"type":"Feature","geometry":{"type":"Point","coordinates":[72.81475,18.954626]},"properties":{"id":"osm:node/3306535080","name":"Ice Cream Works","category":"food","subtype":"amenity=cafe","source":"osm","cuisine":"ice_cream"}},{"type":"Feature","geometry":{"type":"Point","coordinates":[72.831858,18.924585]},"properties":{"id":"osm:node/3306535108","name":"Sahakari Bhandar","category":"food","subtype":"amenity=restaurant","source":"osm"}},{"type":"Feature","geometry":{"type":"Point","coordinates":[72.828122,18.941689]},"properties":{"id":"osm:node/3313013691","name":"Domminos","category":"food","subtype":"amenity=restaurant","source":"osm","cuisine":"pizza"}},{"type":"Feature","geometry":{"type":"Point","coordinates":[72.834135,18.954976]},"properties":{"id":"osm:node/3313013696","name":"Hindustan Restaurant","category":"food","subtype":"amenity=restaurant","source":"osm","cuisine":"indian"}},{"type":"Feature","geometry":{"type":"Point","coordinates":[72.853298,19.109531]},"properties":{"id":"osm:node/3358915248","name":"Basil","category":"food","subtype":"amenity=restaurant","source":"osm","opening_hours":"Mo-Su 08:00-18:00","cuisine":"italian"}},{"type":"Feature","geometry":{"type":"Point","coordinates":[72.827543,18.9415]},"properties":{"id":"osm:node/3366103245","name":"Liberty","category":"food","subtype":"amenity=restaurant","source":"osm"}},{"type":"Feature","geometry":{"type":"Point","coordinates":[72.827575,18.941462]},"properties":{"id":"osm:node/3366103247","name":"Shreeji Sagar","category":"food","subtype":"amenity=restaurant","source":"osm"}},{"type":"Feature","geometry":{"type":"Point","coordinates":[72.827592,18.941407]},"properties":{"id":"osm:node/3366103248","name":"Monginis","category":"food","subtype":"shop=pastry","source":"osm"}},{"type":"Feature","geometry":{"type":"Point","coordinates":[72.832312,18.928482]},"properties":{"id":"osm:node/3366405791","name":"Kala Ghoda Cafe","category":"food","subtype":"amenity=cafe","source":"osm","opening_hours":"08:00-23:45","cuisine":"cafe;wine_bar","phone":"+91 22 2265 0195"}},{"type":"Feature","geometry":{"type":"Point","coordinates":[72.832332,18.928798]},"properties":{"id":"osm:node/3366415293","name":"Mamagoto","category":"food","subtype":"amenity=restaurant","source":"osm","cuisine":"asian"}},{"type":"Feature","geometry":{"type":"Point","coordinates":[72.833981,18.928786]},"properties":{"id":"osm:node/3366416123","name":"Nico Bombay","category":"food","subtype":"amenity=restaurant","source":"osm"}},{"type":"Feature","geometry":{"type":"Point","coordinates":[72.832888,18.928216]},"properties":{"id":"osm:node/3366422124","name":"Ayub's","category":"food","subtype":"amenity=restaurant","source":"osm","cuisine":"indian"}},{"type":"Feature","geometry":{"type":"Point","coordinates":[72.833362,18.928279]},"properties":{"id":"osm:node/3366422125","name":"Carter's Blue","category":"food","subtype":"amenity=restaurant","source":"osm"}},{"type":"Feature","geometry":{"type":"Point","coordinates":[72.833626,18.928352]},"properties":{"id":"osm:node/3366427603","name":"Nutcracker","category":"food","subtype":"amenity=restaurant","source":"osm"}},{"type":"Feature","geometry":{"type":"Point","coordinates":[72.83198,18.92216]},"properties":{"id":"osm:node/3408261570","name":"Bademiya Restaurant","category":"food","subtype":"amenity=fast_food","source":"osm","phone":"22021447"}},{"type":"Feature","geometry":{"type":"Point","coordinates":[72.824714,19.065727]},"properties":{"id":"osm:node/3417207117","name":"the yoga house","category":"food","subtype":"amenity=cafe","source":"osm","cuisine":"regional organic"}},{"type":"Feature","geometry":{"type":"Point","coordinates":[72.997687,19.084334]},"properties":{"id":"osm:node/3431461647","name":"Cafe Cofee Day","category":"food","subtype":"amenity=cafe","source":"osm"}},{"type":"Feature","geometry":{"type":"Point","coordinates":[73.008689,19.043855]},"properties":{"id":"osm:node/3451890495","name":"Domino's","category":"food","subtype":"amenity=restaurant","source":"osm","wheelchair":"yes","cuisine":"pizza"}},{"type":"Feature","geometry":{"type":"Point","coordinates":[72.900706,19.055989]},"properties":{"id":"osm:node/3483943994","name":"Tea Ville Cafe","category":"food","subtype":"amenity=cafe","source":"osm"}},{"type":"Feature","geometry":{"type":"Point","coordinates":[72.872687,19.208911]},"properties":{"id":"osm:node/3484958986","name":"McDonald's","category":"food","subtype":"amenity=fast_food","source":"osm","cuisine":"burger"}},{"type":"Feature","geometry":{"type":"Point","coordinates":[72.872679,19.208828]},"properties":{"id":"osm:node/3484968657","name":"Cafe Coffee Day","category":"food","subtype":"amenity=cafe","source":"osm","cuisine":"coffee_shop"}},{"type":"Feature","geometry":{"type":"Point","coordinates":[72.961986,19.195249]},"properties":{"id":"osm:node/3491032988","name":"Tenzo Temple","category":"food","subtype":"amenity=restaurant","source":"osm"}},{"type":"Feature","geometry":{"type":"Point","coordinates":[72.932435,19.157239]},"properties":{"id":"osm:node/3518538277","name":"Bombay Bakery","category":"food","subtype":"amenity=fast_food","source":"osm","cuisine":"regional"}},{"type":"Feature","geometry":{"type":"Point","coordinates":[72.903072,19.113433]},"properties":{"id":"osm:node/3518549107","name":"Janta Bakery","category":"food","subtype":"amenity=fast_food","source":"osm"}},{"type":"Feature","geometry":{"type":"Point","coordinates":[72.901899,19.113588]},"properties":{"id":"osm:node/3518549542","name":"Dudhsagar","category":"food","subtype":"amenity=fast_food","source":"osm"}},{"type":"Feature","geometry":{"type":"Point","coordinates":[72.916893,19.124861]},"properties":{"id":"osm:node/3523251660","name":"Monginis","category":"food","subtype":"shop=pastry","source":"osm"}},{"type":"Feature","geometry":{"type":"Point","coordinates":[72.868954,19.067829]},"properties":{"id":"osm:node/3524664707","name":"Pondichery Cafe, Sofitel Hotel","category":"food","subtype":"amenity=cafe","source":"osm","cuisine":"regional"}},{"type":"Feature","geometry":{"type":"Point","coordinates":[72.909838,19.046055]},"properties":{"id":"osm:node/3529545078","name":"Shubalaxmi","category":"food","subtype":"amenity=restaurant","source":"osm","opening_hours":"Mo-Su,PH 09:00-23:00"}},{"type":"Feature","geometry":{"type":"Point","coordinates":[72.876964,19.062108]},"properties":{"id":"osm:node/3529566936","name":"GULAM MOHHAMED SHUBRATI BUILDING;suleman usman mithiwala","category":"food","subtype":"amenity=restaurant","source":"osm"}},{"type":"Feature","geometry":{"type":"Point","coordinates":[72.926058,19.063154]},"properties":{"id":"osm:node/3529573385","name":"tangam","category":"food","subtype":"amenity=fast_food","source":"osm","cuisine":"indian"}},{"type":"Feature","geometry":{"type":"Point","coordinates":[72.920875,19.068542]},"properties":{"id":"osm:node/3529577459","name":"Sakil Hotel","category":"food","subtype":"amenity=restaurant","source":"osm"}},{"type":"Feature","geometry":{"type":"Point","coordinates":[72.882385,19.064732]},"properties":{"id":"osm:node/3532119179","name":"Sheetal Restaurant","category":"food","subtype":"amenity=restaurant","source":"osm"}},{"type":"Feature","geometry":{"type":"Point","coordinates":[72.881887,19.064423]},"properties":{"id":"osm:node/3532120654","name":"cafe nar restarunt","category":"food","subtype":"amenity=restaurant","source":"osm"}},{"type":"Feature","geometry":{"type":"Point","coordinates":[72.882826,19.063022]},"properties":{"id":"osm:node/3532210535","name":"sawali hotel","category":"food","subtype":"amenity=restaurant","source":"osm"}},{"type":"Feature","geometry":{"type":"Point","coordinates":[72.872781,19.060466]},"properties":{"id":"osm:node/3534566632","name":"Metro","category":"food","subtype":"amenity=restaurant","source":"osm"}},{"type":"Feature","geometry":{"type":"Point","coordinates":[72.922071,19.062845]},"properties":{"id":"osm:node/3534647915","name":"a1 restaurant","category":"food","subtype":"amenity=restaurant","source":"osm","cuisine":"regional"}},{"type":"Feature","geometry":{"type":"Point","coordinates":[72.922681,19.062935]},"properties":{"id":"osm:node/3534649012","name":null,"category":"food","subtype":"shop=bakery","source":"osm"}},{"type":"Feature","geometry":{"type":"Point","coordinates":[72.879179,19.11298]},"properties":{"id":"osm:node/3548939845","name":"shivkrupa","category":"food","subtype":"amenity=fast_food","source":"osm","opening_hours":"16hrs","cuisine":"regional"}},{"type":"Feature","geometry":{"type":"Point","coordinates":[72.934634,19.144563]},"properties":{"id":"osm:node/3554048493","name":"shiv prasad","category":"food","subtype":"amenity=fast_food","source":"osm","cuisine":"fast_food"}},{"type":"Feature","geometry":{"type":"Point","coordinates":[72.93524,19.145465]},"properties":{"id":"osm:node/3554059493","name":"Madras cafe","category":"food","subtype":"amenity=restaurant","source":"osm","cuisine":"regional"}},{"type":"Feature","geometry":{"type":"Point","coordinates":[72.930583,19.129944]},"properties":{"id":"osm:node/3587156841","name":"Bharang Hotel","category":"food","subtype":"amenity=restaurant","source":"osm"}},{"type":"Feature","geometry":{"type":"Point","coordinates":[72.908867,19.111221]},"properties":{"id":"osm:node/3602878176","name":"Mehman Nawazi","category":"food","subtype":"amenity=restaurant","source":"osm"}},{"type":"Feature","geometry":{"type":"Point","coordinates":[72.908776,19.111927]},"properties":{"id":"osm:node/3602878832","name":"BREEZE RESTAURANT","category":"food","subtype":"amenity=restaurant","source":"osm"}},{"type":"Feature","geometry":{"type":"Point","coordinates":[72.833877,19.071228]},"properties":{"id":"osm:node/3606640948","name":"Me So Happy","category":"food","subtype":"amenity=restaurant","source":"osm"}},{"type":"Feature","geometry":{"type":"Point","coordinates":[72.825771,19.12871]},"properties":{"id":"osm:node/3630342040","name":"Gettogether","category":"food","subtype":"amenity=restaurant","source":"osm"}},{"type":"Feature","geometry":{"type":"Point","coordinates":[72.911429,19.087102]},"properties":{"id":"osm:node/3636812246","name":"Bhakari Ghar","category":"food","subtype":"amenity=restaurant","source":"osm","cuisine":"indian"}},{"type":"Feature","geometry":{"type":"Point","coordinates":[72.82726,19.050539]},"properties":{"id":"osm:node/3645808418","name":"Starbucks","category":"food","subtype":"amenity=cafe","source":"osm","opening_hours":"Mo-Su 07:00-01:00","cuisine":"coffee_shop"}},{"type":"Feature","geometry":{"type":"Point","coordinates":[72.818126,19.129835]},"properties":{"id":"osm:node/3687744159","name":"Swades","category":"food","subtype":"amenity=restaurant","source":"osm","cuisine":"indian"}},{"type":"Feature","geometry":{"type":"Point","coordinates":[72.85341,19.109469]},"properties":{"id":"osm:node/3766892222","name":"Sagar","category":"food","subtype":"amenity=restaurant","source":"osm","opening_hours":"Mo-Su 09:00-09:00","cuisine":"indian","level":"0"}},{"type":"Feature","geometry":{"type":"Point","coordinates":[72.853351,19.109488]},"properties":{"id":"osm:node/3766895231","name":"Hotel Benarsi","category":"food","subtype":"amenity=restaurant","source":"osm","cuisine":"indian"}},{"type":"Feature","geometry":{"type":"Point","coordinates":[72.833978,19.140621]},"properties":{"id":"osm:node/3771463609","name":"Mamagoto","category":"food","subtype":"amenity=restaurant","source":"osm"}},{"type":"Feature","geometry":{"type":"Point","coordinates":[72.866084,19.207275]},"properties":{"id":"osm:node/3773905704","name":"Avenue Hotel","category":"food","subtype":"amenity=restaurant","source":"osm"}},{"type":"Feature","geometry":{"type":"Point","coordinates":[72.867492,19.211888]},"properties":{"id":"osm:node/3773909936","name":"UFO revolving resturant","category":"food","subtype":"amenity=restaurant","source":"osm"}},{"type":"Feature","geometry":{"type":"Point","coordinates":[72.834402,18.933198]},"properties":{"id":"osm:node/3790273562","name":"Apoorva","category":"food","subtype":"amenity=restaurant","source":"osm","cuisine":"seafood"}},{"type":"Feature","geometry":{"type":"Point","coordinates":[72.825868,19.12912]},"properties":{"id":"osm:node/3791147462","name":"Sharma Fast Food","category":"food","subtype":"amenity=restaurant","source":"osm"}},{"type":"Feature","geometry":{"type":"Point","coordinates":[72.913935,19.045378]},"properties":{"id":"osm:node/3803560476","name":"Anna Tapari","category":"food","subtype":"amenity=cafe","source":"osm","cuisine":"regional"}},{"type":"Feature","geometry":{"type":"Point","coordinates":[72.978532,19.18931]},"properties":{"id":"osm:node/3804480230","name":"foodies","category":"food","subtype":"amenity=fast_food","source":"osm","cuisine":"pizza"}},{"type":"Feature","geometry":{"type":"Point","coordinates":[72.874381,19.098496]},"properties":{"id":"osm:node/3816244892","name":null,"category":"food","subtype":"amenity=cafe","source":"osm"}},{"type":"Feature","geometry":{"type":"Point","coordinates":[72.874729,19.098521]},"properties":{"id":"osm:node/3816244893","name":null,"category":"food","subtype":"amenity=cafe","source":"osm"}},{"type":"Feature","geometry":{"type":"Point","coordinates":[72.832013,18.928608]},"properties":{"id":"osm:node/3826266891","name":"Malido cafe","category":"food","subtype":"amenity=cafe","source":"osm"}},{"type":"Feature","geometry":{"type":"Point","coordinates":[72.824849,19.063143]},"properties":{"id":"osm:node/3838398804","name":"The Bagel Shop","category":"food","subtype":"amenity=cafe","source":"osm","opening_hours":"Mo-Su 09:00-22:30","phone":"+91 22 2605 0178"}},{"type":"Feature","geometry":{"type":"Point","coordinates":[72.837649,19.024242]},"properties":{"id":"osm:node/3899362068","name":"Light Of Bharat","category":"food","subtype":"amenity=restaurant","source":"osm"}},{"type":"Feature","geometry":{"type":"Point","coordinates":[72.820635,19.128637]},"properties":{"id":"osm:node/3903081147","name":"Pizza Box","category":"food","subtype":"amenity=restaurant","source":"osm","cuisine":"pizza"}},{"type":"Feature","geometry":{"type":"Point","coordinates":[72.814969,19.132278]},"properties":{"id":"osm:node/3920455583","name":"The Artists Village","category":"food","subtype":"amenity=cafe","source":"osm"}},{"type":"Feature","geometry":{"type":"Point","coordinates":[72.821397,19.12872]},"properties":{"id":"osm:node/3921875739","name":"Birdy's","category":"food","subtype":"shop=bakery","source":"osm"}},{"type":"Feature","geometry":{"type":"Point","coordinates":[72.821722,19.126833]},"properties":{"id":"osm:node/3921991022","name":"Urban Tadka","category":"food","subtype":"amenity=restaurant","source":"osm"}},{"type":"Feature","geometry":{"type":"Point","coordinates":[72.811616,19.133385]},"properties":{"id":"osm:node/3921993019","name":"Di Bella Coffee","category":"food","subtype":"amenity=cafe","source":"osm"}},{"type":"Feature","geometry":{"type":"Point","coordinates":[72.904376,19.284661]},"properties":{"id":"osm:node/3924075507","name":"Kansar Hotel","category":"food","subtype":"amenity=restaurant","source":"osm"}},{"type":"Feature","geometry":{"type":"Point","coordinates":[72.822934,18.993249]},"properties":{"id":"osm:node/3926507457","name":"Tasting Room","category":"food","subtype":"amenity=restaurant","source":"osm","phone":"+98 22 65 28 52 84"}},{"type":"Feature","geometry":{"type":"Point","coordinates":[72.842605,19.143808]},"properties":{"id":"osm:node/3972961045","name":"Sweet Corner","category":"food","subtype":"amenity=restaurant","source":"osm"}},{"type":"Feature","geometry":{"type":"Point","coordinates":[72.84174,19.113776]},"properties":{"id":"osm:node/3979081602","name":"Barista","category":"food","subtype":"amenity=cafe","source":"osm","cuisine":"coffee_shop"}},{"type":"Feature","geometry":{"type":"Point","coordinates":[72.834523,19.114965]},"properties":{"id":"osm:node/3979605675","name":"Tiwari Brothers","category":"food","subtype":"shop=confectionery","source":"osm"}},{"type":"Feature","geometry":{"type":"Point","coordinates":[72.818753,19.130504]},"properties":{"id":"osm:node/3980133295","name":"Blue Park","category":"food","subtype":"amenity=restaurant","source":"osm","cuisine":"regional","level":"0"}},{"type":"Feature","geometry":{"type":"Point","coordinates":[72.831282,19.149449]},"properties":{"id":"osm:node/3981585574","name":"Zoodles","category":"food","subtype":"amenity=fast_food","source":"osm","cuisine":"south east asian"}},{"type":"Feature","geometry":{"type":"Point","coordinates":[72.831408,19.150902]},"properties":{"id":"osm:node/3981603675","name":"Loco Chino","category":"food","subtype":"amenity=restaurant","source":"osm"}},{"type":"Feature","geometry":{"type":"Point","coordinates":[72.831392,19.150696]},"properties":{"id":"osm:node/3981603680","name":"Golden Fork","category":"food","subtype":"amenity=restaurant","source":"osm","cuisine":"chinese"}},{"type":"Feature","geometry":{"type":"Point","coordinates":[72.831459,19.15146]},"properties":{"id":"osm:node/3981607928","name":"Taste Of Ganges","category":"food","subtype":"amenity=restaurant","source":"osm","cuisine":"indian"}},{"type":"Feature","geometry":{"type":"Point","coordinates":[72.83148,19.151479]},"properties":{"id":"osm:node/3981607929","name":"Roti Punjab","category":"food","subtype":"amenity=restaurant","source":"osm"}},{"type":"Feature","geometry":{"type":"Point","coordinates":[72.831888,19.151379]},"properties":{"id":"osm:node/3981607931","name":"Maroosh","category":"food","subtype":"amenity=restaurant","source":"osm"}},{"type":"Feature","geometry":{"type":"Point","coordinates":[72.824337,18.944249]},"properties":{"id":"osm:node/3994771759","name":"Poonam Restaurant","category":"food","subtype":"amenity=restaurant","source":"osm","cuisine":"indian"}},{"type":"Feature","geometry":{"type":"Point","coordinates":[72.829388,19.059382]},"properties":{"id":"osm:node/4014530262","name":"Birdy's","category":"food","subtype":"shop=bakery","source":"osm"}},{"type":"Feature","geometry":{"type":"Point","coordinates":[72.817717,18.916699]},"properties":{"id":"osm:node/4047369646","name":"Santoor","category":"food","subtype":"amenity=restaurant","source":"osm","cuisine":"indian"}},{"type":"Feature","geometry":{"type":"Point","coordinates":[72.818102,18.914704]},"properties":{"id":"osm:node/4048759190","name":"Nature's Basket","category":"food","subtype":"amenity=ice_cream","source":"osm","opening_hours":"Mo-Su 08:00-22:00","operator":"Godrej","phone":"088800 77745"}},{"type":"Feature","geometry":{"type":"Point","coordinates":[72.818284,18.913907]},"properties":{"id":"osm:node/4048759441","name":"Flamboyanté","category":"food","subtype":"amenity=restaurant","source":"osm","cuisine":"italian"}},{"type":"Feature","geometry":{"type":"Point","coordinates":[72.818209,18.914491]},"properties":{"id":"osm:node/4048759442","name":"The Village","category":"food","subtype":"amenity=restaurant","source":"osm","cuisine":"indian"}},{"type":"Feature","geometry":{"type":"Point","coordinates":[72.821994,19.12907]},"properties":{"id":"osm:node/4051431789","name":"Amritsari Tadka","category":"food","subtype":"amenity=restaurant","source":"osm"}},{"type":"Feature","geometry":{"type":"Point","coordinates":[72.824616,18.994478]},"properties":{"id":"osm:node/4055811989","name":"Burger King","category":"food","subtype":"amenity=fast_food","source":"osm","cuisine":"burger"}},{"type":"Feature","geometry":{"type":"Point","coordinates":[72.833084,18.924182]},"properties":{"id":"osm:node/4099677901","name":"The Table","category":"food","subtype":"amenity=restaurant","source":"osm"}},{"type":"Feature","geometry":{"type":"Point","coordinates":[72.833579,18.924029]},"properties":{"id":"osm:node/4099677902","name":"Le Pain Quotidien","category":"food","subtype":"amenity=cafe","source":"osm","cuisine":"coffee_shop"}},{"type":"Feature","geometry":{"type":"Point","coordinates":[72.833556,18.923931]},"properties":{"id":"osm:node/4099677903","name":"PizzaExpress","category":"food","subtype":"amenity=restaurant","source":"osm","cuisine":"pizza"}},{"type":"Feature","geometry":{"type":"Point","coordinates":[72.957861,19.174728]},"properties":{"id":"osm:node/4102346690","name":"The Laughter Chapter","category":"food","subtype":"amenity=cafe","source":"osm"}},{"type":"Feature","geometry":{"type":"Point","coordinates":[72.840036,19.100295]},"properties":{"id":"osm:node/4102508704","name":"Cafe Coffee Day","category":"food","subtype":"amenity=cafe","source":"osm","cuisine":"coffee_shop"}},{"type":"Feature","geometry":{"type":"Point","coordinates":[72.967029,19.222865]},"properties":{"id":"osm:node/4107672612","name":"RB Rolls","category":"food","subtype":"amenity=fast_food","source":"osm"}},{"type":"Feature","geometry":{"type":"Point","coordinates":[72.954475,19.171276]},"properties":{"id":"osm:node/4119416793","name":"KOTHARI NIWAS SWEETS & FARSAN","category":"food","subtype":"shop=confectionery","source":"osm"}},{"type":"Feature","geometry":{"type":"Point","coordinates":[72.834085,18.935227]},"properties":{"id":"osm:node/4133873660","name":null,"category":"food","subtype":"amenity=restaurant","source":"osm"}},{"type":"Feature","geometry":{"type":"Point","coordinates":[72.835593,18.947941]},"properties":{"id":"osm:node/4133873664","name":"Gulshan-e-Iran","category":"food","subtype":"amenity=restaurant","source":"osm","wheelchair":"no","cuisine":"persian","level":"0"}},{"type":"Feature","geometry":{"type":"Point","coordinates":[72.837036,18.937366]},"properties":{"id":"osm:node/4133877123","name":"Jai Ganesh pizza corner","category":"food","subtype":"amenity=fast_food","source":"osm","opening_hours":"Mo-Su 08:00-21:00"}},{"type":"Feature","geometry":{"type":"Point","coordinates":[72.839052,19.194677]},"properties":{"id":"osm:node/4137656289","name":"Borivali Biryani Centre","category":"food","subtype":"amenity=restaurant","source":"osm"}},{"type":"Feature","geometry":{"type":"Point","coordinates":[72.83878,19.195108]},"properties":{"id":"osm:node/4137663145","name":"Laxmi Vilas Hindu Hotel","category":"food","subtype":"amenity=restaurant","source":"osm"}},{"type":"Feature","geometry":{"type":"Point","coordinates":[72.955518,19.188086]},"properties":{"id":"osm:node/4138025789","name":"Radha Krishna Pure Veg","category":"food","subtype":"amenity=restaurant","source":"osm"}},{"type":"Feature","geometry":{"type":"Point","coordinates":[72.970642,19.22633]},"properties":{"id":"osm:node/4151012950","name":"De'Crepes Cafe","category":"food","subtype":"amenity=cafe","source":"osm"}},{"type":"Feature","geometry":{"type":"Point","coordinates":[72.97399,19.227113]},"properties":{"id":"osm:node/4151012951","name":null,"category":"food","subtype":"amenity=cafe","source":"osm"}},{"type":"Feature","geometry":{"type":"Point","coordinates":[72.81518,19.131717]},"properties":{"id":"osm:node/4163142690","name":"Sathe's All Day Diner","category":"food","subtype":"amenity=restaurant","source":"osm","level":"0"}},{"type":"Feature","geometry":{"type":"Point","coordinates":[72.862225,19.063466]},"properties":{"id":"osm:node/4185780129","name":"Soda Bottle Opener Wala","category":"food","subtype":"amenity=restaurant","source":"osm"}},{"type":"Feature","geometry":{"type":"Point","coordinates":[72.95884,19.172038]},"properties":{"id":"osm:node/4189374777","name":"Bansuri","category":"food","subtype":"amenity=restaurant","source":"osm"}},{"type":"Feature","geometry":{"type":"Point","coordinates":[72.964455,19.199074]},"properties":{"id":"osm:node/4197331812","name":"Banglore Iyengar Bakery ","category":"food","subtype":"shop=bakery","source":"osm"}},{"type":"Feature","geometry":{"type":"Point","coordinates":[72.829882,19.065399]},"properties":{"id":"osm:node/4198985391","name":"Smokehouse Deli","category":"food","subtype":"amenity=restaurant","source":"osm","opening_hours":"Mo-Su 09:00-00:30","cuisine":"burger;steak_house;pizza"}},{"type":"Feature","geometry":{"type":"Point","coordinates":[72.846733,19.103261]},"properties":{"id":"osm:node/4208309895","name":"Tea Villa","category":"food","subtype":"amenity=cafe","source":"osm","cuisine":"american;asian;bagel;breakfast;burger;coffee_shop;indian;international;italian;italian_pizza;mexican;mediterranean;pancake;pizza;pasta;sandwich;tea"}},{"type":"Feature","geometry":{"type":"Point","coordinates":[72.822671,18.968284]},"properties":{"id":"osm:node/4209578684","name":"KFC","category":"food","subtype":"amenity=fast_food","source":"osm","opening_hours":"Mo-Su 11:00-22:45","cuisine":"chicken"}},{"type":"Feature","geometry":{"type":"Point","coordinates":[72.971654,19.255927]},"properties":{"id":"osm:node/4216317817","name":"Barbeque Nation","category":"food","subtype":"amenity=restaurant","source":"osm"}},{"type":"Feature","geometry":{"type":"Point","coordinates":[72.833168,18.937411]},"properties":{"id":"osm:node/4225072291","name":"Creeda Board Game Cafe","category":"food","subtype":"amenity=cafe","source":"osm","opening_hours":"Mo-Su 12:00-22:00","cuisine":"coffee_shop"}},{"type":"Feature","geometry":{"type":"Point","coordinates":[72.908401,19.135783]},"properties":{"id":"osm:node/4228622740","name":"Hostel-9 Canteen","category":"food","subtype":"amenity=restaurant","source":"osm"}},{"type":"Feature","geometry":{"type":"Point","coordinates":[72.823285,18.961371]},"properties":{"id":"osm:node/4232929346","name":"king Falcon","category":"food","subtype":"amenity=restaurant","source":"osm"}},{"type":"Feature","geometry":{"type":"Point","coordinates":[72.824159,18.958534]},"properties":{"id":"osm:node/4232929347","name":"New York ","category":"food","subtype":"shop=bakery","source":"osm"}},{"type":"Feature","geometry":{"type":"Point","coordinates":[72.805054,19.227978]},"properties":{"id":"osm:node/4233754531","name":null,"category":"food","subtype":"amenity=restaurant","source":"osm"}},{"type":"Feature","geometry":{"type":"Point","coordinates":[72.806578,19.228626]},"properties":{"id":"osm:node/4233809385","name":null,"category":"food","subtype":"amenity=restaurant","source":"osm"}},{"type":"Feature","geometry":{"type":"Point","coordinates":[72.797332,18.94779]},"properties":{"id":"osm:node/4235550189","name":"Dakshinayan","category":"food","subtype":"amenity=restaurant","source":"osm","opening_hours":"Mo-Sa 11:00-15:00, 18:00-23:00; Su 08:00-15:00, 18:00-23:00","cuisine":"indian","level":"0"}},{"type":"Feature","geometry":{"type":"Point","coordinates":[72.900115,19.135149]},"properties":{"id":"osm:node/4237027990","name":"Amrut ","category":"food","subtype":"amenity=restaurant","source":"osm","cuisine":"indian"}},{"type":"Feature","geometry":{"type":"Point","coordinates":[72.867816,19.111745]},"properties":{"id":"osm:node/4238928891","name":"Gopal Krishna ","category":"food","subtype":"amenity=restaurant","source":"osm"}},{"type":"Feature","geometry":{"type":"Point","coordinates":[72.806083,18.908095]},"properties":{"id":"osm:node/4242855335","name":"Jagadish Canteen","category":"food","subtype":"amenity=restaurant","source":"osm","cuisine":"regional"}},{"type":"Feature","geometry":{"type":"Point","coordinates":[72.822326,18.928314]},"properties":{"id":"osm:node/4243911794","name":"The Sassy Spoon","category":"food","subtype":"amenity=restaurant","source":"osm","cuisine":"international"}},{"type":"Feature","geometry":{"type":"Point","coordinates":[72.81757,18.916513]},"properties":{"id":"osm:node/4243982133","name":"Kamats","category":"food","subtype":"amenity=restaurant","source":"osm","cuisine":"South_Indian"}},{"type":"Feature","geometry":{"type":"Point","coordinates":[72.947898,19.173382]},"properties":{"id":"osm:node/4246296886","name":null,"category":"food","subtype":"amenity=restaurant","source":"osm"}},{"type":"Feature","geometry":{"type":"Point","coordinates":[72.818086,19.01642]},"properties":{"id":"osm:node/4258767993","name":"Sea Corner","category":"food","subtype":"amenity=restaurant","source":"osm"}},{"type":"Feature","geometry":{"type":"Point","coordinates":[72.825748,18.994491]},"properties":{"id":"osm:node/4271095990","name":"SpiceKlub","category":"food","subtype":"amenity=restaurant","source":"osm","opening_hours":"12:00-16:00, 18:30-00:00","cuisine":"indian","phone":"+91 22 4610 4610;+91 22 4610 4604"}},{"type":"Feature","geometry":{"type":"Point","coordinates":[72.938742,19.177205]},"properties":{"id":"osm:node/4273389596","name":"Goldenstar Banquet Hall","category":"food","subtype":"amenity=restaurant","source":"osm"}},{"type":"Feature","geometry":{"type":"Point","coordinates":[72.840358,18.934473]},"properties":{"id":"osm:node/4294810192","name":"Britannia & Co. Restaurant","category":"food","subtype":"amenity=restaurant","source":"osm","opening_hours":"Mo-Sa 11:30-04:00","phone":"022 2261 5264"}},{"type":"Feature","geometry":{"type":"Point","coordinates":[72.835953,18.94797]},"properties":{"id":"osm:node/4302276789","name":"Radio Restaurant","category":"food","subtype":"amenity=restaurant","source":"osm","opening_hours":"Mo-Su 06:00-24:00","phone":"022 3315 1900"}},{"type":"Feature","geometry":{"type":"Point","coordinates":[72.832444,19.059635]},"properties":{"id":"osm:node/4303058599","name":"Tavaa Restaurant","category":"food","subtype":"amenity=restaurant","source":"osm","cuisine":"indian;mughlai"}},{"type":"Feature","geometry":{"type":"Point","coordinates":[72.821386,19.005433]},"properties":{"id":"osm:node/4303136094","name":"Domino's","category":"food","subtype":"amenity=fast_food","source":"osm","cuisine":"pizza"}},{"type":"Feature","geometry":{"type":"Point","coordinates":[72.824654,18.994703]},"properties":{"id":"osm:node/4303203089","name":"California Pizza Kitchen","category":"food","subtype":"amenity=fast_food","source":"osm","cuisine":"italian_pizza;pizza"}},{"type":"Feature","geometry":{"type":"Point","coordinates":[72.95263,19.171545]},"properties":{"id":"osm:node/4308867049","name":"Morbiwala Sweets & Farsan","category":"food","subtype":"shop=confectionery","source":"osm"}},{"type":"Feature","geometry":{"type":"Point","coordinates":[72.83443,19.065807]},"properties":{"id":"osm:node/4310383168","name":"McDonald's","category":"food","subtype":"amenity=fast_food","source":"osm","cuisine":"burger"}},{"type":"Feature","geometry":{"type":"Point","coordinates":[72.828288,19.054694]},"properties":{"id":"osm:node/4310478240","name":"McDonald's","category":"food","subtype":"amenity=fast_food","source":"osm","cuisine":"burger","level":"1"}},{"type":"Feature","geometry":{"type":"Point","coordinates":[72.830726,19.055152]},"properties":{"id":"osm:node/4312900099","name":"Balaji Restaurant","category":"food","subtype":"amenity=restaurant","source":"osm"}},{"type":"Feature","geometry":{"type":"Point","coordinates":[72.863225,19.11377]},"properties":{"id":"osm:node/4323083149","name":"Domino's","category":"food","subtype":"amenity=fast_food","source":"osm","cuisine":"pizza"}},{"type":"Feature","geometry":{"type":"Point","coordinates":[72.846379,19.177996]},"properties":{"id":"osm:node/4323199791","name":"Legacy of Mumbai","category":"food","subtype":"amenity=restaurant","source":"osm"}},{"type":"Feature","geometry":{"type":"Point","coordinates":[72.87033,19.118687]},"properties":{"id":"osm:node/4324725973","name":"Red Box","category":"food","subtype":"amenity=cafe","source":"osm"}},{"type":"Feature","geometry":{"type":"Point","coordinates":[72.887971,19.10144]},"properties":{"id":"osm:node/4326441991","name":"Anil Lunch Home","category":"food","subtype":"amenity=restaurant","source":"osm","cuisine":"chicken;fish;indian"}},{"type":"Feature","geometry":{"type":"Point","coordinates":[72.887853,19.099291]},"properties":{"id":"osm:node/4326458489","name":"Cafe Dilshad","category":"food","subtype":"amenity=restaurant","source":"osm"}},{"type":"Feature","geometry":{"type":"Point","coordinates":[72.88237,19.107211]},"properties":{"id":"osm:node/4326830390","name":"Cafe Coffee Day","category":"food","subtype":"amenity=cafe","source":"osm","cuisine":"coffee_shop"}},{"type":"Feature","geometry":{"type":"Point","coordinates":[72.882316,19.10696]},"properties":{"id":"osm:node/4326830691","name":"Domino's","category":"food","subtype":"amenity=fast_food","source":"osm"}},{"type":"Feature","geometry":{"type":"Point","coordinates":[72.882309,19.107057]},"properties":{"id":"osm:node/4326867189","name":"Kanchi Veg","category":"food","subtype":"amenity=restaurant","source":"osm"}},{"type":"Feature","geometry":{"type":"Point","coordinates":[72.886969,19.103904]},"properties":{"id":"osm:node/4326893991","name":"Deep Punjab Dhaba","category":"food","subtype":"amenity=restaurant","source":"osm","opening_hours":"Mo-Su 10:00-21:00","cuisine":"chicken;kebab;indian","level":"1"}},{"type":"Feature","geometry":{"type":"Point","coordinates":[72.97682,19.187403]},"properties":{"id":"osm:node/4328272405","name":"medos","category":"food","subtype":"amenity=restaurant","source":"osm","opening_hours":"24/7","cuisine":"indian"}},{"type":"Feature","geometry":{"type":"Point","coordinates":[72.887468,19.114089]},"properties":{"id":"osm:node/4333491591","name":"Eva's Pizza","category":"food","subtype":"amenity=restaurant","source":"osm"}},{"type":"Feature","geometry":{"type":"Point","coordinates":[72.833379,19.061586]},"properties":{"id":"osm:node/4340814165","name":"Sigdi","category":"food","subtype":"amenity=restaurant","source":"osm","opening_hours":"11:00-01:00","cuisine":"indian"}},{"type":"Feature","geometry":{"type":"Point","coordinates":[72.83915,19.033507]},"properties":{"id":"osm:node/4341056410","name":"Nandadeep Biscuit Mart","category":"food","subtype":"amenity=fast_food","source":"osm"}},{"type":"Feature","geometry":{"type":"Point","coordinates":[72.83248,18.921474]},"properties":{"id":"osm:node/4342167989","name":"Starbucks","category":"food","subtype":"amenity=cafe","source":"osm","opening_hours":"Mo-Su 07:00-01:00","cuisine":"coffee_shop"}},{"type":"Feature","geometry":{"type":"Point","coordinates":[72.839688,19.033566]},"properties":{"id":"osm:node/4344803101","name":"Simply Delicious","category":"food","subtype":"amenity=restaurant","source":"osm","cuisine":"indian"}},{"type":"Feature","geometry":{"type":"Point","coordinates":[72.922979,19.095223]},"properties":{"id":"osm:node/4344894290","name":"Hubble","category":"food","subtype":"amenity=restaurant","source":"osm","access":"private"}},{"type":"Feature","geometry":{"type":"Point","coordinates":[72.836463,19.055322]},"properties":{"id":"osm:node/4345456815","name":"Deepa Bar and Restaurant","category":"food","subtype":"amenity=restaurant","source":"osm","cuisine":"indian"}},{"type":"Feature","geometry":{"type":"Point","coordinates":[72.835904,19.05556]},"properties":{"id":"osm:node/4345490567","name":"Monginis","category":"food","subtype":"shop=pastry","source":"osm"}},{"type":"Feature","geometry":{"type":"Point","coordinates":[72.835956,19.05518]},"properties":{"id":"osm:node/4345562396","name":"Goodluck Wines","category":"food","subtype":"amenity=cafe","source":"osm"}},{"type":"Feature","geometry":{"type":"Point","coordinates":[72.835561,19.055523]},"properties":{"id":"osm:node/4345608603","name":"Eros Sweets","category":"food","subtype":"shop=confectionery","source":"osm"}},{"type":"Feature","geometry":{"type":"Point","coordinates":[72.874476,19.211577]},"properties":{"id":"osm:node/4351002091","name":"Peetuk","category":"food","subtype":"amenity=restaurant","source":"osm","opening_hours":"Mo-Su 00:00-23:00","cuisine":"indian","phone":"9870126912"}},{"type":"Feature","geometry":{"type":"Point","coordinates":[72.969908,19.204244]},"properties":{"id":"osm:node/4369113591","name":"Bombay Barbeque","category":"food","subtype":"amenity=restaurant","source":"osm"}},{"type":"Feature","geometry":{"type":"Point","coordinates":[72.908542,19.073283]},"properties":{"id":"osm:node/4373090598","name":"puspa vihar hotel","category":"food","subtype":"amenity=fast_food","source":"osm","phone":"+91 22-25067258"}},{"type":"Feature","geometry":{"type":"Point","coordinates":[72.884812,19.106021]},"properties":{"id":"osm:node/4396299596","name":"McDonalds","category":"food","subtype":"amenity=fast_food","source":"osm"}},{"type":"Feature","geometry":{"type":"Point","coordinates":[72.8709,19.111334]},"properties":{"id":"osm:node/4396299691","name":"Apna Dhaba","category":"food","subtype":"amenity=restaurant","source":"osm"}},{"type":"Feature","geometry":{"type":"Point","coordinates":[72.908691,19.123007]},"properties":{"id":"osm:node/4406066889","name":"Karma","category":"food","subtype":"amenity=cafe","source":"osm","opening_hours":"Mo-Su 10:30-01:30","cuisine":"sandwich;breakfast;grill;french;coffee_shop;asian;chinese;pizza;diner;chicken;italian_pizza;indian"}},{"type":"Feature","geometry":{"type":"Point","coordinates":[72.840805,18.980162]},"properties":{"id":"osm:node/4426326390","name":"Bharat Bhuvan","category":"food","subtype":"amenity=restaurant","source":"osm"}},{"type":"Feature","geometry":{"type":"Point","coordinates":[72.983389,19.255376]},"properties":{"id":"osm:node/4460147089","name":"DCrepes","category":"food","subtype":"amenity=cafe","source":"osm"}},{"type":"Feature","geometry":{"type":"Point","coordinates":[72.834769,19.188845]},"properties":{"id":"osm:node/4483316091","name":"Jimis Burger","category":"food","subtype":"amenity=fast_food","source":"osm"}},{"type":"Feature","geometry":{"type":"Point","coordinates":[72.864888,19.044395]},"properties":{"id":"osm:node/4483787094","name":"Bikaner Sweets","category":"food","subtype":"shop=confectionery","source":"osm"}},{"type":"Feature","geometry":{"type":"Point","coordinates":[72.81165,18.998553]},"properties":{"id":"osm:node/4484180189","name":"MAFCO Farm Fair","category":"food","subtype":"amenity=fast_food","source":"osm"}},{"type":"Feature","geometry":{"type":"Point","coordinates":[72.964883,19.183609]},"properties":{"id":"osm:node/4505461589","name":"Fuel Fast Food","category":"food","subtype":"amenity=fast_food","source":"osm"}},{"type":"Feature","geometry":{"type":"Point","coordinates":[72.874303,19.096278]},"properties":{"id":"osm:node/4538233794","name":"Street Foods by Punjab Grill","category":"food","subtype":"amenity=fast_food","source":"osm","cuisine":"indian","level":"3"}},{"type":"Feature","geometry":{"type":"Point","coordinates":[72.87411,19.096085]},"properties":{"id":"osm:node/4538247791","name":"Pizza Hut","category":"food","subtype":"amenity=restaurant","source":"osm","cuisine":"pizza","level":"3"}},{"type":"Feature","geometry":{"type":"Point","coordinates":[72.874939,19.096152]},"properties":{"id":"osm:node/4538247792","name":"Burger King","category":"food","subtype":"amenity=fast_food","source":"osm","cuisine":"burger","level":"3"}},{"type":"Feature","geometry":{"type":"Point","coordinates":[72.874237,19.096208]},"properties":{"id":"osm:node/4538286592","name":"asia seven","category":"food","subtype":"amenity=fast_food","source":"osm","cuisine":"asian","level":"3"}},{"type":"Feature","geometry":{"type":"Point","coordinates":[72.874161,19.096151]},"properties":{"id":"osm:node/4538286593","name":"KFC","category":"food","subtype":"amenity=fast_food","source":"osm","cuisine":"chicken","level":"3"}},{"type":"Feature","geometry":{"type":"Point","coordinates":[72.874717,19.100212]},"properties":{"id":"osm:node/4538287491","name":"Starbucks","category":"food","subtype":"amenity=cafe","source":"osm","cuisine":"coffee_shop","level":"1"}},{"type":"Feature","geometry":{"type":"Point","coordinates":[72.963017,19.18951]},"properties":{"id":"osm:node/4541198592","name":"Saiemaa's","category":"food","subtype":"amenity=restaurant","source":"osm"}},{"type":"Feature","geometry":{"type":"Point","coordinates":[72.971159,19.187189]},"properties":{"id":"osm:node/4541228989","name":"Sai Shraddha","category":"food","subtype":"amenity=restaurant","source":"osm"}},{"type":"Feature","geometry":{"type":"Point","coordinates":[72.838028,18.938176]},"properties":{"id":"osm:node/4550908991","name":null,"category":"food","subtype":"amenity=restaurant","source":"osm"}},{"type":"Feature","geometry":{"type":"Point","coordinates":[72.839649,19.04006]},"properties":{"id":"osm:node/4560058190","name":"Usman Suleman Mithaiwala","category":"food","subtype":"shop=confectionery","source":"osm"}},{"type":"Feature","geometry":{"type":"Point","coordinates":[72.831894,18.925084]},"properties":{"id":"osm:node/4561291577","name":"Café Royal","category":"food","subtype":"amenity=restaurant","source":"osm"}},{"type":"Feature","geometry":{"type":"Point","coordinates":[72.842104,19.039061]},"properties":{"id":"osm:node/4569817394","name":"Sagar Sweets & Bakery","category":"food","subtype":"shop=confectionery","source":"osm","level":"0"}},{"type":"Feature","geometry":{"type":"Point","coordinates":[72.911354,19.1186]},"properties":{"id":"osm:node/4577112789","name":"KFC","category":"food","subtype":"amenity=fast_food","source":"osm","opening_hours":"Mo-Su 11:00-23:00","cuisine":"chicken","phone":"022 3399 4444"}},{"type":"Feature","geometry":{"type":"Point","coordinates":[72.961974,19.195474]},"properties":{"id":"osm:node/4585303205","name":"Pappu Da Dhaba","category":"food","subtype":"amenity=restaurant","source":"osm"}},{"type":"Feature","geometry":{"type":"Point","coordinates":[72.956645,19.175158]},"properties":{"id":"osm:node/4585356290","name":"FARSANI DUNIYA","category":"food","subtype":"amenity=fast_food","source":"osm"}},{"type":"Feature","geometry":{"type":"Point","coordinates":[72.950186,19.171542]},"properties":{"id":"osm:node/4585386593","name":"Achija","category":"food","subtype":"amenity=restaurant","source":"osm"}},{"type":"Feature","geometry":{"type":"Point","coordinates":[72.834093,19.059745]},"properties":{"id":"osm:node/4590509699","name":"Stomach","category":"food","subtype":"amenity=restaurant","source":"osm","cuisine":"chinese"}},{"type":"Feature","geometry":{"type":"Point","coordinates":[72.820504,19.126368]},"properties":{"id":"osm:node/4590912467","name":"Versova Social","category":"food","subtype":"amenity=restaurant","source":"osm"}},{"type":"Feature","geometry":{"type":"Point","coordinates":[72.8172,19.128472]},"properties":{"id":"osm:node/4590912468","name":"The Treesome Cafe","category":"food","subtype":"amenity=restaurant","source":"osm"}},{"type":"Feature","geometry":{"type":"Point","coordinates":[72.830832,19.064816]},"properties":{"id":"osm:node/4592165895","name":"Bombay Salad Co.","category":"food","subtype":"amenity=restaurant","source":"osm"}},{"type":"Feature","geometry":{"type":"Point","coordinates":[72.833204,18.938278]},"properties":{"id":"osm:node/4593013889","name":"The Goose and Gridiron","category":"food","subtype":"amenity=restaurant","source":"osm","cuisine":"grill;coffee_shop;asian;noodles;fish_and_chips;diner;chicken;italian_pizza;indian;curry;fish;french;friture;chinese;barbecue"}},{"type":"Feature","geometry":{"type":"Point","coordinates":[72.844184,18.964271]},"properties":{"id":"osm:node/4597702792","name":"WIBS Bakery","category":"food","subtype":"shop=bakery","source":"osm"}},{"type":"Feature","geometry":{"type":"Point","coordinates":[72.952624,19.206866]},"properties":{"id":"osm:node/4605864003","name":null,"category":"food","subtype":"amenity=restaurant","source":"osm"}},{"type":"Feature","geometry":{"type":"Point","coordinates":[72.863256,19.254745]},"properties":{"id":"osm:node/4621952489","name":"Bholenath Sweets & Farsan","category":"food","subtype":"shop=confectionery","source":"osm"}},{"type":"Feature","geometry":{"type":"Point","coordinates":[72.822754,18.926577]},"properties":{"id":"osm:node/4631640422","name":"Ristorante Prego","category":"food","subtype":"amenity=restaurant","source":"osm"}},{"type":"Feature","geometry":{"type":"Point","coordinates":[72.869726,19.103825]},"properties":{"id":"osm:node/4657210592","name":"Peshawri","category":"food","subtype":"amenity=restaurant","source":"osm"}},{"type":"Feature","geometry":{"type":"Point","coordinates":[72.81342,18.96649]},"properties":{"id":"osm:node/4657376591","name":"Swati snacks","category":"food","subtype":"amenity=restaurant","source":"osm","opening_hours":"Mo-Su 11:45-22:45","cuisine":"indian","phone":"022 6580 8406"}},{"type":"Feature","geometry":{"type":"Point","coordinates":[72.960652,19.169497]},"properties":{"id":"osm:node/4658634193","name":"Shubhangi","category":"food","subtype":"amenity=restaurant","source":"osm"}},{"type":"Feature","geometry":{"type":"Point","coordinates":[72.82828,18.9511]},"properties":{"id":"osm:node/4658636589","name":"Shree Thaker Bhojanalay","category":"food","subtype":"amenity=restaurant","source":"osm","cuisine":"gujarati","phone":"+912222069916"}},{"type":"Feature","geometry":{"type":"Point","coordinates":[72.916381,19.275326]},"properties":{"id":"osm:node/4659330140","name":"Borivali Biryani Centre 4.0","category":"food","subtype":"amenity=restaurant","source":"osm","cuisine":"indian"}},{"type":"Feature","geometry":{"type":"Point","coordinates":[72.916732,19.275999]},"properties":{"id":"osm:node/4659330141","name":"Hotel Surekha Family Restaurant & Bar","category":"food","subtype":"amenity=restaurant","source":"osm"}},{"type":"Feature","geometry":{"type":"Point","coordinates":[72.846995,19.056766]},"properties":{"id":"osm:node/4659828293","name":"Highway Gomantak","category":"food","subtype":"amenity=restaurant","source":"osm","cuisine":"seafood"}},{"type":"Feature","geometry":{"type":"Point","coordinates":[72.834371,18.929129]},"properties":{"id":"osm:node/4663402302","name":"1441 Pizzeria","category":"food","subtype":"amenity=fast_food","source":"osm"}},{"type":"Feature","geometry":{"type":"Point","coordinates":[72.833554,18.933079]},"properties":{"id":"osm:node/4663402394","name":"Yazdani Restaurant & Bakery","category":"food","subtype":"amenity=restaurant","source":"osm","cuisine":"persian"}},{"type":"Feature","geometry":{"type":"Point","coordinates":[72.863442,19.107958]},"properties":{"id":"osm:node/4672154389","name":"Nagpal Restaurant","category":"food","subtype":"amenity=restaurant","source":"osm","cuisine":"indian"}},{"type":"Feature","geometry":{"type":"Point","coordinates":[72.851712,19.028016]},"properties":{"id":"osm:node/4674771690","name":"Ram Ashray South Indian","category":"food","subtype":"amenity=restaurant","source":"osm","opening_hours":"Mo-Su,PH 05:00-21:00","wheelchair":"limited","cuisine":"south_indian","phone":"+91-22-2410-2623","level":"0"}},{"type":"Feature","geometry":{"type":"Point","coordinates":[72.841178,19.028296]},"properties":{"id":"osm:node/4674815089","name":"cafe trofima","category":"food","subtype":"amenity=cafe","source":"osm","opening_hours":"Mo-Su 10:00-22:00","cuisine":"pizza"}},{"type":"Feature","geometry":{"type":"Point","coordinates":[72.835022,18.953197]},"properties":{"id":"osm:node/4676989392","name":"New Jai Hind Restaurant","category":"food","subtype":"amenity=restaurant","source":"osm","cuisine":"local"}},{"type":"Feature","geometry":{"type":"Point","coordinates":[72.823881,18.933294]},"properties":{"id":"osm:node/4678083190","name":"Pizza By The Bay","category":"food","subtype":"amenity=restaurant","source":"osm","opening_hours":"Mo-Su 07:00-00:30","cuisine":"pizza;pasta;sandwich"}},{"type":"Feature","geometry":{"type":"Point","coordinates":[72.834279,18.93818]},"properties":{"id":"osm:node/4695132801","name":"Burger King","category":"food","subtype":"amenity=fast_food","source":"osm","operator":"Burger King","cuisine":"burger"}},{"type":"Feature","geometry":{"type":"Point","coordinates":[72.840586,19.02565]},"properties":{"id":"osm:node/4705646991","name":"Aaswad","category":"food","subtype":"amenity=restaurant","source":"osm","cuisine":"indian"}},{"type":"Feature","geometry":{"type":"Point","coordinates":[72.835849,18.934466]},"properties":{"id":"osm:node/4712811391","name":"Pure veg cafe","category":"food","subtype":"amenity=cafe","source":"osm"}},{"type":"Feature","geometry":{"type":"Point","coordinates":[72.835008,19.063535]},"properties":{"id":"osm:node/4713460904","name":"Burger King","category":"food","subtype":"amenity=fast_food","source":"osm","opening_hours":"Mo-Su 07:00-04:00","operator":"Burger King","cuisine":"burger"}},{"type":"Feature","geometry":{"type":"Point","coordinates":[72.875536,19.1098]},"properties":{"id":"osm:node/4724820293","name":"New Airport Restaurant","category":"food","subtype":"amenity=restaurant","source":"osm","phone":"+91 22-29255552"}},{"type":"Feature","geometry":{"type":"Point","coordinates":[72.834183,18.948058]},"properties":{"id":"osm:node/4727484289","name":"Hotel Sadanand","category":"food","subtype":"amenity=restaurant","source":"osm","opening_hours":"Su off","wheelchair":"limited","cuisine":"indian","level":"0;1"}},{"type":"Feature","geometry":{"type":"Point","coordinates":[72.951477,19.170349]},"properties":{"id":"osm:node/4730516853","name":"Jai Ambe Fast food","category":"food","subtype":"amenity=fast_food","source":"osm"}},{"type":"Feature","geometry":{"type":"Point","coordinates":[72.825887,19.048631]},"properties":{"id":"osm:node/4736442881","name":"Morii Cafe","category":"food","subtype":"amenity=cafe","source":"osm"}},{"type":"Feature","geometry":{"type":"Point","coordinates":[72.825875,19.048569]},"properties":{"id":"osm:node/4736444239","name":"Taj Mahal Tea House","category":"food","subtype":"amenity=cafe","source":"osm"}},{"type":"Feature","geometry":{"type":"Point","coordinates":[72.829569,19.000387]},"properties":{"id":"osm:node/4742740224","name":"Barking Deer","category":"food","subtype":"amenity=restaurant","source":"osm"}},{"type":"Feature","geometry":{"type":"Point","coordinates":[72.837998,19.029304]},"properties":{"id":"osm:node/4753990521","name":"Barista","category":"food","subtype":"amenity=cafe","source":"osm","cuisine":"coffee_shop"}},{"type":"Feature","geometry":{"type":"Point","coordinates":[72.82147,18.924478]},"properties":{"id":"osm:node/4756724223","name":"Status","category":"food","subtype":"amenity=restaurant","source":"osm","cuisine":"indian"}},{"type":"Feature","geometry":{"type":"Point","coordinates":[72.8461,19.098196]},"properties":{"id":"osm:node/4759553023","name":"Shiv Sagar Hotel","category":"food","subtype":"amenity=restaurant","source":"osm"}},{"type":"Feature","geometry":{"type":"Point","coordinates":[72.93895,19.167038]},"properties":{"id":"osm:node/4760409752","name":"Shanghai Restro","category":"food","subtype":"amenity=restaurant","source":"osm","opening_hours":"24/7","cuisine":"italian"}},{"type":"Feature","geometry":{"type":"Point","coordinates":[72.907321,19.119836]},"properties":{"id":"osm:node/4761353922","name":"The Nutcracker","category":"food","subtype":"amenity=restaurant","source":"osm","opening_hours":"08:00-00:00","cuisine":"coffee_shop;breakfast","phone":"+91 9137159450"}},{"type":"Feature","geometry":{"type":"Point","coordinates":[72.813676,18.962591]},"properties":{"id":"osm:node/4769540160","name":"Adarsh Mithai Mandir","category":"food","subtype":"shop=confectionery","source":"osm"}},{"type":"Feature","geometry":{"type":"Point","coordinates":[72.951682,19.177843]},"properties":{"id":"osm:node/4787959723","name":null,"category":"food","subtype":"amenity=restaurant","source":"osm"}},{"type":"Feature","geometry":{"type":"Point","coordinates":[72.958934,19.169508]},"properties":{"id":"osm:node/4791178922","name":"Domino's Piza","category":"food","subtype":"amenity=restaurant","source":"osm"}},{"type":"Feature","geometry":{"type":"Point","coordinates":[72.833845,18.933585]},"properties":{"id":"osm:node/4797704421","name":"Lalit Veg","category":"food","subtype":"amenity=restaurant","source":"osm"}},{"type":"Feature","geometry":{"type":"Point","coordinates":[72.835026,18.933779]},"properties":{"id":"osm:node/4801871623","name":"philips","category":"food","subtype":"amenity=cafe","source":"osm"}},{"type":"Feature","geometry":{"type":"Point","coordinates":[72.838063,18.938288]},"properties":{"id":"osm:node/4801932927","name":"Farhang Restaurant","category":"food","subtype":"amenity=restaurant","source":"osm"}},{"type":"Feature","geometry":{"type":"Point","coordinates":[72.976965,19.187502]},"properties":{"id":"osm:node/4809630322","name":"KUNJVIHAR","category":"food","subtype":"amenity=restaurant","source":"osm"}},{"type":"Feature","geometry":{"type":"Point","coordinates":[72.832101,18.930186]},"properties":{"id":"osm:node/4810053222","name":"Theobroma","category":"food","subtype":"shop=pastry","source":"osm"}},{"type":"Feature","geometry":{"type":"Point","coordinates":[72.842816,19.039023]},"properties":{"id":"osm:node/4821879686","name":"Irani Cafe","category":"food","subtype":"amenity=cafe","source":"osm"}},{"type":"Feature","geometry":{"type":"Point","coordinates":[72.845981,19.039831]},"properties":{"id":"osm:node/4821879687","name":"Monjinis Cake Shop","category":"food","subtype":"shop=bakery","source":"osm"}},{"type":"Feature","geometry":{"type":"Point","coordinates":[72.845265,19.039667]},"properties":{"id":"osm:node/4821879688","name":"Iyengar Bakery","category":"food","subtype":"shop=bakery","source":"osm"}},{"type":"Feature","geometry":{"type":"Point","coordinates":[72.845316,19.039474]},"properties":{"id":"osm:node/4821879689","name":null,"category":"food","subtype":"amenity=restaurant","source":"osm"}},{"type":"Feature","geometry":{"type":"Point","coordinates":[72.962006,19.174397]},"properties":{"id":"osm:node/4836875721","name":"Hari Om","category":"food","subtype":"shop=confectionery","source":"osm"}},{"type":"Feature","geometry":{"type":"Point","coordinates":[72.961702,19.173122]},"properties":{"id":"osm:node/4836875722","name":"Ayengar Bakery","category":"food","subtype":"shop=bakery","source":"osm"}},{"type":"Feature","geometry":{"type":"Point","coordinates":[72.827107,18.981332]},"properties":{"id":"osm:node/4839324927","name":"Cafe national","category":"food","subtype":"amenity=fast_food","source":"osm","cuisine":"chinese;chicken;indian;barbecue;local","phone":"9892703835"}},{"type":"Feature","geometry":{"type":"Point","coordinates":[72.82697,18.981421]},"properties":{"id":"osm:node/4839325526","name":"Pizza sandwich","category":"food","subtype":"amenity=fast_food","source":"osm"}},{"type":"Feature","geometry":{"type":"Point","coordinates":[72.811187,18.978365]},"properties":{"id":"osm:node/4839325527","name":"Haji Ali Juice Centre","category":"food","subtype":"amenity=restaurant","source":"osm","cuisine":"ice_cream;italian_pizza;indian;local","phone":"+91-22-2351-7632"}},{"type":"Feature","geometry":{"type":"Point","coordinates":[72.832768,18.924215]},"properties":{"id":"osm:node/4841690923","name":"Subway","category":"food","subtype":"amenity=fast_food","source":"osm","cuisine":"sandwich"}},{"type":"Feature","geometry":{"type":"Point","coordinates":[72.830422,18.91873]},"properties":{"id":"osm:node/4841690924","name":"Cafe basilico","category":"food","subtype":"amenity=cafe","source":"osm"}},{"type":"Feature","geometry":{"type":"Point","coordinates":[72.832379,18.923976]},"properties":{"id":"osm:node/4841690927","name":"Baskin-Robbins","category":"food","subtype":"amenity=ice_cream","source":"osm","cuisine":"ice_cream"}},{"type":"Feature","geometry":{"type":"Point","coordinates":[72.830327,18.918528]},"properties":{"id":"osm:node/4841695622","name":"Cafe Coffee Day","category":"food","subtype":"amenity=cafe","source":"osm","cuisine":"coffee_shop"}},{"type":"Feature","geometry":{"type":"Point","coordinates":[72.830938,18.918424]},"properties":{"id":"osm:node/4841695627","name":"Mezban","category":"food","subtype":"amenity=restaurant","source":"osm"}},{"type":"Feature","geometry":{"type":"Point","coordinates":[72.829648,18.918678]},"properties":{"id":"osm:node/4841716121","name":"Food plaza","category":"food","subtype":"amenity=restaurant","source":"osm"}},{"type":"Feature","geometry":{"type":"Point","coordinates":[72.833292,18.923823]},"properties":{"id":"osm:node/4841716421","name":"Kebab Gunj","category":"food","subtype":"amenity=fast_food","source":"osm"}},{"type":"Feature","geometry":{"type":"Point","coordinates":[72.833357,18.924182]},"properties":{"id":"osm:node/4841716621","name":"Alibaba","category":"food","subtype":"amenity=restaurant","source":"osm"}},{"type":"Feature","geometry":{"type":"Point","coordinates":[72.830799,18.918463]},"properties":{"id":"osm:node/4841716623","name":"Mezban","category":"food","subtype":"amenity=restaurant","source":"osm"}},{"type":"Feature","geometry":{"type":"Point","coordinates":[72.820845,18.953995]},"properties":{"id":"osm:node/4844675136","name":null,"category":"food","subtype":"shop=bakery","source":"osm"}},{"type":"Feature","geometry":{"type":"Point","coordinates":[72.817401,18.953079]},"properties":{"id":"osm:node/4844675138","name":"Thali","category":"food","subtype":"amenity=restaurant","source":"osm"}},{"type":"Feature","geometry":{"type":"Point","coordinates":[72.815209,18.95434]},"properties":{"id":"osm:node/4844675139","name":"Paramount","category":"food","subtype":"amenity=restaurant","source":"osm"}},{"type":"Feature","geometry":{"type":"Point","coordinates":[72.816758,18.953413]},"properties":{"id":"osm:node/4844675326","name":"Domino's","category":"food","subtype":"amenity=fast_food","source":"osm","cuisine":"pizza"}},{"type":"Feature","geometry":{"type":"Point","coordinates":[72.834819,18.949792]},"properties":{"id":"osm:node/4844717522","name":"Patel Restaurant","category":"food","subtype":"amenity=fast_food","source":"osm"}},{"type":"Feature","geometry":{"type":"Point","coordinates":[72.864814,19.04533]},"properties":{"id":"osm:node/4844717543","name":"Aparna","category":"food","subtype":"amenity=restaurant","source":"osm"}},{"type":"Feature","geometry":{"type":"Point","coordinates":[72.842222,19.038868]},"properties":{"id":"osm:node/4846878576","name":"And Chillis","category":"food","subtype":"amenity=restaurant","source":"osm","phone":"022 2446 2483"}},{"type":"Feature","geometry":{"type":"Point","coordinates":[72.846106,19.04092]},"properties":{"id":"osm:node/4848782875","name":"Third Wave Coffee Roasters","category":"food","subtype":"amenity=cafe","source":"osm","cuisine":"coffee_shop"}},{"type":"Feature","geometry":{"type":"Point","coordinates":[72.977552,19.230274]},"properties":{"id":"osm:node/4863813821","name":"The KKP Restaurant","category":"food","subtype":"amenity=restaurant","source":"osm"}},{"type":"Feature","geometry":{"type":"Point","coordinates":[72.938789,19.168093]},"properties":{"id":"osm:node/4869873726","name":"Secret Spice","category":"food","subtype":"amenity=restaurant","source":"osm"}},{"type":"Feature","geometry":{"type":"Point","coordinates":[72.843524,19.202048]},"properties":{"id":"osm:node/4871078093","name":"Huckleberry's","category":"food","subtype":"shop=pastry","source":"osm"}},{"type":"Feature","geometry":{"type":"Point","coordinates":[72.842341,19.213115]},"properties":{"id":"osm:node/4871110562","name":"Starbucks","category":"food","subtype":"amenity=cafe","source":"osm","opening_hours":"Mo-Su 08:00-00:00","wheelchair":"no","cuisine":"coffee_shop","phone":"073044 75255","level":"0"}},{"type":"Feature","geometry":{"type":"Point","coordinates":[72.841034,19.223044]},"properties":{"id":"osm:node/4875167104","name":"Cafe Coffee Day","category":"food","subtype":"amenity=cafe","source":"osm","cuisine":"coffee_shop"}},{"type":"Feature","geometry":{"type":"Point","coordinates":[72.812796,18.965301]},"properties":{"id":"osm:node/4900246921","name":"Amar Restaurant","category":"food","subtype":"amenity=restaurant","source":"osm","opening_hours":"Mo-Su 09:00-00:00","cuisine":"indian","phone":"23854153"}},{"type":"Feature","geometry":{"type":"Point","coordinates":[72.810858,18.962921]},"properties":{"id":"osm:node/4901027721","name":"New Ideal","category":"food","subtype":"amenity=restaurant","source":"osm"}},{"type":"Feature","geometry":{"type":"Point","coordinates":[72.833318,19.140495]},"properties":{"id":"osm:node/4924405451","name":"Off The Grid","category":"food","subtype":"amenity=restaurant","source":"osm","cuisine":"italian"}},{"type":"Feature","geometry":{"type":"Point","coordinates":[72.8128,18.960628]},"properties":{"id":"osm:node/4925487421","name":"Happiness Deli","category":"food","subtype":"shop=bakery","source":"osm","opening_hours":"Mo-Su 10:00-00:00","phone":"+91-22-23891834"}},{"type":"Feature","geometry":{"type":"Point","coordinates":[72.813518,18.966603]},"properties":{"id":"osm:node/4929463264","name":"Baskin-Robbins","category":"food","subtype":"amenity=ice_cream","source":"osm","opening_hours":"Mo-Su 11:00-00:00","cuisine":"ice_cream","phone":"022 2353 1634"}},{"type":"Feature","geometry":{"type":"Point","coordinates":[72.813161,18.962049]},"properties":{"id":"osm:node/4937125521","name":"Shree Krishna Vegetarian Restaurant","category":"food","subtype":"amenity=restaurant","source":"osm","opening_hours":"Mo-Su 07:00-00:00","cuisine":"indian","phone":"022 2386 7544"}},{"type":"Feature","geometry":{"type":"Point","coordinates":[72.819234,19.130351]},"properties":{"id":"osm:node/4951478455","name":null,"category":"food","subtype":"amenity=fast_food","source":"osm"}},{"type":"Feature","geometry":{"type":"Point","coordinates":[72.835549,19.136022]},"properties":{"id":"osm:node/4951965621","name":"Hard Rock Cafe","category":"food","subtype":"amenity=restaurant","source":"osm","cuisine":"american"}},{"type":"Feature","geometry":{"type":"Point","coordinates":[73.014006,19.003397]},"properties":{"id":"osm:node/4956391292","name":"Club Restaurant","category":"food","subtype":"amenity=cafe","source":"osm"}},{"type":"Feature","geometry":{"type":"Point","coordinates":[72.858643,19.111295]},"properties":{"id":"osm:node/4967349621","name":"Teatro Restaurant & Bar","category":"food","subtype":"amenity=restaurant","source":"osm","cuisine":"indian"}},{"type":"Feature","geometry":{"type":"Point","coordinates":[72.820733,19.12661]},"properties":{"id":"osm:node/4970562243","name":"One Point Six","category":"food","subtype":"amenity=cafe","source":"osm","cuisine":"cafe;salad"}},{"type":"Feature","geometry":{"type":"Point","coordinates":[72.84741,19.230165]},"properties":{"id":"osm:node/4984096521","name":"Simply Saraswat","category":"food","subtype":"amenity=restaurant","source":"osm","wheelchair":"no","cuisine":"south_indian"}},{"type":"Feature","geometry":{"type":"Point","coordinates":[72.840648,19.220481]},"properties":{"id":"osm:node/4992776043","name":"Sattva","category":"food","subtype":"amenity=restaurant","source":"osm"}},{"type":"Feature","geometry":{"type":"Point","coordinates":[72.85231,19.060927]},"properties":{"id":"osm:node/5019364624","name":"Garam Masala","category":"food","subtype":"amenity=restaurant","source":"osm","opening_hours":"Mo-Su 12:00-23:00"}},{"type":"Feature","geometry":{"type":"Point","coordinates":[72.815016,18.972423]},"properties":{"id":"osm:node/5037185424","name":"Balaji Fast Food","category":"food","subtype":"amenity=fast_food","source":"osm","opening_hours":"Mo-Su 11:00-23:00","phone":"+919833434086 +919833434084"}},{"type":"Feature","geometry":{"type":"Point","coordinates":[72.814882,18.972752]},"properties":{"id":"osm:node/5057399791","name":"Maji Sagar","category":"food","subtype":"amenity=restaurant","source":"osm","opening_hours":"Mo-Su 09:00-00:00","cuisine":"indian","phone":"022 2352 9987"}},{"type":"Feature","geometry":{"type":"Point","coordinates":[72.815722,18.956949]},"properties":{"id":"osm:node/5085177523","name":"Vanakkam Vihar","category":"food","subtype":"amenity=restaurant","source":"osm","cuisine":"south_Indian"}},{"type":"Feature","geometry":{"type":"Point","coordinates":[72.815946,18.956456]},"properties":{"id":"osm:node/5090943810","name":"Tewari Brothers Mithaiwala","category":"food","subtype":"amenity=restaurant","source":"osm","opening_hours":"Mo-Su 08:00-21:30","cuisine":"indian","phone":"+91-7666235386"}},{"type":"Feature","geometry":{"type":"Point","coordinates":[72.916419,19.132621]},"properties":{"id":"osm:node/5107315433","name":"Civil Café","category":"food","subtype":"amenity=cafe","source":"osm","level":"3"}},{"type":"Feature","geometry":{"type":"Point","coordinates":[72.941366,19.172746]},"properties":{"id":"osm:node/5126350906","name":"Love and Latte","category":"food","subtype":"amenity=cafe","source":"osm"}},{"type":"Feature","geometry":{"type":"Point","coordinates":[72.831377,19.02052]},"properties":{"id":"osm:node/5209809870","name":"Ashok Vada Pav","category":"food","subtype":"amenity=fast_food","source":"osm","opening_hours":"Mo-Sa 11:00-21:30","phone":"+91-82-2105-0211"}},{"type":"Feature","geometry":{"type":"Point","coordinates":[72.832442,18.92291]},"properties":{"id":"osm:node/5209844942","name":"बगदादी रेस्टोरेंट","category":"food","subtype":"amenity=restaurant","source":"osm","opening_hours":"Mo-Su 07:00-14:00","cuisine":"chicken;indian;local","phone":"+91-22-2202-8027"}},{"type":"Feature","geometry":{"type":"Point","coordinates":[72.831552,19.065371]},"properties":{"id":"osm:node/5219517685","name":"Karachi Bakery","category":"food","subtype":"shop=bakery","source":"osm","operator":"Karachi Bakery"}},{"type":"Feature","geometry":{"type":"Point","coordinates":[72.930437,18.967929]},"properties":{"id":"osm:node/5221682035","name":"(grilled corn)","category":"food","subtype":"amenity=fast_food","source":"osm"}},{"type":"Feature","geometry":{"type":"Point","coordinates":[72.842203,19.02329]},"properties":{"id":"osm:node/5221682036","name":"Gomantak Boarding House","category":"food","subtype":"amenity=restaurant","source":"osm","phone":"+91-22-2430-5631"}},{"type":"Feature","geometry":{"type":"Point","coordinates":[72.832245,18.957813]},"properties":{"id":"osm:node/5221682037","name":"Noor Mohammadi Hotel","category":"food","subtype":"amenity=restaurant","source":"osm","phone":"+91-22-2345-6008"}},{"type":"Feature","geometry":{"type":"Point","coordinates":[72.833134,19.055851]},"properties":{"id":"osm:node/5221726505","name":"Elco Restaurant","category":"food","subtype":"amenity=restaurant","source":"osm","phone":"+91-22-6587-7171"}},{"type":"Feature","geometry":{"type":"Point","coordinates":[72.834667,19.06425]},"properties":{"id":"osm:node/5221726506","name":"Jai Jawan","category":"food","subtype":"amenity=restaurant","source":"osm","phone":"+91 22 6559 2112"}},{"type":"Feature","geometry":{"type":"Point","coordinates":[72.831287,19.05274]},"properties":{"id":"osm:node/5235470994","name":"Ice and Spice","category":"food","subtype":"amenity=restaurant","source":"osm","cuisine":"chinese"}},{"type":"Feature","geometry":{"type":"Point","coordinates":[72.82669,19.05046]},"properties":{"id":"osm:node/5238414919","name":"Basque by Breve","category":"food","subtype":"amenity=cafe","source":"osm","phone":"02226487806"}},{"type":"Feature","geometry":{"type":"Point","coordinates":[72.823898,19.052162]},"properties":{"id":"osm:node/5238415240","name":"Snowbite","category":"food","subtype":"amenity=ice_cream","source":"osm","opening_hours":"Mo-Su 11:00-00:00","phone":"022 2651 0031"}},{"type":"Feature","geometry":{"type":"Point","coordinates":[72.828337,19.051523]},"properties":{"id":"osm:node/5245907847","name":"Sweet Bengal","category":"food","subtype":"shop=confectionery","source":"osm","cuisine":"dessert"}},{"type":"Feature","geometry":{"type":"Point","coordinates":[72.829995,19.049621]},"properties":{"id":"osm:node/5246971906","name":"Desiré the Cake Studio","category":"food","subtype":"shop=pastry","source":"osm"}},{"type":"Feature","geometry":{"type":"Point","coordinates":[72.829869,19.049554]},"properties":{"id":"osm:node/5246971908","name":"Candies","category":"food","subtype":"amenity=cafe","source":"osm","phone":"02226423512"}},{"type":"Feature","geometry":{"type":"Point","coordinates":[72.829376,19.049285]},"properties":{"id":"osm:node/5246971911","name":"Ferry Wharf","category":"food","subtype":"amenity=restaurant","source":"osm","opening_hours":"Mo-Su 11:00-15:30, 19:00-00:30","cuisine":"seafood","phone":"022 2641 0401"}},{"type":"Feature","geometry":{"type":"Point","coordinates":[72.828512,19.051784]},"properties":{"id":"osm:node/5256568273","name":"Dias Bakery","category":"food","subtype":"shop=bakery","source":"osm"}},{"type":"Feature","geometry":{"type":"Point","coordinates":[72.827548,19.05088]},"properties":{"id":"osm:node/5256637205","name":"Venus Cake Shop","category":"food","subtype":"shop=pastry","source":"osm"}},{"type":"Feature","geometry":{"type":"Point","coordinates":[72.827496,19.050839]},"properties":{"id":"osm:node/5256637207","name":"Rejoyce the Cake Gallery","category":"food","subtype":"shop=pastry","source":"osm"}},{"type":"Feature","geometry":{"type":"Point","coordinates":[72.825871,19.048246]},"properties":{"id":"osm:node/5256641022","name":"Domino's","category":"food","subtype":"amenity=fast_food","source":"osm","operator":"Domino's Pizza","cuisine":"pizza","phone":"022 6888 6888"}},{"type":"Feature","geometry":{"type":"Point","coordinates":[72.819628,19.04689]},"properties":{"id":"osm:node/5257269338","name":"Sai Samudra","category":"food","subtype":"amenity=fast_food","source":"osm"}},{"type":"Feature","geometry":{"type":"Point","coordinates":[72.820069,19.047516]},"properties":{"id":"osm:node/5257269351","name":"Barista","category":"food","subtype":"amenity=cafe","source":"osm","cuisine":"coffee_shop"}},{"type":"Feature","geometry":{"type":"Point","coordinates":[72.824945,19.054504]},"properties":{"id":"osm:node/5258342076","name":"Ayaz's The Kebab Palace","category":"food","subtype":"amenity=fast_food","source":"osm","cuisine":"kebab"}},{"type":"Feature","geometry":{"type":"Point","coordinates":[72.825938,19.054625]},"properties":{"id":"osm:node/5258342084","name":"Kobe Sizzlers","category":"food","subtype":"amenity=restaurant","source":"osm","cuisine":"sizzler"}},{"type":"Feature","geometry":{"type":"Point","coordinates":[72.837705,18.938003]},"properties":{"id":"osm:node/5263811023","name":"Sher-e-Punjab","category":"food","subtype":"amenity=restaurant","source":"osm","cuisine":"indian"}},{"type":"Feature","geometry":{"type":"Point","coordinates":[72.873334,19.2121]},"properties":{"id":"osm:node/5268302353","name":"Domino's","category":"food","subtype":"amenity=fast_food","source":"osm","opening_hours":"Mo-Su 11:00-01:00","cuisine":"pizza","phone":"022-68886888, 1860-210-0000"}},{"type":"Feature","geometry":{"type":"Point","coordinates":[72.872656,19.208586]},"properties":{"id":"osm:node/5268302358","name":"Pizza Hut","category":"food","subtype":"amenity=restaurant","source":"osm","opening_hours":"11:00 - 23:00","cuisine":"pizza"}},{"type":"Feature","geometry":{"type":"Point","coordinates":[72.830634,19.054038]},"properties":{"id":"osm:node/5270763675","name":"Jimme's Kitchen","category":"food","subtype":"amenity=restaurant","source":"osm","cuisine":"chinese"}},{"type":"Feature","geometry":{"type":"Point","coordinates":[72.830694,19.055162]},"properties":{"id":"osm:node/5270763697","name":"Bawa Zest by Cheron","category":"food","subtype":"shop=bakery","source":"osm"}},{"type":"Feature","geometry":{"type":"Point","coordinates":[72.829475,19.059258]},"properties":{"id":"osm:node/5273194232","name":"Sahibaan","category":"food","subtype":"amenity=restaurant","source":"osm","cuisine":"chinese","phone":"022 3296 9618"}},{"type":"Feature","geometry":{"type":"Point","coordinates":[72.871119,19.111755]},"properties":{"id":"osm:node/5273498727","name":"Apna dhaba","category":"food","subtype":"amenity=restaurant","source":"osm"}},{"type":"Feature","geometry":{"type":"Point","coordinates":[72.874461,19.096475]},"properties":{"id":"osm:node/5276935422","name":"Irani Cafe","category":"food","subtype":"amenity=cafe","source":"osm"}},{"type":"Feature","geometry":{"type":"Point","coordinates":[72.824601,19.063215]},"properties":{"id":"osm:node/5277163839","name":"New Sunrise Restaurant","category":"food","subtype":"amenity=restaurant","source":"osm","opening_hours":"Mo-Su 07:00-23:30","phone":"+91 22 2600 0310"}},{"type":"Feature","geometry":{"type":"Point","coordinates":[72.824753,19.063081]},"properties":{"id":"osm:node/5277423229","name":"Yugo Sushi","category":"food","subtype":"amenity=restaurant","source":"osm","opening_hours":"Tu-Su 12:00-23:00","wheelchair":"no","cuisine":"japanese;sushi;sushi_rolls","phone":"+91 97692 53378"}},{"type":"Feature","geometry":{"type":"Point","coordinates":[72.824975,19.063106]},"properties":{"id":"osm:node/5277435362","name":"Seeds of Life","category":"food","subtype":"amenity=cafe","source":"osm","opening_hours":"Mo-Su 11:00-23:00","phone":"+91 98924 29167"}},{"type":"Feature","geometry":{"type":"Point","coordinates":[72.870741,19.130893]},"properties":{"id":"osm:node/5279599224","name":"HOTEL NITYANAND","category":"food","subtype":"amenity=restaurant","source":"osm"}},{"type":"Feature","geometry":{"type":"Point","coordinates":[72.824354,19.060469]},"properties":{"id":"osm:node/5281312529","name":"Blue Tokai Coffee Roasters","category":"food","subtype":"amenity=cafe","source":"osm","opening_hours":"Mo-Su 09:00-22:00","wheelchair":"no","description":"Shop No. 1 Mayflower Building \n33 New Kant Wadi Lane, Perry Road,\nBandra West, Mumbai, Maharashtra 400050 \n+91 22 3014 9700","cuisine":"coffee_shop","phone":"+91 90825 66400"}},{"type":"Feature","geometry":{"type":"Point","coordinates":[72.827126,19.097954]},"properties":{"id":"osm:node/5282101321","name":"Bora Bora","category":"food","subtype":"amenity=restaurant","source":"osm"}},{"type":"Feature","geometry":{"type":"Point","coordinates":[72.813766,18.95542]},"properties":{"id":"osm:node/5283982922","name":"Third Wave Coffee","category":"food","subtype":"amenity=cafe","source":"osm"}},{"type":"Feature","geometry":{"type":"Point","coordinates":[72.835741,18.932785]},"properties":{"id":"osm:node/5284580931","name":"Café Choco Craze  (Town Hall Restaurant)","category":"food","subtype":"amenity=cafe","source":"osm","cuisine":"burger;sandwich;italian_pizza;pizza;coffee_shop;ice_cream"}},{"type":"Feature","geometry":{"type":"Point","coordinates":[72.832462,18.928087]},"properties":{"id":"osm:node/5287626235","name":"Bake House Cafe","category":"food","subtype":"amenity=cafe","source":"osm"}},{"type":"Feature","geometry":{"type":"Point","coordinates":[72.82966,19.062315]},"properties":{"id":"osm:node/5293432922","name":"Lashkara","category":"food","subtype":"amenity=restaurant","source":"osm"}},{"type":"Feature","geometry":{"type":"Point","coordinates":[72.832428,18.923681]},"properties":{"id":"osm:node/5300321221","name":"Ling's Pavilion","category":"food","subtype":"amenity=restaurant","source":"osm","opening_hours":"Mo-Su 12:00-18:00","cuisine":"chinese"}},{"type":"Feature","geometry":{"type":"Point","coordinates":[72.830903,18.960092]},"properties":{"id":"osm:node/5302911022","name":"Tawakkal sweets","category":"food","subtype":"shop=confectionery","source":"osm"}},{"type":"Feature","geometry":{"type":"Point","coordinates":[72.914718,19.133425]},"properties":{"id":"osm:node/5304409435","name":"dhaba","category":"food","subtype":"amenity=fast_food","source":"osm"}},{"type":"Feature","geometry":{"type":"Point","coordinates":[72.828941,18.938134]},"properties":{"id":"osm:node/5304605321","name":"Khau galli","category":"food","subtype":"amenity=fast_food","source":"osm"}},{"type":"Feature","geometry":{"type":"Point","coordinates":[72.837994,19.195632]},"properties":{"id":"osm:node/5313133351","name":"Cherry’s Kitchen","category":"food","subtype":"amenity=restaurant","source":"osm","cuisine":"Kerala"}},{"type":"Feature","geometry":{"type":"Point","coordinates":[72.831944,18.931062]},"properties":{"id":"osm:node/5331030022","name":"Welcome Restaurant - Pure veg","category":"food","subtype":"amenity=restaurant","source":"osm","cuisine":"indian"}},{"type":"Feature","geometry":{"type":"Point","coordinates":[72.833044,18.930815]},"properties":{"id":"osm:node/5331030222","name":"cafe chilkory","category":"food","subtype":"amenity=restaurant","source":"osm","cuisine":"indian"}},{"type":"Feature","geometry":{"type":"Point","coordinates":[72.811911,18.976903]},"properties":{"id":"osm:node/5353598421","name":"Kanishka","category":"food","subtype":"amenity=restaurant","source":"osm"}},{"type":"Feature","geometry":{"type":"Point","coordinates":[73.014323,19.011924]},"properties":{"id":"osm:node/5400701686","name":"Navratna Veg Restaurant - Seawoods","category":"food","subtype":"amenity=restaurant","source":"osm"}},{"type":"Feature","geometry":{"type":"Point","coordinates":[72.828488,18.918385]},"properties":{"id":"osm:node/5437335622","name":"Madras Caffee","category":"food","subtype":"amenity=restaurant","source":"osm","opening_hours":"Mo-Su 09:00-23:00","cuisine":"indian"}},{"type":"Feature","geometry":{"type":"Point","coordinates":[72.832882,18.938587]},"properties":{"id":"osm:node/5451047523","name":"Royal China","category":"food","subtype":"amenity=restaurant","source":"osm","cuisine":"chinese"}},{"type":"Feature","geometry":{"type":"Point","coordinates":[72.832552,18.933699]},"properties":{"id":"osm:node/5455875270","name":"Taste of Malabar","category":"food","subtype":"amenity=restaurant","source":"osm"}},{"type":"Feature","geometry":{"type":"Point","coordinates":[72.914346,19.095671]},"properties":{"id":"osm:node/5456840421","name":"The Spice Court","category":"food","subtype":"amenity=restaurant","source":"osm"}},{"type":"Feature","geometry":{"type":"Point","coordinates":[72.839593,19.024143]},"properties":{"id":"osm:node/5464620222","name":null,"category":"food","subtype":"amenity=cafe","source":"osm"}},{"type":"Feature","geometry":{"type":"Point","coordinates":[72.826717,19.050481]},"properties":{"id":"osm:node/5494560188","name":"IGP: Cakes Flowers Gifts","category":"food","subtype":"shop=pastry","source":"osm"}},{"type":"Feature","geometry":{"type":"Point","coordinates":[72.823892,19.052128]},"properties":{"id":"osm:node/5494560195","name":"Birdy's","category":"food","subtype":"shop=pastry","source":"osm"}},{"type":"Feature","geometry":{"type":"Point","coordinates":[72.926101,19.04988]},"properties":{"id":"osm:node/5495334229","name":"Sai Darbar","category":"food","subtype":"amenity=restaurant","source":"osm"}},{"type":"Feature","geometry":{"type":"Point","coordinates":[72.861557,19.0653]},"properties":{"id":"osm:node/5506317373","name":"Wok Express","category":"food","subtype":"amenity=fast_food","source":"osm","phone":"9833380808"}},{"type":"Feature","geometry":{"type":"Point","coordinates":[72.860874,19.064678]},"properties":{"id":"osm:node/5506320531","name":"Cafe Coffee Day","category":"food","subtype":"amenity=cafe","source":"osm","cuisine":"coffee_shop"}},{"type":"Feature","geometry":{"type":"Point","coordinates":[72.861614,19.065521]},"properties":{"id":"osm:node/5506320549","name":"Rajwada Thal™","category":"food","subtype":"amenity=restaurant","source":"osm","opening_hours":"Mo-Su 11:00-15:30,18:30-23:00","description":"Pure vegetarian premium thali. First floor."}},{"type":"Feature","geometry":{"type":"Point","coordinates":[72.861647,19.065477]},"properties":{"id":"osm:node/5506320779","name":"Kailash Sarovar","category":"food","subtype":"amenity=restaurant","source":"osm","description":"Pure vegetarian restaurant"}},{"type":"Feature","geometry":{"type":"Point","coordinates":[72.84949,19.061269]},"properties":{"id":"osm:node/5506320957","name":"Domino's","category":"food","subtype":"amenity=fast_food","source":"osm","cuisine":"pizza"}},{"type":"Feature","geometry":{"type":"Point","coordinates":[72.860783,19.064626]},"properties":{"id":"osm:node/5506320961","name":"Domino's","category":"food","subtype":"amenity=fast_food","source":"osm","cuisine":"pizza"}},{"type":"Feature","geometry":{"type":"Point","coordinates":[72.861641,19.065362]},"properties":{"id":"osm:node/5506320963","name":"McDonald's","category":"food","subtype":"amenity=fast_food","source":"osm","cuisine":"burger"}},{"type":"Feature","geometry":{"type":"Point","coordinates":[73.015441,19.014584]},"properties":{"id":"osm:node/5542842962","name":"Palmleaves Restaurant & Bar","category":"food","subtype":"amenity=restaurant","source":"osm"}},{"type":"Feature","geometry":{"type":"Point","coordinates":[73.016294,19.015476]},"properties":{"id":"osm:node/5542842963","name":"Malvan Tadka","category":"food","subtype":"amenity=restaurant","source":"osm"}},{"type":"Feature","geometry":{"type":"Point","coordinates":[72.914273,19.136289]},"properties":{"id":"osm:node/5584919105","name":"H1: Canteen","category":"food","subtype":"amenity=restaurant","source":"osm","opening_hours":"Mo-Su 13:00-15:00,18:00-03:00","cuisine":"indian;chinese;chicken;ice_cream;coffee_shop"}},{"type":"Feature","geometry":{"type":"Point","coordinates":[72.872618,19.212131]},"properties":{"id":"osm:node/5609863966","name":"Sweet Bengal","category":"food","subtype":"shop=confectionery","source":"osm","phone":"+91 8879 1163 10 (WhatsApp)"}},{"type":"Feature","geometry":{"type":"Point","coordinates":[72.908522,19.086355]},"properties":{"id":"osm:node/5609869298","name":"Bhau Vada Pav","category":"food","subtype":"amenity=fast_food","source":"osm","opening_hours":"Mo-Su 09:00-21:30"}},{"type":"Feature","geometry":{"type":"Point","coordinates":[72.873291,19.210592]},"properties":{"id":"osm:node/5609870135","name":"Monginis","category":"food","subtype":"shop=pastry","source":"osm"}},{"type":"Feature","geometry":{"type":"Point","coordinates":[72.873412,19.211786]},"properties":{"id":"osm:node/5609870266","name":"Nirvana","category":"food","subtype":"amenity=restaurant","source":"osm","description":"Vegetarian restaurant. Provides a good ambiancefor family meals.","cuisine":"indian;chinese","phone":"+91 22 6692 2232;+91 22 6692 2233;+91 22 6698 9777;+91 22 2885 1430"}},{"type":"Feature","geometry":{"type":"Point","coordinates":[72.846481,19.102613]},"properties":{"id":"osm:node/5627146821","name":"Mi Marathi","category":"food","subtype":"amenity=restaurant","source":"osm","opening_hours":"Mo-Su 10:00-22:00","cuisine":"indian;breakfast"}},{"type":"Feature","geometry":{"type":"Point","coordinates":[72.790566,19.146175]},"properties":{"id":"osm:node/5631594159","name":"UK A toZ Props","category":"food","subtype":"amenity=fast_food","source":"osm"}},{"type":"Feature","geometry":{"type":"Point","coordinates":[72.96176,19.173358]},"properties":{"id":"osm:node/5641941523","name":"China Town","category":"food","subtype":"amenity=restaurant","source":"osm"}},{"type":"Feature","geometry":{"type":"Point","coordinates":[72.961825,19.173037]},"properties":{"id":"osm:node/5641953221","name":"China Garden","category":"food","subtype":"amenity=restaurant","source":"osm","cuisine":"chinese"}},{"type":"Feature","geometry":{"type":"Point","coordinates":[72.953893,19.171735]},"properties":{"id":"osm:node/5643801722","name":"Shree Tara Pure Veg","category":"food","subtype":"amenity=restaurant","source":"osm"}},{"type":"Feature","geometry":{"type":"Point","coordinates":[72.955532,19.17182]},"properties":{"id":"osm:node/5643801723","name":"Golden Vadapav","category":"food","subtype":"amenity=fast_food","source":"osm"}},{"type":"Feature","geometry":{"type":"Point","coordinates":[72.955945,19.172293]},"properties":{"id":"osm:node/5643808521","name":"Jumbo Vadapav","category":"food","subtype":"amenity=fast_food","source":"osm"}},{"type":"Feature","geometry":{"type":"Point","coordinates":[72.960679,19.171819]},"properties":{"id":"osm:node/5643808722","name":"Samarth Snacks","category":"food","subtype":"amenity=fast_food","source":"osm"}},{"type":"Feature","geometry":{"type":"Point","coordinates":[72.95717,19.17203]},"properties":{"id":"osm:node/5646129625","name":"Annapurna","category":"food","subtype":"amenity=fast_food","source":"osm"}},{"type":"Feature","geometry":{"type":"Point","coordinates":[72.959233,19.172037]},"properties":{"id":"osm:node/5646129629","name":"Zunka Bhakar (Muktai annadata aahar kendra)","category":"food","subtype":"amenity=fast_food","source":"osm"}},{"type":"Feature","geometry":{"type":"Point","coordinates":[72.9583,19.174222]},"properties":{"id":"osm:node/5646129630","name":"Burger point","category":"food","subtype":"amenity=fast_food","source":"osm"}},{"type":"Feature","geometry":{"type":"Point","coordinates":[72.957727,19.171613]},"properties":{"id":"osm:node/5646143122","name":"Let's Bake","category":"food","subtype":"shop=bakery","source":"osm"}},{"type":"Feature","geometry":{"type":"Point","coordinates":[72.955408,19.171812]},"properties":{"id":"osm:node/5646143123","name":"Hotel Kapil","category":"food","subtype":"amenity=restaurant","source":"osm"}},{"type":"Feature","geometry":{"type":"Point","coordinates":[72.957391,19.171743]},"properties":{"id":"osm:node/5646143321","name":"Famous sweets","category":"food","subtype":"shop=confectionery","source":"osm"}},{"type":"Feature","geometry":{"type":"Point","coordinates":[72.827583,19.003234]},"properties":{"id":"osm:node/5664893622","name":"The Bombay Canteen","category":"food","subtype":"amenity=restaurant","source":"osm"}},{"type":"Feature","geometry":{"type":"Point","coordinates":[72.956926,19.17164]},"properties":{"id":"osm:node/5694316923","name":"Mandap","category":"food","subtype":"amenity=fast_food","source":"osm"}},{"type":"Feature","geometry":{"type":"Point","coordinates":[72.852878,19.02768]},"properties":{"id":"osm:node/5696882729","name":"Anna Coffee","category":"food","subtype":"amenity=cafe","source":"osm","opening_hours":"Mo-Su 20:00-12:00","cuisine":"coffee_shop"}},{"type":"Feature","geometry":{"type":"Point","coordinates":[72.812112,18.975806]},"properties":{"id":"osm:node/5705003122","name":"McDonald's","category":"food","subtype":"amenity=fast_food","source":"osm","opening_hours":"Mo-Su 07:00-01:00","cuisine":"burger","phone":"+91 22 49134705"}},{"type":"Feature","geometry":{"type":"Point","coordinates":[72.956632,19.170812]},"properties":{"id":"osm:node/5707923422","name":"Surya snacks pure veg","category":"food","subtype":"amenity=fast_food","source":"osm"}},{"type":"Feature","geometry":{"type":"Point","coordinates":[72.899688,19.052732]},"properties":{"id":"osm:node/5738795254","name":"Naturals","category":"food","subtype":"amenity=ice_cream","source":"osm","opening_hours":"Mo-Su 11:00-24:00","wheelchair":"yes","cuisine":"ice_cream"}},{"type":"Feature","geometry":{"type":"Point","coordinates":[72.956741,19.172979]},"properties":{"id":"osm:node/5746301632","name":"Mamledar missal","category":"food","subtype":"amenity=fast_food","source":"osm"}},{"type":"Feature","geometry":{"type":"Point","coordinates":[72.956819,19.172945]},"properties":{"id":"osm:node/5746558921","name":"Anisha fast food","category":"food","subtype":"amenity=fast_food","source":"osm"}},{"type":"Feature","geometry":{"type":"Point","coordinates":[72.956769,19.171511]},"properties":{"id":"osm:node/5760336021","name":"Pratham sweets","category":"food","subtype":"shop=confectionery","source":"osm"}},{"type":"Feature","geometry":{"type":"Point","coordinates":[72.949269,19.178421]},"properties":{"id":"osm:node/5760336023","name":"Ram Punjab","category":"food","subtype":"amenity=restaurant","source":"osm"}},{"type":"Feature","geometry":{"type":"Point","coordinates":[72.854593,19.026688]},"properties":{"id":"osm:node/5760634922","name":"Theobroma","category":"food","subtype":"shop=pastry","source":"osm","wheelchair":"no","level":"0"}},{"type":"Feature","geometry":{"type":"Point","coordinates":[72.950369,19.178773]},"properties":{"id":"osm:node/5761649133","name":"Ashapura","category":"food","subtype":"amenity=fast_food","source":"osm"}},{"type":"Feature","geometry":{"type":"Point","coordinates":[72.828785,19.21166]},"properties":{"id":"osm:node/5774562206","name":"Kokan Kinara","category":"food","subtype":"amenity=restaurant","source":"osm","cuisine":"kokan"}},{"type":"Feature","geometry":{"type":"Point","coordinates":[72.833962,19.059897]},"properties":{"id":"osm:node/5778981253","name":"Madras Diaries","category":"food","subtype":"amenity=restaurant","source":"osm"}},{"type":"Feature","geometry":{"type":"Point","coordinates":[72.824863,19.05525]},"properties":{"id":"osm:node/5780857254","name":"The Village Shop","category":"food","subtype":"amenity=restaurant","source":"osm"}},{"type":"Feature","geometry":{"type":"Point","coordinates":[72.935811,19.162455]},"properties":{"id":"osm:node/5859106178","name":"Rahat Hotel","category":"food","subtype":"amenity=restaurant","source":"osm"}},{"type":"Feature","geometry":{"type":"Point","coordinates":[72.832169,18.927945]},"properties":{"id":"osm:node/5874674527","name":"Punjab Grill","category":"food","subtype":"amenity=restaurant","source":"osm","cuisine":"north_indian"}},{"type":"Feature","geometry":{"type":"Point","coordinates":[72.911287,19.136386]},"properties":{"id":"osm:node/5878271913","name":"H3 canteen","category":"food","subtype":"amenity=cafe","source":"osm"}},{"type":"Feature","geometry":{"type":"Point","coordinates":[72.922359,19.064775]},"properties":{"id":"osm:node/5912283057","name":"rehmani","category":"food","subtype":"amenity=restaurant","source":"osm"}},{"type":"Feature","geometry":{"type":"Point","coordinates":[72.845772,19.11058]},"properties":{"id":"osm:node/5921458249","name":null,"category":"food","subtype":"amenity=cafe","source":"osm"}},{"type":"Feature","geometry":{"type":"Point","coordinates":[72.840767,19.041126]},"properties":{"id":"osm:node/5972234787","name":"Shahnaz Restaurant","category":"food","subtype":"amenity=restaurant","source":"osm"}},{"type":"Feature","geometry":{"type":"Point","coordinates":[72.840797,19.041008]},"properties":{"id":"osm:node/5972241985","name":"Delhi Darbar","category":"food","subtype":"amenity=restaurant","source":"osm","opening_hours":"Mo-Su 11:30-12:30"}},{"type":"Feature","geometry":{"type":"Point","coordinates":[72.829798,19.053859]},"properties":{"id":"osm:node/6003278828","name":"Imbiss Meating Joint","category":"food","subtype":"amenity=restaurant","source":"osm","opening_hours":"Tu-Su 11:30-15:00,18:00-23:00","cuisine":"sausage;burger;barbecue","phone":"+91 84549 46413"}},{"type":"Feature","geometry":{"type":"Point","coordinates":[72.957094,19.162592]},"properties":{"id":"osm:node/6008051485","name":"Kelkar college canteen","category":"food","subtype":"amenity=restaurant","source":"osm"}},{"type":"Feature","geometry":{"type":"Point","coordinates":[72.812377,19.132772]},"properties":{"id":"osm:node/6041448786","name":"Blue Tokai Coffee","category":"food","subtype":"amenity=cafe","source":"osm"}},{"type":"Feature","geometry":{"type":"Point","coordinates":[72.813995,19.134753]},"properties":{"id":"osm:node/6041452295","name":"Chai","category":"food","subtype":"amenity=cafe","source":"osm"}},{"type":"Feature","geometry":{"type":"Point","coordinates":[72.873997,19.118827]},"properties":{"id":"osm:node/6045710714","name":"Hotel Krishna","category":"food","subtype":"amenity=restaurant","source":"osm"}},{"type":"Feature","geometry":{"type":"Point","coordinates":[72.832079,18.922843]},"properties":{"id":"osm:node/6052692792","name":"New Apollo","category":"food","subtype":"amenity=restaurant","source":"osm"}},{"type":"Feature","geometry":{"type":"Point","coordinates":[72.944208,19.161171]},"properties":{"id":"osm:node/6052821491","name":"Wat-a-Burger","category":"food","subtype":"amenity=fast_food","source":"osm"}},{"type":"Feature","geometry":{"type":"Point","coordinates":[72.944383,19.16107]},"properties":{"id":"osm:node/6052821493","name":"Coffee By Di Bella","category":"food","subtype":"amenity=cafe","source":"osm"}},{"type":"Feature","geometry":{"type":"Point","coordinates":[72.944246,19.161151]},"properties":{"id":"osm:node/6052834510","name":"Starbucks","category":"food","subtype":"amenity=cafe","source":"osm"}},{"type":"Feature","geometry":{"type":"Point","coordinates":[72.944256,19.161076]},"properties":{"id":"osm:node/6052834511","name":"Belstone","category":"food","subtype":"amenity=restaurant","source":"osm"}},{"type":"Feature","geometry":{"type":"Point","coordinates":[72.944308,19.161122]},"properties":{"id":"osm:node/6052834895","name":"Farm Cafe","category":"food","subtype":"amenity=cafe","source":"osm"}},{"type":"Feature","geometry":{"type":"Point","coordinates":[72.944522,19.161056]},"properties":{"id":"osm:node/6052834896","name":"cafe's","category":"food","subtype":"amenity=cafe","source":"osm"}},{"type":"Feature","geometry":{"type":"Point","coordinates":[72.944541,19.160973]},"properties":{"id":"osm:node/6052835686","name":"Amul","category":"food","subtype":"amenity=ice_cream","source":"osm"}},{"type":"Feature","geometry":{"type":"Point","coordinates":[72.944632,19.161029]},"properties":{"id":"osm:node/6052835687","name":"Shahi Durbar","category":"food","subtype":"shop=confectionery","source":"osm"}},{"type":"Feature","geometry":{"type":"Point","coordinates":[72.944764,19.160999]},"properties":{"id":"osm:node/6052843386","name":"Chaayos","category":"food","subtype":"amenity=fast_food","source":"osm"}},{"type":"Feature","geometry":{"type":"Point","coordinates":[72.873145,19.119474]},"properties":{"id":"osm:node/6091630867","name":"Ganesh idliwala","category":"food","subtype":"amenity=fast_food","source":"osm"}},{"type":"Feature","geometry":{"type":"Point","coordinates":[72.899735,19.061492]},"properties":{"id":"osm:node/6100554814","name":"Via Bombay","category":"food","subtype":"amenity=restaurant","source":"osm"}},{"type":"Feature","geometry":{"type":"Point","coordinates":[72.959493,19.169338]},"properties":{"id":"osm:node/6106810485","name":"Mangalya Sweets","category":"food","subtype":"shop=confectionery","source":"osm"}},{"type":"Feature","geometry":{"type":"Point","coordinates":[72.840486,19.019442]},"properties":{"id":"osm:node/6110255887","name":"Saurashtra","category":"food","subtype":"amenity=fast_food","source":"osm","opening_hours":"Mo-Su 07:00-21:00","cuisine":"indian","phone":"+9196199 66399,+912224228063"}},{"type":"Feature","geometry":{"type":"Point","coordinates":[72.84713,19.100335]},"properties":{"id":"osm:node/6110271886","name":"Vidharbh Vada Pav","category":"food","subtype":"amenity=fast_food","source":"osm","opening_hours":"Mo-Su 08:00-22:30","cuisine":"indian"}},{"type":"Feature","geometry":{"type":"Point","coordinates":[72.860955,19.107494]},"properties":{"id":"osm:node/6110577586","name":"Aarey Milk and Juice Centre","category":"food","subtype":"amenity=fast_food","source":"osm","opening_hours":"Mo-Su 08:00-22:00","cuisine":"indian"}},{"type":"Feature","geometry":{"type":"Point","coordinates":[72.844604,19.098411]},"properties":{"id":"osm:node/6110577685","name":"Mohan Farsan","category":"food","subtype":"amenity=fast_food","source":"osm","opening_hours":"Tu-Su 09:00-21:00","cuisine":"indian"}},{"type":"Feature","geometry":{"type":"Point","coordinates":[72.850272,19.11134]},"properties":{"id":"osm:node/6110577886","name":"Iyengar Bakery","category":"food","subtype":"shop=bakery","source":"osm","opening_hours":"Mo-Su 09:00-22:00"}},{"type":"Feature","geometry":{"type":"Point","coordinates":[72.852221,19.103642]},"properties":{"id":"osm:node/6112630387","name":"Simply South","category":"food","subtype":"amenity=fast_food","source":"osm","opening_hours":"Mo-Su 08:00-23:00","cuisine":"breakfast"}},{"type":"Feature","geometry":{"type":"Point","coordinates":[72.856994,19.115751]},"properties":{"id":"osm:node/6115387485","name":"Hare Rama Hare Krishna","category":"food","subtype":"amenity=restaurant","source":"osm","opening_hours":"Mo-Su 09:00-23:00","cuisine":"chinese;indian"}},{"type":"Feature","geometry":{"type":"Point","coordinates":[72.858007,19.11633]},"properties":{"id":"osm:node/6115387685","name":"Dharmendra Canteen","category":"food","subtype":"amenity=fast_food","source":"osm","opening_hours":"Mo-Su 08:00-20:00"}},{"type":"Feature","geometry":{"type":"Point","coordinates":[72.846274,19.102601]},"properties":{"id":"osm:node/6121839085","name":"Phadke Udyog Bhavan Sweet Shop","category":"food","subtype":"shop=confectionery","source":"osm","opening_hours":"Mo-Su 08:00-20:00"}},{"type":"Feature","geometry":{"type":"Point","coordinates":[72.837476,19.072369]},"properties":{"id":"osm:node/6124434685","name":"Shankar Bhel Sandwiches","category":"food","subtype":"amenity=fast_food","source":"osm","cuisine":"sandwich"}},{"type":"Feature","geometry":{"type":"Point","coordinates":[72.843099,19.203324]},"properties":{"id":"osm:node/6138363547","name":"Bhagwati","category":"food","subtype":"amenity=restaurant","source":"osm","cuisine":"fast_food;south_indian"}},{"type":"Feature","geometry":{"type":"Point","coordinates":[72.835633,18.938269]},"properties":{"id":"osm:node/6155507386","name":"Pancham Puriwala","category":"food","subtype":"amenity=cafe","source":"osm"}},{"type":"Feature","geometry":{"type":"Point","coordinates":[72.900348,19.060737]},"properties":{"id":"osm:node/6187655615","name":"Geeta Bhawan","category":"food","subtype":"amenity=restaurant","source":"osm","cuisine":"indian;South_Indian"}},{"type":"Feature","geometry":{"type":"Point","coordinates":[72.814885,18.978682]},"properties":{"id":"osm:node/6187816485","name":"Local cheap good fastfood","category":"food","subtype":"amenity=fast_food","source":"osm"}},{"type":"Feature","geometry":{"type":"Point","coordinates":[72.840658,19.019938]},"properties":{"id":"osm:node/6187817687","name":"Panshikar Bros.","category":"food","subtype":"shop=confectionery","source":"osm"}},{"type":"Feature","geometry":{"type":"Point","coordinates":[72.840712,19.019588]},"properties":{"id":"osm:node/6187853585","name":"Visawa","category":"food","subtype":"amenity=restaurant","source":"osm","opening_hours":"Mo-Su 10:00-23:00"}},{"type":"Feature","geometry":{"type":"Point","coordinates":[72.840752,19.020064]},"properties":{"id":"osm:node/6187853586","name":"Tambe Aarogya Bhavan","category":"food","subtype":"amenity=fast_food","source":"osm"}},{"type":"Feature","geometry":{"type":"Point","coordinates":[72.854438,19.032785]},"properties":{"id":"osm:node/6201759585","name":"Ayyappan Idli Stall","category":"food","subtype":"amenity=restaurant","source":"osm","opening_hours":"Mo-Su 07:00-23:00","cuisine":"indian","phone":"+9199207 25806"}},{"type":"Feature","geometry":{"type":"Point","coordinates":[72.845395,19.01504]},"properties":{"id":"osm:node/6201766085","name":"Bhaji","category":"food","subtype":"amenity=fast_food","source":"osm","cuisine":"breakfast"}},{"type":"Feature","geometry":{"type":"Point","coordinates":[72.832055,19.1515]},"properties":{"id":"osm:node/6203284886","name":"Tea villa","category":"food","subtype":"amenity=cafe","source":"osm"}},{"type":"Feature","geometry":{"type":"Point","coordinates":[72.898142,19.094585]},"properties":{"id":"osm:node/6226601604","name":"Jai Bhavani Restaurant","category":"food","subtype":"amenity=restaurant","source":"osm"}},{"type":"Feature","geometry":{"type":"Point","coordinates":[72.90934,19.116341]},"properties":{"id":"osm:node/6233043686","name":"PizzaExpress","category":"food","subtype":"amenity=restaurant","source":"osm","cuisine":"pizza"}},{"type":"Feature","geometry":{"type":"Point","coordinates":[72.909762,19.116215]},"properties":{"id":"osm:node/6233043687","name":"Starbucks","category":"food","subtype":"amenity=cafe","source":"osm","cuisine":"coffee_shop"}},{"type":"Feature","geometry":{"type":"Point","coordinates":[72.833045,18.933964]},"properties":{"id":"osm:node/6283843988","name":"Taste of Kerala","category":"food","subtype":"amenity=restaurant","source":"osm"}},{"type":"Feature","geometry":{"type":"Point","coordinates":[72.84115,18.949099]},"properties":{"id":"osm:node/6287580585","name":"Cheap and good Food","category":"food","subtype":"amenity=restaurant","source":"osm"}},{"type":"Feature","geometry":{"type":"Point","coordinates":[72.849347,19.306993]},"properties":{"id":"osm:node/6290764129","name":"Vijayalakshmi Bhojanalaya","category":"food","subtype":"amenity=restaurant","source":"osm"}},{"type":"Feature","geometry":{"type":"Point","coordinates":[72.956615,19.162839]},"properties":{"id":"osm:node/6312852485","name":"Prabhu ice cream","category":"food","subtype":"amenity=ice_cream","source":"osm"}},{"type":"Feature","geometry":{"type":"Point","coordinates":[72.846757,19.179905]},"properties":{"id":"osm:node/6315949386","name":"Domino's","category":"food","subtype":"amenity=restaurant","source":"osm","cuisine":"pizza"}},{"type":"Feature","geometry":{"type":"Point","coordinates":[72.905282,19.074417]},"properties":{"id":"osm:node/6322320328","name":"Cafe Coffee Day","category":"food","subtype":"amenity=cafe","source":"osm"}},{"type":"Feature","geometry":{"type":"Point","coordinates":[72.819701,18.959713]},"properties":{"id":"osm:node/6356585085","name":"Mughlai Fusion","category":"food","subtype":"amenity=restaurant","source":"osm","cuisine":"chicken;indian","phone":"+91 22 2382 2402"}},{"type":"Feature","geometry":{"type":"Point","coordinates":[72.961793,19.173609]},"properties":{"id":"osm:node/6358404985","name":"Amul ice cream","category":"food","subtype":"amenity=ice_cream","source":"osm"}},{"type":"Feature","geometry":{"type":"Point","coordinates":[72.850662,19.0274]},"properties":{"id":"osm:node/6367115268","name":"A Rama Nayak's Shrikrishna Boarding","category":"food","subtype":"amenity=restaurant","source":"osm"}},{"type":"Feature","geometry":{"type":"Point","coordinates":[72.850694,19.026294]},"properties":{"id":"osm:node/6367146879","name":"Mani's Cafe","category":"food","subtype":"amenity=fast_food","source":"osm","cuisine":"indian"}},{"type":"Feature","geometry":{"type":"Point","coordinates":[72.837466,18.958947]},"properties":{"id":"osm:node/6367693478","name":"Cafe Islam","category":"food","subtype":"amenity=restaurant","source":"osm"}},{"type":"Feature","geometry":{"type":"Point","coordinates":[72.837211,18.958967]},"properties":{"id":"osm:node/6367704894","name":"Ahmadi","category":"food","subtype":"amenity=restaurant","source":"osm"}},{"type":"Feature","geometry":{"type":"Point","coordinates":[72.836479,18.95869]},"properties":{"id":"osm:node/6367704895","name":"Shimla Cold Drinks","category":"food","subtype":"amenity=fast_food","source":"osm"}},{"type":"Feature","geometry":{"type":"Point","coordinates":[72.836581,18.958491]},"properties":{"id":"osm:node/6367704896","name":"Azad","category":"food","subtype":"amenity=restaurant","source":"osm"}},{"type":"Feature","geometry":{"type":"Point","coordinates":[72.83211,18.928894]},"properties":{"id":"osm:node/6369776385","name":"Pantry Café","category":"food","subtype":"amenity=cafe","source":"osm"}},{"type":"Feature","geometry":{"type":"Point","coordinates":[72.831455,18.930296]},"properties":{"id":"osm:node/6369776585","name":"Kandeel","category":"food","subtype":"amenity=restaurant","source":"osm"}},{"type":"Feature","geometry":{"type":"Point","coordinates":[72.824989,18.933176]},"properties":{"id":"osm:node/6369848085","name":"K. Rustom & Co. Ice Cream Parlour","category":"food","subtype":"amenity=ice_cream","source":"osm","opening_hours":"Mo-Su 09:30-23:00","phone":"+91 22 2282 1768"}},{"type":"Feature","geometry":{"type":"Point","coordinates":[72.974751,19.185025]},"properties":{"id":"osm:node/6377237904","name":"Cafe Coffee Day","category":"food","subtype":"amenity=cafe","source":"osm","opening_hours":"Mo-Su 09:00-21:00","cuisine":"coffee_shop","phone":"+91 9807965789"}},{"type":"Feature","geometry":{"type":"Point","coordinates":[72.856855,19.021466]},"properties":{"id":"osm:node/6383339473","name":"Cafe Coffee Day","category":"food","subtype":"amenity=cafe","source":"osm","cuisine":"coffee_shop"}},{"type":"Feature","geometry":{"type":"Point","coordinates":[72.97407,19.186725]},"properties":{"id":"osm:node/6393717955","name":"Maitri Hotel","category":"food","subtype":"amenity=restaurant","source":"osm"}},{"type":"Feature","geometry":{"type":"Point","coordinates":[72.969045,19.175892]},"properties":{"id":"osm:node/6417883915","name":"Vaibhav Village","category":"food","subtype":"amenity=restaurant","source":"osm"}},{"type":"Feature","geometry":{"type":"Point","coordinates":[72.968763,19.175974]},"properties":{"id":"osm:node/6418034680","name":"Shivraj Fine and Dine","category":"food","subtype":"amenity=restaurant","source":"osm"}},{"type":"Feature","geometry":{"type":"Point","coordinates":[72.829326,18.918172]},"properties":{"id":"osm:node/6428468685","name":"Domino's","category":"food","subtype":"amenity=fast_food","source":"osm","cuisine":"pizza"}},{"type":"Feature","geometry":{"type":"Point","coordinates":[72.829274,18.917785]},"properties":{"id":"osm:node/6428491685","name":"Shubh Sagar","category":"food","subtype":"amenity=restaurant","source":"osm"}},{"type":"Feature","geometry":{"type":"Point","coordinates":[72.958761,19.172086]},"properties":{"id":"osm:node/6442295188","name":"Kathi Rolls","category":"food","subtype":"amenity=fast_food","source":"osm"}},{"type":"Feature","geometry":{"type":"Point","coordinates":[72.836906,18.93793]},"properties":{"id":"osm:node/6451269285","name":"Anand Bhavan","category":"food","subtype":"amenity=restaurant","source":"osm"}},{"type":"Feature","geometry":{"type":"Point","coordinates":[72.812203,19.133019]},"properties":{"id":"osm:node/6477903843","name":"Love And Latte","category":"food","subtype":"amenity=cafe","source":"osm"}},{"type":"Feature","geometry":{"type":"Point","coordinates":[72.808976,18.957468]},"properties":{"id":"osm:node/6494986078","name":"Soam Restaurant","category":"food","subtype":"amenity=restaurant","source":"osm","cuisine":"Indian-_Gujarati rajasthani Chaat"}},{"type":"Feature","geometry":{"type":"Point","coordinates":[72.8261,19.004756]},"properties":{"id":"osm:node/6507896887","name":"Starbucks","category":"food","subtype":"amenity=cafe","source":"osm","cuisine":"coffee_shop"}},{"type":"Feature","geometry":{"type":"Point","coordinates":[72.833337,18.976184]},"properties":{"id":"osm:node/6512947785","name":"Regal restaurant and bakery","category":"food","subtype":"shop=bakery","source":"osm"}},{"type":"Feature","geometry":{"type":"Point","coordinates":[72.861188,19.041939]},"properties":{"id":"osm:node/6534519657","name":"Cafe Instaa","category":"food","subtype":"amenity=cafe","source":"osm","wheelchair":"yes"}},{"type":"Feature","geometry":{"type":"Point","coordinates":[72.829167,19.143849]},"properties":{"id":"osm:node/6565133285","name":"Bennies by Flags","category":"food","subtype":"amenity=restaurant","source":"osm","opening_hours":"Mo-Su 12:00-00:00","cuisine":"indian;mexican;italian;asian;lebanese;middle_eastern;thai","phone":"097694 73171"}},{"type":"Feature","geometry":{"type":"Point","coordinates":[72.870302,19.072269]},"properties":{"id":"osm:node/6580341105","name":"Burn Bar and Kitchen","category":"food","subtype":"amenity=restaurant","source":"osm","opening_hours":"Mo-Su 11:30-02:30","cuisine":"mexican;italian;chinese;indian","phone":"+919152042515 +918454880008"}},{"type":"Feature","geometry":{"type":"Point","coordinates":[72.81022,18.957073]},"properties":{"id":"osm:node/6614922840","name":"The Culture House","category":"food","subtype":"amenity=restaurant","source":"osm","opening_hours":"Mo-Su 11:00-23:30","cuisine":"indian;regional","phone":"+91 22 2361 4477 / +91 22 23614466"}},{"type":"Feature","geometry":{"type":"Point","coordinates":[72.832618,18.923807]},"properties":{"id":"osm:node/6622437085","name":"Le 15 Café Colaba","category":"food","subtype":"amenity=cafe","source":"osm","cuisine":"coffee_shop;sandwich;international"}},{"type":"Feature","geometry":{"type":"Point","coordinates":[72.946863,19.160334]},"properties":{"id":"osm:node/6698497690","name":"The Secret corner cafe Mulund","category":"food","subtype":"amenity=restaurant","source":"osm"}},{"type":"Feature","geometry":{"type":"Point","coordinates":[72.852276,19.104813]},"properties":{"id":"osm:node/6721812590","name":"Garde Manger Cafe","category":"food","subtype":"amenity=cafe","source":"osm","opening_hours":"Mo-Su 10:30-22:30","cuisine":"italian;juice;cafe;burger;sandwich;salad;soup","phone":"+91 70450 04488;+91 82918 16108"}},{"type":"Feature","geometry":{"type":"Point","coordinates":[72.958316,19.17205]},"properties":{"id":"osm:node/6726371986","name":"Pokket Cafe","category":"food","subtype":"amenity=cafe","source":"osm","cuisine":"italian_pizza;tea;pizza;burger;italian;coffee_shop"}},{"type":"Feature","geometry":{"type":"Point","coordinates":[72.814427,19.002082]},"properties":{"id":"osm:node/6790531869","name":"Cafe Coffee Day","category":"food","subtype":"amenity=cafe","source":"osm","cuisine":"coffee_shop"}},{"type":"Feature","geometry":{"type":"Point","coordinates":[72.911619,19.119544]},"properties":{"id":"osm:node/6795334586","name":"Pepper","category":"food","subtype":"amenity=fast_food","source":"osm","cuisine":"indian"}},{"type":"Feature","geometry":{"type":"Point","coordinates":[72.911549,19.119536]},"properties":{"id":"osm:node/6795334587","name":"Paratha’s","category":"food","subtype":"amenity=fast_food","source":"osm","cuisine":"indian"}},{"type":"Feature","geometry":{"type":"Point","coordinates":[72.91169,19.119631]},"properties":{"id":"osm:node/6795334588","name":"Peetuk","category":"food","subtype":"amenity=fast_food","source":"osm","cuisine":"indian"}},{"type":"Feature","geometry":{"type":"Point","coordinates":[72.911915,19.119605]},"properties":{"id":"osm:node/6795338489","name":"Juicy rasoi","category":"food","subtype":"amenity=restaurant","source":"osm","cuisine":"indian;chinese","phone":"25797400"}},{"type":"Feature","geometry":{"type":"Point","coordinates":[72.911927,19.119661]},"properties":{"id":"osm:node/6795344293","name":"Masala Magic","category":"food","subtype":"amenity=ice_cream","source":"osm"}},{"type":"Feature","geometry":{"type":"Point","coordinates":[72.911713,19.119557]},"properties":{"id":"osm:node/6795379086","name":"Beijing’s Shaolin","category":"food","subtype":"amenity=fast_food","source":"osm","cuisine":"chinese;indian;thai"}},{"type":"Feature","geometry":{"type":"Point","coordinates":[72.911576,19.119554]},"properties":{"id":"osm:node/6795379087","name":"Achija Fast Food","category":"food","subtype":"amenity=fast_food","source":"osm","cuisine":"indian"}},{"type":"Feature","geometry":{"type":"Point","coordinates":[72.91142,19.119617]},"properties":{"id":"osm:node/6795380485","name":"Wraps junction","category":"food","subtype":"amenity=fast_food","source":"osm","cuisine":"lebanese"}},{"type":"Feature","geometry":{"type":"Point","coordinates":[72.911751,19.119626]},"properties":{"id":"osm:node/6795380486","name":"Crrave N eat","category":"food","subtype":"amenity=fast_food","source":"osm","cuisine":"indian"}},{"type":"Feature","geometry":{"type":"Point","coordinates":[72.911514,19.119505]},"properties":{"id":"osm:node/6795380685","name":"Malawani Touch","category":"food","subtype":"amenity=fast_food","source":"osm","cuisine":"indian"}},{"type":"Feature","geometry":{"type":"Point","coordinates":[72.909736,19.116538]},"properties":{"id":"osm:node/6795434686","name":"Sigree Global Grill above maple","category":"food","subtype":"amenity=restaurant","source":"osm","cuisine":"grill"}},{"type":"Feature","geometry":{"type":"Point","coordinates":[72.909431,19.116387]},"properties":{"id":"osm:node/6795446404","name":"Chili's","category":"food","subtype":"amenity=restaurant","source":"osm","cuisine":"tex-mex"}},{"type":"Feature","geometry":{"type":"Point","coordinates":[72.908078,19.115463]},"properties":{"id":"osm:node/6795453900","name":"Jumbo King","category":"food","subtype":"amenity=fast_food","source":"osm","cuisine":"burger"}},{"type":"Feature","geometry":{"type":"Point","coordinates":[72.907959,19.115445]},"properties":{"id":"osm:node/6795453901","name":"Mohini Fast food","category":"food","subtype":"amenity=fast_food","source":"osm"}},{"type":"Feature","geometry":{"type":"Point","coordinates":[72.907794,19.115389]},"properties":{"id":"osm:node/6795453902","name":"Pick Pocket, El Rancho","category":"food","subtype":"amenity=fast_food","source":"osm"}},{"type":"Feature","geometry":{"type":"Point","coordinates":[72.907754,19.115386]},"properties":{"id":"osm:node/6795453903","name":"Trupti Farsan","category":"food","subtype":"shop=confectionery","source":"osm"}},{"type":"Feature","geometry":{"type":"Point","coordinates":[72.907998,19.115369]},"properties":{"id":"osm:node/6795476387","name":"Four Fountains De-stress Spa","category":"food","subtype":"amenity=fast_food","source":"osm","opening_hours":"Mo-Su 10:00-23:00"}},{"type":"Feature","geometry":{"type":"Point","coordinates":[72.90797,19.115364]},"properties":{"id":"osm:node/6795476388","name":"Mohini Fast Food","category":"food","subtype":"amenity=fast_food","source":"osm","opening_hours":"Mo-Su 09:00-22:30","cuisine":"diner;indian"}},{"type":"Feature","geometry":{"type":"Point","coordinates":[72.907798,19.115296]},"properties":{"id":"osm:node/6795476390","name":"El Rancho","category":"food","subtype":"amenity=fast_food","source":"osm","opening_hours":"Mo-Su 09:00-22:00"}},{"type":"Feature","geometry":{"type":"Point","coordinates":[72.907744,19.115284]},"properties":{"id":"osm:node/6795476392","name":"Trupti Farsan","category":"food","subtype":"amenity=fast_food","source":"osm"}},{"type":"Feature","geometry":{"type":"Point","coordinates":[72.907387,19.115157]},"properties":{"id":"osm:node/6795476405","name":"Baskin-Robbins","category":"food","subtype":"amenity=ice_cream","source":"osm","cuisine":"ice_cream"}},{"type":"Feature","geometry":{"type":"Point","coordinates":[72.907255,19.11512]},"properties":{"id":"osm:node/6795476406","name":"Great Punjab","category":"food","subtype":"amenity=restaurant","source":"osm","cuisine":"indian"}},{"type":"Feature","geometry":{"type":"Point","coordinates":[72.907853,19.115411]},"properties":{"id":"osm:node/6795481087","name":"Doodh Sarita Dairy","category":"food","subtype":"amenity=fast_food","source":"osm"}},{"type":"Feature","geometry":{"type":"Point","coordinates":[72.906857,19.115348]},"properties":{"id":"osm:node/6795497087","name":"Birdy's","category":"food","subtype":"shop=bakery","source":"osm"}},{"type":"Feature","geometry":{"type":"Point","coordinates":[72.907158,19.115119]},"properties":{"id":"osm:node/6795540688","name":"99 Pancakes","category":"food","subtype":"amenity=cafe","source":"osm","opening_hours":"Mo-Su 09:00-22:30"}},{"type":"Feature","geometry":{"type":"Point","coordinates":[72.90712,19.115111]},"properties":{"id":"osm:node/6795540689","name":"Elementaria Bakery Cafe","category":"food","subtype":"amenity=cafe","source":"osm","cuisine":"cake;sandwich;coffee_shop"}},{"type":"Feature","geometry":{"type":"Point","coordinates":[72.907138,19.115169]},"properties":{"id":"osm:node/6795540690","name":"SFC Frankie","category":"food","subtype":"amenity=fast_food","source":"osm"}},{"type":"Feature","geometry":{"type":"Point","coordinates":[72.906904,19.115361]},"properties":{"id":"osm:node/6795540695","name":"Cheap and Best","category":"food","subtype":"amenity=fast_food","source":"osm"}},{"type":"Feature","geometry":{"type":"Point","coordinates":[72.906961,19.115328]},"properties":{"id":"osm:node/6795540696","name":"Naturals","category":"food","subtype":"amenity=ice_cream","source":"osm","cuisine":"ice_cream"}},{"type":"Feature","geometry":{"type":"Point","coordinates":[72.907446,19.115437]},"properties":{"id":"osm:node/6795540699","name":"Pot belly","category":"food","subtype":"amenity=fast_food","source":"osm"}},{"type":"Feature","geometry":{"type":"Point","coordinates":[72.907407,19.115421]},"properties":{"id":"osm:node/6795551890","name":"Cream Syudio","category":"food","subtype":"amenity=ice_cream","source":"osm"}},{"type":"Feature","geometry":{"type":"Point","coordinates":[72.907525,19.115438]},"properties":{"id":"osm:node/6795551893","name":"Apsara Ice Cream","category":"food","subtype":"amenity=ice_cream","source":"osm"}},{"type":"Feature","geometry":{"type":"Point","coordinates":[72.907357,19.115385]},"properties":{"id":"osm:node/6795570385","name":"Sweet house Mafia","category":"food","subtype":"amenity=cafe","source":"osm","cuisine":"cake;coffee_shop"}},{"type":"Feature","geometry":{"type":"Point","coordinates":[72.911425,19.119173]},"properties":{"id":"osm:node/6796939970","name":"Ramdas Vitthaldas Mewawala","category":"food","subtype":"shop=confectionery","source":"osm"}},{"type":"Feature","geometry":{"type":"Point","coordinates":[72.911821,19.119144]},"properties":{"id":"osm:node/6796939971","name":"The Wadapav Cafe","category":"food","subtype":"amenity=fast_food","source":"osm"}},{"type":"Feature","geometry":{"type":"Point","coordinates":[72.91137,19.119153]},"properties":{"id":"osm:node/6796939982","name":"Maarwadi","category":"food","subtype":"shop=confectionery","source":"osm"}},{"type":"Feature","geometry":{"type":"Point","coordinates":[72.911262,19.119118]},"properties":{"id":"osm:node/6796939983","name":"Galleria Juice and Snacks","category":"food","subtype":"amenity=fast_food","source":"osm"}},{"type":"Feature","geometry":{"type":"Point","coordinates":[72.91123,19.119161]},"properties":{"id":"osm:node/6796939984","name":"Rainbow Juice Center","category":"food","subtype":"amenity=fast_food","source":"osm"}},{"type":"Feature","geometry":{"type":"Point","coordinates":[72.91119,19.11914]},"properties":{"id":"osm:node/6796952285","name":"Dosa Maker","category":"food","subtype":"amenity=fast_food","source":"osm"}},{"type":"Feature","geometry":{"type":"Point","coordinates":[72.91119,19.11911]},"properties":{"id":"osm:node/6796952286","name":"Bollyfood","category":"food","subtype":"amenity=fast_food","source":"osm"}},{"type":"Feature","geometry":{"type":"Point","coordinates":[72.91778,19.126009]},"properties":{"id":"osm:node/6799463687","name":"Pooja Bengali Sweets","category":"food","subtype":"shop=confectionery","source":"osm"}},{"type":"Feature","geometry":{"type":"Point","coordinates":[72.917766,19.125366]},"properties":{"id":"osm:node/6799612790","name":"Powai sweets","category":"food","subtype":"shop=confectionery","source":"osm","phone":"25787627"}},{"type":"Feature","geometry":{"type":"Point","coordinates":[72.917818,19.125642]},"properties":{"id":"osm:node/6799615086","name":"Chhadva dryfruits","category":"food","subtype":"shop=confectionery","source":"osm"}},{"type":"Feature","geometry":{"type":"Point","coordinates":[72.905021,19.118676]},"properties":{"id":"osm:node/6801910002","name":"Mahananda Dairy Parlour","category":"food","subtype":"amenity=ice_cream","source":"osm"}},{"type":"Feature","geometry":{"type":"Point","coordinates":[72.91889,19.125721]},"properties":{"id":"osm:node/6801919190","name":null,"category":"food","subtype":"amenity=fast_food","source":"osm","cuisine":"chicken"}},{"type":"Feature","geometry":{"type":"Point","coordinates":[72.919243,19.127515]},"properties":{"id":"osm:node/6801919208","name":"Anna Juice Centre","category":"food","subtype":"amenity=cafe","source":"osm"}},{"type":"Feature","geometry":{"type":"Point","coordinates":[72.91925,19.127545]},"properties":{"id":"osm:node/6801919210","name":"Tiwari Tea Stall","category":"food","subtype":"amenity=cafe","source":"osm"}},{"type":"Feature","geometry":{"type":"Point","coordinates":[72.919207,19.127702]},"properties":{"id":"osm:node/6801919215","name":"Om Mook Ambika Prasanna","category":"food","subtype":"amenity=fast_food","source":"osm"}},{"type":"Feature","geometry":{"type":"Point","coordinates":[72.919314,19.127847]},"properties":{"id":"osm:node/6801919216","name":"Om Sai food stall","category":"food","subtype":"amenity=fast_food","source":"osm"}},{"type":"Feature","geometry":{"type":"Point","coordinates":[72.919684,19.12828]},"properties":{"id":"osm:node/6802036285","name":"Gupta Panipuri Center","category":"food","subtype":"amenity=fast_food","source":"osm"}},{"type":"Feature","geometry":{"type":"Point","coordinates":[72.906558,19.118035]},"properties":{"id":"osm:node/6802082688","name":"China Valley","category":"food","subtype":"amenity=restaurant","source":"osm","description":"Chinese Restaurant and Bar","cuisine":"chinese"}},{"type":"Feature","geometry":{"type":"Point","coordinates":[72.90639,19.118333]},"properties":{"id":"osm:node/6802082689","name":"Utsav Restaurant","category":"food","subtype":"amenity=restaurant","source":"osm","description":"Family Restaurant"}},{"type":"Feature","geometry":{"type":"Point","coordinates":[72.918756,19.126698]},"properties":{"id":"osm:node/6804290506","name":"mom's kitchen","category":"food","subtype":"amenity=fast_food","source":"osm","description":"fast food restaurant"}},{"type":"Feature","geometry":{"type":"Point","coordinates":[72.919218,19.12722]},"properties":{"id":"osm:node/6804290535","name":"Kebab and Biryani Station","category":"food","subtype":"amenity=fast_food","source":"osm","description":"non veg snacks","cuisine":"kebab"}},{"type":"Feature","geometry":{"type":"Point","coordinates":[72.919182,19.127283]},"properties":{"id":"osm:node/6804290537","name":"Maddu Mess","category":"food","subtype":"amenity=restaurant","source":"osm","description":"a little inside the lane"}},{"type":"Feature","geometry":{"type":"Point","coordinates":[72.919207,19.127376]},"properties":{"id":"osm:node/6804290542","name":"A one juice","category":"food","subtype":"amenity=cafe","source":"osm","description":"Juice and Soda centre"}},{"type":"Feature","geometry":{"type":"Point","coordinates":[72.9057,19.135064]},"properties":{"id":"osm:node/6805069990","name":"Amul parlour","category":"food","subtype":"amenity=ice_cream","source":"osm"}},{"type":"Feature","geometry":{"type":"Point","coordinates":[72.904894,19.117824]},"properties":{"id":"osm:node/6805177285","name":"SanDoitchi","category":"food","subtype":"amenity=cafe","source":"osm"}},{"type":"Feature","geometry":{"type":"Point","coordinates":[72.909814,19.116857]},"properties":{"id":"osm:node/6805301587","name":"Aromas","category":"food","subtype":"amenity=restaurant","source":"osm","opening_hours":"Mo-Su 09:00-21:00","cuisine":"coffee_shop;sandwich;fish_and_chips;burger;pasta;mediterranean;lebanese;chinese;cake;brunch;italian"}},{"type":"Feature","geometry":{"type":"Point","coordinates":[72.909774,19.116749]},"properties":{"id":"osm:node/6805304885","name":"The Butter Kitchen","category":"food","subtype":"amenity=restaurant","source":"osm"}},{"type":"Feature","geometry":{"type":"Point","coordinates":[72.908752,19.116025]},"properties":{"id":"osm:node/6805332890","name":"Red Olives","category":"food","subtype":"amenity=restaurant","source":"osm"}},{"type":"Feature","geometry":{"type":"Point","coordinates":[72.909592,19.116578]},"properties":{"id":"osm:node/6805332891","name":"K3 snacks and sweets","category":"food","subtype":"amenity=fast_food","source":"osm"}},{"type":"Feature","geometry":{"type":"Point","coordinates":[72.909648,19.116604]},"properties":{"id":"osm:node/6805332987","name":"Snacks and Sweet","category":"food","subtype":"amenity=fast_food","source":"osm"}},{"type":"Feature","geometry":{"type":"Point","coordinates":[72.908898,19.116111]},"properties":{"id":"osm:node/6805333287","name":"Red Olives","category":"food","subtype":"amenity=restaurant","source":"osm"}},{"type":"Feature","geometry":{"type":"Point","coordinates":[72.908175,19.11553]},"properties":{"id":"osm:node/6805394585","name":"Jewels Food Court","category":"food","subtype":"amenity=fast_food","source":"osm"}},{"type":"Feature","geometry":{"type":"Point","coordinates":[72.907364,19.11541]},"properties":{"id":"osm:node/6805446088","name":"Apsara","category":"food","subtype":"amenity=ice_cream","source":"osm"}},{"type":"Feature","geometry":{"type":"Point","coordinates":[72.907695,19.115068]},"properties":{"id":"osm:node/6805446089","name":"El Rancho","category":"food","subtype":"amenity=fast_food","source":"osm"}},{"type":"Feature","geometry":{"type":"Point","coordinates":[72.907826,19.115282]},"properties":{"id":"osm:node/6805446091","name":"Pick pocket","category":"food","subtype":"amenity=fast_food","source":"osm"}},{"type":"Feature","geometry":{"type":"Point","coordinates":[72.907782,19.11529]},"properties":{"id":"osm:node/6805446092","name":"Trupti farsan","category":"food","subtype":"amenity=fast_food","source":"osm"}},{"type":"Feature","geometry":{"type":"Point","coordinates":[72.907416,19.115457]},"properties":{"id":"osm:node/6805447786","name":"Pot Belly","category":"food","subtype":"amenity=fast_food","source":"osm"}},{"type":"Feature","geometry":{"type":"Point","coordinates":[72.907874,19.115374]},"properties":{"id":"osm:node/6805447789","name":"Mohini","category":"food","subtype":"amenity=fast_food","source":"osm"}},{"type":"Feature","geometry":{"type":"Point","coordinates":[72.908301,19.115566]},"properties":{"id":"osm:node/6805447885","name":"Santosh chaat corner","category":"food","subtype":"amenity=fast_food","source":"osm"}},{"type":"Feature","geometry":{"type":"Point","coordinates":[72.907825,19.115358]},"properties":{"id":"osm:node/6805465885","name":"Doodh Sarita","category":"food","subtype":"shop=confectionery","source":"osm"}},{"type":"Feature","geometry":{"type":"Point","coordinates":[72.907405,19.115437]},"properties":{"id":"osm:node/6805465887","name":"Apsara icecream","category":"food","subtype":"shop=confectionery","source":"osm"}},{"type":"Feature","geometry":{"type":"Point","coordinates":[72.907336,19.115147]},"properties":{"id":"osm:node/6805465888","name":"The Great punjab","category":"food","subtype":"amenity=restaurant","source":"osm"}},{"type":"Feature","geometry":{"type":"Point","coordinates":[72.907053,19.115062]},"properties":{"id":"osm:node/6805468987","name":"Elementaria Bakery and Cafe","category":"food","subtype":"amenity=cafe","source":"osm"}},{"type":"Feature","geometry":{"type":"Point","coordinates":[72.907118,19.115076]},"properties":{"id":"osm:node/6805481485","name":"Keventers","category":"food","subtype":"shop=confectionery","source":"osm"}},{"type":"Feature","geometry":{"type":"Point","coordinates":[72.905018,19.118632]},"properties":{"id":"osm:node/6805962985","name":"Mahananda Dairy Parlour","category":"food","subtype":"amenity=ice_cream","source":"osm"}},{"type":"Feature","geometry":{"type":"Point","coordinates":[72.921619,19.124798]},"properties":{"id":"osm:node/6807538187","name":"Choco Au Lait Cakes bakes Cafe","category":"food","subtype":"shop=bakery","source":"osm"}},{"type":"Feature","geometry":{"type":"Point","coordinates":[72.90943,19.116463]},"properties":{"id":"osm:node/6810831552","name":"Sigree Global Grill","category":"food","subtype":"amenity=restaurant","source":"osm","description":"North Indian Cuisine Restaurant, on the first floor","cuisine":"italian;asian;grill;bistro;chinese;regional;fries"}},{"type":"Feature","geometry":{"type":"Point","coordinates":[72.909568,19.117059]},"properties":{"id":"osm:node/6810831553","name":"Suzette Cafe","category":"food","subtype":"amenity=cafe","source":"osm"}},{"type":"Feature","geometry":{"type":"Point","coordinates":[72.911644,19.118511]},"properties":{"id":"osm:node/6810831555","name":"Parabola Restaurant","category":"food","subtype":"amenity=restaurant","source":"osm","opening_hours":"Mo-Su 07:00-23:30"}},{"type":"Feature","geometry":{"type":"Point","coordinates":[72.911828,19.119503]},"properties":{"id":"osm:node/6810831561","name":"Rolls Mania","category":"food","subtype":"amenity=fast_food","source":"osm","description":"Restaurant and Delivery, First Floor, Galleria"}},{"type":"Feature","geometry":{"type":"Point","coordinates":[72.911478,19.119142]},"properties":{"id":"osm:node/6810831562","name":"Smokin' Joe's","category":"food","subtype":"amenity=fast_food","source":"osm","description":"Restaurant and Delivery, First Floor, Galleria","cuisine":"pizza"}},{"type":"Feature","geometry":{"type":"Point","coordinates":[72.911567,19.119291]},"properties":{"id":"osm:node/6810831563","name":"Little Punjab Restaurant","category":"food","subtype":"amenity=restaurant","source":"osm","description":"First Floor Galleria"}},{"type":"Feature","geometry":{"type":"Point","coordinates":[72.911446,19.119208]},"properties":{"id":"osm:node/6810831564","name":"Kareem's","category":"food","subtype":"amenity=fast_food","source":"osm","description":"Eatery on the first floor"}},{"type":"Feature","geometry":{"type":"Point","coordinates":[72.911465,19.119441]},"properties":{"id":"osm:node/6810831565","name":"Charpai - The Flavour","category":"food","subtype":"amenity=restaurant","source":"osm","description":"Eatery on the first floor"}},{"type":"Feature","geometry":{"type":"Point","coordinates":[72.911415,19.119419]},"properties":{"id":"osm:node/6810831566","name":"Faasos","category":"food","subtype":"amenity=fast_food","source":"osm","description":"Eatery on the first floor"}},{"type":"Feature","geometry":{"type":"Point","coordinates":[72.911355,19.119386]},"properties":{"id":"osm:node/6810831567","name":"Juicy Stuff","category":"food","subtype":"amenity=restaurant","source":"osm","description":"Eatery on the first floor"}},{"type":"Feature","geometry":{"type":"Point","coordinates":[72.911298,19.119357]},"properties":{"id":"osm:node/6810831568","name":"China House","category":"food","subtype":"amenity=restaurant","source":"osm","description":"Eatery on the first floor"}},{"type":"Feature","geometry":{"type":"Point","coordinates":[72.911365,19.119325]},"properties":{"id":"osm:node/6810831570","name":"Dum Matka","category":"food","subtype":"amenity=restaurant","source":"osm","description":"Indian Cuisine, Dum Biryani, Kebabs, First Floor"}},{"type":"Feature","geometry":{"type":"Point","coordinates":[72.911413,19.119354]},"properties":{"id":"osm:node/6810831571","name":"China Chilli","category":"food","subtype":"amenity=restaurant","source":"osm","description":"Shop number 153, Galleria, First Floor"}},{"type":"Feature","geometry":{"type":"Point","coordinates":[72.911461,19.119378]},"properties":{"id":"osm:node/6810831572","name":"Hanglas - The Taste of Kolkata","category":"food","subtype":"amenity=restaurant","source":"osm","description":"First Floor"}},{"type":"Feature","geometry":{"type":"Point","coordinates":[72.911498,19.119401]},"properties":{"id":"osm:node/6810831573","name":"Asian Wok","category":"food","subtype":"amenity=restaurant","source":"osm","description":"Chinese, Thai, Pan Asian Restaurant, First Floor"}},{"type":"Feature","geometry":{"type":"Point","coordinates":[72.911535,19.11919]},"properties":{"id":"osm:node/6810835998","name":"Sweet Bengal","category":"food","subtype":"shop=confectionery","source":"osm","description":"Confectionery Store on the first floor"}},{"type":"Feature","geometry":{"type":"Point","coordinates":[72.83335,18.947437]},"properties":{"id":"osm:node/6813483411","name":"Badshah Cold Drinks and Snacks","category":"food","subtype":"amenity=cafe","source":"osm","wheelchair":"no"}},{"type":"Feature","geometry":{"type":"Point","coordinates":[72.966592,19.223182]},"properties":{"id":"osm:node/6813997794","name":"Little Bite Pav Bhaji","category":"food","subtype":"amenity=fast_food","source":"osm"}},{"type":"Feature","geometry":{"type":"Point","coordinates":[72.96706,19.22282]},"properties":{"id":"osm:node/6813997795","name":"anacdote cafe","category":"food","subtype":"amenity=cafe","source":"osm","opening_hours":"Mo-Su 10:00-20:00","cuisine":"coffee_shop;all_types_of_coffee"}},{"type":"Feature","geometry":{"type":"Point","coordinates":[72.967078,19.222655]},"properties":{"id":"osm:node/6813998887","name":"Katty Rolls","category":"food","subtype":"amenity=fast_food","source":"osm"}},{"type":"Feature","geometry":{"type":"Point","coordinates":[72.814874,18.969848]},"properties":{"id":"osm:node/6816067581","name":"Sardar Pav Phaji","category":"food","subtype":"amenity=restaurant","source":"osm"}},{"type":"Feature","geometry":{"type":"Point","coordinates":[72.86299,19.111118]},"properties":{"id":"osm:node/6865999186","name":"The Punjabi's Kitchen","category":"food","subtype":"amenity=restaurant","source":"osm"}},{"type":"Feature","geometry":{"type":"Point","coordinates":[72.86731,19.111431]},"properties":{"id":"osm:node/6865999385","name":"Kapital Kitchen Swad Dilli ka","category":"food","subtype":"amenity=restaurant","source":"osm"}},{"type":"Feature","geometry":{"type":"Point","coordinates":[72.832213,19.148918]},"properties":{"id":"osm:node/6908315507","name":"Eden Goodness Cafe","category":"food","subtype":"amenity=cafe","source":"osm"}},{"type":"Feature","geometry":{"type":"Point","coordinates":[72.919788,19.127644]},"properties":{"id":"osm:node/6924253286","name":"Vatavaran take away","category":"food","subtype":"amenity=fast_food","source":"osm"}},{"type":"Feature","geometry":{"type":"Point","coordinates":[72.91981,19.127554]},"properties":{"id":"osm:node/6924349885","name":"Cheese cake villa","category":"food","subtype":"shop=confectionery","source":"osm"}},{"type":"Feature","geometry":{"type":"Point","coordinates":[72.918625,19.12695]},"properties":{"id":"osm:node/6924363985","name":"Nayak's Farsan and Snacks","category":"food","subtype":"amenity=fast_food","source":"osm"}},{"type":"Feature","geometry":{"type":"Point","coordinates":[72.918491,19.126803]},"properties":{"id":"osm:node/6924364185","name":"Amul dairy and Ice-cream","category":"food","subtype":"amenity=ice_cream","source":"osm"}},{"type":"Feature","geometry":{"type":"Point","coordinates":[72.991169,19.161192]},"properties":{"id":"osm:node/6957213160","name":"Chai Tales","category":"food","subtype":"amenity=cafe","source":"osm","cuisine":"tea;noodles;sandwich;coffee;maggi"}},{"type":"Feature","geometry":{"type":"Point","coordinates":[72.826899,19.060983]},"properties":{"id":"osm:node/6960777256","name":"Candies","category":"food","subtype":"amenity=cafe","source":"osm"}},{"type":"Feature","geometry":{"type":"Point","coordinates":[72.813272,18.957357]},"properties":{"id":"osm:node/6965624162","name":"Narayan Dosa","category":"food","subtype":"amenity=restaurant","source":"osm","opening_hours":"Mo-Su 12:00-23:00","cuisine":"indian","phone":"+919819057490 +919920793287"}},{"type":"Feature","geometry":{"type":"Point","coordinates":[72.81323,18.957359]},"properties":{"id":"osm:node/6965624171","name":"Mama Mia!","category":"food","subtype":"amenity=fast_food","source":"osm","opening_hours":"Mo-Su 11:00-23:00","cuisine":"pizza;chinese;italian;burger;sandwich;salads;soup","phone":"+91226520 7659 +917304480113 +917304480112"}},{"type":"Feature","geometry":{"type":"Point","coordinates":[72.833751,19.065284]},"properties":{"id":"osm:node/6979014985","name":"Theobroma","category":"food","subtype":"shop=pastry","source":"osm"}},{"type":"Feature","geometry":{"type":"Point","coordinates":[72.838605,19.031607]},"properties":{"id":"osm:node/6984478185","name":"The chocolate heaven","category":"food","subtype":"amenity=cafe","source":"osm"}},{"type":"Feature","geometry":{"type":"Point","coordinates":[72.850861,19.026684]},"properties":{"id":"osm:node/6985454769","name":"Sharda Bhavan","category":"food","subtype":"amenity=restaurant","source":"osm","opening_hours":"Mo-Tu 07:30-20:30; Th-Su 07:30-20:30","cuisine":"indian","phone":"+91 22 24141271"}},{"type":"Feature","geometry":{"type":"Point","coordinates":[72.850173,19.026012]},"properties":{"id":"osm:node/6985454770","name":"Cafe Bogeto","category":"food","subtype":"amenity=fast_food","source":"osm","opening_hours":"Mo-Su 10:30-23:00","cuisine":"italian;dessert;coffee;tea","phone":"+91 9769878839"}},{"type":"Feature","geometry":{"type":"Point","coordinates":[72.939215,19.135906]},"properties":{"id":"osm:node/6990613713","name":"atta flour making shop","category":"food","subtype":"shop=bakery","source":"osm"}},{"type":"Feature","geometry":{"type":"Point","coordinates":[72.867572,19.287247]},"properties":{"id":"osm:node/7003388885","name":"McDonald's","category":"food","subtype":"amenity=fast_food","source":"osm","opening_hours":"Mo-Su 09:00-23:00","cuisine":"burger;donut;coffee_shop","phone":"022 6600 0666"}},{"type":"Feature","geometry":{"type":"Point","coordinates":[72.835542,18.95337]},"properties":{"id":"osm:node/7025612186","name":"Best dosa of your life","category":"food","subtype":"amenity=fast_food","source":"osm"}},{"type":"Feature","geometry":{"type":"Point","coordinates":[72.835942,18.953354]},"properties":{"id":"osm:node/7025617485","name":"best dosa of your life","category":"food","subtype":"amenity=fast_food","source":"osm"}},{"type":"Feature","geometry":{"type":"Point","coordinates":[72.81483,18.994316]},"properties":{"id":"osm:node/7036651185","name":"Light House Cafe","category":"food","subtype":"amenity=cafe","source":"osm","opening_hours":"Mo-Su 10:30-01:30","cuisine":"mediterranean;pizza;italian;thai;mexican","phone":"+9199674 14148"}},{"type":"Feature","geometry":{"type":"Point","coordinates":[72.807271,18.976403]},"properties":{"id":"osm:node/7043021751","name":"Food Court","category":"food","subtype":"amenity=restaurant","source":"osm","level":"1"}},{"type":"Feature","geometry":{"type":"Point","coordinates":[72.807235,18.976237]},"properties":{"id":"osm:node/7043029188","name":"Shobha","category":"food","subtype":"amenity=restaurant","source":"osm","cuisine":"indian","level":"0"}},{"type":"Feature","geometry":{"type":"Point","coordinates":[72.807251,18.976402]},"properties":{"id":"osm:node/7043029194","name":"The Ghetto","category":"food","subtype":"amenity=restaurant","source":"osm","level":"0"}},{"type":"Feature","geometry":{"type":"Point","coordinates":[72.826376,19.073184]},"properties":{"id":"osm:node/7047840108","name":"KCROASTERS - By Koinonia","category":"food","subtype":"amenity=cafe","source":"osm","opening_hours":"Mo-Su 08:00-21:30","phone":"+91-9136650277"}},{"type":"Feature","geometry":{"type":"Point","coordinates":[72.806861,18.965636]},"properties":{"id":"osm:node/7047845077","name":"Koinonia Coffee Roasters","category":"food","subtype":"amenity=cafe","source":"osm"}},{"type":"Feature","geometry":{"type":"Point","coordinates":[72.829627,19.000544]},"properties":{"id":"osm:node/7058058366","name":"Delhi Highway","category":"food","subtype":"amenity=restaurant","source":"osm","opening_hours":"Mo-Su 11:30-23:30","cuisine":"indian","phone":"+912249710101"}},{"type":"Feature","geometry":{"type":"Point","coordinates":[72.830523,18.919044]},"properties":{"id":"osm:node/7082720985","name":"Cloud 9","category":"food","subtype":"amenity=cafe","source":"osm","cuisine":"indian"}},{"type":"Feature","geometry":{"type":"Point","coordinates":[72.815573,18.972537]},"properties":{"id":"osm:node/7112155252","name":"Oh! Calcutta","category":"food","subtype":"amenity=restaurant","source":"osm","opening_hours":"Mo-Su 12:30-23:30","cuisine":"indian;seafood","phone":"+912223539114 +912223533115"}},{"type":"Feature","geometry":{"type":"Point","coordinates":[72.819509,18.957249]},"properties":{"id":"osm:node/7118934813","name":"Nityanand Fast Food","category":"food","subtype":"amenity=restaurant","source":"osm","opening_hours":"Mo-Su 10:00-00:30","cuisine":"indian;chinese;pizza;sandwich;juice","phone":"+91 22 2380 9614;+91 22 6635 7182"}},{"type":"Feature","geometry":{"type":"Point","coordinates":[72.850346,19.025832]},"properties":{"id":"osm:node/7132511485","name":"Cafe Gulshan","category":"food","subtype":"amenity=restaurant","source":"osm","cuisine":"persian"}},{"type":"Feature","geometry":{"type":"Point","coordinates":[72.850373,19.025746]},"properties":{"id":"osm:node/7132511486","name":"Snow Point","category":"food","subtype":"amenity=restaurant","source":"osm"}},{"type":"Feature","geometry":{"type":"Point","coordinates":[72.831397,18.922089]},"properties":{"id":"osm:node/7139457486","name":"Food Inn","category":"food","subtype":"amenity=restaurant","source":"osm","cuisine":"local;indian","phone":"+91 22872881"}},{"type":"Feature","geometry":{"type":"Point","coordinates":[72.828158,19.016083]},"properties":{"id":"osm:node/7142975161","name":"The Lab","category":"food","subtype":"amenity=restaurant","source":"osm","opening_hours":"Mo-Su 11:30-23:30","cuisine":"pizza;italian;chinese;mexican;indian;thai;dessert"}},{"type":"Feature","geometry":{"type":"Point","coordinates":[72.828383,19.013337]},"properties":{"id":"osm:node/7142975162","name":"Birdy's Bakery and Patisserie","category":"food","subtype":"shop=bakery","source":"osm","opening_hours":"Mo-Su 07:00-23:00","phone":"+91 22 24331641 , +91 22 24301074"}},{"type":"Feature","geometry":{"type":"Point","coordinates":[72.832796,18.924032]},"properties":{"id":"osm:node/7152142887","name":null,"category":"food","subtype":"amenity=restaurant","source":"osm"}},{"type":"Feature","geometry":{"type":"Point","coordinates":[72.821962,19.129099]},"properties":{"id":"osm:node/7159653244","name":"Jumbo King","category":"food","subtype":"amenity=fast_food","source":"osm","cuisine":"burger"}},{"type":"Feature","geometry":{"type":"Point","coordinates":[72.826168,19.134405]},"properties":{"id":"osm:node/7160197819","name":"Urban Tadka","category":"food","subtype":"amenity=restaurant","source":"osm","cuisine":"north_indian","level":"1"}},{"type":"Feature","geometry":{"type":"Point","coordinates":[72.828759,19.136534]},"properties":{"id":"osm:node/7162138708","name":"My Froyoland","category":"food","subtype":"amenity=ice_cream","source":"osm","wheelchair":"no"}},{"type":"Feature","geometry":{"type":"Point","coordinates":[72.828882,19.136543]},"properties":{"id":"osm:node/7162138709","name":"Silver Beach Cafe","category":"food","subtype":"amenity=cafe","source":"osm"}},{"type":"Feature","geometry":{"type":"Point","coordinates":[72.828752,19.13672]},"properties":{"id":"osm:node/7162138710","name":"Chai Pe Charcha","category":"food","subtype":"amenity=cafe","source":"osm","wheelchair":"no","cuisine":"tea","level":"0"}},{"type":"Feature","geometry":{"type":"Point","coordinates":[72.86716,19.126326]},"properties":{"id":"osm:node/7180504286","name":"café coffee day","category":"food","subtype":"amenity=restaurant","source":"osm"}},{"type":"Feature","geometry":{"type":"Point","coordinates":[72.905722,19.079066]},"properties":{"id":"osm:node/7202827018","name":"Cafe Coffee Day","category":"food","subtype":"amenity=cafe","source":"osm","opening_hours":"Mo-Su 09:00-21:00","cuisine":"coffee_shop"}},{"type":"Feature","geometry":{"type":"Point","coordinates":[72.905988,19.079278]},"properties":{"id":"osm:node/7202827019","name":"Baskin-Robbins","category":"food","subtype":"amenity=ice_cream","source":"osm","cuisine":"ice_cream"}},{"type":"Feature","geometry":{"type":"Point","coordinates":[72.824911,18.943415]},"properties":{"id":"osm:node/7213603557","name":"Gughan Veg","category":"food","subtype":"amenity=restaurant","source":"osm","cuisine":"indian"}},{"type":"Feature","geometry":{"type":"Point","coordinates":[72.811215,18.958225]},"properties":{"id":"osm:node/7213733383","name":"Poco Loco Restaurant & Bar","category":"food","subtype":"amenity=restaurant","source":"osm","cuisine":"burger;mexican;pizza"}},{"type":"Feature","geometry":{"type":"Point","coordinates":[72.827481,18.932694]},"properties":{"id":"osm:node/7226426885","name":"Markiv's","category":"food","subtype":"amenity=cafe","source":"osm"}},{"type":"Feature","geometry":{"type":"Point","coordinates":[72.826055,18.995006]},"properties":{"id":"osm:node/7229657887","name":"Firki","category":"food","subtype":"amenity=restaurant","source":"osm","opening_hours":"Mo-Su 12:00-15:30,18:30-23:30","cuisine":"indian","phone":"+91 22 61054695"}},{"type":"Feature","geometry":{"type":"Point","coordinates":[72.825863,18.9947]},"properties":{"id":"osm:node/7229657888","name":"Riso","category":"food","subtype":"amenity=restaurant","source":"osm","opening_hours":"Mo-Su 12:00-23:30","cuisine":"italian;mexican;pizza;italian_pizza","phone":"+91 22 50645845"}},{"type":"Feature","geometry":{"type":"Point","coordinates":[72.832754,18.928517]},"properties":{"id":"osm:node/7249314185","name":"99 Pancakes","category":"food","subtype":"amenity=cafe","source":"osm","cuisine":"pancake"}},{"type":"Feature","geometry":{"type":"Point","coordinates":[72.956559,19.16295]},"properties":{"id":"osm:node/7273989785","name":"Kekiz the Cake shop","category":"food","subtype":"shop=bakery","source":"osm"}},{"type":"Feature","geometry":{"type":"Point","coordinates":[72.827069,18.942809]},"properties":{"id":"osm:node/7278871285","name":"Savera Fast Food","category":"food","subtype":"amenity=fast_food","source":"osm","cuisine":"pizza;burger;pasta;kebab;sandwich"}},{"type":"Feature","geometry":{"type":"Point","coordinates":[72.828757,18.949098]},"properties":{"id":"osm:node/7279287885","name":"Krishna Murari (Veg. Treat)","category":"food","subtype":"amenity=restaurant","source":"osm","cuisine":"regional;local","phone":"22095675"}},{"type":"Feature","geometry":{"type":"Point","coordinates":[72.831356,18.945902]},"properties":{"id":"osm:node/7280038501","name":"GREENVEG Fresh Treat !!!!","category":"food","subtype":"amenity=fast_food","source":"osm","cuisine":"pizza;sandwich","phone":"+91 98702 87287"}},{"type":"Feature","geometry":{"type":"Point","coordinates":[72.827827,19.098799]},"properties":{"id":"osm:node/7283106715","name":"Shiv Sagar","category":"food","subtype":"amenity=restaurant","source":"osm","level":"0"}},{"type":"Feature","geometry":{"type":"Point","coordinates":[72.813134,18.974934]},"properties":{"id":"osm:node/7285168636","name":"One Step Up - Bar and Grill","category":"food","subtype":"amenity=restaurant","source":"osm","opening_hours":"Mo-Su 12:00-01:30","cuisine":"indian;italian;chinese;dessert;pizza;italian_pizza","phone":"+91 22 23542999;+91 9324415581"}},{"type":"Feature","geometry":{"type":"Point","coordinates":[72.831667,18.931199]},"properties":{"id":"osm:node/7293746571","name":"Fountain Sizzlers","category":"food","subtype":"amenity=restaurant","source":"osm","opening_hours":"Mo-Su 12:00-23:30","cuisine":"italian;thai;chinese;seafood;salad;salads;soup;sandwich;dessert;tea;coffee","phone":"+91 22 40647777"}},{"type":"Feature","geometry":{"type":"Point","coordinates":[72.832308,19.059811]},"properties":{"id":"osm:node/7320270187","name":"Starbucks","category":"food","subtype":"amenity=cafe","source":"osm","cuisine":"coffee_shop"}},{"type":"Feature","geometry":{"type":"Point","coordinates":[72.833206,19.065575]},"properties":{"id":"osm:node/7320270199","name":"Starbucks","category":"food","subtype":"amenity=cafe","source":"osm","cuisine":"coffee_shop"}},{"type":"Feature","geometry":{"type":"Point","coordinates":[72.859517,19.203325]},"properties":{"id":"osm:node/7379668871","name":"Growels","category":"food","subtype":"amenity=restaurant","source":"osm"}},{"type":"Feature","geometry":{"type":"Point","coordinates":[72.825474,19.14113]},"properties":{"id":"osm:node/7425718016","name":"McDonald's","category":"food","subtype":"amenity=fast_food","source":"osm","cuisine":"burger","level":"0"}},{"type":"Feature","geometry":{"type":"Point","coordinates":[72.822975,19.147313]},"properties":{"id":"osm:node/7425718027","name":"Tim Hortons","category":"food","subtype":"amenity=cafe","source":"osm","level":"0"}},{"type":"Feature","geometry":{"type":"Point","coordinates":[72.824893,19.141146]},"properties":{"id":"osm:node/7426184232","name":"Lebanese Point","category":"food","subtype":"amenity=restaurant","source":"osm","cuisine":"lebanese"}},{"type":"Feature","geometry":{"type":"Point","coordinates":[72.82465,19.143194]},"properties":{"id":"osm:node/7426184237","name":"Monsoon Chaat Corner","category":"food","subtype":"amenity=fast_food","source":"osm","cuisine":"chaat","level":"0"}},{"type":"Feature","geometry":{"type":"Point","coordinates":[72.825473,19.141696]},"properties":{"id":"osm:node/7426184238","name":"Warden Bakery","category":"food","subtype":"shop=bakery","source":"osm","level":"0"}},{"type":"Feature","geometry":{"type":"Point","coordinates":[72.82465,19.142692]},"properties":{"id":"osm:node/7426184239","name":"Breadkraft","category":"food","subtype":"amenity=restaurant","source":"osm"}},{"type":"Feature","geometry":{"type":"Point","coordinates":[72.824597,19.142789]},"properties":{"id":"osm:node/7426184240","name":"Dale's Eden","category":"food","subtype":"shop=pastry","source":"osm","opening_hours":"Mo-Su 09:00-01:00","wheelchair":"no","level":"0"}},{"type":"Feature","geometry":{"type":"Point","coordinates":[72.824243,19.143898]},"properties":{"id":"osm:node/7426184242","name":"Sweet Palace","category":"food","subtype":"shop=pastry","source":"osm"}},{"type":"Feature","geometry":{"type":"Point","coordinates":[72.825677,19.141299]},"properties":{"id":"osm:node/7426184247","name":"Camy Wafers","category":"food","subtype":"shop=confectionery","source":"osm","level":"0"}},{"type":"Feature","geometry":{"type":"Point","coordinates":[72.829255,19.145428]},"properties":{"id":"osm:node/7426184248","name":"Nature's Basket","category":"food","subtype":"amenity=ice_cream","source":"osm"}},{"type":"Feature","geometry":{"type":"Point","coordinates":[72.82894,19.136723]},"properties":{"id":"osm:node/7426184252","name":"Bistro 1","category":"food","subtype":"amenity=cafe","source":"osm"}},{"type":"Feature","geometry":{"type":"Point","coordinates":[72.823529,19.147348]},"properties":{"id":"osm:node/7439524969","name":"Starbucks","category":"food","subtype":"amenity=cafe","source":"osm","cuisine":"coffee_shop"}},{"type":"Feature","geometry":{"type":"Point","coordinates":[72.906537,19.117983]},"properties":{"id":"osm:node/7461870685","name":"China Valley","category":"food","subtype":"amenity=restaurant","source":"osm"}},{"type":"Feature","geometry":{"type":"Point","coordinates":[72.906338,19.118371]},"properties":{"id":"osm:node/7461870785","name":"Utsav family restaurant","category":"food","subtype":"amenity=restaurant","source":"osm"}},{"type":"Feature","geometry":{"type":"Point","coordinates":[72.864467,19.254642]},"properties":{"id":"osm:node/7484275078","name":"HOTEL KALASH","category":"food","subtype":"amenity=restaurant","source":"osm","opening_hours":"Mo-Su 09:00-23:00","cuisine":"indian;chinese"}},{"type":"Feature","geometry":{"type":"Point","coordinates":[72.831054,18.964139]},"properties":{"id":"osm:node/7498825218","name":"U.P. Bakery","category":"food","subtype":"shop=bakery","source":"osm","opening_hours":"Mo-Su,PH 06:00-23:00"}},{"type":"Feature","geometry":{"type":"Point","coordinates":[72.830019,18.961869]},"properties":{"id":"osm:node/7499053622","name":"Cafe Paradise","category":"food","subtype":"amenity=restaurant","source":"osm","cuisine":"indian;kebab;chicken;mughlai"}},{"type":"Feature","geometry":{"type":"Point","coordinates":[72.831774,18.961768]},"properties":{"id":"osm:node/7506793876","name":"Al Rehmani Resturant","category":"food","subtype":"amenity=restaurant","source":"osm","cuisine":"mughlai;indian"}},{"type":"Feature","geometry":{"type":"Point","coordinates":[72.832193,18.961776]},"properties":{"id":"osm:node/7506793877","name":"Cafe Almas","category":"food","subtype":"amenity=restaurant","source":"osm","cuisine":"mughlai;indian"}},{"type":"Feature","geometry":{"type":"Point","coordinates":[72.830789,18.961654]},"properties":{"id":"osm:node/7506793879","name":"Nilgiri","category":"food","subtype":"amenity=restaurant","source":"osm","cuisine":"mughlai;indian"}},{"type":"Feature","geometry":{"type":"Point","coordinates":[72.830466,18.961733]},"properties":{"id":"osm:node/7506793880","name":"Alamgir Hotel","category":"food","subtype":"amenity=restaurant","source":"osm","cuisine":"mughlai;indian"}},{"type":"Feature","geometry":{"type":"Point","coordinates":[72.829516,18.96168]},"properties":{"id":"osm:node/7506854136","name":"Laham","category":"food","subtype":"amenity=restaurant","source":"osm","cuisine":"mughlai;indian"}},{"type":"Feature","geometry":{"type":"Point","coordinates":[72.829083,18.961623]},"properties":{"id":"osm:node/7506854142","name":"Star of U.P Restaurant","category":"food","subtype":"amenity=restaurant","source":"osm","cuisine":"mughlai;indian"}},{"type":"Feature","geometry":{"type":"Point","coordinates":[72.828456,18.961641]},"properties":{"id":"osm:node/7506854143","name":"Nawab Seekh Paratha","category":"food","subtype":"amenity=fast_food","source":"osm","cuisine":"mughlai;indian"}},{"type":"Feature","geometry":{"type":"Point","coordinates":[72.830895,18.964704]},"properties":{"id":"osm:node/7514380044","name":"Zulfikar Restaurant","category":"food","subtype":"amenity=restaurant","source":"osm","cuisine":"mughlai;indian"}},{"type":"Feature","geometry":{"type":"Point","coordinates":[72.8339,19.215916]},"properties":{"id":"osm:node/7553183709","name":"Domino's","category":"food","subtype":"amenity=fast_food","source":"osm","opening_hours":"Mo-Su 10:00-22:00","cuisine":"pizza"}},{"type":"Feature","geometry":{"type":"Point","coordinates":[73.012689,19.012324]},"properties":{"id":"osm:node/7645357813","name":"Subway","category":"food","subtype":"amenity=fast_food","source":"osm","cuisine":"sandwich"}},{"type":"Feature","geometry":{"type":"Point","coordinates":[72.830992,18.960603]},"properties":{"id":"osm:node/7743133235","name":"Saifi sweet mart","category":"food","subtype":"shop=confectionery","source":"osm"}},{"type":"Feature","geometry":{"type":"Point","coordinates":[72.945009,19.161618]},"properties":{"id":"osm:node/7765444816","name":"Rama Krishna","category":"food","subtype":"amenity=restaurant","source":"osm","cuisine":"indian"}},{"type":"Feature","geometry":{"type":"Point","coordinates":[72.977216,19.247819]},"properties":{"id":"osm:node/7856300542","name":"McDonald's","category":"food","subtype":"amenity=fast_food","source":"osm","cuisine":"burger"}},{"type":"Feature","geometry":{"type":"Point","coordinates":[72.984419,19.255472]},"properties":{"id":"osm:node/7856367916","name":"Starbucks","category":"food","subtype":"amenity=cafe","source":"osm","cuisine":"coffee_shop"}},{"type":"Feature","geometry":{"type":"Point","coordinates":[72.983733,19.2559]},"properties":{"id":"osm:node/7856367918","name":"KFC","category":"food","subtype":"amenity=fast_food","source":"osm","cuisine":"chicken"}},{"type":"Feature","geometry":{"type":"Point","coordinates":[72.983906,19.255796]},"properties":{"id":"osm:node/7856367919","name":"Pizza Hut","category":"food","subtype":"amenity=restaurant","source":"osm","cuisine":"pizza"}},{"type":"Feature","geometry":{"type":"Point","coordinates":[72.984515,19.255442]},"properties":{"id":"osm:node/7856367920","name":null,"category":"food","subtype":"amenity=fast_food","source":"osm"}},{"type":"Feature","geometry":{"type":"Point","coordinates":[72.991369,19.198418]},"properties":{"id":"osm:node/7944223150","name":"Department Store","category":"food","subtype":"amenity=fast_food","source":"osm","opening_hours":"Mo-Su 09:00-21:00","phone":"+91 8997867509"}},{"type":"Feature","geometry":{"type":"Point","coordinates":[72.82832,18.940178]},"properties":{"id":"osm:node/7944300038","name":"Cafe Coffee Day","category":"food","subtype":"amenity=cafe","source":"osm","cuisine":"coffee_shop"}},{"type":"Feature","geometry":{"type":"Point","coordinates":[72.856961,19.198774]},"properties":{"id":"osm:node/7944486470","name":null,"category":"food","subtype":"amenity=cafe","source":"osm"}},{"type":"Feature","geometry":{"type":"Point","coordinates":[72.856936,19.198779]},"properties":{"id":"osm:node/7944486471","name":"cafe ameyzing","category":"food","subtype":"amenity=cafe","source":"osm"}},{"type":"Feature","geometry":{"type":"Point","coordinates":[72.925332,19.034645]},"properties":{"id":"osm:node/7959517664","name":"NBH Canteen","category":"food","subtype":"amenity=restaurant","source":"osm","opening_hours":"PH,Su-Fr 07:00-22:00"}},{"type":"Feature","geometry":{"type":"Point","coordinates":[72.973328,19.197542]},"properties":{"id":"osm:node/8046451926","name":"Gajanan Snack Center","category":"food","subtype":"amenity=fast_food","source":"osm"}},{"type":"Feature","geometry":{"type":"Point","coordinates":[72.832771,18.92829]},"properties":{"id":"osm:node/8084252878","name":"Sequel","category":"food","subtype":"amenity=cafe","source":"osm"}},{"type":"Feature","geometry":{"type":"Point","coordinates":[72.831623,18.928754]},"properties":{"id":"osm:node/8084321640","name":"Fabcafé","category":"food","subtype":"amenity=cafe","source":"osm"}},{"type":"Feature","geometry":{"type":"Point","coordinates":[72.982466,19.254053]},"properties":{"id":"osm:node/8093061514","name":"Gaurav Sweets","category":"food","subtype":"shop=confectionery","source":"osm","cuisine":"Indian_Sweets","phone":"+91 77388 01610"}},{"type":"Feature","geometry":{"type":"Point","coordinates":[72.972139,19.189073]},"properties":{"id":"osm:node/8093375457","name":"Tea Tapri","category":"food","subtype":"amenity=cafe","source":"osm"}},{"type":"Feature","geometry":{"type":"Point","coordinates":[72.846352,19.037414]},"properties":{"id":"osm:node/8095683678","name":"Bristol Bakery","category":"food","subtype":"shop=bakery","source":"osm"}},{"type":"Feature","geometry":{"type":"Point","coordinates":[72.84644,19.037409]},"properties":{"id":"osm:node/8095683679","name":"Jimmy Boy Bakery","category":"food","subtype":"shop=bakery","source":"osm"}},{"type":"Feature","geometry":{"type":"Point","coordinates":[72.830986,19.006114]},"properties":{"id":"osm:node/8126743841","name":"Nomou","category":"food","subtype":"amenity=ice_cream","source":"osm"}},{"type":"Feature","geometry":{"type":"Point","coordinates":[72.850534,19.026439]},"properties":{"id":"osm:node/8138278125","name":"Oleaf green grocer","category":"food","subtype":"amenity=ice_cream","source":"osm","phone":"+919220574123"}},{"type":"Feature","geometry":{"type":"Point","coordinates":[72.794464,18.943606]},"properties":{"id":"osm:node/8138350698","name":"Kenorita Super Market","category":"food","subtype":"amenity=ice_cream","source":"osm"}},{"type":"Feature","geometry":{"type":"Point","coordinates":[72.807315,18.976026]},"properties":{"id":"osm:node/8138701119","name":"Nature's Basket Warden Road","category":"food","subtype":"amenity=ice_cream","source":"osm"}},{"type":"Feature","geometry":{"type":"Point","coordinates":[72.841357,19.223925]},"properties":{"id":"osm:node/8205707863","name":"Ten One","category":"food","subtype":"amenity=restaurant","source":"osm"}},{"type":"Feature","geometry":{"type":"Point","coordinates":[72.97586,19.191257]},"properties":{"id":"osm:node/8213785709","name":"Gulacha Chaha","category":"food","subtype":"amenity=cafe","source":"osm"}},{"type":"Feature","geometry":{"type":"Point","coordinates":[72.844414,19.205417]},"properties":{"id":"osm:node/8230447840","name":"jinus corner","category":"food","subtype":"amenity=cafe","source":"osm","opening_hours":"Mo-Su 09:00-21:00","cuisine":"pizza;italian;coffee_shop"}},{"type":"Feature","geometry":{"type":"Point","coordinates":[72.841087,19.220497]},"properties":{"id":"osm:node/8246707933","name":"Banana leaf","category":"food","subtype":"amenity=restaurant","source":"osm","cuisine":"regional"}},{"type":"Feature","geometry":{"type":"Point","coordinates":[72.823972,19.015826]},"properties":{"id":"osm:node/8251744595","name":"Mandala Food","category":"food","subtype":"amenity=fast_food","source":"osm"}},{"type":"Feature","geometry":{"type":"Point","coordinates":[72.841529,19.223933]},"properties":{"id":"osm:node/8257356352","name":"Soda planet","category":"food","subtype":"amenity=fast_food","source":"osm"}},{"type":"Feature","geometry":{"type":"Point","coordinates":[72.843424,19.201881]},"properties":{"id":"osm:node/8261012605","name":"Modern sweets and farsan","category":"food","subtype":"amenity=fast_food","source":"osm","opening_hours":"Mo-Su 08:00-21:00","operator":"Own operating outlet","cuisine":"indian;samosa;sweets"}},{"type":"Feature","geometry":{"type":"Point","coordinates":[72.845547,19.198285]},"properties":{"id":"osm:node/8263834093","name":"navnat","category":"food","subtype":"amenity=cafe","source":"osm","opening_hours":"Mo-Su 09:00-21:00","cuisine":"ice_cream;coffee_shop"}},{"type":"Feature","geometry":{"type":"Point","coordinates":[72.861848,19.296299]},"properties":{"id":"osm:node/8266095582","name":"mira veg restaurants","category":"food","subtype":"amenity=restaurant","source":"osm","opening_hours":"Mo-Su 10:00-22:00","cuisine":"pizza","phone":"+91 2345 433 33"}},{"type":"Feature","geometry":{"type":"Point","coordinates":[72.979328,19.182579]},"properties":{"id":"osm:node/8269126118","name":"Prajakta Poli Bhaji Kendra","category":"food","subtype":"amenity=fast_food","source":"osm"}},{"type":"Feature","geometry":{"type":"Point","coordinates":[72.861847,19.042935]},"properties":{"id":"osm:node/8305227226","name":"Gurukripa","category":"food","subtype":"amenity=restaurant","source":"osm","cuisine":"indian"}},{"type":"Feature","geometry":{"type":"Point","coordinates":[72.88275,19.273054]},"properties":{"id":"osm:node/8308497529","name":null,"category":"food","subtype":"amenity=fast_food","source":"osm","opening_hours":"Mo-Su 10:00-20:00","operator":"Global Networks","phone":"+917738786904"}},{"type":"Feature","geometry":{"type":"Point","coordinates":[72.830835,19.065606]},"properties":{"id":"osm:node/8329715112","name":"Gurukripa Pani Puri","category":"food","subtype":"amenity=fast_food","source":"osm"}},{"type":"Feature","geometry":{"type":"Point","coordinates":[72.824952,19.196572]},"properties":{"id":"osm:node/8401473569","name":"FRIENDS KATTA","category":"food","subtype":"amenity=cafe","source":"osm","cuisine":"pizza;italian;sandwich"}},{"type":"Feature","geometry":{"type":"Point","coordinates":[72.838057,19.195085]},"properties":{"id":"osm:node/8402389407","name":"Local Eatery","category":"food","subtype":"amenity=restaurant","source":"osm","opening_hours":"Mo-Su 12:00-23:00","cuisine":"chinese;kebab;indian;thai;tandoor","phone":"+91 22 2807 8086;+91 22 2861 8931"}},{"type":"Feature","geometry":{"type":"Point","coordinates":[72.819717,19.197342]},"properties":{"id":"osm:node/8413904839","name":"YOGITA  RESTAURANT","category":"food","subtype":"amenity=restaurant","source":"osm","opening_hours":"Mo-Su 12:00-23:00","cuisine":"chinese;sandwich;kebab;chicken;indian;ice_cream"}},{"type":"Feature","geometry":{"type":"Point","coordinates":[72.83694,19.103023]},"properties":{"id":"osm:node/8418502060","name":null,"category":"food","subtype":"amenity=cafe","source":"osm","opening_hours":"Mo-Su 10:00-22:00"}},{"type":"Feature","geometry":{"type":"Point","coordinates":[72.836811,19.10319]},"properties":{"id":"osm:node/8418511682","name":"anand dosa center","category":"food","subtype":"amenity=fast_food","source":"osm","opening_hours":"Mo-Su 10:00-22:00","cuisine":"regional"}},{"type":"Feature","geometry":{"type":"Point","coordinates":[72.85196,19.224062]},"properties":{"id":"osm:node/8422041909","name":"dwarka","category":"food","subtype":"amenity=restaurant","source":"osm","opening_hours":"Mo-Su 08:00-00:00","cuisine":"regional;pizza;sandwich;italian;chinese;indian;kebab;ice_cream;dessert"}},{"type":"Feature","geometry":{"type":"Point","coordinates":[72.845762,19.22367]},"properties":{"id":"osm:node/8430745746","name":"Utsav","category":"food","subtype":"amenity=fast_food","source":"osm","opening_hours":"Mo-Su 10:00-22:00","operator":"Manish","cuisine":"indian;sandwich"}},{"type":"Feature","geometry":{"type":"Point","coordinates":[72.829463,19.059365]},"properties":{"id":"osm:node/8451839399","name":"Chaayos","category":"food","subtype":"amenity=cafe","source":"osm","opening_hours":"07:00-23:00","cuisine":"tea","phone":"073049 91343"}},{"type":"Feature","geometry":{"type":"Point","coordinates":[72.88267,19.116854]},"properties":{"id":"osm:node/8451877923","name":"monica momos","category":"food","subtype":"amenity=cafe","source":"osm","opening_hours":"24/7","cuisine":"chicken","phone":"9198979704"}},{"type":"Feature","geometry":{"type":"Point","coordinates":[72.870042,19.276588]},"properties":{"id":"osm:node/8464450514","name":"Balaji Veg Restaurant","category":"food","subtype":"amenity=restaurant","source":"osm"}},{"type":"Feature","geometry":{"type":"Point","coordinates":[72.96687,19.222645]},"properties":{"id":"osm:node/8467409001","name":"Food For Foodies","category":"food","subtype":"amenity=fast_food","source":"osm"}},{"type":"Feature","geometry":{"type":"Point","coordinates":[72.966988,19.222647]},"properties":{"id":"osm:node/8467409005","name":"Shwarmaji","category":"food","subtype":"amenity=fast_food","source":"osm"}},{"type":"Feature","geometry":{"type":"Point","coordinates":[72.823677,19.054677]},"properties":{"id":"osm:node/8488565057","name":null,"category":"food","subtype":"amenity=restaurant","source":"osm"}},{"type":"Feature","geometry":{"type":"Point","coordinates":[72.970035,19.236295]},"properties":{"id":"osm:node/8531850231","name":"Gaurav Sweets And Snacks","category":"food","subtype":"amenity=fast_food","source":"osm"}},{"type":"Feature","geometry":{"type":"Point","coordinates":[72.969576,19.236243]},"properties":{"id":"osm:node/8531850234","name":"Rambhia Foods Namkeen Store","category":"food","subtype":"amenity=fast_food","source":"osm"}},{"type":"Feature","geometry":{"type":"Point","coordinates":[72.983463,19.208141]},"properties":{"id":"osm:node/8567243275","name":"Gauri Poli Bhaji Kendra","category":"food","subtype":"amenity=restaurant","source":"osm","opening_hours":"Mo-Su 07:00-22:00","cuisine":"indian"}},{"type":"Feature","geometry":{"type":"Point","coordinates":[72.957603,19.21484]},"properties":{"id":"osm:node/8575077943","name":"Let's Hookup Tea & Food","category":"food","subtype":"amenity=fast_food","source":"osm"}},{"type":"Feature","geometry":{"type":"Point","coordinates":[72.873429,19.211444]},"properties":{"id":"osm:node/8615092501","name":"Madrasi Kaapi House","category":"food","subtype":"amenity=cafe","source":"osm","opening_hours":"Mo-Su 08:00-21:30","cuisine":"coffee_shop;indian","phone":"+91 7021831206"}},{"type":"Feature","geometry":{"type":"Point","coordinates":[72.982099,19.245437]},"properties":{"id":"osm:node/8628696026","name":"Havmor Ice Cream","category":"food","subtype":"amenity=ice_cream","source":"osm"}},{"type":"Feature","geometry":{"type":"Point","coordinates":[72.86597,19.077004]},"properties":{"id":"osm:node/8727348894","name":"Shawarma's & More","category":"food","subtype":"amenity=restaurant","source":"osm","cuisine":"arab"}},{"type":"Feature","geometry":{"type":"Point","coordinates":[72.948521,19.165198]},"properties":{"id":"osm:node/8733172336","name":"Cafe Bambai","category":"food","subtype":"amenity=cafe","source":"osm"}},{"type":"Feature","geometry":{"type":"Point","coordinates":[72.861067,19.299733]},"properties":{"id":"osm:node/8735689343","name":"Cafe Nostalgia","category":"food","subtype":"amenity=restaurant","source":"osm","opening_hours":"Mo-Su 10:00-22:00","cuisine":"coffee_shop","phone":"9987956423"}},{"type":"Feature","geometry":{"type":"Point","coordinates":[72.819374,18.959013]},"properties":{"id":"osm:node/8839016429","name":"210 Degrees","category":"food","subtype":"shop=bakery","source":"osm"}},{"type":"Feature","geometry":{"type":"Point","coordinates":[72.820072,18.958232]},"properties":{"id":"osm:node/8839016431","name":"Irani Bakery","category":"food","subtype":"shop=bakery","source":"osm"}},{"type":"Feature","geometry":{"type":"Point","coordinates":[72.819449,18.957828]},"properties":{"id":"osm:node/8839016432","name":"Kamdar Sweets","category":"food","subtype":"shop=confectionery","source":"osm"}},{"type":"Feature","geometry":{"type":"Point","coordinates":[72.977298,19.197571]},"properties":{"id":"osm:node/8909478139","name":"Thane Jain Gruh Udhyog Bhandar","category":"food","subtype":"shop=confectionery","source":"osm"}},{"type":"Feature","geometry":{"type":"Point","coordinates":[73.002381,19.202341]},"properties":{"id":"osm:node/8929319659","name":"Amit Garden","category":"food","subtype":"amenity=fast_food","source":"osm","opening_hours":"Mo-Sa 08:00-18:00","cuisine":"coffee_shop;burger;indian;chinese;sandwich","phone":"+91 9876879099"}},{"type":"Feature","geometry":{"type":"Point","coordinates":[73.012411,19.208854]},"properties":{"id":"osm:node/8931123192","name":"Utsav Restaurant","category":"food","subtype":"amenity=restaurant","source":"osm"}},{"type":"Feature","geometry":{"type":"Point","coordinates":[73.010819,19.208866]},"properties":{"id":"osm:node/8931253813","name":"Parsik Cafe","category":"food","subtype":"amenity=cafe","source":"osm","opening_hours":"Mo-Su 11:00-23:00","phone":"+918752939999"}},{"type":"Feature","geometry":{"type":"Point","coordinates":[73.008173,19.035621]},"properties":{"id":"osm:node/8955053491","name":"Health Juice and Fast Food","category":"food","subtype":"amenity=fast_food","source":"osm","phone":"+918433797777"}},{"type":"Feature","geometry":{"type":"Point","coordinates":[72.850176,19.182029]},"properties":{"id":"osm:node/8974941662","name":"Pawar Fast Food","category":"food","subtype":"amenity=fast_food","source":"osm","opening_hours":"24/7","cuisine":"sandwich;burger;chinese","phone":"8850932447"}},{"type":"Feature","geometry":{"type":"Point","coordinates":[72.864774,19.045537]},"properties":{"id":"osm:node/8985928233","name":"Hotel shraddha","category":"food","subtype":"amenity=restaurant","source":"osm"}},{"type":"Feature","geometry":{"type":"Point","coordinates":[73.005923,19.204009]},"properties":{"id":"osm:node/9007841197","name":"Domino's","category":"food","subtype":"amenity=fast_food","source":"osm","description":"Pizza & fast food restaurant chain","cuisine":"pizza","phone":"02225423666"}},{"type":"Feature","geometry":{"type":"Point","coordinates":[72.830206,18.965428]},"properties":{"id":"osm:node/9017049890","name":"Gama Roti, Bara Handi Shop","category":"food","subtype":"amenity=restaurant","source":"osm","opening_hours":"Mo-Sa 07:00-22:00","cuisine":"muglai;indian"}},{"type":"Feature","geometry":{"type":"Point","coordinates":[72.914818,19.046043]},"properties":{"id":"osm:node/9019764217","name":"India Bistro","category":"food","subtype":"amenity=restaurant","source":"osm","cuisine":"chinese;fine_dining;indian"}},{"type":"Feature","geometry":{"type":"Point","coordinates":[72.903209,19.045577]},"properties":{"id":"osm:node/9019764218","name":"Shai Cafe and Bar","category":"food","subtype":"amenity=restaurant","source":"osm","cuisine":"pizza;italian;indian;continental"}},{"type":"Feature","geometry":{"type":"Point","coordinates":[72.914887,19.0463]},"properties":{"id":"osm:node/9019764317","name":"China Bistro","category":"food","subtype":"amenity=restaurant","source":"osm","cuisine":"chinese;fine_dining"}},{"type":"Feature","geometry":{"type":"Point","coordinates":[72.914269,19.052524]},"properties":{"id":"osm:node/9019772817","name":"Domino's Pizza","category":"food","subtype":"amenity=fast_food","source":"osm","cuisine":"pizza"}},{"type":"Feature","geometry":{"type":"Point","coordinates":[72.902312,19.051392]},"properties":{"id":"osm:node/9019774617","name":"Sweet Bengal","category":"food","subtype":"shop=confectionery","source":"osm","opening_hours":"Mo-Su 10:00-22:00","operator":"Sweet Bengal"}},{"type":"Feature","geometry":{"type":"Point","coordinates":[72.902074,19.051458]},"properties":{"id":"osm:node/9021968529","name":"Baskin Robbins","category":"food","subtype":"amenity=ice_cream","source":"osm"}},{"type":"Feature","geometry":{"type":"Point","coordinates":[72.899801,19.05282]},"properties":{"id":"osm:node/9021968826","name":"The J","category":"food","subtype":"amenity=fast_food","source":"osm"}},{"type":"Feature","geometry":{"type":"Point","coordinates":[72.849303,19.120785]},"properties":{"id":"osm:node/9023275590","name":"Hotel Classic","category":"food","subtype":"amenity=restaurant","source":"osm"}},{"type":"Feature","geometry":{"type":"Point","coordinates":[72.848751,19.120621]},"properties":{"id":"osm:node/9023291547","name":"Ratnagiri Restaurant And Bar","category":"food","subtype":"amenity=restaurant","source":"osm"}},{"type":"Feature","geometry":{"type":"Point","coordinates":[72.848669,19.120681]},"properties":{"id":"osm:node/9023297642","name":"Krishna Lunch Home And Bar","category":"food","subtype":"amenity=restaurant","source":"osm"}},{"type":"Feature","geometry":{"type":"Point","coordinates":[72.902034,19.045692]},"properties":{"id":"osm:node/9024157417","name":"Sadguru Veg Diet","category":"food","subtype":"amenity=restaurant","source":"osm","cuisine":"indian"}},{"type":"Feature","geometry":{"type":"Point","coordinates":[72.83906,19.031834]},"properties":{"id":"osm:node/9024163317","name":"Coffee by Di Bella","category":"food","subtype":"amenity=cafe","source":"osm"}},{"type":"Feature","geometry":{"type":"Point","coordinates":[72.849524,19.120678]},"properties":{"id":"osm:node/9024176818","name":"Lakshmi Supermarket","category":"food","subtype":"amenity=fast_food","source":"osm"}},{"type":"Feature","geometry":{"type":"Point","coordinates":[72.849749,19.121152]},"properties":{"id":"osm:node/9024176819","name":"Swagat Mangalore Stores","category":"food","subtype":"amenity=fast_food","source":"osm"}},{"type":"Feature","geometry":{"type":"Point","coordinates":[72.978058,19.184601]},"properties":{"id":"osm:node/9028658697","name":"Shree Krupa Poli Bhaji","category":"food","subtype":"amenity=fast_food","source":"osm"}},{"type":"Feature","geometry":{"type":"Point","coordinates":[72.863501,19.04562]},"properties":{"id":"osm:node/9035450017","name":"McDonald's","category":"food","subtype":"amenity=fast_food","source":"osm","cuisine":"burger"}},{"type":"Feature","geometry":{"type":"Point","coordinates":[72.829287,19.016747]},"properties":{"id":"osm:node/9036896643","name":"McDonald's","category":"food","subtype":"amenity=fast_food","source":"osm","cuisine":"burger"}},{"type":"Feature","geometry":{"type":"Point","coordinates":[72.829273,19.01674]},"properties":{"id":"osm:node/9036896644","name":"Domino's","category":"food","subtype":"amenity=fast_food","source":"osm","opening_hours":"Mo-Su 10:00-01:00","cuisine":"pizza"}},{"type":"Feature","geometry":{"type":"Point","coordinates":[72.949582,19.172995]},"properties":{"id":"osm:node/9047312125","name":"Akshay Food Plaza","category":"food","subtype":"amenity=restaurant","source":"osm","opening_hours":"Mo-Su 10:00-22:00","cuisine":"chinese"}},{"type":"Feature","geometry":{"type":"Point","coordinates":[72.878776,19.111078]},"properties":{"id":"osm:node/9065988146","name":"Minks Sayaji","category":"food","subtype":"amenity=restaurant","source":"osm","cuisine":"indian"}},{"type":"Feature","geometry":{"type":"Point","coordinates":[72.82735,19.14119]},"properties":{"id":"osm:node/9080857996","name":"Cafe Pefe","category":"food","subtype":"amenity=cafe","source":"osm","opening_hours":"Mo-Su 11:00-23:00","description":"Great place to bring your furry friends","cuisine":"coffee_shop;international","phone":"+912226303322"}},{"type":"Feature","geometry":{"type":"Point","coordinates":[72.825145,19.128348]},"properties":{"id":"osm:node/9120887949","name":"Pishu's","category":"food","subtype":"amenity=fast_food","source":"osm"}},{"type":"Feature","geometry":{"type":"Point","coordinates":[72.816322,19.128797]},"properties":{"id":"osm:node/9124310959","name":"Suraj Lama Momos","category":"food","subtype":"amenity=fast_food","source":"osm"}},{"type":"Feature","geometry":{"type":"Point","coordinates":[72.816281,19.128813]},"properties":{"id":"osm:node/9124310960","name":"Darjeeling Lepcha Momos","category":"food","subtype":"amenity=fast_food","source":"osm"}},{"type":"Feature","geometry":{"type":"Point","coordinates":[72.816203,19.12886]},"properties":{"id":"osm:node/9124310961","name":"Pandora's Box","category":"food","subtype":"amenity=restaurant","source":"osm","wheelchair":"no"}},{"type":"Feature","geometry":{"type":"Point","coordinates":[72.825878,19.128623]},"properties":{"id":"osm:node/9124377384","name":"Bangalore Iyengar's Bakery","category":"food","subtype":"shop=bakery","source":"osm","wheelchair":"no","level":"0"}},{"type":"Feature","geometry":{"type":"Point","coordinates":[72.804212,19.143096]},"properties":{"id":"osm:node/9126801432","name":"Bangalore Iyengar's Bakery","category":"food","subtype":"shop=bakery","source":"osm","wheelchair":"no"}},{"type":"Feature","geometry":{"type":"Point","coordinates":[72.909908,19.08211]},"properties":{"id":"osm:node/9128712392","name":"Hotel Popular","category":"food","subtype":"amenity=restaurant","source":"osm","cuisine":"regional;punjabi;south_indian;sandwich"}},{"type":"Feature","geometry":{"type":"Point","coordinates":[72.908404,19.080299]},"properties":{"id":"osm:node/9129138285","name":"Sweet County","category":"food","subtype":"shop=bakery","source":"osm"}},{"type":"Feature","geometry":{"type":"Point","coordinates":[72.908423,19.080395]},"properties":{"id":"osm:node/9129138286","name":"Scoop","category":"food","subtype":"amenity=ice_cream","source":"osm"}},{"type":"Feature","geometry":{"type":"Point","coordinates":[72.906116,19.079705]},"properties":{"id":"osm:node/9129210434","name":"Gurukrupa Restaurant","category":"food","subtype":"amenity=restaurant","source":"osm"}},{"type":"Feature","geometry":{"type":"Point","coordinates":[72.905456,19.080169]},"properties":{"id":"osm:node/9129210435","name":"Achija Restaurant","category":"food","subtype":"amenity=restaurant","source":"osm"}},{"type":"Feature","geometry":{"type":"Point","coordinates":[72.832058,19.139377]},"properties":{"id":"osm:node/9130241611","name":"The Flying Saucer","category":"food","subtype":"amenity=restaurant","source":"osm"}},{"type":"Feature","geometry":{"type":"Point","coordinates":[72.831522,19.143977]},"properties":{"id":"osm:node/9132742307","name":"Nagori Irani Chai","category":"food","subtype":"amenity=cafe","source":"osm"}},{"type":"Feature","geometry":{"type":"Point","coordinates":[72.831518,19.144064]},"properties":{"id":"osm:node/9132742310","name":"Baba Ka Dhaba","category":"food","subtype":"amenity=restaurant","source":"osm","cuisine":"indian"}},{"type":"Feature","geometry":{"type":"Point","coordinates":[72.831537,19.143228]},"properties":{"id":"osm:node/9132758779","name":"Chinese Express","category":"food","subtype":"amenity=fast_food","source":"osm"}},{"type":"Feature","geometry":{"type":"Point","coordinates":[72.831573,19.142943]},"properties":{"id":"osm:node/9132764340","name":"M Town Cafe","category":"food","subtype":"amenity=cafe","source":"osm"}},{"type":"Feature","geometry":{"type":"Point","coordinates":[72.832491,19.127614]},"properties":{"id":"osm:node/9132850195","name":"Sumati","category":"food","subtype":"amenity=fast_food","source":"osm","wheelchair":"no"}},{"type":"Feature","geometry":{"type":"Point","coordinates":[72.908852,19.078921]},"properties":{"id":"osm:node/9134234507","name":"Agarwal Juice Centre","category":"food","subtype":"amenity=fast_food","source":"osm","cuisine":"juice;sandwich;milkshakes"}},{"type":"Feature","geometry":{"type":"Point","coordinates":[72.834745,19.132072]},"properties":{"id":"osm:node/9134871901","name":"PizzaExpress","category":"food","subtype":"amenity=restaurant","source":"osm","wheelchair":"no","cuisine":"pizza","level":"0"}},{"type":"Feature","geometry":{"type":"Point","coordinates":[72.812412,19.13232]},"properties":{"id":"osm:node/9134910289","name":"Ab coffee","category":"food","subtype":"amenity=cafe","source":"osm"}},{"type":"Feature","geometry":{"type":"Point","coordinates":[72.812449,19.132288]},"properties":{"id":"osm:node/9134910290","name":"Subway","category":"food","subtype":"amenity=fast_food","source":"osm","cuisine":"sandwich"}},{"type":"Feature","geometry":{"type":"Point","coordinates":[72.833942,19.115724]},"properties":{"id":"osm:node/9137843245","name":"Coffee by Di Bella","category":"food","subtype":"amenity=cafe","source":"osm"}},{"type":"Feature","geometry":{"type":"Point","coordinates":[72.825402,19.128506]},"properties":{"id":"osm:node/9137914471","name":"Sai Kripa Sandwich Center","category":"food","subtype":"amenity=fast_food","source":"osm"}},{"type":"Feature","geometry":{"type":"Point","coordinates":[72.825382,19.128449]},"properties":{"id":"osm:node/9137914472","name":"Shankar Vada Pav Center","category":"food","subtype":"amenity=fast_food","source":"osm"}},{"type":"Feature","geometry":{"type":"Point","coordinates":[72.82158,19.136361]},"properties":{"id":"osm:node/9139640433","name":"Gupta Vadapav Center","category":"food","subtype":"amenity=fast_food","source":"osm","level":"0"}},{"type":"Feature","geometry":{"type":"Point","coordinates":[72.819797,19.141208]},"properties":{"id":"osm:node/9139716424","name":"Chai Gaadi","category":"food","subtype":"amenity=cafe","source":"osm"}},{"type":"Feature","geometry":{"type":"Point","coordinates":[72.82639,19.097895]},"properties":{"id":"osm:node/9139810656","name":"Shree Siddhivinayak Fast Food","category":"food","subtype":"amenity=fast_food","source":"osm"}},{"type":"Feature","geometry":{"type":"Point","coordinates":[72.826221,19.09794]},"properties":{"id":"osm:node/9139810660","name":"Milan Kalakhatta","category":"food","subtype":"amenity=ice_cream","source":"osm"}},{"type":"Feature","geometry":{"type":"Point","coordinates":[72.826213,19.097995]},"properties":{"id":"osm:node/9139810662","name":"Rajasthan Pav Bhaji","category":"food","subtype":"amenity=fast_food","source":"osm"}},{"type":"Feature","geometry":{"type":"Point","coordinates":[72.826492,19.097807]},"properties":{"id":"osm:node/9139810664","name":"Shree Ganesh Kalakhatta","category":"food","subtype":"amenity=ice_cream","source":"osm"}},{"type":"Feature","geometry":{"type":"Point","coordinates":[72.826204,19.09805]},"properties":{"id":"osm:node/9139810667","name":"Arun Fast Food Centre","category":"food","subtype":"amenity=fast_food","source":"osm"}},{"type":"Feature","geometry":{"type":"Point","coordinates":[72.826199,19.098099]},"properties":{"id":"osm:node/9139810670","name":"Sai Kalyan Pav Bhaji & Chinese","category":"food","subtype":"amenity=fast_food","source":"osm"}},{"type":"Feature","geometry":{"type":"Point","coordinates":[72.826203,19.098022]},"properties":{"id":"osm:node/9139810671","name":"Rangeela Rajasthan Fast Food","category":"food","subtype":"amenity=fast_food","source":"osm"}},{"type":"Feature","geometry":{"type":"Point","coordinates":[72.826315,19.097828]},"properties":{"id":"osm:node/9139821910","name":"Sagar Vada Pav & Tea","category":"food","subtype":"amenity=fast_food","source":"osm"}},{"type":"Feature","geometry":{"type":"Point","coordinates":[72.826231,19.097914]},"properties":{"id":"osm:node/9139821911","name":"Shree Ram Pav Bhaji","category":"food","subtype":"amenity=fast_food","source":"osm"}},{"type":"Feature","geometry":{"type":"Point","coordinates":[72.826216,19.097929]},"properties":{"id":"osm:node/9139821912","name":"Senthil Kalakhatta","category":"food","subtype":"amenity=ice_cream","source":"osm"}},{"type":"Feature","geometry":{"type":"Point","coordinates":[72.826344,19.097925]},"properties":{"id":"osm:node/9139821913","name":"Shiv Shankar Bhel Puri & Chat Centre","category":"food","subtype":"amenity=fast_food","source":"osm"}},{"type":"Feature","geometry":{"type":"Point","coordinates":[72.8263,19.097921]},"properties":{"id":"osm:node/9139821914","name":"Shree Krishna","category":"food","subtype":"amenity=ice_cream","source":"osm"}},{"type":"Feature","geometry":{"type":"Point","coordinates":[72.826577,19.098053]},"properties":{"id":"osm:node/9139914822","name":"Radhe Krishna","category":"food","subtype":"amenity=fast_food","source":"osm"}},{"type":"Feature","geometry":{"type":"Point","coordinates":[72.826561,19.098109]},"properties":{"id":"osm:node/9139914826","name":"Guru Saagar","category":"food","subtype":"amenity=fast_food","source":"osm","cuisine":"South Indian;pav bhaji"}},{"type":"Feature","geometry":{"type":"Point","coordinates":[72.826585,19.097998]},"properties":{"id":"osm:node/9139914828","name":"Sagar Kalakhatta","category":"food","subtype":"amenity=ice_cream","source":"osm"}},{"type":"Feature","geometry":{"type":"Point","coordinates":[72.826567,19.098085]},"properties":{"id":"osm:node/9139914829","name":"Mahalakshmi","category":"food","subtype":"amenity=fast_food","source":"osm","cuisine":"bhel puri;chaat"}},{"type":"Feature","geometry":{"type":"Point","coordinates":[72.826543,19.098158]},"properties":{"id":"osm:node/9139914830","name":"Juhu Sealand","category":"food","subtype":"amenity=ice_cream","source":"osm"}},{"type":"Feature","geometry":{"type":"Point","coordinates":[72.826582,19.09803]},"properties":{"id":"osm:node/9139914831","name":"Santosh Pan Bhandar","category":"food","subtype":"shop=confectionery","source":"osm"}},{"type":"Feature","geometry":{"type":"Point","coordinates":[72.970935,19.186874]},"properties":{"id":"osm:node/9186377480","name":"Chitale Xpress","category":"food","subtype":"shop=confectionery","source":"osm"}},{"type":"Feature","geometry":{"type":"Point","coordinates":[72.971249,19.232717]},"properties":{"id":"osm:node/9186795101","name":"Maple Restobar","category":"food","subtype":"amenity=restaurant","source":"osm"}},{"type":"Feature","geometry":{"type":"Point","coordinates":[72.970693,19.236338]},"properties":{"id":"osm:node/9188261868","name":"Kekiz - The Cake Shop","category":"food","subtype":"shop=bakery","source":"osm"}},{"type":"Feature","geometry":{"type":"Point","coordinates":[72.975763,19.235073]},"properties":{"id":"osm:node/9215039090","name":"Jumbo King","category":"food","subtype":"amenity=fast_food","source":"osm","cuisine":"burger"}},{"type":"Feature","geometry":{"type":"Point","coordinates":[72.975787,19.234976]},"properties":{"id":"osm:node/9215039093","name":"Monginis Cake Shop","category":"food","subtype":"shop=bakery","source":"osm"}},{"type":"Feature","geometry":{"type":"Point","coordinates":[72.975801,19.234901]},"properties":{"id":"osm:node/9215039095","name":"Jeden Cake","category":"food","subtype":"shop=bakery","source":"osm"}},{"type":"Feature","geometry":{"type":"Point","coordinates":[72.975805,19.234866]},"properties":{"id":"osm:node/9215039096","name":"Hotel Snack Attack","category":"food","subtype":"amenity=restaurant","source":"osm"}},{"type":"Feature","geometry":{"type":"Point","coordinates":[72.969726,19.222682]},"properties":{"id":"osm:node/9215058620","name":"Bangalore Iyengar Bakery","category":"food","subtype":"shop=bakery","source":"osm"}},{"type":"Feature","geometry":{"type":"Point","coordinates":[72.969705,19.223237]},"properties":{"id":"osm:node/9215791074","name":"Darshan Icecream Parlour","category":"food","subtype":"amenity=ice_cream","source":"osm"}},{"type":"Feature","geometry":{"type":"Point","coordinates":[72.969662,19.223316]},"properties":{"id":"osm:node/9215791084","name":"Mother India Snacks & Sweets","category":"food","subtype":"shop=confectionery","source":"osm"}},{"type":"Feature","geometry":{"type":"Point","coordinates":[72.969552,19.223516]},"properties":{"id":"osm:node/9215791085","name":"Sai Vihar Family Restaurant & Bar","category":"food","subtype":"amenity=restaurant","source":"osm"}},{"type":"Feature","geometry":{"type":"Point","coordinates":[72.969633,19.223521]},"properties":{"id":"osm:node/9215791086","name":"The Kitchen","category":"food","subtype":"amenity=restaurant","source":"osm"}},{"type":"Feature","geometry":{"type":"Point","coordinates":[72.969714,19.223531]},"properties":{"id":"osm:node/9215791088","name":"Chap's Tasty Chinese","category":"food","subtype":"amenity=restaurant","source":"osm"}},{"type":"Feature","geometry":{"type":"Point","coordinates":[72.969707,19.223672]},"properties":{"id":"osm:node/9215791090","name":"RK Snacks","category":"food","subtype":"shop=bakery","source":"osm"}},{"type":"Feature","geometry":{"type":"Point","coordinates":[72.969698,19.223812]},"properties":{"id":"osm:node/9215791093","name":"Biryani Binge","category":"food","subtype":"amenity=restaurant","source":"osm"}},{"type":"Feature","geometry":{"type":"Point","coordinates":[72.969696,19.223855]},"properties":{"id":"osm:node/9215791094","name":"SD Foods","category":"food","subtype":"amenity=restaurant","source":"osm"}},{"type":"Feature","geometry":{"type":"Point","coordinates":[72.969692,19.223899]},"properties":{"id":"osm:node/9215791095","name":"Ajay Tandoor Corner","category":"food","subtype":"amenity=restaurant","source":"osm","cuisine":"indian"}},{"type":"Feature","geometry":{"type":"Point","coordinates":[72.969691,19.223946]},"properties":{"id":"osm:node/9215791096","name":"Bangalore Iyengar Bakery","category":"food","subtype":"shop=bakery","source":"osm"}},{"type":"Feature","geometry":{"type":"Point","coordinates":[72.969689,19.223981]},"properties":{"id":"osm:node/9215791097","name":"Hot Chips","category":"food","subtype":"shop=bakery","source":"osm"}},{"type":"Feature","geometry":{"type":"Point","coordinates":[72.861245,19.298747]},"properties":{"id":"osm:node/9245847156","name":"Mahalaxmi Sweets","category":"food","subtype":"amenity=fast_food","source":"osm"}},{"type":"Feature","geometry":{"type":"Point","coordinates":[72.939198,19.18079]},"properties":{"id":"osm:node/9300296366","name":"L'amor","category":"food","subtype":"amenity=restaurant","source":"osm","opening_hours":"Mo-Su 14:00-23:59","cuisine":"pizza;burger;italian;sandwich;mexican;coffee_shop","phone":"+91 8779051286"}},{"type":"Feature","geometry":{"type":"Point","coordinates":[72.950877,19.172745]},"properties":{"id":"osm:node/9308325853","name":"Cafe Coffee Day","category":"food","subtype":"amenity=cafe","source":"osm","opening_hours":"Mo-Su 09:00-21:00","cuisine":"coffee_shop"}},{"type":"Feature","geometry":{"type":"Point","coordinates":[72.969947,19.19199]},"properties":{"id":"osm:node/9308340671","name":"Thane Cafe","category":"food","subtype":"amenity=cafe","source":"osm","opening_hours":"Mo-Su 09:00-21:00","cuisine":"italian;pizza","phone":"2235556778"}},{"type":"Feature","geometry":{"type":"Point","coordinates":[73.011878,19.210008]},"properties":{"id":"osm:node/9322517355","name":"Manoj","category":"food","subtype":"amenity=cafe","source":"osm"}},{"type":"Feature","geometry":{"type":"Point","coordinates":[72.825733,19.014418]},"properties":{"id":"osm:node/9333636644","name":"Cafe Waah Maratha","category":"food","subtype":"amenity=cafe","source":"osm","opening_hours":"Th-Wed 00:00-12:00"}},{"type":"Feature","geometry":{"type":"Point","coordinates":[72.823603,19.012695]},"properties":{"id":"osm:node/9333655068","name":"Starbucks","category":"food","subtype":"amenity=cafe","source":"osm","opening_hours":"Mo-Su 09:00-21:00","cuisine":"coffee_shop"}},{"type":"Feature","geometry":{"type":"Point","coordinates":[72.836356,19.102831]},"properties":{"id":"osm:node/9339522266","name":"NMIMS canteen","category":"food","subtype":"amenity=fast_food","source":"osm","operator":"NMIMS"}},{"type":"Feature","geometry":{"type":"Point","coordinates":[72.936875,19.124491]},"properties":{"id":"osm:node/9343397109","name":"Mega restaraunt","category":"food","subtype":"amenity=restaurant","source":"osm","opening_hours":"Mo-Fr 09:00-17:00","cuisine":"chinese","phone":"+91 895412367"}},{"type":"Feature","geometry":{"type":"Point","coordinates":[72.978995,19.222739]},"properties":{"id":"osm:node/9350865475","name":"Domino's","category":"food","subtype":"amenity=fast_food","source":"osm","cuisine":"pizza"}},{"type":"Feature","geometry":{"type":"Point","coordinates":[72.841123,19.222999]},"properties":{"id":"osm:node/9352651126","name":null,"category":"food","subtype":"amenity=cafe","source":"osm"}},{"type":"Feature","geometry":{"type":"Point","coordinates":[72.86426,19.107041]},"properties":{"id":"osm:node/9359808172","name":"Amar Fast Food And Juice Center","category":"food","subtype":"amenity=restaurant","source":"osm","opening_hours":"Mo-Su 10:00-24:00","cuisine":"pizza;burger;sandwich;chicken;kebab"}},{"type":"Feature","geometry":{"type":"Point","coordinates":[72.850155,19.24464]},"properties":{"id":"osm:node/9391471943","name":"riga chinese","category":"food","subtype":"amenity=cafe","source":"osm","opening_hours":"Mo-Su 09:00-21:00","cuisine":"sandwich;pizza"}},{"type":"Feature","geometry":{"type":"Point","coordinates":[72.826724,19.054639]},"properties":{"id":"osm:node/9408652356","name":"American Express Bakery","category":"food","subtype":"shop=bakery","source":"osm"}},{"type":"Feature","geometry":{"type":"Point","coordinates":[72.855978,19.230448]},"properties":{"id":"osm:node/9454549230","name":"Lochlainn Cafe","category":"food","subtype":"amenity=restaurant","source":"osm","opening_hours":"Mo-Su 09:00-21:00","cuisine":"coffee_shop"}},{"type":"Feature","geometry":{"type":"Point","coordinates":[72.809719,18.962535]},"properties":{"id":"osm:node/9504617891","name":"pdp","category":"food","subtype":"shop=bakery","source":"osm","opening_hours":"24/7","operator":"pdp","phone":"123567890"}},{"type":"Feature","geometry":{"type":"Point","coordinates":[72.823299,19.145189]},"properties":{"id":"osm:node/9505205402","name":"cafe cafe","category":"food","subtype":"amenity=cafe","source":"osm","opening_hours":"24/7","cuisine":"coffee_shop"}},{"type":"Feature","geometry":{"type":"Point","coordinates":[72.876142,19.289839]},"properties":{"id":"osm:node/9505587433","name":"Tea Villa Cafe","category":"food","subtype":"amenity=cafe","source":"osm","opening_hours":"Mo-Su 09:00-21:00","cuisine":"pizza;coffee_shop;indian"}},{"type":"Feature","geometry":{"type":"Point","coordinates":[72.84959,19.103126]},"properties":{"id":"osm:node/9509595437","name":"The Dream Cafe","category":"food","subtype":"amenity=cafe","source":"osm","opening_hours":"Mo-Sa 09:00-20:00","cuisine":"coffee_shop"}},{"type":"Feature","geometry":{"type":"Point","coordinates":[72.905357,19.07553]},"properties":{"id":"osm:node/9523373451","name":"Jugnu Soda Pub","category":"food","subtype":"amenity=fast_food","source":"osm"}},{"type":"Feature","geometry":{"type":"Point","coordinates":[72.894781,19.045515]},"properties":{"id":"osm:node/9545568397","name":"VIG Refreshment","category":"food","subtype":"amenity=cafe","source":"osm"}},{"type":"Feature","geometry":{"type":"Point","coordinates":[72.865314,19.134787]},"properties":{"id":"osm:node/9546552610","name":"Cafe Aloha","category":"food","subtype":"amenity=cafe","source":"osm","opening_hours":"Mo-Su 09:00-21:00","cuisine":"pizza;coffee_shop;sandwich"}},{"type":"Feature","geometry":{"type":"Point","coordinates":[72.865523,19.134497]},"properties":{"id":"osm:node/9548741506","name":"Cafe Coffee Day","category":"food","subtype":"amenity=cafe","source":"osm","opening_hours":"Mo-Su 09:00-21:00","cuisine":"coffee_shop","phone":"93657482838"}},{"type":"Feature","geometry":{"type":"Point","coordinates":[72.865215,19.203937]},"properties":{"id":"osm:node/9548786763","name":"Cafe Mocha","category":"food","subtype":"amenity=cafe","source":"osm","opening_hours":"Mo-Su 09:00-21:00","cuisine":"coffee_shop","phone":"985443209"}},{"type":"Feature","geometry":{"type":"Point","coordinates":[72.828789,18.944107]},"properties":{"id":"osm:node/9574663630","name":"Kyani & Co.","category":"food","subtype":"amenity=cafe","source":"osm","wheelchair":"no","phone":"+91 8928616793"}},{"type":"Feature","geometry":{"type":"Point","coordinates":[72.826932,18.942779]},"properties":{"id":"osm:node/9574698658","name":"Sassanian","category":"food","subtype":"amenity=restaurant","source":"osm"}},{"type":"Feature","geometry":{"type":"Point","coordinates":[72.83206,18.930752]},"properties":{"id":"osm:node/9574721718","name":"Cafe Military","category":"food","subtype":"amenity=restaurant","source":"osm"}},{"type":"Feature","geometry":{"type":"Point","coordinates":[72.833646,18.937539]},"properties":{"id":"osm:node/9574735835","name":"Cafe Excelsior","category":"food","subtype":"amenity=restaurant","source":"osm"}},{"type":"Feature","geometry":{"type":"Point","coordinates":[72.899773,19.05216]},"properties":{"id":"osm:node/9655548017","name":"Subway","category":"food","subtype":"amenity=fast_food","source":"osm","opening_hours":"Mo-Su 10:00-22:00","wheelchair":"no","operator":"Subway","cuisine":"sandwich","level":"0"}},{"type":"Feature","geometry":{"type":"Point","coordinates":[72.899674,19.061411]},"properties":{"id":"osm:node/9655548117","name":"Le Cafe","category":"food","subtype":"amenity=cafe","source":"osm"}},{"type":"Feature","geometry":{"type":"Point","coordinates":[72.822789,18.926394]},"properties":{"id":"osm:node/9660370773","name":"Blue Tokai Coffee | Nariman Point","category":"food","subtype":"amenity=cafe","source":"osm","opening_hours":"Mo-Su 07:30-2030","cuisine":"coffee_shop","phone":"+9193249 54178"}},{"type":"Feature","geometry":{"type":"Point","coordinates":[72.829267,18.961645]},"properties":{"id":"osm:node/9663134040","name":"JJ Jalebi","category":"food","subtype":"amenity=fast_food","source":"osm","cuisine":"regional"}},{"type":"Feature","geometry":{"type":"Point","coordinates":[72.928202,19.03793]},"properties":{"id":"osm:node/9663380378","name":null,"category":"food","subtype":"shop=bakery","source":"osm"}},{"type":"Feature","geometry":{"type":"Point","coordinates":[72.917791,19.051393]},"properties":{"id":"osm:node/9668219617","name":"The Bread Bar","category":"food","subtype":"shop=bakery","source":"osm"}},{"type":"Feature","geometry":{"type":"Point","coordinates":[72.976902,19.192502]},"properties":{"id":"osm:node/9679748043","name":"Lake Woods Cafe","category":"food","subtype":"amenity=restaurant","source":"osm","phone":"+918422882295"}},{"type":"Feature","geometry":{"type":"Point","coordinates":[72.86784,19.279013]},"properties":{"id":"osm:node/9684590520","name":"Shivali Garden","category":"food","subtype":"amenity=restaurant","source":"osm","opening_hours":"Mo-Su 10:30-01:00","cuisine":"chinese;north_indian","phone":"+912228126044; +912265134111"}},{"type":"Feature","geometry":{"type":"Point","coordinates":[72.854992,19.027895]},"properties":{"id":"osm:node/9715914017","name":"Radha Krishna","category":"food","subtype":"amenity=restaurant","source":"osm","operator":"Aadi Ananta Hospitality and Services","cuisine":"indian;chinese;italian;mexican;pizza","level":"0"}},{"type":"Feature","geometry":{"type":"Point","coordinates":[72.816481,19.129927]},"properties":{"id":"osm:node/9717386620","name":null,"category":"food","subtype":"amenity=fast_food","source":"osm"}},{"type":"Feature","geometry":{"type":"Point","coordinates":[72.971692,19.208268]},"properties":{"id":"osm:node/9730185558","name":"Rajdhani Thali","category":"food","subtype":"amenity=restaurant","source":"osm","cuisine":"indian"}},{"type":"Feature","geometry":{"type":"Point","coordinates":[72.956102,19.173606]},"properties":{"id":"osm:node/9738825918","name":"Bhau vadapav","category":"food","subtype":"amenity=fast_food","source":"osm"}},{"type":"Feature","geometry":{"type":"Point","coordinates":[72.957883,19.174794]},"properties":{"id":"osm:node/9738826133","name":"Subham","category":"food","subtype":"amenity=restaurant","source":"osm"}},{"type":"Feature","geometry":{"type":"Point","coordinates":[72.957814,19.17386]},"properties":{"id":"osm:node/9738827579","name":"Atithi","category":"food","subtype":"amenity=restaurant","source":"osm"}},{"type":"Feature","geometry":{"type":"Point","coordinates":[72.957794,19.174678]},"properties":{"id":"osm:node/9738837636","name":"Sitara","category":"food","subtype":"amenity=restaurant","source":"osm"}},{"type":"Feature","geometry":{"type":"Point","coordinates":[72.952259,19.175713]},"properties":{"id":"osm:node/9738865577","name":"Sandeep","category":"food","subtype":"amenity=restaurant","source":"osm"}},{"type":"Feature","geometry":{"type":"Point","coordinates":[72.952954,19.175382]},"properties":{"id":"osm:node/9738877812","name":"Kirti Mahal","category":"food","subtype":"amenity=restaurant","source":"osm"}},{"type":"Feature","geometry":{"type":"Point","coordinates":[72.956361,19.172787]},"properties":{"id":"osm:node/9738892382","name":"Rasoi Thali","category":"food","subtype":"amenity=cafe","source":"osm"}},{"type":"Feature","geometry":{"type":"Point","coordinates":[72.870362,19.277119]},"properties":{"id":"osm:node/9771176978","name":"Naturals","category":"food","subtype":"amenity=ice_cream","source":"osm","cuisine":"ice_cream"}},{"type":"Feature","geometry":{"type":"Point","coordinates":[72.86471,19.272779]},"properties":{"id":"osm:node/9771229988","name":"Casedella","category":"food","subtype":"amenity=cafe","source":"osm","cuisine":"pastry;coffee"}},{"type":"Feature","geometry":{"type":"Point","coordinates":[72.865468,19.284038]},"properties":{"id":"osm:node/9785899365","name":"KGN","category":"food","subtype":"amenity=restaurant","source":"osm","cuisine":"north_indian;biryani"}},{"type":"Feature","geometry":{"type":"Point","coordinates":[72.856465,19.285199]},"properties":{"id":"osm:node/9785899366","name":"KGN","category":"food","subtype":"amenity=restaurant","source":"osm","opening_hours":"Mo-Su 09:00-00:00","cuisine":"north_indian;biryani","phone":"+918691962633"}},{"type":"Feature","geometry":{"type":"Point","coordinates":[72.988811,19.146819]},"properties":{"id":"osm:node/9801865368","name":"Bharat Bakery","category":"food","subtype":"shop=bakery","source":"osm"}},{"type":"Feature","geometry":{"type":"Point","coordinates":[72.973239,19.184055]},"properties":{"id":"osm:node/9805444761","name":"Patel Coffee House","category":"food","subtype":"amenity=cafe","source":"osm","opening_hours":"Mo-Su 09:00-21:00","cuisine":"coffee_shop","phone":"+91 9807689709"}},{"type":"Feature","geometry":{"type":"Point","coordinates":[72.973247,19.183964]},"properties":{"id":"osm:node/9805444762","name":"Bapu Vadapav","category":"food","subtype":"amenity=fast_food","source":"osm"}},{"type":"Feature","geometry":{"type":"Point","coordinates":[72.99063,19.143674]},"properties":{"id":"osm:node/9808573015","name":"Meating square","category":"food","subtype":"amenity=restaurant","source":"osm"}},{"type":"Feature","geometry":{"type":"Point","coordinates":[72.867104,19.284746]},"properties":{"id":"osm:node/9812019599","name":"Cafe Miranda","category":"food","subtype":"amenity=restaurant","source":"osm","cuisine":"Goan"}},{"type":"Feature","geometry":{"type":"Point","coordinates":[72.847922,19.249911]},"properties":{"id":"osm:node/9812153228","name":"The Farm House","category":"food","subtype":"amenity=restaurant","source":"osm"}},{"type":"Feature","geometry":{"type":"Point","coordinates":[72.849022,19.249789]},"properties":{"id":"osm:node/9812162293","name":"Cafe Meter On","category":"food","subtype":"amenity=restaurant","source":"osm","cuisine":"pizza;italian;coffee_shop"}},{"type":"Feature","geometry":{"type":"Point","coordinates":[72.848206,19.249093]},"properties":{"id":"osm:node/9812187793","name":"Snack Shack","category":"food","subtype":"amenity=restaurant","source":"osm"}},{"type":"Feature","geometry":{"type":"Point","coordinates":[72.988682,19.145596]},"properties":{"id":"osm:node/9812406929","name":"Poli Bhaji Kendra","category":"food","subtype":"amenity=restaurant","source":"osm","cuisine":"indian"}},{"type":"Feature","geometry":{"type":"Point","coordinates":[72.999697,19.148622]},"properties":{"id":"osm:node/9819128087","name":"Monginis Cake shop","category":"food","subtype":"shop=pastry","source":"osm"}},{"type":"Feature","geometry":{"type":"Point","coordinates":[72.976832,19.183315]},"properties":{"id":"osm:node/9825050341","name":"Vijay Snacks","category":"food","subtype":"amenity=fast_food","source":"osm"}},{"type":"Feature","geometry":{"type":"Point","coordinates":[72.828245,19.136663]},"properties":{"id":"osm:node/9828587930","name":"Karim’s","category":"food","subtype":"amenity=restaurant","source":"osm","cuisine":"Mughlai"}},{"type":"Feature","geometry":{"type":"Point","coordinates":[73.005948,19.094777]},"properties":{"id":"osm:node/9828650188","name":"Domino's","category":"food","subtype":"amenity=fast_food","source":"osm","cuisine":"pizza"}},{"type":"Feature","geometry":{"type":"Point","coordinates":[72.994304,19.148036]},"properties":{"id":"osm:node/9830153939","name":"Mojo Pizza","category":"food","subtype":"amenity=restaurant","source":"osm","cuisine":"pizza"}},{"type":"Feature","geometry":{"type":"Point","coordinates":[72.99534,19.147422]},"properties":{"id":"osm:node/9830195376","name":"McDonald's","category":"food","subtype":"amenity=fast_food","source":"osm","cuisine":"burger"}},{"type":"Feature","geometry":{"type":"Point","coordinates":[72.994873,19.143925]},"properties":{"id":"osm:node/9843153933","name":"Chang Su","category":"food","subtype":"amenity=restaurant","source":"osm","cuisine":"chinese"}},{"type":"Feature","geometry":{"type":"Point","coordinates":[72.844505,19.241198]},"properties":{"id":"osm:node/9847434086","name":"Starbucks","category":"food","subtype":"amenity=cafe","source":"osm","cuisine":"coffee_shop"}},{"type":"Feature","geometry":{"type":"Point","coordinates":[72.838758,19.215436]},"properties":{"id":"osm:node/9852683887","name":"Zaika - The Northern Street","category":"food","subtype":"amenity=restaurant","source":"osm"}},{"type":"Feature","geometry":{"type":"Point","coordinates":[72.848882,19.254857]},"properties":{"id":"osm:node/9853230911","name":"Coffee Craft","category":"food","subtype":"amenity=cafe","source":"osm"}},{"type":"Feature","geometry":{"type":"Point","coordinates":[72.827484,19.004146]},"properties":{"id":"osm:node/9879398059","name":"Banana Leaf","category":"food","subtype":"amenity=restaurant","source":"osm","opening_hours":"Mo-Su 10:30-23:00","cuisine":"indian","phone":"+91 8080891111"}},{"type":"Feature","geometry":{"type":"Point","coordinates":[72.937948,19.166076]},"properties":{"id":"osm:node/9887629175","name":"McDonald's","category":"food","subtype":"amenity=fast_food","source":"osm","cuisine":"burger"}},{"type":"Feature","geometry":{"type":"Point","coordinates":[72.939541,19.180653]},"properties":{"id":"osm:node/9887633172","name":"Kartik' Juice center","category":"food","subtype":"amenity=fast_food","source":"osm","opening_hours":"Mo-Su 10:00-23:00"}},{"type":"Feature","geometry":{"type":"Point","coordinates":[72.957044,19.173268]},"properties":{"id":"osm:node/9887664317","name":"McDonald's","category":"food","subtype":"amenity=fast_food","source":"osm","cuisine":"burger"}},{"type":"Feature","geometry":{"type":"Point","coordinates":[72.9617,19.170739]},"properties":{"id":"osm:node/9887677853","name":"EFC shawarma","category":"food","subtype":"amenity=fast_food","source":"osm"}},{"type":"Feature","geometry":{"type":"Point","coordinates":[72.93919,19.168568]},"properties":{"id":"osm:node/9887678018","name":"Dominos pizza","category":"food","subtype":"amenity=fast_food","source":"osm"}},{"type":"Feature","geometry":{"type":"Point","coordinates":[72.961065,19.167993]},"properties":{"id":"osm:node/9887687542","name":"Campus","category":"food","subtype":"amenity=restaurant","source":"osm"}},{"type":"Feature","geometry":{"type":"Point","coordinates":[72.960746,19.167355]},"properties":{"id":"osm:node/9887696719","name":"Tea & Conversation","category":"food","subtype":"amenity=cafe","source":"osm"}},{"type":"Feature","geometry":{"type":"Point","coordinates":[72.925082,19.280456]},"properties":{"id":"osm:node/9908628017","name":"Kaka dairy","category":"food","subtype":"amenity=fast_food","source":"osm"}},{"type":"Feature","geometry":{"type":"Point","coordinates":[72.829266,18.917923]},"properties":{"id":"osm:node/9915112218","name":"SHUBH SAGAR PURE VEG","category":"food","subtype":"amenity=restaurant","source":"osm"}},{"type":"Feature","geometry":{"type":"Point","coordinates":[72.806265,18.975139]},"properties":{"id":"osm:node/9923848317","name":"The Green Affair","category":"food","subtype":"amenity=restaurant","source":"osm","opening_hours":"Mo-Su 12:00-01:30","cuisine":"american;italian_pizza;pizza;salad","phone":"+918097808871"}},{"type":"Feature","geometry":{"type":"Point","coordinates":[72.835347,19.068573]},"properties":{"id":"osm:node/9935357958","name":"Greenbox Caffe","category":"food","subtype":"amenity=cafe","source":"osm","cuisine":"indian"}},{"type":"Feature","geometry":{"type":"Point","coordinates":[72.915897,19.13207]},"properties":{"id":"osm:node/9935560217","name":"कॅफे '९२","category":"food","subtype":"amenity=restaurant","source":"osm"}},{"type":"Feature","geometry":{"type":"Point","coordinates":[72.887809,19.154177]},"properties":{"id":"osm:node/9938679617","name":null,"category":"food","subtype":"amenity=restaurant","source":"osm"}},{"type":"Feature","geometry":{"type":"Point","coordinates":[72.914475,19.135859]},"properties":{"id":"osm:node/9941904318","name":"Aroma Dhaba","category":"food","subtype":"amenity=restaurant","source":"osm","opening_hours":"Mo-Su 15:00-03:00","cuisine":"indian"}},{"type":"Feature","geometry":{"type":"Point","coordinates":[72.967036,19.193352]},"properties":{"id":"osm:node/9967205227","name":"Family Tree","category":"food","subtype":"amenity=restaurant","source":"osm"}},{"type":"Feature","geometry":{"type":"Point","coordinates":[72.909131,19.116263]},"properties":{"id":"osm:node/9988195817","name":"Independence Brewing Company","category":"food","subtype":"amenity=restaurant","source":"osm","opening_hours":"Mo-Su 11:00-01:30","cuisine":"american"}},{"type":"Feature","geometry":{"type":"Point","coordinates":[72.861483,19.042575]},"properties":{"id":"osm:node/10048588853","name":"la pinoz's pizza","category":"food","subtype":"amenity=fast_food","source":"osm","cuisine":"pizza"}},{"type":"Feature","geometry":{"type":"Point","coordinates":[72.910697,19.060593]},"properties":{"id":"osm:node/10048595530","name":null,"category":"food","subtype":"shop=pastry","source":"osm"}},{"type":"Feature","geometry":{"type":"Point","coordinates":[72.783885,19.159115]},"properties":{"id":"osm:node/10074934329","name":"Balaji Chinese Restaurant","category":"food","subtype":"amenity=restaurant","source":"osm"}},{"type":"Feature","geometry":{"type":"Point","coordinates":[72.971015,19.207312]},"properties":{"id":"osm:node/10142230846","name":"Utsav","category":"food","subtype":"amenity=restaurant","source":"osm"}},{"type":"Feature","geometry":{"type":"Point","coordinates":[72.851658,19.243604]},"properties":{"id":"osm:node/10170631379","name":"Chotu's Kitchen","category":"food","subtype":"amenity=restaurant","source":"osm"}},{"type":"Feature","geometry":{"type":"Point","coordinates":[72.852121,19.244753]},"properties":{"id":"osm:node/10170645869","name":"Hotel Ashirwad","category":"food","subtype":"amenity=restaurant","source":"osm"}},{"type":"Feature","geometry":{"type":"Point","coordinates":[72.851837,19.244815]},"properties":{"id":"osm:node/10170645871","name":"Lazeez Caterers","category":"food","subtype":"amenity=restaurant","source":"osm","cuisine":"biryani"}},{"type":"Feature","geometry":{"type":"Point","coordinates":[72.851815,19.24482]},"properties":{"id":"osm:node/10170645872","name":"Grab Some Momos","category":"food","subtype":"amenity=restaurant","source":"osm","cuisine":"momo"}},{"type":"Feature","geometry":{"type":"Point","coordinates":[72.886124,19.103743]},"properties":{"id":"osm:node/10214630217","name":"Chakra","category":"food","subtype":"amenity=restaurant","source":"osm","cuisine":"indian"}},{"type":"Feature","geometry":{"type":"Point","coordinates":[72.847652,19.135606]},"properties":{"id":"osm:node/10218172785","name":"Delhi Darbar","category":"food","subtype":"amenity=restaurant","source":"osm","opening_hours":"Mo-Su 09:00-21:00","cuisine":"kebab;indian;asian"}},{"type":"Feature","geometry":{"type":"Point","coordinates":[72.82609,18.932965]},"properties":{"id":"osm:node/10220801717","name":"Gaylord","category":"food","subtype":"amenity=restaurant","source":"osm"}},{"type":"Feature","geometry":{"type":"Point","coordinates":[72.826224,18.933456]},"properties":{"id":"osm:node/10220803817","name":"Mockingbird Café Bar","category":"food","subtype":"amenity=restaurant","source":"osm","opening_hours":"Mo-Su 09:00-24:00","wheelchair":"no","cuisine":"italian;coffee_shop"}},{"type":"Feature","geometry":{"type":"Point","coordinates":[72.816708,18.969161]},"properties":{"id":"osm:node/10220942701","name":"Hotel Hindmata","category":"food","subtype":"amenity=restaurant","source":"osm","opening_hours":"Mo-Su 11:00-00:00","cuisine":"indian;chinese;sandwich","phone":"+91 22 2380 9955;+91 22 2381 1483;+91 22 2380 6501"}},{"type":"Feature","geometry":{"type":"Point","coordinates":[72.830911,19.086499]},"properties":{"id":"osm:node/10221860722","name":"Ajivasan Hall","category":"food","subtype":"amenity=restaurant","source":"osm"}},{"type":"Feature","geometry":{"type":"Point","coordinates":[72.829835,19.085352]},"properties":{"id":"osm:node/10221860821","name":"Banana Leaf","category":"food","subtype":"amenity=restaurant","source":"osm","cuisine":"indian","phone":"+918828848884"}},{"type":"Feature","geometry":{"type":"Point","coordinates":[72.82544,18.943962]},"properties":{"id":"osm:node/10223815018","name":"Good Flipping‘ Burgers","category":"food","subtype":"amenity=fast_food","source":"osm","cuisine":"burger"}},{"type":"Feature","geometry":{"type":"Point","coordinates":[72.853767,19.080128]},"properties":{"id":"osm:node/10227105192","name":"What The Fries","category":"food","subtype":"amenity=fast_food","source":"osm","cuisine":"pizza;burger;fries"}},{"type":"Feature","geometry":{"type":"Point","coordinates":[72.849022,19.249827]},"properties":{"id":"osm:node/10230192535","name":"cafe meter on","category":"food","subtype":"amenity=restaurant","source":"osm","cuisine":"pizza;italian"}},{"type":"Feature","geometry":{"type":"Point","coordinates":[72.95408,19.174191]},"properties":{"id":"osm:node/10230504592","name":"Sri Jalaram Ice Bhel","category":"food","subtype":"amenity=fast_food","source":"osm"}},{"type":"Feature","geometry":{"type":"Point","coordinates":[72.829203,19.053131]},"properties":{"id":"osm:node/10242721196","name":"Shawarma House","category":"food","subtype":"amenity=fast_food","source":"osm","cuisine":"kebab","phone":"+91 99877 20279"}},{"type":"Feature","geometry":{"type":"Point","coordinates":[72.827603,19.051168]},"properties":{"id":"osm:node/10242737041","name":"Marrakesh","category":"food","subtype":"amenity=restaurant","source":"osm","cuisine":"lebanese;chinese;mughlai;indian"}},{"type":"Feature","geometry":{"type":"Point","coordinates":[72.820423,19.191088]},"properties":{"id":"osm:node/10244151412","name":"Arslan Shawarma King","category":"food","subtype":"amenity=fast_food","source":"osm","opening_hours":"Mo-Su 17:00-23:00","cuisine":"kebab;shawarma"}},{"type":"Feature","geometry":{"type":"Point","coordinates":[72.943039,19.171696]},"properties":{"id":"osm:node/10245266133","name":"Tunak Tunak Tunn","category":"food","subtype":"amenity=restaurant","source":"osm"}},{"type":"Feature","geometry":{"type":"Point","coordinates":[72.94331,19.171224]},"properties":{"id":"osm:node/10245266134","name":"Achija","category":"food","subtype":"amenity=restaurant","source":"osm","opening_hours":"Mo-Su,PH 09:00-01:30"}},{"type":"Feature","geometry":{"type":"Point","coordinates":[72.841988,19.191738]},"properties":{"id":"osm:node/10245576497","name":"Rasodu - The Ethnic Kitchen","category":"food","subtype":"amenity=restaurant","source":"osm","opening_hours":"Mo-Su 11:00-15:30, 19:30-23:30","cuisine":"indian","phone":"9167916783"}},{"type":"Feature","geometry":{"type":"Point","coordinates":[72.828508,19.217382]},"properties":{"id":"osm:node/10246306445","name":"Radha Krishna Fast Food","category":"food","subtype":"amenity=fast_food","source":"osm","cuisine":"pizza;chinese;japanese;pasta;cake;salad"}},{"type":"Feature","geometry":{"type":"Point","coordinates":[72.78306,19.256963]},"properties":{"id":"osm:node/10248901351","name":"Sea Breeze Kitchen","category":"food","subtype":"amenity=restaurant","source":"osm","opening_hours":"Mo-Su 16:00-00:00","cuisine":"indian;pizza;burger;italian;chinese;sandwich;mexican","phone":"+91 88790 09612"}},{"type":"Feature","geometry":{"type":"Point","coordinates":[72.838983,19.222063]},"properties":{"id":"osm:node/10249597071","name":"baba foodin","category":"food","subtype":"amenity=restaurant","source":"osm","cuisine":"sandwich"}},{"type":"Feature","geometry":{"type":"Point","coordinates":[72.972856,19.250993]},"properties":{"id":"osm:node/10252443441","name":"Gravity Bar and Restaurant","category":"food","subtype":"amenity=restaurant","source":"osm"}},{"type":"Feature","geometry":{"type":"Point","coordinates":[72.839717,19.185083]},"properties":{"id":"osm:node/10258986635","name":null,"category":"food","subtype":"amenity=restaurant","source":"osm"}},{"type":"Feature","geometry":{"type":"Point","coordinates":[72.826654,19.060969]},"properties":{"id":"osm:node/10259441805","name":"vidhi'","category":"food","subtype":"amenity=cafe","source":"osm","opening_hours":"Mo-Su 11:00-23:00","cuisine":"italian;coffee_shop;mexican"}},{"type":"Feature","geometry":{"type":"Point","coordinates":[72.848797,19.063119]},"properties":{"id":"osm:node/10261794009","name":"Celebration 365","category":"food","subtype":"amenity=restaurant","source":"osm"}},{"type":"Feature","geometry":{"type":"Point","coordinates":[72.848135,19.063125]},"properties":{"id":"osm:node/10261794709","name":"Krishna Restaurant","category":"food","subtype":"amenity=restaurant","source":"osm"}},{"type":"Feature","geometry":{"type":"Point","coordinates":[72.847647,19.135665]},"properties":{"id":"osm:node/10262338883","name":null,"category":"food","subtype":"amenity=restaurant","source":"osm"}},{"type":"Feature","geometry":{"type":"Point","coordinates":[72.862801,19.242642]},"properties":{"id":"osm:node/10284234078","name":null,"category":"food","subtype":"amenity=cafe","source":"osm"}},{"type":"Feature","geometry":{"type":"Point","coordinates":[72.952778,19.176907]},"properties":{"id":"osm:node/10301077062","name":"Testbuds","category":"food","subtype":"amenity=restaurant","source":"osm"}},{"type":"Feature","geometry":{"type":"Point","coordinates":[72.826709,18.929117]},"properties":{"id":"osm:node/10538700178","name":"Raju Rolls","category":"food","subtype":"amenity=fast_food","source":"osm"}},{"type":"Feature","geometry":{"type":"Point","coordinates":[72.828729,18.96734]},"properties":{"id":"osm:node/10564186703","name":"Rolex Restaurant","category":"food","subtype":"amenity=restaurant","source":"osm","opening_hours":"Mo-Su 09:00-21:00","cuisine":"regional;chicken;indian","phone":"+91 7788466723"}},{"type":"Feature","geometry":{"type":"Point","coordinates":[72.826442,19.232705]},"properties":{"id":"osm:node/10564408634","name":"humpty dumpty","category":"food","subtype":"amenity=restaurant","source":"osm","opening_hours":"11:00-24:00","cuisine":"indian;regional"}},{"type":"Feature","geometry":{"type":"Point","coordinates":[72.860395,19.172676]},"properties":{"id":"osm:node/10567965615","name":"Starbucks","category":"food","subtype":"amenity=cafe","source":"osm","opening_hours":"Mo-Su 09:00-23:00","cuisine":"coffee_shop"}},{"type":"Feature","geometry":{"type":"Point","coordinates":[72.836855,19.103051]},"properties":{"id":"osm:node/10576000695","name":"chaibucks","category":"food","subtype":"amenity=restaurant","source":"osm","opening_hours":"Mo-Su 10:00-22:00","cuisine":"coffee_shop;burger"}},{"type":"Feature","geometry":{"type":"Point","coordinates":[72.868493,19.124819]},"properties":{"id":"osm:node/10576014985","name":"Shiv vada pav","category":"food","subtype":"amenity=restaurant","source":"osm","opening_hours":"Mo-Su 09:00-21:00","description":"good place, best vada pav in the world","cuisine":"indian"}},{"type":"Feature","geometry":{"type":"Point","coordinates":[72.936776,19.159537]},"properties":{"id":"osm:node/10606382944","name":"My space","category":"food","subtype":"amenity=cafe","source":"osm","opening_hours":"10:00-22:00","cuisine":"multi"}},{"type":"Feature","geometry":{"type":"Point","coordinates":[72.944245,19.161]},"properties":{"id":"osm:node/10606387345","name":"chai apni","category":"food","subtype":"amenity=cafe","source":"osm","opening_hours":"09:00-12:00","cuisine":"chai_coffee_milk"}},{"type":"Feature","geometry":{"type":"Point","coordinates":[72.848416,19.250531]},"properties":{"id":"osm:node/10608017293","name":null,"category":"food","subtype":"amenity=cafe","source":"osm"}},{"type":"Feature","geometry":{"type":"Point","coordinates":[72.832773,19.062373]},"properties":{"id":"osm:node/10608756006","name":"Eat Around the Corner","category":"food","subtype":"amenity=fast_food","source":"osm","opening_hours":"Mo-Su 07:00-01:00","cuisine":"burger;chinese;friture;sandwich","phone":"+91 98670 72226"}},{"type":"Feature","geometry":{"type":"Point","coordinates":[72.967309,19.193322]},"properties":{"id":"osm:node/10628412554","name":"Prashant Corner","category":"food","subtype":"amenity=fast_food","source":"osm","opening_hours":"Mo-Su 08:30-21:30","operator":"Prashant Corner","cuisine":"indian","phone":"02225405879"}},{"type":"Feature","geometry":{"type":"Point","coordinates":[72.839029,19.221433]},"properties":{"id":"osm:node/10654087866","name":"Baba Food Inn","category":"food","subtype":"amenity=fast_food","source":"osm","opening_hours":"Mo-Su 9:00-21:00","cuisine":"south_indian;frankies;sandwich;juice;chaat"}},{"type":"Feature","geometry":{"type":"Point","coordinates":[72.838765,19.200084]},"properties":{"id":"osm:node/10654229544","name":"GUPTA TEA COFFEE STALL","category":"food","subtype":"amenity=cafe","source":"osm","opening_hours":"Mo-Su 09:00-21:00","cuisine":"coffee_shop","phone":"5568542798"}},{"type":"Feature","geometry":{"type":"Point","coordinates":[72.830649,19.015245]},"properties":{"id":"osm:node/10678399405","name":"Utsav Restaurant","category":"food","subtype":"amenity=restaurant","source":"osm","opening_hours":"Mo-Su 11:00-23:30","cuisine":"indian;chinese;fast_food","phone":"+912224327788 +912224328899"}},{"type":"Feature","geometry":{"type":"Point","coordinates":[72.83473,19.056268]},"properties":{"id":"osm:node/10678500279","name":"Yoko Sizzlers","category":"food","subtype":"amenity=restaurant","source":"osm","phone":"+91 22 2640 1746"}},{"type":"Feature","geometry":{"type":"Point","coordinates":[72.844537,19.098961]},"properties":{"id":"osm:node/10682394705","name":"Ram Krishna","category":"food","subtype":"amenity=restaurant","source":"osm","cuisine":"indian"}},{"type":"Feature","geometry":{"type":"Point","coordinates":[72.835549,19.01842]},"properties":{"id":"osm:node/10688895851","name":"Dadar Lucky Restaurant","category":"food","subtype":"amenity=restaurant","source":"osm","opening_hours":"Mo-Su 10:00-22:00","cuisine":"indian"}},{"type":"Feature","geometry":{"type":"Point","coordinates":[72.833285,18.932139]},"properties":{"id":"osm:node/10689842805","name":"Amazing sandwiches","category":"food","subtype":"amenity=restaurant","source":"osm"}},{"type":"Feature","geometry":{"type":"Point","coordinates":[72.831549,18.951062]},"properties":{"id":"osm:node/10689842806","name":"Night Market for Street Food","category":"food","subtype":"amenity=fast_food","source":"osm"}},{"type":"Feature","geometry":{"type":"Point","coordinates":[72.829363,19.063681]},"properties":{"id":"osm:node/10694358136","name":"Greenr Cafe","category":"food","subtype":"amenity=cafe","source":"osm"}},{"type":"Feature","geometry":{"type":"Point","coordinates":[72.825896,18.933508]},"properties":{"id":"osm:node/10695142870","name":"Shiv Sagar","category":"food","subtype":"amenity=restaurant","source":"osm","cuisine":"indian"}},{"type":"Feature","geometry":{"type":"Point","coordinates":[72.973713,19.195944]},"properties":{"id":"osm:node/10699134012","name":"Pravin Sandwich","category":"food","subtype":"amenity=fast_food","source":"osm","cuisine":"sandwich"}},{"type":"Feature","geometry":{"type":"Point","coordinates":[72.816543,19.128739]},"properties":{"id":"osm:node/10711590193","name":"Malwani Kalwan","category":"food","subtype":"amenity=restaurant","source":"osm","cuisine":"Konkani"}},{"type":"Feature","geometry":{"type":"Point","coordinates":[72.811602,19.133765]},"properties":{"id":"osm:node/10716124263","name":"Mandi House Cafe","category":"food","subtype":"amenity=cafe","source":"osm","cuisine":"indian"}},{"type":"Feature","geometry":{"type":"Point","coordinates":[72.895399,19.082275]},"properties":{"id":"osm:node/10720953805","name":"The Food Town","category":"food","subtype":"amenity=restaurant","source":"osm"}},{"type":"Feature","geometry":{"type":"Point","coordinates":[72.812899,19.141005]},"properties":{"id":"osm:node/10751368615","name":"The Backyard Brew","category":"food","subtype":"amenity=cafe","source":"osm","phone":"+918976766773"}},{"type":"Feature","geometry":{"type":"Point","coordinates":[72.812426,19.132723]},"properties":{"id":"osm:node/10764228112","name":"Stomach Again","category":"food","subtype":"amenity=restaurant","source":"osm","cuisine":"chinese"}},{"type":"Feature","geometry":{"type":"Point","coordinates":[72.883351,19.097199]},"properties":{"id":"osm:node/10771263378","name":"Vaishali Family Restaurant & Bar","category":"food","subtype":"amenity=restaurant","source":"osm"}},{"type":"Feature","geometry":{"type":"Point","coordinates":[72.866234,19.064362]},"properties":{"id":"osm:node/10779234835","name":"Indian Accent","category":"food","subtype":"amenity=restaurant","source":"osm","cuisine":"regional"}},{"type":"Feature","geometry":{"type":"Point","coordinates":[72.863034,19.060895]},"properties":{"id":"osm:node/10779234846","name":"CinCin","category":"food","subtype":"amenity=restaurant","source":"osm","cuisine":"pizza"}},{"type":"Feature","geometry":{"type":"Point","coordinates":[72.862882,19.060964]},"properties":{"id":"osm:node/10779234847","name":"Yauatcha","category":"food","subtype":"amenity=restaurant","source":"osm","cuisine":"chinese"}},{"type":"Feature","geometry":{"type":"Point","coordinates":[72.862746,19.060955]},"properties":{"id":"osm:node/10779234848","name":"Nara Thai","category":"food","subtype":"amenity=restaurant","source":"osm","cuisine":"thai"}},{"type":"Feature","geometry":{"type":"Point","coordinates":[72.869828,19.069536]},"properties":{"id":"osm:node/10779234885","name":"Hitchki","category":"food","subtype":"amenity=restaurant","source":"osm"}},{"type":"Feature","geometry":{"type":"Point","coordinates":[72.865368,19.060374]},"properties":{"id":"osm:node/10779234895","name":"Kyma","category":"food","subtype":"amenity=restaurant","source":"osm"}},{"type":"Feature","geometry":{"type":"Point","coordinates":[72.865166,19.060366]},"properties":{"id":"osm:node/10779234896","name":"Sequel","category":"food","subtype":"amenity=restaurant","source":"osm"}},{"type":"Feature","geometry":{"type":"Point","coordinates":[72.864684,19.060721]},"properties":{"id":"osm:node/10779234897","name":"Chaayos","category":"food","subtype":"amenity=cafe","source":"osm","cuisine":"tea"}},{"type":"Feature","geometry":{"type":"Point","coordinates":[72.86467,19.060914]},"properties":{"id":"osm:node/10779234898","name":"Starbucks","category":"food","subtype":"amenity=cafe","source":"osm","cuisine":"coffee_shop"}},{"type":"Feature","geometry":{"type":"Point","coordinates":[72.865011,19.059367]},"properties":{"id":"osm:node/10779234899","name":"Amazonia","category":"food","subtype":"amenity=restaurant","source":"osm"}},{"type":"Feature","geometry":{"type":"Point","coordinates":[72.865086,19.059282]},"properties":{"id":"osm:node/10779234901","name":"Butterfly High","category":"food","subtype":"amenity=restaurant","source":"osm","cuisine":"indian"}},{"type":"Feature","geometry":{"type":"Point","coordinates":[72.865038,19.059327]},"properties":{"id":"osm:node/10779234902","name":"O Pedro","category":"food","subtype":"amenity=restaurant","source":"osm","cuisine":"regional"}},{"type":"Feature","geometry":{"type":"Point","coordinates":[72.868149,19.061117]},"properties":{"id":"osm:node/10779234903","name":"Origami Japanese & Korean Restaurant","category":"food","subtype":"amenity=restaurant","source":"osm","cuisine":"asian"}},{"type":"Feature","geometry":{"type":"Point","coordinates":[72.818991,19.129493]},"properties":{"id":"osm:node/10779536077","name":"Theobroma","category":"food","subtype":"shop=bakery","source":"osm"}},{"type":"Feature","geometry":{"type":"Point","coordinates":[72.818974,19.129534]},"properties":{"id":"osm:node/10779536078","name":"Whatta Waffle","category":"food","subtype":"amenity=fast_food","source":"osm"}},{"type":"Feature","geometry":{"type":"Point","coordinates":[72.819105,19.129297]},"properties":{"id":"osm:node/10779536079","name":"Doof","category":"food","subtype":"amenity=fast_food","source":"osm"}},{"type":"Feature","geometry":{"type":"Point","coordinates":[72.837707,19.053895]},"properties":{"id":"osm:node/10781543267","name":"Lucky","category":"food","subtype":"amenity=restaurant","source":"osm"}},{"type":"Feature","geometry":{"type":"Point","coordinates":[72.837792,19.05354]},"properties":{"id":"osm:node/10781543270","name":"Cakecentre","category":"food","subtype":"shop=bakery","source":"osm"}},{"type":"Feature","geometry":{"type":"Point","coordinates":[72.844484,19.171586]},"properties":{"id":"osm:node/10796770993","name":"Chandak Stella","category":"food","subtype":"amenity=restaurant","source":"osm"}},{"type":"Feature","geometry":{"type":"Point","coordinates":[73.008685,19.067249]},"properties":{"id":"osm:node/10827297701","name":"मनमोहन रेस्टॉरंट","category":"food","subtype":"amenity=restaurant","source":"osm","opening_hours":"11:00-23:30","wheelchair":"no","level":"1"}},{"type":"Feature","geometry":{"type":"Point","coordinates":[73.008773,19.067201]},"properties":{"id":"osm:node/10827297702","name":"Manmohan sweets","category":"food","subtype":"shop=confectionery","source":"osm","level":"0"}},{"type":"Feature","geometry":{"type":"Point","coordinates":[72.873918,19.100016]},"properties":{"id":"osm:node/10828322350","name":"Shivsagar","category":"food","subtype":"amenity=restaurant","source":"osm","wheelchair":"yes","level":"3"}},{"type":"Feature","geometry":{"type":"Point","coordinates":[72.954813,19.17376]},"properties":{"id":"osm:node/10841886498","name":"Vithaldas Mandvi Dabeli Since 1984","category":"food","subtype":"amenity=fast_food","source":"osm"}},{"type":"Feature","geometry":{"type":"Point","coordinates":[72.935022,19.158402]},"properties":{"id":"osm:node/10852868211","name":"Vada Pav","category":"food","subtype":"amenity=fast_food","source":"osm"}},{"type":"Feature","geometry":{"type":"Point","coordinates":[72.937341,19.175778]},"properties":{"id":"osm:node/10855399078","name":"Janata Madhur Jalpan Vada Pav","category":"food","subtype":"amenity=fast_food","source":"osm"}},{"type":"Feature","geometry":{"type":"Point","coordinates":[72.939343,19.177788]},"properties":{"id":"osm:node/10861646058","name":"Jalaram Dhokla House","category":"food","subtype":"amenity=fast_food","source":"osm"}},{"type":"Feature","geometry":{"type":"Point","coordinates":[72.942439,19.167039]},"properties":{"id":"osm:node/10867684343","name":"Mamta Hotel","category":"food","subtype":"amenity=restaurant","source":"osm"}},{"type":"Feature","geometry":{"type":"Point","coordinates":[72.953972,19.174516]},"properties":{"id":"osm:node/10872765180","name":"Jai Jalram Farsan Mart","category":"food","subtype":"amenity=fast_food","source":"osm"}},{"type":"Feature","geometry":{"type":"Point","coordinates":[72.833625,19.141462]},"properties":{"id":"osm:node/10925550784","name":"Pop Tate's","category":"food","subtype":"amenity=restaurant","source":"osm"}},{"type":"Feature","geometry":{"type":"Point","coordinates":[72.934507,19.144592]},"properties":{"id":"osm:node/10936690032","name":"Domino's","category":"food","subtype":"amenity=fast_food","source":"osm","cuisine":"pizza"}},{"type":"Feature","geometry":{"type":"Point","coordinates":[73.003266,19.172855]},"properties":{"id":"osm:node/10967503506","name":"होटल आमंत्रण","category":"food","subtype":"amenity=restaurant","source":"osm","opening_hours":"Mo-Su 10:00-23:00","cuisine":"barbecue;chicken;chinese;grill;indian;local;noodles","phone":"8692863816"}},{"type":"Feature","geometry":{"type":"Point","coordinates":[72.971275,19.19104]},"properties":{"id":"osm:node/10979074899","name":"Metkut","category":"food","subtype":"amenity=restaurant","source":"osm"}},{"type":"Feature","geometry":{"type":"Point","coordinates":[72.834524,19.18912]},"properties":{"id":"osm:node/10982368905","name":"Cafe By Di Bella","category":"food","subtype":"amenity=cafe","source":"osm"}},{"type":"Feature","geometry":{"type":"Point","coordinates":[72.812438,19.132696]},"properties":{"id":"osm:node/10983339174","name":"Chai Tapri","category":"food","subtype":"amenity=cafe","source":"osm"}},{"type":"Feature","geometry":{"type":"Point","coordinates":[72.816364,19.128779]},"properties":{"id":"osm:node/11020609295","name":"North East Kitchen","category":"food","subtype":"amenity=restaurant","source":"osm"}},{"type":"Feature","geometry":{"type":"Point","coordinates":[72.813903,19.138423]},"properties":{"id":"osm:node/11020617145","name":"The Barmecha House","category":"food","subtype":"amenity=cafe","source":"osm"}},{"type":"Feature","geometry":{"type":"Point","coordinates":[72.813401,19.138768]},"properties":{"id":"osm:node/11020617146","name":"Leaping Windows","category":"food","subtype":"amenity=cafe","source":"osm"}},{"type":"Feature","geometry":{"type":"Point","coordinates":[72.813776,19.134832]},"properties":{"id":"osm:node/11032085797","name":"Riwayat","category":"food","subtype":"amenity=restaurant","source":"osm","cuisine":"indian","phone":"+917738332277"}},{"type":"Feature","geometry":{"type":"Point","coordinates":[72.938326,19.166615]},"properties":{"id":"osm:node/11054899160","name":"Lay Bari Chai","category":"food","subtype":"amenity=fast_food","source":"osm"}},{"type":"Feature","geometry":{"type":"Point","coordinates":[72.827079,19.090418]},"properties":{"id":"osm:node/11054957005","name":"Cecconi’s","category":"food","subtype":"amenity=restaurant","source":"osm","cuisine":"italian"}},{"type":"Feature","geometry":{"type":"Point","coordinates":[72.933266,19.042357]},"properties":{"id":"osm:node/11055217026","name":"Natural ice cream","category":"food","subtype":"amenity=ice_cream","source":"osm"}},{"type":"Feature","geometry":{"type":"Point","coordinates":[72.857211,19.092164]},"properties":{"id":"osm:node/11069678652","name":"Chitale Bandhu","category":"food","subtype":"amenity=fast_food","source":"osm"}},{"type":"Feature","geometry":{"type":"Point","coordinates":[72.856798,19.091705]},"properties":{"id":"osm:node/11069678659","name":"Cafeccino","category":"food","subtype":"amenity=cafe","source":"osm"}},{"type":"Feature","geometry":{"type":"Point","coordinates":[72.85686,19.091692]},"properties":{"id":"osm:node/11069678660","name":"Haldiram's","category":"food","subtype":"amenity=fast_food","source":"osm","cuisine":"indian"}},{"type":"Feature","geometry":{"type":"Point","coordinates":[72.847521,19.057386]},"properties":{"id":"osm:node/11069702458","name":"Amey","category":"food","subtype":"amenity=restaurant","source":"osm"}},{"type":"Feature","geometry":{"type":"Point","coordinates":[72.847972,19.057372]},"properties":{"id":"osm:node/11069702459","name":"Belvedere","category":"food","subtype":"amenity=restaurant","source":"osm","access":"private","cuisine":"indian;chinese","level":"1"}},{"type":"Feature","geometry":{"type":"Point","coordinates":[72.848142,19.057476]},"properties":{"id":"osm:node/11069702460","name":"Cafe Terrace at Night","category":"food","subtype":"amenity=cafe","source":"osm","access":"private","cuisine":"sandwich;pizza;coffee_shop;burger","level":"1"}},{"type":"Feature","geometry":{"type":"Point","coordinates":[72.847672,19.098169]},"properties":{"id":"osm:node/11076987025","name":"Saurashtra","category":"food","subtype":"amenity=fast_food","source":"osm","wheelchair":"no","cuisine":"indian","level":"0"}},{"type":"Feature","geometry":{"type":"Point","coordinates":[72.824774,19.12974]},"properties":{"id":"osm:node/11081366727","name":"Naga Belly","category":"food","subtype":"amenity=restaurant","source":"osm","opening_hours":"Mo-Su 12:00-16:00,18:30-23:00","wheelchair":"no","cuisine":"indian;naga","level":"0"}},{"type":"Feature","geometry":{"type":"Point","coordinates":[72.908569,19.046125]},"properties":{"id":"osm:node/11098472024","name":null,"category":"food","subtype":"amenity=fast_food","source":"osm"}},{"type":"Feature","geometry":{"type":"Point","coordinates":[72.902956,19.045383]},"properties":{"id":"osm:node/11098485521","name":"Pot Pourri","category":"food","subtype":"amenity=restaurant","source":"osm"}},{"type":"Feature","geometry":{"type":"Point","coordinates":[72.930085,19.046993]},"properties":{"id":"osm:node/11099414879","name":"Annapurna Farsan","category":"food","subtype":"amenity=fast_food","source":"osm"}},{"type":"Feature","geometry":{"type":"Point","coordinates":[72.930071,19.046961]},"properties":{"id":"osm:node/11099455747","name":"Adarsh fast food","category":"food","subtype":"amenity=fast_food","source":"osm"}},{"type":"Feature","geometry":{"type":"Point","coordinates":[72.932476,19.037404]},"properties":{"id":"osm:node/11100788867","name":"Mandala Chat Center","category":"food","subtype":"amenity=fast_food","source":"osm"}},{"type":"Feature","geometry":{"type":"Point","coordinates":[72.932522,19.037282]},"properties":{"id":"osm:node/11100822456","name":"Kamlesh Fast Food","category":"food","subtype":"amenity=fast_food","source":"osm"}},{"type":"Feature","geometry":{"type":"Point","coordinates":[72.925854,19.042075]},"properties":{"id":"osm:node/11115368178","name":null,"category":"food","subtype":"amenity=fast_food","source":"osm"}},{"type":"Feature","geometry":{"type":"Point","coordinates":[72.972457,19.189007]},"properties":{"id":"osm:node/11127386888","name":"Rajmata Wadapav center","category":"food","subtype":"amenity=fast_food","source":"osm"}},{"type":"Feature","geometry":{"type":"Point","coordinates":[72.826189,18.930062]},"properties":{"id":"osm:node/11142981415","name":"Starbucks","category":"food","subtype":"amenity=cafe","source":"osm","cuisine":"coffee_shop"}},{"type":"Feature","geometry":{"type":"Point","coordinates":[72.813193,18.956128]},"properties":{"id":"osm:node/11159452449","name":"Belgian Waffle","category":"food","subtype":"amenity=cafe","source":"osm"}},{"type":"Feature","geometry":{"type":"Point","coordinates":[72.814022,18.95647]},"properties":{"id":"osm:node/11159468367","name":"Canto Cafe & Bar","category":"food","subtype":"amenity=restaurant","source":"osm"}},{"type":"Feature","geometry":{"type":"Point","coordinates":[72.817307,18.958911]},"properties":{"id":"osm:node/11159473009","name":"Vasant Bhuvan","category":"food","subtype":"amenity=cafe","source":"osm"}},{"type":"Feature","geometry":{"type":"Point","coordinates":[72.863539,19.106749]},"properties":{"id":"osm:node/11182699704","name":"amar juice center","category":"food","subtype":"amenity=restaurant","source":"osm","cuisine":"coffee_shop","phone":"1234335"}},{"type":"Feature","geometry":{"type":"Point","coordinates":[72.864256,19.107097]},"properties":{"id":"osm:node/11193066690","name":null,"category":"food","subtype":"amenity=restaurant","source":"osm"}},{"type":"Feature","geometry":{"type":"Point","coordinates":[72.87644,19.095271]},"properties":{"id":"osm:node/11207580746","name":"Costa","category":"food","subtype":"amenity=cafe","source":"osm","cuisine":"coffee_shop"}},{"type":"Feature","geometry":{"type":"Point","coordinates":[72.888067,19.105837]},"properties":{"id":"osm:node/11210055937","name":"Chanda Milk Centre","category":"food","subtype":"amenity=cafe","source":"osm"}},{"type":"Feature","geometry":{"type":"Point","coordinates":[72.858506,19.108147]},"properties":{"id":"osm:node/11217394319","name":"Ratna Park","category":"food","subtype":"amenity=restaurant","source":"osm"}},{"type":"Feature","geometry":{"type":"Point","coordinates":[72.828483,18.943969]},"properties":{"id":"osm:node/11250525037","name":"U. K. Juice center","category":"food","subtype":"amenity=cafe","source":"osm"}},{"type":"Feature","geometry":{"type":"Point","coordinates":[72.909914,19.082153]},"properties":{"id":"osm:node/11257204477","name":"POPULAR CAFE","category":"food","subtype":"amenity=cafe","source":"osm","opening_hours":"Tu-Sa 10:00-19:00","cuisine":"indian"}},{"type":"Feature","geometry":{"type":"Point","coordinates":[72.958585,19.180658]},"properties":{"id":"osm:node/11268507185","name":"St. Gregorios School Canteen","category":"food","subtype":"amenity=fast_food","source":"osm","opening_hours":"Mo-Fr 08:00-17:00","operator":"Jayesh","cuisine":"indian;vada_pav;idli;manchurian;misal_pav"}},{"type":"Feature","geometry":{"type":"Point","coordinates":[72.830892,18.91841]},"properties":{"id":"osm:node/11270821396","name":"Kuckeliku Breakfast House","category":"food","subtype":"amenity=cafe","source":"osm"}},{"type":"Feature","geometry":{"type":"Point","coordinates":[72.954505,19.171191]},"properties":{"id":"osm:node/11271579665","name":"Mulund Farsan Mart","category":"food","subtype":"shop=confectionery","source":"osm"}},{"type":"Feature","geometry":{"type":"Point","coordinates":[72.832982,18.927673]},"properties":{"id":"osm:node/11273550694","name":"Zen Cafe","category":"food","subtype":"amenity=cafe","source":"osm"}},{"type":"Feature","geometry":{"type":"Point","coordinates":[72.83008,19.053165]},"properties":{"id":"osm:node/11276749958","name":"Subko Speciality Coffee Roasters and Bakehouse","category":"food","subtype":"amenity=cafe","source":"osm"}},{"type":"Feature","geometry":{"type":"Point","coordinates":[72.857432,19.082506]},"properties":{"id":"osm:node/11277065879","name":"My Little Tea Pot","category":"food","subtype":"amenity=cafe","source":"osm","opening_hours":"Mo-Su 09:00-21:00"}},{"type":"Feature","geometry":{"type":"Point","coordinates":[72.901057,19.05176]},"properties":{"id":"osm:node/11283018639","name":"Lucky Restaurant","category":"food","subtype":"amenity=restaurant","source":"osm"}},{"type":"Feature","geometry":{"type":"Point","coordinates":[72.855038,19.026065]},"properties":{"id":"osm:node/11283018659","name":"Koolar & Co","category":"food","subtype":"amenity=restaurant","source":"osm"}},{"type":"Feature","geometry":{"type":"Point","coordinates":[72.841318,19.039856]},"properties":{"id":"osm:node/11294890297","name":"Baba Falooda","category":"food","subtype":"amenity=ice_cream","source":"osm"}},{"type":"Feature","geometry":{"type":"Point","coordinates":[72.841795,19.03876]},"properties":{"id":"osm:node/11294890306","name":"Paramount Restaurant","category":"food","subtype":"amenity=restaurant","source":"osm"}},{"type":"Feature","geometry":{"type":"Point","coordinates":[72.889615,19.05637]},"properties":{"id":"osm:node/11295364150","name":"Cafe Coffee Day Express","category":"food","subtype":"amenity=cafe","source":"osm"}},{"type":"Feature","geometry":{"type":"Point","coordinates":[72.829677,19.06028]},"properties":{"id":"osm:node/11296361343","name":"Birdy's Bakery & Patisserie","category":"food","subtype":"shop=pastry","source":"osm"}},{"type":"Feature","geometry":{"type":"Point","coordinates":[72.829387,19.062542]},"properties":{"id":"osm:node/11296361368","name":"Woodside Inn","category":"food","subtype":"amenity=restaurant","source":"osm"}},{"type":"Feature","geometry":{"type":"Point","coordinates":[72.829531,19.060639]},"properties":{"id":"osm:node/11296371079","name":"Confetti and Cream","category":"food","subtype":"shop=pastry","source":"osm"}},{"type":"Feature","geometry":{"type":"Point","coordinates":[72.82953,19.060675]},"properties":{"id":"osm:node/11296371080","name":"Tibb's Frankie","category":"food","subtype":"amenity=fast_food","source":"osm"}},{"type":"Feature","geometry":{"type":"Point","coordinates":[72.831161,19.060301]},"properties":{"id":"osm:node/11296371081","name":"Bombay Taco Company","category":"food","subtype":"amenity=restaurant","source":"osm","cuisine":"tex-mex"}},{"type":"Feature","geometry":{"type":"Point","coordinates":[72.830578,19.061578]},"properties":{"id":"osm:node/11296371107","name":"The Coconut Boy","category":"food","subtype":"amenity=restaurant","source":"osm"}},{"type":"Feature","geometry":{"type":"Point","coordinates":[72.830296,19.061682]},"properties":{"id":"osm:node/11296371108","name":"Joseph's Tandoori Chicken","category":"food","subtype":"amenity=restaurant","source":"osm","cuisine":"indian"}},{"type":"Feature","geometry":{"type":"Point","coordinates":[72.829433,19.061918]},"properties":{"id":"osm:node/11296371110","name":"The Dessert Republic","category":"food","subtype":"shop=pastry","source":"osm"}},{"type":"Feature","geometry":{"type":"Point","coordinates":[72.829435,19.061893]},"properties":{"id":"osm:node/11296371111","name":"Good Flippin' Burgers","category":"food","subtype":"amenity=fast_food","source":"osm","cuisine":"burger"}},{"type":"Feature","geometry":{"type":"Point","coordinates":[72.829321,19.061669]},"properties":{"id":"osm:node/11296371112","name":"Kitchen Garden by Suzette","category":"food","subtype":"amenity=restaurant","source":"osm"}},{"type":"Feature","geometry":{"type":"Point","coordinates":[72.829283,19.061664]},"properties":{"id":"osm:node/11296371113","name":"Suzette Bakery","category":"food","subtype":"shop=bakery","source":"osm"}},{"type":"Feature","geometry":{"type":"Point","coordinates":[72.829236,19.061663]},"properties":{"id":"osm:node/11296371114","name":"Deliciae","category":"food","subtype":"shop=pastry","source":"osm"}},{"type":"Feature","geometry":{"type":"Point","coordinates":[72.828872,19.061643]},"properties":{"id":"osm:node/11296371115","name":"Javaphile","category":"food","subtype":"amenity=cafe","source":"osm","cuisine":"coffee_shop"}},{"type":"Feature","geometry":{"type":"Point","coordinates":[72.828936,19.061648]},"properties":{"id":"osm:node/11296371116","name":"Project Hum","category":"food","subtype":"amenity=restaurant","source":"osm"}},{"type":"Feature","geometry":{"type":"Point","coordinates":[72.834548,19.06062]},"properties":{"id":"osm:node/11296371126","name":"Hakkasan","category":"food","subtype":"amenity=restaurant","source":"osm","cuisine":"chinese"}},{"type":"Feature","geometry":{"type":"Point","coordinates":[72.834083,19.059887]},"properties":{"id":"osm:node/11296371127","name":"Arbab","category":"food","subtype":"amenity=restaurant","source":"osm","cuisine":"lebanese"}},{"type":"Feature","geometry":{"type":"Point","coordinates":[72.830861,19.062423]},"properties":{"id":"osm:node/11296371135","name":"Miya Kebabs","category":"food","subtype":"amenity=restaurant","source":"osm"}},{"type":"Feature","geometry":{"type":"Point","coordinates":[72.831025,19.062412]},"properties":{"id":"osm:node/11296371136","name":"Cafe Bandra","category":"food","subtype":"amenity=cafe","source":"osm"}},{"type":"Feature","geometry":{"type":"Point","coordinates":[72.824487,19.06062]},"properties":{"id":"osm:node/11298556969","name":"Boojee Café","category":"food","subtype":"amenity=cafe","source":"osm"}},{"type":"Feature","geometry":{"type":"Point","coordinates":[72.829445,19.06225]},"properties":{"id":"osm:node/11298617801","name":"Theobroma","category":"food","subtype":"shop=pastry","source":"osm"}},{"type":"Feature","geometry":{"type":"Point","coordinates":[72.829437,19.062339]},"properties":{"id":"osm:node/11298617802","name":"Melting Morsels","category":"food","subtype":"shop=pastry","source":"osm"}},{"type":"Feature","geometry":{"type":"Point","coordinates":[72.82942,19.063104]},"properties":{"id":"osm:node/11298617848","name":"Janata Bar and Restaurant","category":"food","subtype":"amenity=restaurant","source":"osm"}},{"type":"Feature","geometry":{"type":"Point","coordinates":[72.829425,19.063]},"properties":{"id":"osm:node/11298617853","name":"Jhelum","category":"food","subtype":"amenity=restaurant","source":"osm"}},{"type":"Feature","geometry":{"type":"Point","coordinates":[72.829638,19.065091]},"properties":{"id":"osm:node/11298617868","name":"Ritual Daily Coffee","category":"food","subtype":"amenity=cafe","source":"osm"}},{"type":"Feature","geometry":{"type":"Point","coordinates":[72.83059,19.065437]},"properties":{"id":"osm:node/11298645299","name":"Sequel","category":"food","subtype":"amenity=restaurant","source":"osm"}},{"type":"Feature","geometry":{"type":"Point","coordinates":[72.831059,19.065648]},"properties":{"id":"osm:node/11298645303","name":"Haji Ali Juice Centre","category":"food","subtype":"amenity=ice_cream","source":"osm"}},{"type":"Feature","geometry":{"type":"Point","coordinates":[72.832749,19.065586]},"properties":{"id":"osm:node/11298645321","name":"Pizza Hut","category":"food","subtype":"amenity=restaurant","source":"osm","cuisine":"pizza"}},{"type":"Feature","geometry":{"type":"Point","coordinates":[72.832398,19.065356]},"properties":{"id":"osm:node/11298645329","name":"Tim Hortons","category":"food","subtype":"amenity=cafe","source":"osm","cuisine":"coffee_shop"}},{"type":"Feature","geometry":{"type":"Point","coordinates":[72.832618,19.067853]},"properties":{"id":"osm:node/11298645389","name":"Domino's","category":"food","subtype":"amenity=fast_food","source":"osm","cuisine":"pizza"}},{"type":"Feature","geometry":{"type":"Point","coordinates":[72.833322,19.066485]},"properties":{"id":"osm:node/11298645405","name":"Los Cavos","category":"food","subtype":"amenity=restaurant","source":"osm","cuisine":"tex-mex;latin_american"}},{"type":"Feature","geometry":{"type":"Point","coordinates":[72.826802,19.054046]},"properties":{"id":"osm:node/11301585072","name":"Veronica‘s","category":"food","subtype":"amenity=cafe","source":"osm","opening_hours":"Mo-Su 08:00-23:00","phone":"+91 93729 81697"}},{"type":"Feature","geometry":{"type":"Point","coordinates":[72.836023,19.180282]},"properties":{"id":"osm:node/11304024370","name":"Tango Fast Food and Juice Center","category":"food","subtype":"amenity=restaurant","source":"osm","opening_hours":"12pm-12am","cuisine":"chinese","phone":"+919221414317"}},{"type":"Feature","geometry":{"type":"Point","coordinates":[72.828315,19.051472]},"properties":{"id":"osm:node/11339568160","name":"Dimsum Wu","category":"food","subtype":"amenity=restaurant","source":"osm","cuisine":"chinese"}},{"type":"Feature","geometry":{"type":"Point","coordinates":[72.817858,19.130062]},"properties":{"id":"osm:node/11341347607","name":"Modern Aaji","category":"food","subtype":"amenity=restaurant","source":"osm","opening_hours":"10:30-15:30,19:30-24:00","cuisine":"Maharashtrian","phone":"+918605171819"}},{"type":"Feature","geometry":{"type":"Point","coordinates":[72.824997,19.054486]},"properties":{"id":"osm:node/11342048110","name":"The Belgian Waffle Co","category":"food","subtype":"shop=pastry","source":"osm"}},{"type":"Feature","geometry":{"type":"Point","coordinates":[72.84361,19.114711]},"properties":{"id":"osm:node/11348865438","name":"Aharveda","category":"food","subtype":"amenity=restaurant","source":"osm","opening_hours":"Mo-Su 11:00-15:30","phone":"02240722211"}},{"type":"Feature","geometry":{"type":"Point","coordinates":[72.852582,19.104092]},"properties":{"id":"osm:node/11348917628","name":"The Bodhi Cafe","category":"food","subtype":"amenity=restaurant","source":"osm","opening_hours":"Mo-Su 09:15-13:30","cuisine":"pasta;pizza;sandwich;soup","phone":"09550286477"}},{"type":"Feature","geometry":{"type":"Point","coordinates":[72.832941,18.927966]},"properties":{"id":"osm:node/11348920897","name":"Folk","category":"food","subtype":"amenity=restaurant","source":"osm","opening_hours":"Mo-Su 12:00-23:00","phone":"09820453001"}},{"type":"Feature","geometry":{"type":"Point","coordinates":[72.849536,19.023221]},"properties":{"id":"osm:node/11362198269","name":"DP's Fast Food Corner","category":"food","subtype":"amenity=fast_food","source":"osm","cuisine":"chinese;indian","level":"0"}},{"type":"Feature","geometry":{"type":"Point","coordinates":[72.83753,19.054425]},"properties":{"id":"osm:node/11364271006","name":"Sai Sagar","category":"food","subtype":"amenity=restaurant","source":"osm"}},{"type":"Feature","geometry":{"type":"Point","coordinates":[72.831183,19.053976]},"properties":{"id":"osm:node/11364283702","name":"National Bakery","category":"food","subtype":"shop=bakery","source":"osm"}},{"type":"Feature","geometry":{"type":"Point","coordinates":[72.830639,19.054083]},"properties":{"id":"osm:node/11364283705","name":"Meraki","category":"food","subtype":"amenity=restaurant","source":"osm","cuisine":"chinese"}},{"type":"Feature","geometry":{"type":"Point","coordinates":[72.834693,19.063364]},"properties":{"id":"osm:node/11364283716","name":"Bombay Coffee House","category":"food","subtype":"amenity=cafe","source":"osm","cuisine":"coffee_shop"}},{"type":"Feature","geometry":{"type":"Point","coordinates":[72.834151,19.065521]},"properties":{"id":"osm:node/11364283728","name":"KFC","category":"food","subtype":"amenity=fast_food","source":"osm","cuisine":"chicken"}},{"type":"Feature","geometry":{"type":"Point","coordinates":[72.834004,19.067901]},"properties":{"id":"osm:node/11364283731","name":"Sheetal Bukhara","category":"food","subtype":"amenity=restaurant","source":"osm","opening_hours":"Mo-Su 11:30-01:30","cuisine":"chinese;indian"}},{"type":"Feature","geometry":{"type":"Point","coordinates":[72.830896,19.055127]},"properties":{"id":"osm:node/11365091483","name":"La' Braco","category":"food","subtype":"shop=pastry","source":"osm"}},{"type":"Feature","geometry":{"type":"Point","coordinates":[72.827267,19.050855]},"properties":{"id":"osm:node/11365091490","name":"Chaayos","category":"food","subtype":"amenity=cafe","source":"osm","cuisine":"tea"}},{"type":"Feature","geometry":{"type":"Point","coordinates":[72.826853,19.050569]},"properties":{"id":"osm:node/11365091492","name":"Wow! Momo","category":"food","subtype":"amenity=fast_food","source":"osm","cuisine":"momo"}},{"type":"Feature","geometry":{"type":"Point","coordinates":[72.826835,19.050557]},"properties":{"id":"osm:node/11365091493","name":"Country of Origin","category":"food","subtype":"shop=pastry","source":"osm"}},{"type":"Feature","geometry":{"type":"Point","coordinates":[72.826778,19.050519]},"properties":{"id":"osm:node/11365091494","name":"Method Contemporary Art & Treats","category":"food","subtype":"amenity=cafe","source":"osm"}},{"type":"Feature","geometry":{"type":"Point","coordinates":[72.826666,19.050438]},"properties":{"id":"osm:node/11365091495","name":"Smoor","category":"food","subtype":"shop=pastry","source":"osm"}},{"type":"Feature","geometry":{"type":"Point","coordinates":[72.827605,19.089664]},"properties":{"id":"osm:node/11372185903","name":"Little Italy","category":"food","subtype":"amenity=restaurant","source":"osm"}},{"type":"Feature","geometry":{"type":"Point","coordinates":[72.826984,19.097982]},"properties":{"id":"osm:node/11372185915","name":"China Gate","category":"food","subtype":"amenity=restaurant","source":"osm","cuisine":"chinese"}},{"type":"Feature","geometry":{"type":"Point","coordinates":[72.82745,19.09907]},"properties":{"id":"osm:node/11372185921","name":"New York Burrito Company","category":"food","subtype":"amenity=fast_food","source":"osm","cuisine":"mexican"}},{"type":"Feature","geometry":{"type":"Point","coordinates":[72.827464,19.098937]},"properties":{"id":"osm:node/11372185922","name":"Domino's","category":"food","subtype":"amenity=fast_food","source":"osm","cuisine":"pizza"}},{"type":"Feature","geometry":{"type":"Point","coordinates":[72.827813,19.09887]},"properties":{"id":"osm:node/11372185924","name":"Chaayos","category":"food","subtype":"amenity=cafe","source":"osm","cuisine":"tea"}},{"type":"Feature","geometry":{"type":"Point","coordinates":[72.827803,19.098922]},"properties":{"id":"osm:node/11372185925","name":"Ice Cream Works","category":"food","subtype":"amenity=ice_cream","source":"osm"}},{"type":"Feature","geometry":{"type":"Point","coordinates":[72.827772,19.099158]},"properties":{"id":"osm:node/11372185929","name":"Subway","category":"food","subtype":"amenity=fast_food","source":"osm","cuisine":"sandwich"}},{"type":"Feature","geometry":{"type":"Point","coordinates":[72.827768,19.099194]},"properties":{"id":"osm:node/11372185930","name":"The Belgian Waffle Co.","category":"food","subtype":"amenity=cafe","source":"osm"}},{"type":"Feature","geometry":{"type":"Point","coordinates":[72.82776,19.099235]},"properties":{"id":"osm:node/11372185931","name":"Dessert Therapy","category":"food","subtype":"shop=pastry","source":"osm"}},{"type":"Feature","geometry":{"type":"Point","coordinates":[72.827754,19.099274]},"properties":{"id":"osm:node/11372185932","name":"Sbarro","category":"food","subtype":"amenity=fast_food","source":"osm","cuisine":"pizza"}},{"type":"Feature","geometry":{"type":"Point","coordinates":[72.827745,19.099317]},"properties":{"id":"osm:node/11372185933","name":"The Sassy Teaspoon","category":"food","subtype":"shop=pastry","source":"osm"}},{"type":"Feature","geometry":{"type":"Point","coordinates":[72.827414,19.100954]},"properties":{"id":"osm:node/11372185939","name":"Joshh Kulfi","category":"food","subtype":"amenity=ice_cream","source":"osm"}},{"type":"Feature","geometry":{"type":"Point","coordinates":[72.827405,19.100992]},"properties":{"id":"osm:node/11372185940","name":"Copper Chimney","category":"food","subtype":"amenity=restaurant","source":"osm","cuisine":"indian"}},{"type":"Feature","geometry":{"type":"Point","coordinates":[72.827202,19.102024]},"properties":{"id":"osm:node/11372185962","name":"Le15 Patisserie","category":"food","subtype":"shop=pastry","source":"osm"}},{"type":"Feature","geometry":{"type":"Point","coordinates":[72.827196,19.102062]},"properties":{"id":"osm:node/11372185963","name":"Baskin-Robbins","category":"food","subtype":"amenity=ice_cream","source":"osm","cuisine":"ice_cream"}},{"type":"Feature","geometry":{"type":"Point","coordinates":[72.827076,19.102693]},"properties":{"id":"osm:node/11372185966","name":"The Class Thali","category":"food","subtype":"amenity=restaurant","source":"osm","cuisine":"indian"}},{"type":"Feature","geometry":{"type":"Point","coordinates":[72.827002,19.103248]},"properties":{"id":"osm:node/11372229080","name":"Hit n Run","category":"food","subtype":"amenity=restaurant","source":"osm","cuisine":"lebanese"}},{"type":"Feature","geometry":{"type":"Point","coordinates":[72.828471,18.96688]},"properties":{"id":"osm:node/11375956175","name":"Cafe Sagar","category":"food","subtype":"amenity=restaurant","source":"osm","opening_hours":"Mo-Su 09:00-21:00","cuisine":"pizza;chinese;sandwich","phone":"01248657"}},{"type":"Feature","geometry":{"type":"Point","coordinates":[72.824731,18.994049]},"properties":{"id":"osm:node/11375956206","name":"KFC","category":"food","subtype":"amenity=fast_food","source":"osm","cuisine":"chicken"}},{"type":"Feature","geometry":{"type":"Point","coordinates":[72.823671,18.994657]},"properties":{"id":"osm:node/11375956207","name":"Starbucks","category":"food","subtype":"amenity=cafe","source":"osm","cuisine":"coffee_shop"}},{"type":"Feature","geometry":{"type":"Point","coordinates":[72.833622,19.18515]},"properties":{"id":"osm:node/11383276966","name":"Copper Chimney","category":"food","subtype":"amenity=restaurant","source":"osm","cuisine":"indian"}},{"type":"Feature","geometry":{"type":"Point","coordinates":[72.84274,19.115092]},"properties":{"id":"osm:node/11383288454","name":"Oasis Restaurant & Bar","category":"food","subtype":"amenity=restaurant","source":"osm"}},{"type":"Feature","geometry":{"type":"Point","coordinates":[72.829217,19.116209]},"properties":{"id":"osm:node/11383288463","name":"Orange City Saoji","category":"food","subtype":"amenity=restaurant","source":"osm","cuisine":"indian","level":"0"}},{"type":"Feature","geometry":{"type":"Point","coordinates":[72.827378,19.114497]},"properties":{"id":"osm:node/11383288464","name":"Cafe Coffee Day","category":"food","subtype":"amenity=cafe","source":"osm","cuisine":"coffee_shop"}},{"type":"Feature","geometry":{"type":"Point","coordinates":[72.825488,19.109253]},"properties":{"id":"osm:node/11383288492","name":"Tanatan","category":"food","subtype":"amenity=restaurant","source":"osm"}},{"type":"Feature","geometry":{"type":"Point","coordinates":[72.843718,19.060162]},"properties":{"id":"osm:node/11384605318","name":"DP's Spice","category":"food","subtype":"amenity=restaurant","source":"osm","cuisine":"chinese"}},{"type":"Feature","geometry":{"type":"Point","coordinates":[72.841577,19.028429]},"properties":{"id":"osm:node/11384605352","name":"Domino's","category":"food","subtype":"amenity=fast_food","source":"osm","cuisine":"pizza"}},{"type":"Feature","geometry":{"type":"Point","coordinates":[72.82926,19.062994]},"properties":{"id":"osm:node/11385106146","name":"Jaihind Lunch Home","category":"food","subtype":"amenity=restaurant","source":"osm","opening_hours":"Mo 11:30-16:00,19:30-00:00; We-Su 11:30-16:00,19:30-00:00","cuisine":"seafood"}},{"type":"Feature","geometry":{"type":"Point","coordinates":[72.853456,19.109127]},"properties":{"id":"osm:node/11385736905","name":"Jamie Oliver","category":"food","subtype":"amenity=restaurant","source":"osm"}},{"type":"Feature","geometry":{"type":"Point","coordinates":[72.81091,19.197586]},"properties":{"id":"osm:node/11394699352","name":"dhancoll cafe","category":"food","subtype":"amenity=cafe","source":"osm","opening_hours":"Mo-Su 09:00-21:00","cuisine":"coffee_shop"}},{"type":"Feature","geometry":{"type":"Point","coordinates":[72.816203,19.130499]},"properties":{"id":"osm:node/11400928627","name":"Cat Café Studio","category":"food","subtype":"amenity=cafe","source":"osm","opening_hours":"Tu-Su 12:00-20:00","phone":"+91-82914-90907"}},{"type":"Feature","geometry":{"type":"Point","coordinates":[72.882539,19.107778]},"properties":{"id":"osm:node/11400932418","name":"Starbucks","category":"food","subtype":"amenity=cafe","source":"osm","cuisine":"coffee_shop"}},{"type":"Feature","geometry":{"type":"Point","coordinates":[72.882582,19.107856]},"properties":{"id":"osm:node/11400932419","name":"Hybrid Theory","category":"food","subtype":"amenity=cafe","source":"osm"}},{"type":"Feature","geometry":{"type":"Point","coordinates":[72.832266,18.924082]},"properties":{"id":"osm:node/11407167469","name":"KFC","category":"food","subtype":"amenity=fast_food","source":"osm","opening_hours":"Mo-Su 11:00-23:00","cuisine":"chicken"}},{"type":"Feature","geometry":{"type":"Point","coordinates":[72.900704,19.056051]},"properties":{"id":"osm:node/11407490737","name":null,"category":"food","subtype":"amenity=cafe","source":"osm"}},{"type":"Feature","geometry":{"type":"Point","coordinates":[72.826539,18.980654]},"properties":{"id":"osm:node/11409102369","name":"McDonald's","category":"food","subtype":"amenity=fast_food","source":"osm","cuisine":"burger"}},{"type":"Feature","geometry":{"type":"Point","coordinates":[72.89154,19.101926]},"properties":{"id":"osm:node/11417908348","name":"Fatima milk centre","category":"food","subtype":"amenity=fast_food","source":"osm"}},{"type":"Feature","geometry":{"type":"Point","coordinates":[72.851311,19.181613]},"properties":{"id":"osm:node/11422883506","name":"Shaikh Cafe","category":"food","subtype":"amenity=cafe","source":"osm","opening_hours":"Mo-Fr 09:00-17:00","cuisine":"pizza"}},{"type":"Feature","geometry":{"type":"Point","coordinates":[72.881384,19.109595]},"properties":{"id":"osm:node/11422979822","name":"Bombay to Barcelona Cafe","category":"food","subtype":"amenity=cafe","source":"osm","opening_hours":"Tu-Su 10:00-23:00","wheelchair":"no","cuisine":"spanish","level":"0"}},{"type":"Feature","geometry":{"type":"Point","coordinates":[72.826743,19.111272]},"properties":{"id":"osm:node/11426725354","name":"Love and Latte","category":"food","subtype":"amenity=cafe","source":"osm"}},{"type":"Feature","geometry":{"type":"Point","coordinates":[72.827811,19.091376]},"properties":{"id":"osm:node/11426727397","name":"Pritam Da Dhaba","category":"food","subtype":"amenity=restaurant","source":"osm","description":"North Indian Restaurant"}},{"type":"Feature","geometry":{"type":"Point","coordinates":[72.826736,19.111319]},"properties":{"id":"osm:node/11426734333","name":"Punjab da Chulah","category":"food","subtype":"amenity=restaurant","source":"osm"}},{"type":"Feature","geometry":{"type":"Point","coordinates":[72.827793,19.091397]},"properties":{"id":"osm:node/11426734643","name":"Grandmama's Cafe","category":"food","subtype":"amenity=restaurant","source":"osm"}},{"type":"Feature","geometry":{"type":"Point","coordinates":[72.825486,19.1093]},"properties":{"id":"osm:node/11426738528","name":"Yeda Republic","category":"food","subtype":"amenity=restaurant","source":"osm"}},{"type":"Feature","geometry":{"type":"Point","coordinates":[72.825643,19.109019]},"properties":{"id":"osm:node/11426738573","name":"R-Adda","category":"food","subtype":"amenity=restaurant","source":"osm"}},{"type":"Feature","geometry":{"type":"Point","coordinates":[72.851033,19.123524]},"properties":{"id":"osm:node/11428951289","name":"Golden Slice Cake Cafe","category":"food","subtype":"shop=bakery","source":"osm"}},{"type":"Feature","geometry":{"type":"Point","coordinates":[72.94423,19.161137]},"properties":{"id":"osm:node/11428959001","name":"Make My Day","category":"food","subtype":"amenity=cafe","source":"osm","opening_hours":"Mo-Su 10:00-22:00","cuisine":"coffee_shop;international"}},{"type":"Feature","geometry":{"type":"Point","coordinates":[72.902421,19.076602]},"properties":{"id":"osm:node/11430506423","name":"silverbeach","category":"food","subtype":"amenity=cafe","source":"osm","opening_hours":"24/7","cuisine":"german"}},{"type":"Feature","geometry":{"type":"Point","coordinates":[72.889701,19.080522]},"properties":{"id":"osm:node/11432071328","name":"Nityanand Family Restaurant","category":"food","subtype":"amenity=restaurant","source":"osm","wheelchair":"limited"}},{"type":"Feature","geometry":{"type":"Point","coordinates":[72.889469,19.080475]},"properties":{"id":"osm:node/11432077437","name":"Tiffins","category":"food","subtype":"amenity=fast_food","source":"osm"}},{"type":"Feature","geometry":{"type":"Point","coordinates":[72.866839,19.079493]},"properties":{"id":"osm:node/11432696946","name":"My Little Tea Pot","category":"food","subtype":"amenity=cafe","source":"osm"}},{"type":"Feature","geometry":{"type":"Point","coordinates":[72.836809,19.103361]},"properties":{"id":"osm:node/11443121476","name":"NM frankie","category":"food","subtype":"amenity=fast_food","source":"osm"}},{"type":"Feature","geometry":{"type":"Point","coordinates":[72.843577,19.10025]},"properties":{"id":"osm:node/11443123555","name":"Jumbo King","category":"food","subtype":"amenity=fast_food","source":"osm","cuisine":"burger"}},{"type":"Feature","geometry":{"type":"Point","coordinates":[72.813314,18.955594]},"properties":{"id":"osm:node/11443658469","name":"Cream Centre","category":"food","subtype":"amenity=restaurant","source":"osm","cuisine":"indian;mexican"}},{"type":"Feature","geometry":{"type":"Point","coordinates":[72.813233,18.955633]},"properties":{"id":"osm:node/11443658569","name":"New Yorker","category":"food","subtype":"amenity=restaurant","source":"osm","cuisine":"indian;mexican"}},{"type":"Feature","geometry":{"type":"Point","coordinates":[72.886739,19.103787]},"properties":{"id":"osm:node/11445670131","name":"KFC","category":"food","subtype":"amenity=fast_food","source":"osm","cuisine":"chicken"}},{"type":"Feature","geometry":{"type":"Point","coordinates":[72.886451,19.104745]},"properties":{"id":"osm:node/11445747451","name":"Asia Kitchen","category":"food","subtype":"amenity=restaurant","source":"osm"}},{"type":"Feature","geometry":{"type":"Point","coordinates":[72.882721,19.0923]},"properties":{"id":"osm:node/11445779711","name":"Al-baik.com","category":"food","subtype":"amenity=restaurant","source":"osm"}},{"type":"Feature","geometry":{"type":"Point","coordinates":[72.8833,19.107678]},"properties":{"id":"osm:node/11445781265","name":"Chimichurri","category":"food","subtype":"amenity=restaurant","source":"osm"}},{"type":"Feature","geometry":{"type":"Point","coordinates":[72.89028,19.084569]},"properties":{"id":"osm:node/11445793376","name":"Divesh Vada Pav Center","category":"food","subtype":"amenity=fast_food","source":"osm"}},{"type":"Feature","geometry":{"type":"Point","coordinates":[72.876761,19.075293]},"properties":{"id":"osm:node/11449378649","name":"Domino's","category":"food","subtype":"amenity=fast_food","source":"osm","cuisine":"pizza"}},{"type":"Feature","geometry":{"type":"Point","coordinates":[72.864541,19.042348]},"properties":{"id":"osm:node/11449418465","name":"Sweet County","category":"food","subtype":"shop=bakery","source":"osm"}},{"type":"Feature","geometry":{"type":"Point","coordinates":[72.864555,19.042536]},"properties":{"id":"osm:node/11449422967","name":"Monginis","category":"food","subtype":"shop=pastry","source":"osm","opening_hours":"Mo-Su 08:00-23:00"}},{"type":"Feature","geometry":{"type":"Point","coordinates":[72.865043,19.050414]},"properties":{"id":"osm:node/11449425962","name":"Apna Hotel","category":"food","subtype":"amenity=restaurant","source":"osm"}},{"type":"Feature","geometry":{"type":"Point","coordinates":[72.864488,19.042753]},"properties":{"id":"osm:node/11449425963","name":"Peninsula Veg","category":"food","subtype":"amenity=restaurant","source":"osm","opening_hours":"Mo-Su 10:00-22:00"}},{"type":"Feature","geometry":{"type":"Point","coordinates":[72.864154,19.041957]},"properties":{"id":"osm:node/11449425964","name":"Hanuman Veg Restaurant","category":"food","subtype":"amenity=restaurant","source":"osm","opening_hours":"Mo-Su 09:30-23:30","phone":"+912224091565"}},{"type":"Feature","geometry":{"type":"Point","coordinates":[72.850917,19.038773]},"properties":{"id":"osm:node/11449429775","name":"Rehmat multi cuisine restaurant","category":"food","subtype":"amenity=restaurant","source":"osm"}},{"type":"Feature","geometry":{"type":"Point","coordinates":[72.864559,19.042381]},"properties":{"id":"osm:node/11449434864","name":"O Cakes","category":"food","subtype":"shop=bakery","source":"osm"}},{"type":"Feature","geometry":{"type":"Point","coordinates":[72.864254,19.04196]},"properties":{"id":"osm:node/11449434865","name":"Tortaa the cake shop","category":"food","subtype":"shop=bakery","source":"osm"}},{"type":"Feature","geometry":{"type":"Point","coordinates":[72.85786,19.041727]},"properties":{"id":"osm:node/11449434866","name":"Mercy Hotel","category":"food","subtype":"amenity=restaurant","source":"osm"}},{"type":"Feature","geometry":{"type":"Point","coordinates":[72.863567,19.048183]},"properties":{"id":"osm:node/11449438344","name":"Sangam Hotel","category":"food","subtype":"amenity=restaurant","source":"osm"}},{"type":"Feature","geometry":{"type":"Point","coordinates":[72.885101,19.083119]},"properties":{"id":"osm:node/11451543495","name":"Hotel Sitaram","category":"food","subtype":"amenity=restaurant","source":"osm"}},{"type":"Feature","geometry":{"type":"Point","coordinates":[72.841912,19.019969]},"properties":{"id":"osm:node/11451935139","name":"Adarsha Family Restaurant","category":"food","subtype":"amenity=restaurant","source":"osm"}},{"type":"Feature","geometry":{"type":"Point","coordinates":[72.835949,19.025211]},"properties":{"id":"osm:node/11451942459","name":"Starbucks","category":"food","subtype":"amenity=cafe","source":"osm","cuisine":"coffee_shop"}},{"type":"Feature","geometry":{"type":"Point","coordinates":[72.835478,19.025272]},"properties":{"id":"osm:node/11451942460","name":"Tamnak Thai","category":"food","subtype":"amenity=restaurant","source":"osm"}},{"type":"Feature","geometry":{"type":"Point","coordinates":[72.879991,19.079069]},"properties":{"id":"osm:node/11451948925","name":"Istanbul Darbar","category":"food","subtype":"amenity=restaurant","source":"osm","opening_hours":"Mo-Su 08:00-23:00"}},{"type":"Feature","geometry":{"type":"Point","coordinates":[72.839794,19.025369]},"properties":{"id":"osm:node/11451984338","name":"Made over donuts","category":"food","subtype":"amenity=restaurant","source":"osm"}},{"type":"Feature","geometry":{"type":"Point","coordinates":[72.841424,19.025063]},"properties":{"id":"osm:node/11451989742","name":"KFC","category":"food","subtype":"amenity=fast_food","source":"osm","cuisine":"chicken"}},{"type":"Feature","geometry":{"type":"Point","coordinates":[72.8355,19.025499]},"properties":{"id":"osm:node/11451989747","name":"Green restaurant and bar","category":"food","subtype":"amenity=restaurant","source":"osm"}},{"type":"Feature","geometry":{"type":"Point","coordinates":[72.880147,19.079984]},"properties":{"id":"osm:node/11452002808","name":"ZamZam Sweets and Bakery","category":"food","subtype":"shop=bakery","source":"osm"}},{"type":"Feature","geometry":{"type":"Point","coordinates":[72.869456,19.069237]},"properties":{"id":"osm:node/11452002809","name":"PizzaExpress","category":"food","subtype":"amenity=restaurant","source":"osm","cuisine":"pizza"}},{"type":"Feature","geometry":{"type":"Point","coordinates":[72.841506,19.025173]},"properties":{"id":"osm:node/11452005242","name":"Pizza Hut","category":"food","subtype":"amenity=restaurant","source":"osm","cuisine":"pizza"}},{"type":"Feature","geometry":{"type":"Point","coordinates":[72.835451,19.025182]},"properties":{"id":"osm:node/11452005243","name":"Naturals","category":"food","subtype":"amenity=ice_cream","source":"osm","cuisine":"ice_cream"}},{"type":"Feature","geometry":{"type":"Point","coordinates":[72.835248,19.024746]},"properties":{"id":"osm:node/11452005244","name":"Ice Cream works","category":"food","subtype":"amenity=ice_cream","source":"osm"}},{"type":"Feature","geometry":{"type":"Point","coordinates":[72.83531,19.024909]},"properties":{"id":"osm:node/11452006997","name":"The Belgian Waffle Co","category":"food","subtype":"shop=bakery","source":"osm"}},{"type":"Feature","geometry":{"type":"Point","coordinates":[72.839951,19.025282]},"properties":{"id":"osm:node/11452007276","name":"Baskin-Robbins","category":"food","subtype":"amenity=ice_cream","source":"osm","cuisine":"ice_cream"}},{"type":"Feature","geometry":{"type":"Point","coordinates":[72.882246,19.082464]},"properties":{"id":"osm:node/11452008048","name":"SHAHI Dessert and Fast Food Juice","category":"food","subtype":"amenity=restaurant","source":"osm"}},{"type":"Feature","geometry":{"type":"Point","coordinates":[72.887658,19.085322]},"properties":{"id":"osm:node/11452009154","name":"Costa","category":"food","subtype":"amenity=cafe","source":"osm","cuisine":"coffee_shop"}},{"type":"Feature","geometry":{"type":"Point","coordinates":[72.836379,19.025979]},"properties":{"id":"osm:node/11452010575","name":"Sandwizzaa","category":"food","subtype":"amenity=fast_food","source":"osm"}},{"type":"Feature","geometry":{"type":"Point","coordinates":[72.839685,19.02141]},"properties":{"id":"osm:node/11452010577","name":"Cryspy Frankie","category":"food","subtype":"amenity=fast_food","source":"osm"}},{"type":"Feature","geometry":{"type":"Point","coordinates":[72.878001,19.077041]},"properties":{"id":"osm:node/11452014432","name":"Karizma Dhaba","category":"food","subtype":"amenity=restaurant","source":"osm"}},{"type":"Feature","geometry":{"type":"Point","coordinates":[72.841609,19.025128]},"properties":{"id":"osm:node/11452014433","name":"Subway","category":"food","subtype":"amenity=fast_food","source":"osm","cuisine":"sandwich"}},{"type":"Feature","geometry":{"type":"Point","coordinates":[72.835739,19.025644]},"properties":{"id":"osm:node/11452014932","name":"Costa","category":"food","subtype":"amenity=cafe","source":"osm","cuisine":"coffee_shop"}},{"type":"Feature","geometry":{"type":"Point","coordinates":[72.835638,19.02569]},"properties":{"id":"osm:node/11452014933","name":"Rajarajeswari Bhuvan Veg Delight","category":"food","subtype":"amenity=restaurant","source":"osm"}},{"type":"Feature","geometry":{"type":"Point","coordinates":[72.881764,19.081672]},"properties":{"id":"osm:node/11452017570","name":"Sunlight Restaurant","category":"food","subtype":"amenity=restaurant","source":"osm"}},{"type":"Feature","geometry":{"type":"Point","coordinates":[72.826874,18.932812]},"properties":{"id":"osm:node/11456147262","name":"Nksha","category":"food","subtype":"amenity=restaurant","source":"osm"}},{"type":"Feature","geometry":{"type":"Point","coordinates":[72.821041,18.968615]},"properties":{"id":"osm:node/11456227673","name":"Anna Leela Veg Restaurant","category":"food","subtype":"amenity=restaurant","source":"osm"}},{"type":"Feature","geometry":{"type":"Point","coordinates":[72.820898,18.968624]},"properties":{"id":"osm:node/11456230009","name":"Central Sweets","category":"food","subtype":"amenity=fast_food","source":"osm"}},{"type":"Feature","geometry":{"type":"Point","coordinates":[72.828028,18.932151]},"properties":{"id":"osm:node/11456248703","name":"The Beer Cafe","category":"food","subtype":"amenity=cafe","source":"osm"}},{"type":"Feature","geometry":{"type":"Point","coordinates":[72.81922,18.966428]},"properties":{"id":"osm:node/11456281494","name":"Portico Restaurant and Bar","category":"food","subtype":"amenity=restaurant","source":"osm"}},{"type":"Feature","geometry":{"type":"Point","coordinates":[72.883393,19.107677]},"properties":{"id":"osm:node/11464621028","name":"Persian Darbar","category":"food","subtype":"amenity=restaurant","source":"osm","cuisine":"indian;chinese"}},{"type":"Feature","geometry":{"type":"Point","coordinates":[72.896121,19.080747]},"properties":{"id":"osm:node/11464716224","name":"Hanuman Hotel","category":"food","subtype":"amenity=restaurant","source":"osm"}},{"type":"Feature","geometry":{"type":"Point","coordinates":[72.895677,19.079949]},"properties":{"id":"osm:node/11464728721","name":"Lark pure Veg Restaurant","category":"food","subtype":"amenity=restaurant","source":"osm"}},{"type":"Feature","geometry":{"type":"Point","coordinates":[72.895386,19.082153]},"properties":{"id":"osm:node/11464734826","name":"Hrezzo Restaurant","category":"food","subtype":"amenity=restaurant","source":"osm"}},{"type":"Feature","geometry":{"type":"Point","coordinates":[72.838248,18.93872]},"properties":{"id":"osm:node/11465204243","name":"We Wake Cafe","category":"food","subtype":"amenity=cafe","source":"osm"}},{"type":"Feature","geometry":{"type":"Point","coordinates":[72.813967,19.134349]},"properties":{"id":"osm:node/11465355918","name":"cafe coffee","category":"food","subtype":"amenity=cafe","source":"osm","opening_hours":"24/7","cuisine":"coffee_shop;indian;chinese","phone":"0987654321"}},{"type":"Feature","geometry":{"type":"Point","coordinates":[72.849015,19.253077]},"properties":{"id":"osm:node/11481527990","name":"banjara dhaba","category":"food","subtype":"amenity=restaurant","source":"osm","cuisine":"indian"}},{"type":"Feature","geometry":{"type":"Point","coordinates":[72.822632,19.070544]},"properties":{"id":"osm:node/11482202270","name":"Coffee by Di Bella","category":"food","subtype":"amenity=cafe","source":"osm"}},{"type":"Feature","geometry":{"type":"Point","coordinates":[72.822656,19.0706]},"properties":{"id":"osm:node/11482202271","name":"Carter Road Social","category":"food","subtype":"amenity=restaurant","source":"osm"}},{"type":"Feature","geometry":{"type":"Point","coordinates":[72.822621,19.070617]},"properties":{"id":"osm:node/11482202272","name":"Häagen-Dazs","category":"food","subtype":"amenity=ice_cream","source":"osm"}},{"type":"Feature","geometry":{"type":"Point","coordinates":[72.822653,19.070631]},"properties":{"id":"osm:node/11482202273","name":"Sweet County","category":"food","subtype":"shop=pastry","source":"osm","phone":"+91 97694 44744"}},{"type":"Feature","geometry":{"type":"Point","coordinates":[72.822682,19.070641]},"properties":{"id":"osm:node/11482202274","name":"Tibb's Frankie","category":"food","subtype":"amenity=fast_food","source":"osm"}},{"type":"Feature","geometry":{"type":"Point","coordinates":[72.822756,19.070669]},"properties":{"id":"osm:node/11482202275","name":"70's Frogurt Hood","category":"food","subtype":"amenity=ice_cream","source":"osm","cuisine":"frozen_yogurt"}},{"type":"Feature","geometry":{"type":"Point","coordinates":[72.82279,19.070678]},"properties":{"id":"osm:node/11482202276","name":"Mongoose The Bubble Bar","category":"food","subtype":"amenity=cafe","source":"osm","cuisine":"bubble_tea"}},{"type":"Feature","geometry":{"type":"Point","coordinates":[72.822896,19.070705]},"properties":{"id":"osm:node/11482202277","name":"The House Of Massimo","category":"food","subtype":"amenity=restaurant","source":"osm","cuisine":"pizza"}},{"type":"Feature","geometry":{"type":"Point","coordinates":[72.822957,19.070723]},"properties":{"id":"osm:node/11482202278","name":"Carter's Blue","category":"food","subtype":"amenity=fast_food","source":"osm","cuisine":"kebab"}},{"type":"Feature","geometry":{"type":"Point","coordinates":[72.828793,19.048965]},"properties":{"id":"osm:node/11483543858","name":"Border Bean Barbecue","category":"food","subtype":"amenity=restaurant","source":"osm"}},{"type":"Feature","geometry":{"type":"Point","coordinates":[72.828734,19.048937]},"properties":{"id":"osm:node/11483543859","name":"QJ (Quarter Junction) Bar and Restaurant","category":"food","subtype":"amenity=restaurant","source":"osm"}},{"type":"Feature","geometry":{"type":"Point","coordinates":[72.82653,19.050556]},"properties":{"id":"osm:node/11483543860","name":"Breve Cycling Cafe","category":"food","subtype":"amenity=cafe","source":"osm"}},{"type":"Feature","geometry":{"type":"Point","coordinates":[72.839277,19.054384]},"properties":{"id":"osm:node/11483837670","name":"Burger King","category":"food","subtype":"amenity=fast_food","source":"osm","cuisine":"burger"}},{"type":"Feature","geometry":{"type":"Point","coordinates":[72.834688,19.063455]},"properties":{"id":"osm:node/11483837672","name":"Mad Over Donuts","category":"food","subtype":"amenity=fast_food","source":"osm","cuisine":"donut"}},{"type":"Feature","geometry":{"type":"Point","coordinates":[72.823347,19.070822]},"properties":{"id":"osm:node/11483837676","name":"Shahi Durbar Kulfi","category":"food","subtype":"amenity=ice_cream","source":"osm"}},{"type":"Feature","geometry":{"type":"Point","coordinates":[72.823386,19.070843]},"properties":{"id":"osm:node/11483837677","name":"Ice Cream Factory","category":"food","subtype":"amenity=ice_cream","source":"osm"}},{"type":"Feature","geometry":{"type":"Point","coordinates":[72.832401,18.924157]},"properties":{"id":"osm:node/11504139369","name":null,"category":"food","subtype":"amenity=restaurant","source":"osm"}},{"type":"Feature","geometry":{"type":"Point","coordinates":[72.857265,19.108558]},"properties":{"id":"osm:node/11506435036","name":"Black Bull Cafe (BBC Bar & Restaurant)","category":"food","subtype":"amenity=restaurant","source":"osm"}},{"type":"Feature","geometry":{"type":"Point","coordinates":[72.828007,19.091701]},"properties":{"id":"osm:node/11518380934","name":"Sesame - Hyatt Centric Juhu","category":"food","subtype":"amenity=restaurant","source":"osm","opening_hours":"Mo-Su 07:00-23:30","cuisine":"pan_asian;japanese","phone":"+91 86578 84964"}},{"type":"Feature","geometry":{"type":"Point","coordinates":[72.834343,18.929023]},"properties":{"id":"osm:node/11542372406","name":"Gateway Taproom","category":"food","subtype":"amenity=restaurant","source":"osm"}},{"type":"Feature","geometry":{"type":"Point","coordinates":[72.81485,18.954676]},"properties":{"id":"osm:node/11542402054","name":"Revival","category":"food","subtype":"amenity=restaurant","source":"osm"}},{"type":"Feature","geometry":{"type":"Point","coordinates":[72.832708,18.923738]},"properties":{"id":"osm:node/11542420692","name":"Subko Mini at Abode Bombay","category":"food","subtype":"amenity=cafe","source":"osm","opening_hours":"Mo-Su 10:00-20:00"}},{"type":"Feature","geometry":{"type":"Point","coordinates":[72.876189,19.095522]},"properties":{"id":"osm:node/11551635212","name":"The Cram Bar","category":"food","subtype":"amenity=restaurant","source":"osm"}},{"type":"Feature","geometry":{"type":"Point","coordinates":[72.876325,19.095335]},"properties":{"id":"osm:node/11551636351","name":"KFC","category":"food","subtype":"amenity=fast_food","source":"osm","cuisine":"chicken"}},{"type":"Feature","geometry":{"type":"Point","coordinates":[72.833701,18.978884]},"properties":{"id":"osm:node/11581535149","name":"Maharaja Cafe","category":"food","subtype":"amenity=restaurant","source":"osm"}},{"type":"Feature","geometry":{"type":"Point","coordinates":[72.89852,19.061043]},"properties":{"id":"osm:node/11587655947","name":"Mani's","category":"food","subtype":"amenity=restaurant","source":"osm","opening_hours":"Tu-Su 07:30-22:00","cuisine":"south_indian","level":"0"}},{"type":"Feature","geometry":{"type":"Point","coordinates":[72.867165,19.078116]},"properties":{"id":"osm:node/11587668954","name":"My Little Tea Pot","category":"food","subtype":"amenity=cafe","source":"osm","opening_hours":"Mo-Su 09:00-21:00","cuisine":"coffee_shop"}},{"type":"Feature","geometry":{"type":"Point","coordinates":[72.826016,19.105944]},"properties":{"id":"osm:node/11609368066","name":"Third Wave Coffee","category":"food","subtype":"amenity=cafe","source":"osm","phone":"+91-9620951522"}},{"type":"Feature","geometry":{"type":"Point","coordinates":[72.83305,18.931794]},"properties":{"id":"osm:node/11609857374","name":"Anna Idli","category":"food","subtype":"amenity=restaurant","source":"osm","cuisine":"indian"}},{"type":"Feature","geometry":{"type":"Point","coordinates":[72.83087,18.977089]},"properties":{"id":"osm:node/11610878101","name":"Blue bead cafe","category":"food","subtype":"amenity=cafe","source":"osm","opening_hours":"Mo-Su 10:00-22:00","cuisine":"coffee_shop"}},{"type":"Feature","geometry":{"type":"Point","coordinates":[72.990016,19.229457]},"properties":{"id":"osm:node/11611005444","name":null,"category":"food","subtype":"amenity=restaurant","source":"osm"}},{"type":"Feature","geometry":{"type":"Point","coordinates":[72.989168,19.22903]},"properties":{"id":"osm:node/11611029151","name":null,"category":"food","subtype":"amenity=cafe","source":"osm"}},{"type":"Feature","geometry":{"type":"Point","coordinates":[72.864376,19.208615]},"properties":{"id":"osm:node/11613055039","name":"bay leaf veg restaurant","category":"food","subtype":"amenity=restaurant","source":"osm","opening_hours":"Mo-Su 10:00-22:00","cuisine":"indian;chinese"}},{"type":"Feature","geometry":{"type":"Point","coordinates":[72.911977,19.119546]},"properties":{"id":"osm:node/11615065763","name":null,"category":"food","subtype":"amenity=cafe","source":"osm"}},{"type":"Feature","geometry":{"type":"Point","coordinates":[72.911426,19.118548]},"properties":{"id":"osm:node/11617857998","name":"Starbucks","category":"food","subtype":"amenity=cafe","source":"osm","opening_hours":"Mo-Su 09:00-21:00","cuisine":"coffee_shop","phone":"1860 266 0010"}},{"type":"Feature","geometry":{"type":"Point","coordinates":[72.812796,18.956012]},"properties":{"id":"osm:node/11637734870","name":"Belgian waffles and ice cream","category":"food","subtype":"amenity=cafe","source":"osm"}},{"type":"Feature","geometry":{"type":"Point","coordinates":[72.97583,19.1913]},"properties":{"id":"osm:node/11643018488","name":"Swaamy Bhavvan Pure Veg Restaurant","category":"food","subtype":"amenity=restaurant","source":"osm"}},{"type":"Feature","geometry":{"type":"Point","coordinates":[72.855346,19.234832]},"properties":{"id":"osm:node/11654004610","name":"Harbhole Kutchi Dabeli","category":"food","subtype":"amenity=fast_food","source":"osm","opening_hours":"Mo-Su 14:00-23:00","cuisine":"kutchi"}},{"type":"Feature","geometry":{"type":"Point","coordinates":[72.954776,19.188611]},"properties":{"id":"osm:node/11663886268","name":"Cafe Holiday","category":"food","subtype":"amenity=restaurant","source":"osm","level":"0"}},{"type":"Feature","geometry":{"type":"Point","coordinates":[72.822428,19.07074]},"properties":{"id":"osm:node/11671956965","name":"The Library Cafe","category":"food","subtype":"amenity=cafe","source":"osm"}},{"type":"Feature","geometry":{"type":"Point","coordinates":[72.969673,19.186949]},"properties":{"id":"osm:node/11684708005","name":"Rajwadi Tea Tapri","category":"food","subtype":"amenity=cafe","source":"osm"}},{"type":"Feature","geometry":{"type":"Point","coordinates":[73.001095,19.065642]},"properties":{"id":"osm:node/11691666027","name":"Pot Pourri Eat & Drinkery","category":"food","subtype":"amenity=restaurant","source":"osm"}},{"type":"Feature","geometry":{"type":"Point","coordinates":[73.001094,19.06548]},"properties":{"id":"osm:node/11691681422","name":"Wow! Momo","category":"food","subtype":"amenity=fast_food","source":"osm","cuisine":"momo"}},{"type":"Feature","geometry":{"type":"Point","coordinates":[73.000793,19.06591]},"properties":{"id":"osm:node/11691718099","name":"KFC","category":"food","subtype":"amenity=fast_food","source":"osm","cuisine":"chicken"}},{"type":"Feature","geometry":{"type":"Point","coordinates":[73.001105,19.065572]},"properties":{"id":"osm:node/11691734217","name":"Urban Tadka","category":"food","subtype":"amenity=restaurant","source":"osm"}},{"type":"Feature","geometry":{"type":"Point","coordinates":[73.001097,19.065439]},"properties":{"id":"osm:node/11691737747","name":"Big Squeeze","category":"food","subtype":"amenity=restaurant","source":"osm"}},{"type":"Feature","geometry":{"type":"Point","coordinates":[73.000989,19.065636]},"properties":{"id":"osm:node/11691740513","name":"Falafel's","category":"food","subtype":"amenity=restaurant","source":"osm"}},{"type":"Feature","geometry":{"type":"Point","coordinates":[73.000713,19.065956]},"properties":{"id":"osm:node/11691740514","name":"Malgudi","category":"food","subtype":"amenity=restaurant","source":"osm"}},{"type":"Feature","geometry":{"type":"Point","coordinates":[73.000833,19.065864]},"properties":{"id":"osm:node/11691741789","name":"Starbucks","category":"food","subtype":"amenity=cafe","source":"osm","cuisine":"coffee_shop"}},{"type":"Feature","geometry":{"type":"Point","coordinates":[73.000812,19.065962]},"properties":{"id":"osm:node/11691753209","name":"Chaayos","category":"food","subtype":"amenity=cafe","source":"osm","cuisine":"tea"}},{"type":"Feature","geometry":{"type":"Point","coordinates":[73.001091,19.065396]},"properties":{"id":"osm:node/11691756214","name":"Shawarma King","category":"food","subtype":"amenity=restaurant","source":"osm"}},{"type":"Feature","geometry":{"type":"Point","coordinates":[73.000993,19.065607]},"properties":{"id":"osm:node/11691758161","name":"Subway","category":"food","subtype":"amenity=fast_food","source":"osm","cuisine":"sandwich"}},{"type":"Feature","geometry":{"type":"Point","coordinates":[73.000742,19.065898]},"properties":{"id":"osm:node/11691758197","name":"Mad Over Donuts","category":"food","subtype":"amenity=restaurant","source":"osm"}},{"type":"Feature","geometry":{"type":"Point","coordinates":[72.846238,19.119858]},"properties":{"id":"osm:node/11698377534","name":"Burger King","category":"food","subtype":"amenity=fast_food","source":"osm","cuisine":"burger","level":"0"}},{"type":"Feature","geometry":{"type":"Point","coordinates":[72.88747,19.103578]},"properties":{"id":"osm:node/11698434177","name":"Domino's Pizza","category":"food","subtype":"amenity=fast_food","source":"osm","operator":"Dominos","cuisine":"pizza;burger;cake"}},{"type":"Feature","geometry":{"type":"Point","coordinates":[72.84598,19.119627]},"properties":{"id":"osm:node/11698459278","name":"Aditi Fast Food","category":"food","subtype":"amenity=fast_food","source":"osm"}},{"type":"Feature","geometry":{"type":"Point","coordinates":[72.828558,19.002861]},"properties":{"id":"osm:node/11711426769","name":"Si Nonna's","category":"food","subtype":"amenity=restaurant","source":"osm","cuisine":"italian;italian_pizza"}},{"type":"Feature","geometry":{"type":"Point","coordinates":[72.910043,19.038626]},"properties":{"id":"osm:node/11716428245","name":"DEEPTIZ cake studio","category":"food","subtype":"shop=pastry","source":"osm"}},{"type":"Feature","geometry":{"type":"Point","coordinates":[72.843446,19.205724]},"properties":{"id":"osm:node/11728344375","name":"Achija veg restaurant Kandivali branch","category":"food","subtype":"amenity=restaurant","source":"osm","opening_hours":"Mo-Su 10:00-24:00","phone":"07304033555"}},{"type":"Feature","geometry":{"type":"Point","coordinates":[72.945921,19.160409]},"properties":{"id":"osm:node/11747921952","name":"Bar Tales","category":"food","subtype":"amenity=restaurant","source":"osm"}},{"type":"Feature","geometry":{"type":"Point","coordinates":[72.933463,19.042335]},"properties":{"id":"osm:node/11841594228","name":"Golden Gate Restaurant","category":"food","subtype":"amenity=restaurant","source":"osm"}},{"type":"Feature","geometry":{"type":"Point","coordinates":[72.906986,19.046677]},"properties":{"id":"osm:node/11844937157","name":"Nxt Level All Day Chembur","category":"food","subtype":"amenity=restaurant","source":"osm"}},{"type":"Feature","geometry":{"type":"Point","coordinates":[72.826748,19.061192]},"properties":{"id":"osm:node/11846246267","name":"DORANGOS (Instagram:-dorangos_comedy_events) Best Entertainment Mumbai","category":"food","subtype":"amenity=cafe","source":"osm","opening_hours":"Mo-Su 09:00-21:00","phone":"+919920275894"}},{"type":"Feature","geometry":{"type":"Point","coordinates":[72.891422,19.100254]},"properties":{"id":"osm:node/11875923469","name":"Shahi Darbar","category":"food","subtype":"amenity=restaurant","source":"osm"}},{"type":"Feature","geometry":{"type":"Point","coordinates":[72.829473,19.049325]},"properties":{"id":"osm:node/11895503568","name":"Subway","category":"food","subtype":"amenity=fast_food","source":"osm","cuisine":"sandwich"}},{"type":"Feature","geometry":{"type":"Point","coordinates":[72.837496,19.111181]},"properties":{"id":"osm:node/11901183800","name":"Naturals","category":"food","subtype":"amenity=ice_cream","source":"osm","cuisine":"ice_cream"}},{"type":"Feature","geometry":{"type":"Point","coordinates":[72.831732,19.075672]},"properties":{"id":"osm:node/11901183801","name":"Starbucks","category":"food","subtype":"amenity=cafe","source":"osm","cuisine":"coffee_shop"}},{"type":"Feature","geometry":{"type":"Point","coordinates":[72.864622,19.04981]},"properties":{"id":"osm:node/11911790368","name":null,"category":"food","subtype":"amenity=restaurant","source":"osm"}},{"type":"Feature","geometry":{"type":"Point","coordinates":[72.863413,19.174279]},"properties":{"id":"osm:node/11915129391","name":"Royal Challenge Restaurant","category":"food","subtype":"amenity=restaurant","source":"osm"}},{"type":"Feature","geometry":{"type":"Point","coordinates":[72.810878,19.134486]},"properties":{"id":"osm:node/11919699009","name":"South Platter","category":"food","subtype":"amenity=fast_food","source":"osm"}},{"type":"Feature","geometry":{"type":"Point","coordinates":[72.810791,19.134603]},"properties":{"id":"osm:node/11919699010","name":"Nom Nom Express","category":"food","subtype":"amenity=fast_food","source":"osm"}},{"type":"Feature","geometry":{"type":"Point","coordinates":[72.971914,19.177247]},"properties":{"id":"osm:node/11947867469","name":"Chpostix","category":"food","subtype":"amenity=restaurant","source":"osm","cuisine":"chinese"}},{"type":"Feature","geometry":{"type":"Point","coordinates":[72.998676,19.163583]},"properties":{"id":"osm:node/11951764647","name":"Domino's","category":"food","subtype":"amenity=fast_food","source":"osm","cuisine":"pizza"}},{"type":"Feature","geometry":{"type":"Point","coordinates":[72.817219,18.957145]},"properties":{"id":"osm:node/11962469384","name":"7th Heaven Girgaon","category":"food","subtype":"amenity=restaurant","source":"osm"}},{"type":"Feature","geometry":{"type":"Point","coordinates":[72.831657,18.928323]},"properties":{"id":"osm:node/11964902109","name":"Khyber","category":"food","subtype":"amenity=restaurant","source":"osm","cuisine":"indian"}},{"type":"Feature","geometry":{"type":"Point","coordinates":[72.8365,19.063769]},"properties":{"id":"osm:node/12028951855","name":"Zima","category":"food","subtype":"amenity=restaurant","source":"osm","opening_hours":"Mo-Su 07:00-24:00","phone":"+919930888880"}},{"type":"Feature","geometry":{"type":"Point","coordinates":[72.873122,19.095253]},"properties":{"id":"osm:node/12075203455","name":"Starbucks","category":"food","subtype":"amenity=cafe","source":"osm","wheelchair":"no","cuisine":"coffee_shop","level":"2"}},{"type":"Feature","geometry":{"type":"Point","coordinates":[72.843292,19.060835]},"properties":{"id":"osm:node/12107741701","name":"Sanjay Vada Pav","category":"food","subtype":"amenity=fast_food","source":"osm","opening_hours":"Mo-Su,PH 08:00-22:30"}},{"type":"Feature","geometry":{"type":"Point","coordinates":[72.83992,19.108225]},"properties":{"id":"osm:node/12114223501","name":"McDonald's","category":"food","subtype":"amenity=fast_food","source":"osm","cuisine":"burger"}},{"type":"Feature","geometry":{"type":"Point","coordinates":[72.830046,19.049637]},"properties":{"id":"osm:node/12126380632","name":"Love in Langos","category":"food","subtype":"amenity=restaurant","source":"osm","phone":"+91 93210 55321"}},{"type":"Feature","geometry":{"type":"Point","coordinates":[72.831903,19.0531]},"properties":{"id":"osm:node/12126380637","name":"Maaji's Foods","category":"food","subtype":"amenity=restaurant","source":"osm"}},{"type":"Feature","geometry":{"type":"Point","coordinates":[72.832606,19.052615]},"properties":{"id":"osm:node/12126380642","name":"Dostana Fast Food","category":"food","subtype":"amenity=fast_food","source":"osm"}},{"type":"Feature","geometry":{"type":"Point","coordinates":[72.892366,19.114156]},"properties":{"id":"osm:node/12133192541","name":"Apratim, Near Boomerang Building Gate No. 1","category":"food","subtype":"amenity=restaurant","source":"osm","cuisine":"indian","phone":"+918652430255"}},{"type":"Feature","geometry":{"type":"Point","coordinates":[72.828659,19.232587]},"properties":{"id":"osm:node/12140071411","name":"Dessert 99","category":"food","subtype":"amenity=cafe","source":"osm","cuisine":"waffle;pancake"}},{"type":"Feature","geometry":{"type":"Point","coordinates":[72.843541,19.206194]},"properties":{"id":"osm:node/12140083063","name":null,"category":"food","subtype":"amenity=fast_food","source":"osm"}},{"type":"Feature","geometry":{"type":"Point","coordinates":[72.894103,19.045492]},"properties":{"id":"osm:node/12176162197","name":"Jhama Sweets","category":"food","subtype":"amenity=fast_food","source":"osm","cuisine":"indian"}},{"type":"Feature","geometry":{"type":"Point","coordinates":[72.825682,18.989838]},"properties":{"id":"osm:node/12184157097","name":"Masque","category":"food","subtype":"amenity=restaurant","source":"osm"}},{"type":"Feature","geometry":{"type":"Point","coordinates":[72.964222,19.178046]},"properties":{"id":"osm:node/12185885162","name":"Bake N Bite","category":"food","subtype":"amenity=restaurant","source":"osm","opening_hours":"Mo-Su 09:00-21:00","cuisine":"cake"}},{"type":"Feature","geometry":{"type":"Point","coordinates":[72.843371,19.026262]},"properties":{"id":"osm:node/12185901900","name":"Hotel Udupi Ramdas","category":"food","subtype":"amenity=cafe","source":"osm","opening_hours":"Mo-Su 06:30-21:00","description":"South Indian food, tea ,coffee,cold drinks, etc are available","cuisine":"south_indian_cuisine"}},{"type":"Feature","geometry":{"type":"Point","coordinates":[72.85783,19.188507]},"properties":{"id":"osm:node/12185905582","name":"Prasad Family Restaurant and Bar","category":"food","subtype":"amenity=restaurant","source":"osm","opening_hours":"Th-We 10:00-24:00","cuisine":"indian;pizza;burger"}},{"type":"Feature","geometry":{"type":"Point","coordinates":[72.846851,19.164012]},"properties":{"id":"osm:node/12185919108","name":null,"category":"food","subtype":"amenity=restaurant","source":"osm"}},{"type":"Feature","geometry":{"type":"Point","coordinates":[72.824493,19.061944]},"properties":{"id":"osm:node/12192784768","name":"Tiger Yaki","category":"food","subtype":"amenity=restaurant","source":"osm"}},{"type":"Feature","geometry":{"type":"Point","coordinates":[72.824699,19.062907]},"properties":{"id":"osm:node/12192784798","name":"Abokado","category":"food","subtype":"amenity=cafe","source":"osm","cuisine":"japanese"}},{"type":"Feature","geometry":{"type":"Point","coordinates":[72.830877,19.062582]},"properties":{"id":"osm:node/12192784840","name":"Benne Heritage Bangalore Dosa","category":"food","subtype":"amenity=fast_food","source":"osm"}},{"type":"Feature","geometry":{"type":"Point","coordinates":[72.830874,19.062549]},"properties":{"id":"osm:node/12192784841","name":"Le15 Patisserie","category":"food","subtype":"shop=pastry","source":"osm"}},{"type":"Feature","geometry":{"type":"Point","coordinates":[72.830585,19.062404]},"properties":{"id":"osm:node/12192784843","name":"Shree Sagar Veg Restaurant","category":"food","subtype":"amenity=restaurant","source":"osm"}},{"type":"Feature","geometry":{"type":"Point","coordinates":[72.830655,19.062433]},"properties":{"id":"osm:node/12192784844","name":"Cafe Frozen Fun","category":"food","subtype":"amenity=ice_cream","source":"osm"}},{"type":"Feature","geometry":{"type":"Point","coordinates":[72.959878,19.169767]},"properties":{"id":"osm:node/12209975598","name":"Naturals","category":"food","subtype":"amenity=ice_cream","source":"osm","cuisine":"ice_cream"}},{"type":"Feature","geometry":{"type":"Point","coordinates":[72.851611,19.244867]},"properties":{"id":"osm:node/12214425836","name":"Hot Buns","category":"food","subtype":"amenity=fast_food","source":"osm"}},{"type":"Feature","geometry":{"type":"Point","coordinates":[72.848342,19.249203]},"properties":{"id":"osm:node/12222193556","name":"snack shack","category":"food","subtype":"amenity=restaurant","source":"osm","opening_hours":"Mo-Su 09:00-21:00","cuisine":"burger;sandwich;breakfast","phone":"+91 72081 52295"}},{"type":"Feature","geometry":{"type":"Point","coordinates":[72.847544,19.201105]},"properties":{"id":"osm:node/12222194149","name":null,"category":"food","subtype":"amenity=restaurant","source":"osm"}},{"type":"Feature","geometry":{"type":"Point","coordinates":[72.838063,19.218839]},"properties":{"id":"osm:node/12222194151","name":"Blue Tokai","category":"food","subtype":"amenity=restaurant","source":"osm","opening_hours":"Mo-Su 07:00-22:00","cuisine":"coffee_shop","phone":"07042212891"}},{"type":"Feature","geometry":{"type":"Point","coordinates":[72.87937,19.177222]},"properties":{"id":"osm:node/12222194219","name":"sa","category":"food","subtype":"amenity=cafe","source":"osm"}},{"type":"Feature","geometry":{"type":"Point","coordinates":[73.01492,19.033155]},"properties":{"id":"osm:node/12247574361","name":"Shree Nerul Cafe","category":"food","subtype":"amenity=cafe","source":"osm","opening_hours":"Mo-Su 08:30-20:00+","wheelchair":"yes"}},{"type":"Feature","geometry":{"type":"Point","coordinates":[73.016449,19.032766]},"properties":{"id":"osm:node/12247618987","name":"Old Dwarka Pure Veg Family Restaurant","category":"food","subtype":"amenity=restaurant","source":"osm","opening_hours":"Mo-Su 09:00-21:28","wheelchair":"yes"}},{"type":"Feature","geometry":{"type":"Point","coordinates":[73.01677,19.033542]},"properties":{"id":"osm:node/12271299187","name":"New Welcome family Restaurant","category":"food","subtype":"amenity=restaurant","source":"osm","cuisine":"indian"}},{"type":"Feature","geometry":{"type":"Point","coordinates":[73.017033,19.033735]},"properties":{"id":"osm:node/12271316911","name":"Famous Biryani Corner","category":"food","subtype":"amenity=restaurant","source":"osm","cuisine":"indian"}},{"type":"Feature","geometry":{"type":"Point","coordinates":[73.01703,19.033695]},"properties":{"id":"osm:node/12271316912","name":"Jai Mata Di ugarcane juice","category":"food","subtype":"amenity=fast_food","source":"osm","cuisine":"juice;s"}},{"type":"Feature","geometry":{"type":"Point","coordinates":[73.016817,19.032003]},"properties":{"id":"osm:node/12287909454","name":"New Bikaner Sweets and Snacks","category":"food","subtype":"amenity=restaurant","source":"osm","cuisine":"dessert"}},{"type":"Feature","geometry":{"type":"Point","coordinates":[73.016854,19.03205]},"properties":{"id":"osm:node/12287909455","name":"Aai Baba Sweet And Snacks","category":"food","subtype":"amenity=restaurant","source":"osm","cuisine":"dessert"}},{"type":"Feature","geometry":{"type":"Point","coordinates":[73.016748,19.031994]},"properties":{"id":"osm:node/12287909456","name":"Dosa Center","category":"food","subtype":"amenity=restaurant","source":"osm","cuisine":"indian"}},{"type":"Feature","geometry":{"type":"Point","coordinates":[73.016785,19.032563]},"properties":{"id":"osm:node/12287909457","name":"Treat and Bite","category":"food","subtype":"amenity=cafe","source":"osm"}},{"type":"Feature","geometry":{"type":"Point","coordinates":[73.016713,19.032473]},"properties":{"id":"osm:node/12287909458","name":"Cafe 131","category":"food","subtype":"amenity=cafe","source":"osm"}},{"type":"Feature","geometry":{"type":"Point","coordinates":[73.016723,19.032577]},"properties":{"id":"osm:node/12287909460","name":"Kolhapuri tadka","category":"food","subtype":"amenity=restaurant","source":"osm","cuisine":"indian"}},{"type":"Feature","geometry":{"type":"Point","coordinates":[73.016664,19.032699]},"properties":{"id":"osm:node/12287909461","name":"New Bismillah Dum Biryani And Chinese","category":"food","subtype":"amenity=restaurant","source":"osm","cuisine":"chicken;chinese;indian"}},{"type":"Feature","geometry":{"type":"Point","coordinates":[73.016933,19.032802]},"properties":{"id":"osm:node/12287909462","name":"Cake Central","category":"food","subtype":"amenity=cafe","source":"osm","cuisine":"cake;pastry"}},{"type":"Feature","geometry":{"type":"Point","coordinates":[72.845456,19.145597]},"properties":{"id":"osm:node/12289961582","name":"Nagori Chai Adda","category":"food","subtype":"amenity=cafe","source":"osm","level":"0"}},{"type":"Feature","geometry":{"type":"Point","coordinates":[72.845457,19.145577]},"properties":{"id":"osm:node/12290000838","name":"F S Tasty Food","category":"food","subtype":"amenity=fast_food","source":"osm"}},{"type":"Feature","geometry":{"type":"Point","coordinates":[72.845391,19.145726]},"properties":{"id":"osm:node/12290026416","name":"Baba Seekh Paratha","category":"food","subtype":"amenity=fast_food","source":"osm"}},{"type":"Feature","geometry":{"type":"Point","coordinates":[72.845383,19.146029]},"properties":{"id":"osm:node/12290031488","name":"Nahori Chaya Katta","category":"food","subtype":"amenity=cafe","source":"osm","cuisine":"coffee_shop"}},{"type":"Feature","geometry":{"type":"Point","coordinates":[72.847168,19.146221]},"properties":{"id":"osm:node/12290032649","name":"Miya & Banos Cafe","category":"food","subtype":"amenity=cafe","source":"osm"}},{"type":"Feature","geometry":{"type":"Point","coordinates":[72.846282,19.145346]},"properties":{"id":"osm:node/12290034710","name":"Al Mina","category":"food","subtype":"shop=bakery","source":"osm","wheelchair":"yes"}},{"type":"Feature","geometry":{"type":"Point","coordinates":[72.842835,19.144713]},"properties":{"id":"osm:node/12290145012","name":"Tashkend Cafe","category":"food","subtype":"amenity=cafe","source":"osm","phone":"+91 82918 82243"}},{"type":"Feature","geometry":{"type":"Point","coordinates":[72.846294,19.119397]},"properties":{"id":"osm:node/12290837434","name":"Jumbo King","category":"food","subtype":"amenity=fast_food","source":"osm","cuisine":"burger"}},{"type":"Feature","geometry":{"type":"Point","coordinates":[72.846021,19.119356]},"properties":{"id":"osm:node/12290837436","name":"Al-Fil","category":"food","subtype":"amenity=fast_food","source":"osm"}},{"type":"Feature","geometry":{"type":"Point","coordinates":[72.846089,19.119582]},"properties":{"id":"osm:node/12293207122","name":"McDonald's","category":"food","subtype":"amenity=fast_food","source":"osm","cuisine":"burger","level":"0;1"}},{"type":"Feature","geometry":{"type":"Point","coordinates":[73.01906,19.034989]},"properties":{"id":"osm:node/12304294958","name":"achayans kitchen","category":"food","subtype":"amenity=restaurant","source":"osm","wheelchair":"yes","cuisine":"indian"}},{"type":"Feature","geometry":{"type":"Point","coordinates":[73.019061,19.034916]},"properties":{"id":"osm:node/12304294959","name":"Grace bakery","category":"food","subtype":"shop=bakery","source":"osm","wheelchair":"yes"}},{"type":"Feature","geometry":{"type":"Point","coordinates":[72.84241,19.022345]},"properties":{"id":"osm:node/12306442151","name":"House Of Misal","category":"food","subtype":"amenity=restaurant","source":"osm"}},{"type":"Feature","geometry":{"type":"Point","coordinates":[73.019962,19.037414]},"properties":{"id":"osm:node/12307075664","name":"A1 Juice Center","category":"food","subtype":"amenity=fast_food","source":"osm","cuisine":"juice"}},{"type":"Feature","geometry":{"type":"Point","coordinates":[73.019248,19.037213]},"properties":{"id":"osm:node/12307080605","name":"Sai Sabari Snacks Corner","category":"food","subtype":"amenity=fast_food","source":"osm"}},{"type":"Feature","geometry":{"type":"Point","coordinates":[73.019036,19.037253]},"properties":{"id":"osm:node/12307080606","name":"Foodway Family Resturant","category":"food","subtype":"amenity=restaurant","source":"osm"}},{"type":"Feature","geometry":{"type":"Point","coordinates":[72.828328,19.051502]},"properties":{"id":"osm:node/12307927827","name":"Retroz The Cafe","category":"food","subtype":"amenity=cafe","source":"osm"}},{"type":"Feature","geometry":{"type":"Point","coordinates":[72.828446,19.052066]},"properties":{"id":"osm:node/12307927828","name":"The South Spice","category":"food","subtype":"amenity=restaurant","source":"osm","phone":"+91 89761 98832"}},{"type":"Feature","geometry":{"type":"Point","coordinates":[72.828497,19.052411]},"properties":{"id":"osm:node/12307927829","name":"Mokai","category":"food","subtype":"amenity=cafe","source":"osm","opening_hours":"Mo-Su 09:00-21:00","cuisine":"japanese","phone":"+91-22-11111111"}},{"type":"Feature","geometry":{"type":"Point","coordinates":[72.826456,19.05012]},"properties":{"id":"osm:node/12307927830","name":"The Nutcracker","category":"food","subtype":"amenity=cafe","source":"osm"}},{"type":"Feature","geometry":{"type":"Point","coordinates":[72.833083,19.055857]},"properties":{"id":"osm:node/12307927831","name":"Jumbo King","category":"food","subtype":"amenity=fast_food","source":"osm","cuisine":"burger"}},{"type":"Feature","geometry":{"type":"Point","coordinates":[72.847669,19.130437]},"properties":{"id":"osm:node/12308967217","name":"Pizza Hut","category":"food","subtype":"amenity=restaurant","source":"osm","cuisine":"pizza"}},{"type":"Feature","geometry":{"type":"Point","coordinates":[72.847694,19.130735]},"properties":{"id":"osm:node/12308967218","name":"Domino's","category":"food","subtype":"amenity=fast_food","source":"osm","cuisine":"pizza"}},{"type":"Feature","geometry":{"type":"Point","coordinates":[72.907416,19.085676]},"properties":{"id":"osm:node/12312152034","name":"Bharat Cafe","category":"food","subtype":"amenity=restaurant","source":"osm","opening_hours":"Mo-Su 10:00-22:00","cuisine":"coffee_shop;pizza;sandwich;western","phone":"+91 0123 4567 89"}},{"type":"Feature","geometry":{"type":"Point","coordinates":[72.820874,19.135704]},"properties":{"id":"osm:node/12317765757","name":"Bakingo","category":"food","subtype":"shop=pastry","source":"osm","wheelchair":"no","level":"0"}},{"type":"Feature","geometry":{"type":"Point","coordinates":[72.826382,19.196209]},"properties":{"id":"osm:node/12317796549","name":"Mehezbaan","category":"food","subtype":"amenity=restaurant","source":"osm","cuisine":"chinese;indian;tea"}},{"type":"Feature","geometry":{"type":"Point","coordinates":[72.834753,19.178314]},"properties":{"id":"osm:node/12325351180","name":"Joey's Pizza","category":"food","subtype":"amenity=fast_food","source":"osm","opening_hours":"Mo-Su 09:00-23:00","cuisine":"pizza;burger;chicken"}},{"type":"Feature","geometry":{"type":"Point","coordinates":[72.87577,19.268626]},"properties":{"id":"osm:node/12325441661","name":"KFC","category":"food","subtype":"amenity=fast_food","source":"osm","cuisine":"chicken","level":"0"}},{"type":"Feature","geometry":{"type":"Point","coordinates":[72.909046,19.08522]},"properties":{"id":"osm:node/12327324799","name":"Triospice Restaurant (Roof Top)","category":"food","subtype":"amenity=restaurant","source":"osm","opening_hours":"Mo-Su 12:00-02:00","wheelchair":"yes","cuisine":"indian;mexican;italian;jain","phone":"+918976072766"}},{"type":"Feature","geometry":{"type":"Point","coordinates":[72.821612,19.136407]},"properties":{"id":"osm:node/12328160372","name":"Jai Bajrang Bali","category":"food","subtype":"amenity=fast_food","source":"osm","cuisine":"chaat"}},{"type":"Feature","geometry":{"type":"Point","coordinates":[72.821473,19.136243]},"properties":{"id":"osm:node/12328165734","name":"The Trans Café","category":"food","subtype":"amenity=fast_food","source":"osm","wheelchair":"no","level":"0"}},{"type":"Feature","geometry":{"type":"Point","coordinates":[72.834543,19.061236]},"properties":{"id":"osm:node/12334053399","name":"Subway","category":"food","subtype":"amenity=fast_food","source":"osm","cuisine":"sandwich"}},{"type":"Feature","geometry":{"type":"Point","coordinates":[72.832976,19.064315]},"properties":{"id":"osm:node/12334116804","name":"Izumi","category":"food","subtype":"amenity=restaurant","source":"osm","cuisine":"japanese"}},{"type":"Feature","geometry":{"type":"Point","coordinates":[72.832391,19.068011]},"properties":{"id":"osm:node/12334116824","name":"5 Spice","category":"food","subtype":"amenity=restaurant","source":"osm","cuisine":"chinese"}},{"type":"Feature","geometry":{"type":"Point","coordinates":[72.832356,19.068021]},"properties":{"id":"osm:node/12334116825","name":"Jai Jawan","category":"food","subtype":"amenity=restaurant","source":"osm","cuisine":"indian"}},{"type":"Feature","geometry":{"type":"Point","coordinates":[72.832831,19.062778]},"properties":{"id":"osm:node/12337394175","name":"Poetry by Love and Cheesecake","category":"food","subtype":"amenity=cafe","source":"osm"}},{"type":"Feature","geometry":{"type":"Point","coordinates":[72.841988,19.023007]},"properties":{"id":"osm:node/12337394180","name":"McDonald's","category":"food","subtype":"amenity=fast_food","source":"osm","cuisine":"burger"}},{"type":"Feature","geometry":{"type":"Point","coordinates":[72.842141,19.022898]},"properties":{"id":"osm:node/12337394181","name":"Burger King","category":"food","subtype":"amenity=fast_food","source":"osm","cuisine":"burger"}},{"type":"Feature","geometry":{"type":"Point","coordinates":[72.834254,19.056272]},"properties":{"id":"osm:node/12346531476","name":"Easy Boba","category":"food","subtype":"amenity=cafe","source":"osm","cuisine":"bubble_tea"}},{"type":"Feature","geometry":{"type":"Point","coordinates":[72.831923,19.054071]},"properties":{"id":"osm:node/12351017966","name":"D'Costa Bakery","category":"food","subtype":"shop=bakery","source":"osm"}},{"type":"Feature","geometry":{"type":"Point","coordinates":[72.833973,19.059091]},"properties":{"id":"osm:node/12353989426","name":"Earth Cafe","category":"food","subtype":"amenity=cafe","source":"osm","opening_hours":"Mo-Su 08:00-23:00"}},{"type":"Feature","geometry":{"type":"Point","coordinates":[72.969517,19.187661]},"properties":{"id":"osm:node/12357454418","name":"Manis","category":"food","subtype":"amenity=restaurant","source":"osm"}},{"type":"Feature","geometry":{"type":"Point","coordinates":[72.874022,19.294429]},"properties":{"id":"osm:node/12381896583","name":"fat tiger","category":"food","subtype":"amenity=restaurant","source":"osm","opening_hours":"Mo-Su 10:00-21:00","cuisine":"pizza;coffee_shop;burger;sushi;ice_cream;korean;bubble_tea;seafood;cake;fries"}},{"type":"Feature","geometry":{"type":"Point","coordinates":[72.823992,19.201929]},"properties":{"id":"osm:node/12381943963","name":"chinese food","category":"food","subtype":"amenity=restaurant","source":"osm","opening_hours":"Mo-Su 10:00-22:00","cuisine":"pizza;coffee_shop;burger;chinese;indian"}},{"type":"Feature","geometry":{"type":"Point","coordinates":[72.908702,19.087103]},"properties":{"id":"osm:node/12387804302","name":"Meghdoot Restaurant & Bar","category":"food","subtype":"amenity=restaurant","source":"osm","cuisine":"indian"}},{"type":"Feature","geometry":{"type":"Point","coordinates":[72.908907,19.086907]},"properties":{"id":"osm:node/12387808601","name":"McDonald's","category":"food","subtype":"amenity=fast_food","source":"osm","cuisine":"burger"}},{"type":"Feature","geometry":{"type":"Point","coordinates":[72.971745,19.208296]},"properties":{"id":"osm:node/12395612693","name":"The Irish House","category":"food","subtype":"amenity=restaurant","source":"osm","level":"1"}},{"type":"Feature","geometry":{"type":"Point","coordinates":[72.832753,19.134864]},"properties":{"id":"osm:node/12395671885","name":"Shot Stories","category":"food","subtype":"amenity=restaurant","source":"osm","level":"1"}},{"type":"Feature","geometry":{"type":"Point","coordinates":[72.833003,19.134947]},"properties":{"id":"osm:node/12395684148","name":"McDonald's","category":"food","subtype":"amenity=fast_food","source":"osm","cuisine":"burger","level":"1"}},{"type":"Feature","geometry":{"type":"Point","coordinates":[72.832792,19.134818]},"properties":{"id":"osm:node/12395684150","name":"Cream Centre","category":"food","subtype":"amenity=restaurant","source":"osm","cuisine":"chinese;north_indian;italian;mexican","level":"1"}},{"type":"Feature","geometry":{"type":"Point","coordinates":[72.833385,19.135472]},"properties":{"id":"osm:node/12395684160","name":"Starbucks","category":"food","subtype":"amenity=cafe","source":"osm","wheelchair":"no","cuisine":"coffee_shop","level":"0"}},{"type":"Feature","geometry":{"type":"Point","coordinates":[72.833398,19.136287]},"properties":{"id":"osm:node/12395684166","name":"Era","category":"food","subtype":"amenity=restaurant","source":"osm","wheelchair":"no","level":"0"}},{"type":"Feature","geometry":{"type":"Point","coordinates":[72.832939,19.134808]},"properties":{"id":"osm:node/12395684205","name":"Si Nonna's","category":"food","subtype":"amenity=restaurant","source":"osm","cuisine":"pizza","level":"1"}},{"type":"Feature","geometry":{"type":"Point","coordinates":[72.822907,19.145724]},"properties":{"id":"osm:node/12400637172","name":"Jacky Bhel Puri","category":"food","subtype":"amenity=fast_food","source":"osm","level":"0"}},{"type":"Feature","geometry":{"type":"Point","coordinates":[72.82288,19.14569]},"properties":{"id":"osm:node/12400639951","name":"Hurrycane","category":"food","subtype":"amenity=fast_food","source":"osm","cuisine":"sugarcane_juice","level":"0"}},{"type":"Feature","geometry":{"type":"Point","coordinates":[72.853811,19.080106]},"properties":{"id":"osm:node/12408773235","name":"Fries.com","category":"food","subtype":"amenity=cafe","source":"osm","opening_hours":"Mo-Su 09:00-21:00","cuisine":"burger;american"}},{"type":"Feature","geometry":{"type":"Point","coordinates":[72.842173,19.075049]},"properties":{"id":"osm:node/12415386368","name":"Cafe Gulshan","category":"food","subtype":"amenity=cafe","source":"osm","opening_hours":"Mo-Su 09:00-20:00","cuisine":"coffee_shop;irani"}},{"type":"Feature","geometry":{"type":"Point","coordinates":[72.846844,19.164054]},"properties":{"id":"osm:node/12415413124","name":"Greens Cafe","category":"food","subtype":"amenity=cafe","source":"osm","cuisine":"pizza;chinese"}},{"type":"Feature","geometry":{"type":"Point","coordinates":[72.836931,19.063691]},"properties":{"id":"osm:node/12422175401","name":"Masa Bakery Bandra","category":"food","subtype":"shop=bakery","source":"osm","opening_hours":"Mo-Su 10:00-20:00"}},{"type":"Feature","geometry":{"type":"Point","coordinates":[72.824101,19.14415]},"properties":{"id":"osm:node/12423272496","name":"High Point Sweets","category":"food","subtype":"shop=confectionery","source":"osm","opening_hours":"Mo-Su 09:00-11:30","level":"0"}},{"type":"Feature","geometry":{"type":"Point","coordinates":[72.838223,18.935257]},"properties":{"id":"osm:node/12451248603","name":"The Clearing House","category":"food","subtype":"amenity=restaurant","source":"osm","opening_hours":"Tu-Su 12:00-15:30, 19:00-23:30","cuisine":"american","phone":"091375 17707"}},{"type":"Feature","geometry":{"type":"Point","coordinates":[72.82459,19.013878]},"properties":{"id":"osm:node/12468278101","name":"Milagro Mumbai","category":"food","subtype":"amenity=restaurant","source":"osm","opening_hours":"Mo-Tu, Th 19:00-01:30; Fr-Su 12:00-16:00, 07:00-01:30","cuisine":"fine_dining;mediterranean","phone":"+91 9167779103"}},{"type":"Feature","geometry":{"type":"Point","coordinates":[72.817551,19.016986]},"properties":{"id":"osm:node/12473206401","name":"Slink & Bardot","category":"food","subtype":"amenity=restaurant","source":"osm","opening_hours":"Tu-Su 18:30-01:30","cuisine":"international","phone":"093269 65643"}},{"type":"Feature","geometry":{"type":"Point","coordinates":[72.82682,18.967934]},"properties":{"id":"osm:node/12483967900","name":"arfat","category":"food","subtype":"amenity=cafe","source":"osm"}},{"type":"Feature","geometry":{"type":"Point","coordinates":[72.82654,18.967259]},"properties":{"id":"osm:node/12483986406","name":"Ramisha","category":"food","subtype":"amenity=fast_food","source":"osm"}},{"type":"Feature","geometry":{"type":"Point","coordinates":[72.825487,19.141671]},"properties":{"id":"osm:node/12486490189","name":"Naturals","category":"food","subtype":"amenity=ice_cream","source":"osm","wheelchair":"no","cuisine":"ice_cream"}},{"type":"Feature","geometry":{"type":"Point","coordinates":[72.807923,18.96367]},"properties":{"id":"osm:node/12508947804","name":"Starbucks coffee","category":"food","subtype":"amenity=cafe","source":"osm","opening_hours":"Mo-Su 09:00-22:00","cuisine":"coffee_shop;sandwich;donut;hot_chocolate;pizza"}},{"type":"Feature","geometry":{"type":"Point","coordinates":[72.811976,18.956454]},"properties":{"id":"osm:node/12529723939","name":"Starbucks","category":"food","subtype":"amenity=cafe","source":"osm","opening_hours":"Mo-Su 09:00-21:00","cuisine":"coffee_shop"}},{"type":"Feature","geometry":{"type":"Point","coordinates":[72.8495,19.022743]},"properties":{"id":"osm:node/12531357692","name":"mani's","category":"food","subtype":"amenity=restaurant","source":"osm","wheelchair":"no","cuisine":"indian"}},{"type":"Feature","geometry":{"type":"Point","coordinates":[72.939782,19.142518]},"properties":{"id":"osm:node/12532025756","name":"swanandi","category":"food","subtype":"amenity=cafe","source":"osm","opening_hours":"Mo-Su 09:00-21:00","cuisine":"pizza;burger;chinese;ice_cream","phone":"12345678910"}},{"type":"Feature","geometry":{"type":"Point","coordinates":[72.874024,19.294477]},"properties":{"id":"osm:node/12535655883","name":"fat tiger","category":"food","subtype":"amenity=restaurant","source":"osm","opening_hours":"Mo-Su 10:00-22:00","cuisine":"coffee_shop;burger;japanese;asian;bubble_tea;pizza;sushi;korean"}},{"type":"Feature","geometry":{"type":"Point","coordinates":[72.842618,19.08079]},"properties":{"id":"osm:node/12536371673","name":"radha krushma","category":"food","subtype":"amenity=cafe","source":"osm","opening_hours":"Mo-Su 08:00-21:00","cuisine":"coffee_shop;indian"}},{"type":"Feature","geometry":{"type":"Point","coordinates":[72.843141,19.073981]},"properties":{"id":"osm:node/12536403663","name":"gulshan cafe","category":"food","subtype":"amenity=cafe","source":"osm","opening_hours":"Mo-Su 10:00-22:00","cuisine":"coffee_shop"}},{"type":"Feature","geometry":{"type":"Point","coordinates":[72.839323,19.025701]},"properties":{"id":"osm:node/12538079008","name":"manis cafe","category":"food","subtype":"amenity=cafe","source":"osm","opening_hours":"Mo-Su 10:00-20:00","cuisine":"south_indian"}},{"type":"Feature","geometry":{"type":"Point","coordinates":[72.825164,19.012896]},"properties":{"id":"osm:node/12540916752","name":"Brijwasi Sweets, Prabhadevi","category":"food","subtype":"amenity=fast_food","source":"osm","opening_hours":"Mo-Su 08:00-22:00","cuisine":"indian"}},{"type":"Feature","geometry":{"type":"Point","coordinates":[72.992823,19.183298]},"properties":{"id":"osm:node/12548472492","name":"Buns and berries","category":"food","subtype":"amenity=fast_food","source":"osm","cuisine":"pizza"}},{"type":"Feature","geometry":{"type":"Point","coordinates":[72.909377,19.120663]},"properties":{"id":"osm:node/12549457573","name":"Taftoon","category":"food","subtype":"amenity=restaurant","source":"osm","cuisine":"indian","phone":"+919619493100"}},{"type":"Feature","geometry":{"type":"Point","coordinates":[72.827025,18.933911]},"properties":{"id":"osm:node/12551327203","name":"Burger King","category":"food","subtype":"amenity=fast_food","source":"osm","cuisine":"burger"}},{"type":"Feature","geometry":{"type":"Point","coordinates":[72.91096,19.11783]},"properties":{"id":"osm:node/12551444380","name":"Meluha The Fern","category":"food","subtype":"amenity=restaurant","source":"osm","phone":"+912225755555"}},{"type":"Feature","geometry":{"type":"Point","coordinates":[72.81491,19.215741]},"properties":{"id":"osm:node/12552867782","name":"janhavi cafe","category":"food","subtype":"amenity=cafe","source":"osm","opening_hours":"Mo-Su 09:00-21:00","cuisine":"pizza"}},{"type":"Feature","geometry":{"type":"Point","coordinates":[72.844023,18.999864]},"properties":{"id":"osm:node/12555154627","name":null,"category":"food","subtype":"amenity=restaurant","source":"osm"}},{"type":"Feature","geometry":{"type":"Point","coordinates":[72.843477,18.998915]},"properties":{"id":"osm:node/12555154638","name":null,"category":"food","subtype":"amenity=cafe","source":"osm"}},{"type":"Feature","geometry":{"type":"Point","coordinates":[72.854269,19.02074]},"properties":{"id":"osm:node/12555154640","name":null,"category":"food","subtype":"amenity=fast_food","source":"osm"}},{"type":"Feature","geometry":{"type":"Point","coordinates":[72.829522,18.919225]},"properties":{"id":"osm:node/12565561251","name":"Star Anise Patisserie Colaba","category":"food","subtype":"shop=pastry","source":"osm","opening_hours":"Mo-Su 10:00-23:30","operator":"Star Anise Fine Foods & Leisure Pvt. Ltd.","phone":"+91 3640 0940"}},{"type":"Feature","geometry":{"type":"Point","coordinates":[72.813774,18.961886]},"properties":{"id":"osm:node/12582378802","name":"Shetty","category":"food","subtype":"amenity=restaurant","source":"osm","opening_hours":"We-Mo 08:00-22:00","cuisine":"indian","phone":"+912223876279;+912223816279;+912223826279;+919136966279"}},{"type":"Feature","geometry":{"type":"Point","coordinates":[72.849846,19.183831]},"properties":{"id":"osm:node/12592474488","name":"Ajay Mishtahan","category":"food","subtype":"amenity=cafe","source":"osm","cuisine":"sweets;indian"}},{"type":"Feature","geometry":{"type":"Point","coordinates":[73.017595,19.032996]},"properties":{"id":"osm:node/12592589648","name":"Navami Pure Veg","category":"food","subtype":"amenity=restaurant","source":"osm","cuisine":"indian"}},{"type":"Feature","geometry":{"type":"Point","coordinates":[72.974614,19.233265]},"properties":{"id":"osm:node/12593495867","name":"Deshmukh Fast Food","category":"food","subtype":"amenity=fast_food","source":"osm"}},{"type":"Feature","geometry":{"type":"Point","coordinates":[72.970425,19.227427]},"properties":{"id":"osm:node/12593727445","name":"419 Food Company","category":"food","subtype":"amenity=fast_food","source":"osm"}},{"type":"Feature","geometry":{"type":"Point","coordinates":[72.970363,19.227275]},"properties":{"id":"osm:node/12593738909","name":"Bean Theory Coffee","category":"food","subtype":"amenity=cafe","source":"osm","cuisine":"coffee_shop"}},{"type":"Feature","geometry":{"type":"Point","coordinates":[72.970609,19.227073]},"properties":{"id":"osm:node/12593772973","name":"Thhikana cafe","category":"food","subtype":"amenity=cafe","source":"osm"}},{"type":"Feature","geometry":{"type":"Point","coordinates":[72.970394,19.226885]},"properties":{"id":"osm:node/12593796448","name":"Starbucks Hiranandani Meadows","category":"food","subtype":"amenity=cafe","source":"osm"}},{"type":"Feature","geometry":{"type":"Point","coordinates":[72.970513,19.226483]},"properties":{"id":"osm:node/12593843048","name":"Peach Tree Cafe","category":"food","subtype":"amenity=cafe","source":"osm","opening_hours":"Mo-Su 10:00-22:00","cuisine":"fast_food"}},{"type":"Feature","geometry":{"type":"Point","coordinates":[72.913094,19.123583]},"properties":{"id":"osm:node/12594199242","name":"Eve Cafe","category":"food","subtype":"amenity=cafe","source":"osm"}},{"type":"Feature","geometry":{"type":"Point","coordinates":[72.912489,19.12347]},"properties":{"id":"osm:node/12594220154","name":"Eve's Cafe","category":"food","subtype":"amenity=cafe","source":"osm"}},{"type":"Feature","geometry":{"type":"Point","coordinates":[72.831994,18.923615]},"properties":{"id":"osm:node/12595233301","name":"McDonald's","category":"food","subtype":"amenity=fast_food","source":"osm","opening_hours":"Mo-Su 09:00-23:45","cuisine":"burger"}},{"type":"Feature","geometry":{"type":"Point","coordinates":[73.005708,19.097226]},"properties":{"id":"osm:node/12596295178","name":"7/11 STORE","category":"food","subtype":"amenity=cafe","source":"osm"}},{"type":"Feature","geometry":{"type":"Point","coordinates":[73.012402,19.094727]},"properties":{"id":"osm:node/12596393446","name":"SWEET SHOP","category":"food","subtype":"amenity=fast_food","source":"osm"}},{"type":"Feature","geometry":{"type":"Point","coordinates":[73.009653,19.103693]},"properties":{"id":"osm:node/12596420290","name":"CHAI SUTTA BAR KK","category":"food","subtype":"amenity=cafe","source":"osm"}},{"type":"Feature","geometry":{"type":"Point","coordinates":[73.009514,19.103933]},"properties":{"id":"osm:node/12596426554","name":"HYDERABADI BIRYANI","category":"food","subtype":"amenity=restaurant","source":"osm"}},{"type":"Feature","geometry":{"type":"Point","coordinates":[73.004598,19.099154]},"properties":{"id":"osm:node/12596432605","name":"FRIEND'S CIRCLE","category":"food","subtype":"amenity=fast_food","source":"osm"}},{"type":"Feature","geometry":{"type":"Point","coordinates":[73.002841,19.106759]},"properties":{"id":"osm:node/12596502963","name":"HOTEL V KITCHEN","category":"food","subtype":"amenity=restaurant","source":"osm"}},{"type":"Feature","geometry":{"type":"Point","coordinates":[73.004129,19.101043]},"properties":{"id":"osm:node/12596507703","name":"MANMOHAN MITHAIVAL KK","category":"food","subtype":"shop=confectionery","source":"osm"}},{"type":"Feature","geometry":{"type":"Point","coordinates":[73.002991,19.107137]},"properties":{"id":"osm:node/12596556108","name":"BOX8 CLOUD KITCHEN","category":"food","subtype":"amenity=restaurant","source":"osm"}},{"type":"Feature","geometry":{"type":"Point","coordinates":[73.005947,19.094831]},"properties":{"id":"osm:node/12596610203","name":"PIZZA HUT","category":"food","subtype":"amenity=restaurant","source":"osm","cuisine":"pizza"}},{"type":"Feature","geometry":{"type":"Point","coordinates":[72.850062,19.060749]},"properties":{"id":"osm:node/12600517531","name":"Chinar Bar and Restaurant","category":"food","subtype":"amenity=restaurant","source":"osm","phone":"+918652467003"}},{"type":"Feature","geometry":{"type":"Point","coordinates":[72.854201,19.108949]},"properties":{"id":"osm:node/12600594522","name":"Surya Resto Bar","category":"food","subtype":"amenity=restaurant","source":"osm"}},{"type":"Feature","geometry":{"type":"Point","coordinates":[72.811426,19.133546]},"properties":{"id":"osm:node/12607265149","name":"Kuku Kiri","category":"food","subtype":"amenity=restaurant","source":"osm","cuisine":"South East Asian"}},{"type":"Feature","geometry":{"type":"Point","coordinates":[72.812558,19.132563]},"properties":{"id":"osm:node/12607283683","name":"Project Hum","category":"food","subtype":"amenity=cafe","source":"osm"}},{"type":"Feature","geometry":{"type":"Point","coordinates":[72.812623,19.13248]},"properties":{"id":"osm:node/12607283685","name":"Sozo Izakaya","category":"food","subtype":"amenity=restaurant","source":"osm","opening_hours":"Mo-Su 12:00-11:45","cuisine":"japanese;korean"}},{"type":"Feature","geometry":{"type":"Point","coordinates":[72.813142,19.131857]},"properties":{"id":"osm:node/12607300861","name":"Lazzat E Lucknow","category":"food","subtype":"amenity=restaurant","source":"osm"}},{"type":"Feature","geometry":{"type":"Point","coordinates":[72.812851,19.132209]},"properties":{"id":"osm:node/12607300862","name":"Arbab","category":"food","subtype":"amenity=restaurant","source":"osm"}},{"type":"Feature","geometry":{"type":"Point","coordinates":[72.812575,19.132195]},"properties":{"id":"osm:node/12607300863","name":"Zima","category":"food","subtype":"amenity=restaurant","source":"osm"}},{"type":"Feature","geometry":{"type":"Point","coordinates":[72.812243,19.132967]},"properties":{"id":"osm:node/12607312226","name":"Thank Gourd","category":"food","subtype":"amenity=cafe","source":"osm","cuisine":"Cafe"}},{"type":"Feature","geometry":{"type":"Point","coordinates":[72.812111,19.133132]},"properties":{"id":"osm:node/12607312229","name":"KTR Karnataka Tiffin Room","category":"food","subtype":"amenity=fast_food","source":"osm"}},{"type":"Feature","geometry":{"type":"Point","coordinates":[72.820594,18.911007]},"properties":{"id":"osm:node/12620087096","name":"Naturals","category":"food","subtype":"amenity=ice_cream","source":"osm","cuisine":"ice_cream"}},{"type":"Feature","geometry":{"type":"Point","coordinates":[72.953084,19.171571]},"properties":{"id":"osm:node/12630665801","name":"Mani's Cafe","category":"food","subtype":"amenity=cafe","source":"osm","cuisine":"coffee_shop;indian;regional;tea"}},{"type":"Feature","geometry":{"type":"Point","coordinates":[72.826116,19.140514]},"properties":{"id":"osm:node/12651939165","name":"Punjab Sweet House","category":"food","subtype":"amenity=fast_food","source":"osm"}},{"type":"Feature","geometry":{"type":"Point","coordinates":[72.915827,19.124518]},"properties":{"id":"osm:node/12651982279","name":"Laxmi Next","category":"food","subtype":"amenity=restaurant","source":"osm"}},{"type":"Feature","geometry":{"type":"Point","coordinates":[72.825617,19.054842]},"properties":{"id":"osm:node/12668986251","name":"Nostalgia","category":"food","subtype":"shop=bakery","source":"osm"}},{"type":"Feature","geometry":{"type":"Point","coordinates":[72.829295,19.055061]},"properties":{"id":"osm:node/12668986254","name":"MyFroyoLand","category":"food","subtype":"amenity=ice_cream","source":"osm","cuisine":"frozen_yogurt"}},{"type":"Feature","geometry":{"type":"Point","coordinates":[72.832473,18.923953]},"properties":{"id":"osm:node/12672424001","name":"जिया - ओरिएन्टल किचन","category":"food","subtype":"amenity=restaurant","source":"osm","opening_hours":"Mo-Su 12:00-15:30, 19:00-23:30","cuisine":"asian","phone":"097699 48929"}},{"type":"Feature","geometry":{"type":"Point","coordinates":[72.807908,18.964018]},"properties":{"id":"osm:node/12679813301","name":"Gustoso","category":"food","subtype":"amenity=restaurant","source":"osm","opening_hours":"Mo-Su 12:00-15:00, 19:00-23:30","cuisine":"italian","phone":"0704500020"}},{"type":"Feature","geometry":{"type":"Point","coordinates":[72.926363,19.060178]},"properties":{"id":"osm:node/12687585798","name":"Kaisar Bakery Store","category":"food","subtype":"shop=bakery","source":"osm","phone":"+91-842-5982521"}},{"type":"Feature","geometry":{"type":"Point","coordinates":[72.901699,19.134473]},"properties":{"id":"osm:node/12706725248","name":"Lake View Cafe","category":"food","subtype":"amenity=restaurant","source":"osm","opening_hours":"Mo-Su 06:30-23:00","cuisine":"indian;noodle;breakfast;pasta;mediterranean;dessert;brunch","phone":"+918657415264"}},{"type":"Feature","geometry":{"type":"Point","coordinates":[72.824109,19.053459]},"properties":{"id":"osm:node/12706731748","name":"Royal China","category":"food","subtype":"amenity=restaurant","source":"osm","cuisine":"chinese"}},{"type":"Feature","geometry":{"type":"Point","coordinates":[72.824953,19.055808]},"properties":{"id":"osm:node/12706731749","name":"70's Frogurt Hood","category":"food","subtype":"amenity=ice_cream","source":"osm","cuisine":"frozen_yogurt"}},{"type":"Feature","geometry":{"type":"Point","coordinates":[72.901574,19.134413]},"properties":{"id":"osm:node/12707269500","name":"Mayouchi","category":"food","subtype":"amenity=restaurant","source":"osm","opening_hours":"mo-fr 17:00-01:00, sa-su 12:00-01:00","cuisine":"asian;japanese"}},{"type":"Feature","geometry":{"type":"Point","coordinates":[72.901453,19.134484]},"properties":{"id":"osm:node/12707343285","name":"Nawab Saheb","category":"food","subtype":"amenity=restaurant","source":"osm","opening_hours":"Mo-Su 19:00-23:30","cuisine":"indian"}},{"type":"Feature","geometry":{"type":"Point","coordinates":[72.899787,19.132729]},"properties":{"id":"osm:node/12707429519","name":"Crimson","category":"food","subtype":"amenity=restaurant","source":"osm","opening_hours":"Mo-Su 06:30-23:00","cuisine":"pizza;coffee_shop;burger;italian;indian;breakfast;pasta"}},{"type":"Feature","geometry":{"type":"Point","coordinates":[72.828811,19.05737]},"properties":{"id":"osm:node/12715439174","name":"Kha","category":"food","subtype":"amenity=fast_food","source":"osm","cuisine":"burger"}},{"type":"Feature","geometry":{"type":"Point","coordinates":[72.829059,19.059474]},"properties":{"id":"osm:node/12716963185","name":"Bombay Sweet Shop","category":"food","subtype":"shop=pastry","source":"osm"}},{"type":"Feature","geometry":{"type":"Point","coordinates":[72.829124,19.059457]},"properties":{"id":"osm:node/12726939407","name":"Chantilly The Café","category":"food","subtype":"shop=pastry","source":"osm"}},{"type":"Feature","geometry":{"type":"Point","coordinates":[72.829643,19.049462]},"properties":{"id":"osm:node/12731973446","name":"The C Spot Cafe","category":"food","subtype":"amenity=cafe","source":"osm"}},{"type":"Feature","geometry":{"type":"Point","coordinates":[72.833819,19.074092]},"properties":{"id":"osm:node/12731973456","name":"Naturals","category":"food","subtype":"amenity=ice_cream","source":"osm","cuisine":"ice_cream"}},{"type":"Feature","geometry":{"type":"Point","coordinates":[72.855845,19.026257]},"properties":{"id":"osm:node/12760272253","name":"New York Burrito Company","category":"food","subtype":"amenity=fast_food","source":"osm","wheelchair":"no","cuisine":"mexican","level":"0;1"}},{"type":"Feature","geometry":{"type":"Point","coordinates":[72.854423,19.027011]},"properties":{"id":"osm:node/12760272282","name":"Sainath Dosa Center","category":"food","subtype":"amenity=fast_food","source":"osm","cuisine":"south_indian","level":"0"}},{"type":"Feature","geometry":{"type":"Point","coordinates":[72.82478,19.210645]},"properties":{"id":"osm:node/12765919748","name":"Akhil Bar And Restaurant","category":"food","subtype":"amenity=restaurant","source":"osm"}},{"type":"Feature","geometry":{"type":"Point","coordinates":[72.838448,19.108137]},"properties":{"id":"osm:node/12767783720","name":"Udipi2Mumbai","category":"food","subtype":"amenity=restaurant","source":"osm"}},{"type":"Feature","geometry":{"type":"Point","coordinates":[72.838402,19.108139]},"properties":{"id":"osm:node/12767783721","name":"Kappilon","category":"food","subtype":"amenity=restaurant","source":"osm"}},{"type":"Feature","geometry":{"type":"Point","coordinates":[72.856407,19.027465]},"properties":{"id":"osm:node/12770185420","name":"Chay Shay","category":"food","subtype":"amenity=cafe","source":"osm","wheelchair":"no"}},{"type":"Feature","geometry":{"type":"Point","coordinates":[72.856201,19.027273]},"properties":{"id":"osm:node/12770200745","name":"Havmor","category":"food","subtype":"amenity=ice_cream","source":"osm","opening_hours":"Mo-Fr 09:00-12:00,13:30-18:30; Sa 09:00-17:00; PH closed","wheelchair":"no","operator":"Havmor Icecream Pvt Ltd","level":"0"}},{"type":"Feature","geometry":{"type":"Point","coordinates":[72.855928,19.026259]},"properties":{"id":"osm:node/12770200790","name":"Naturals","category":"food","subtype":"amenity=ice_cream","source":"osm","opening_hours":"Mo-Su 11:00-24:00","wheelchair":"limited","cuisine":"ice_cream"}},{"type":"Feature","geometry":{"type":"Point","coordinates":[72.855732,19.027645]},"properties":{"id":"osm:node/12770204878","name":"Sweet Bengal","category":"food","subtype":"shop=confectionery","source":"osm","wheelchair":"no","level":"0"}},{"type":"Feature","geometry":{"type":"Point","coordinates":[72.856041,19.026257]},"properties":{"id":"osm:node/12770205060","name":"Jumbo King","category":"food","subtype":"amenity=fast_food","source":"osm","cuisine":"burger"}},{"type":"Feature","geometry":{"type":"Point","coordinates":[72.856321,19.027392]},"properties":{"id":"osm:node/12770224136","name":"Ahar Restaurant","category":"food","subtype":"amenity=restaurant","source":"osm","opening_hours":"Mo-Su 11:00-23:00,13:30-18:30; 09:00-17:00; PH closed","wheelchair":"no","operator":"Nayak","cuisine":"indian","level":"0"}},{"type":"Feature","geometry":{"type":"Point","coordinates":[72.8561,19.026462]},"properties":{"id":"osm:node/12770255460","name":"Sweet County","category":"food","subtype":"shop=pastry","source":"osm","wheelchair":"no","level":"0"}},{"type":"Feature","geometry":{"type":"Point","coordinates":[72.856089,19.026536]},"properties":{"id":"osm:node/12770262735","name":"Soufflé","category":"food","subtype":"amenity=fast_food","source":"osm","wheelchair":"no","cuisine":"burger;cake;donut;sandwich","level":"0"}},{"type":"Feature","geometry":{"type":"Point","coordinates":[72.854503,19.026993]},"properties":{"id":"osm:node/12770262888","name":"B. B. Gupta Bhelpuri House","category":"food","subtype":"amenity=fast_food","source":"osm","wheelchair":"limited","cuisine":"breakfast","level":"0"}},{"type":"Feature","geometry":{"type":"Point","coordinates":[72.855112,19.025853]},"properties":{"id":"osm:node/12770264193","name":"Mani Cafe","category":"food","subtype":"amenity=cafe","source":"osm","opening_hours":"Mo-Fr 07:00-21:00,13:30-18:30; Sa 09:00-17:00; PH closed","wheelchair":"no","operator":"Mani","level":"0"}},{"type":"Feature","geometry":{"type":"Point","coordinates":[72.855042,19.026021]},"properties":{"id":"osm:node/12770269345","name":"DJ's Darjeeling Momo","category":"food","subtype":"amenity=fast_food","source":"osm","wheelchair":"limited","cuisine":"dumplings","level":"0"}},{"type":"Feature","geometry":{"type":"Point","coordinates":[72.854601,19.02666]},"properties":{"id":"osm:node/12770270267","name":"The Belgian Waffle co","category":"food","subtype":"amenity=fast_food","source":"osm","wheelchair":"no","level":"0"}},{"type":"Feature","geometry":{"type":"Point","coordinates":[72.854611,19.026602]},"properties":{"id":"osm:node/12770270268","name":"VJ Cafe","category":"food","subtype":"amenity=fast_food","source":"osm","wheelchair":"limited","level":"0"}},{"type":"Feature","geometry":{"type":"Point","coordinates":[72.856132,19.026442]},"properties":{"id":"osm:node/12770279724","name":"Ice Cream Works","category":"food","subtype":"amenity=ice_cream","source":"osm","wheelchair":"no","operator":"Ice Cream Works"}},{"type":"Feature","geometry":{"type":"Point","coordinates":[72.855143,19.028657]},"properties":{"id":"osm:node/12770280077","name":"Bom Dia","category":"food","subtype":"shop=bakery","source":"osm","wheelchair":"no","level":"0"}},{"type":"Feature","geometry":{"type":"Point","coordinates":[72.85575,19.027572]},"properties":{"id":"osm:node/12770280947","name":"New Roshan Bakery Stores","category":"food","subtype":"shop=bakery","source":"osm","wheelchair":"no","level":"0"}},{"type":"Feature","geometry":{"type":"Point","coordinates":[72.854546,19.026577]},"properties":{"id":"osm:node/12770285315","name":"Purshottam","category":"food","subtype":"shop=confectionery","source":"osm","wheelchair":"no","level":"0"}},{"type":"Feature","geometry":{"type":"Point","coordinates":[72.856,19.026301]},"properties":{"id":"osm:node/12770287283","name":"Just Eat","category":"food","subtype":"amenity=fast_food","source":"osm"}},{"type":"Feature","geometry":{"type":"Point","coordinates":[72.854975,19.025994]},"properties":{"id":"osm:node/12770299859","name":"RAHUL'S","category":"food","subtype":"amenity=fast_food","source":"osm","opening_hours":"Mo-Su; PH closed","wheelchair":"limited","cuisine":"curry;indian"}},{"type":"Feature","geometry":{"type":"Point","coordinates":[72.856139,19.027076]},"properties":{"id":"osm:node/12770305001","name":"Hangout","category":"food","subtype":"shop=pastry","source":"osm","wheelchair":"no","level":"0"}},{"type":"Feature","geometry":{"type":"Point","coordinates":[72.856181,19.02688]},"properties":{"id":"osm:node/12770307843","name":"poetry","category":"food","subtype":"shop=pastry","source":"osm","wheelchair":"no","level":"0"}},{"type":"Feature","geometry":{"type":"Point","coordinates":[72.856155,19.02669]},"properties":{"id":"osm:node/12770307844","name":"Oasiss","category":"food","subtype":"shop=bakery","source":"osm","wheelchair":"no","level":"0"}},{"type":"Feature","geometry":{"type":"Point","coordinates":[72.856142,19.026667]},"properties":{"id":"osm:node/12770307845","name":"Dairy Cone","category":"food","subtype":"amenity=ice_cream","source":"osm","wheelchair":"no"}},{"type":"Feature","geometry":{"type":"Point","coordinates":[72.856119,19.026624]},"properties":{"id":"osm:node/12770327982","name":"Giani's","category":"food","subtype":"amenity=ice_cream","source":"osm","wheelchair":"no"}},{"type":"Feature","geometry":{"type":"Point","coordinates":[72.85613,19.026643]},"properties":{"id":"osm:node/12770327983","name":"The Dessert Republic","category":"food","subtype":"amenity=ice_cream","source":"osm","wheelchair":"no"}},{"type":"Feature","geometry":{"type":"Point","coordinates":[72.855753,19.027577]},"properties":{"id":"osm:node/12770360101","name":"Spoon Of Love Express","category":"food","subtype":"amenity=cafe","source":"osm","wheelchair":"no","operator":"New Noble stores"}},{"type":"Feature","geometry":{"type":"Point","coordinates":[72.844088,19.028464]},"properties":{"id":"osm:node/12775789707","name":"Tandoor Bar and Restaurant","category":"food","subtype":"amenity=restaurant","source":"osm"}},{"type":"Feature","geometry":{"type":"Point","coordinates":[72.827576,19.051147]},"properties":{"id":"osm:node/12785897493","name":"Theobroma","category":"food","subtype":"shop=pastry","source":"osm"}},{"type":"Feature","geometry":{"type":"Point","coordinates":[72.834275,19.062061]},"properties":{"id":"osm:node/12786049459","name":"GOH JIA TING","category":"food","subtype":"amenity=restaurant","source":"osm","cuisine":"seafood","phone":"+91 91676 66730"}},{"type":"Feature","geometry":{"type":"Point","coordinates":[72.834338,19.062038]},"properties":{"id":"osm:node/12786049460","name":"China Gate","category":"food","subtype":"amenity=restaurant","source":"osm","cuisine":"chinese","level":"2"}},{"type":"Feature","geometry":{"type":"Point","coordinates":[72.866298,19.295909]},"properties":{"id":"osm:node/12786103039","name":"Shree Sai Suman","category":"food","subtype":"amenity=restaurant","source":"osm","wheelchair":"no","level":"0"}},{"type":"Feature","geometry":{"type":"Point","coordinates":[72.841154,19.040349]},"properties":{"id":"osm:node/12788008142","name":"Baskin-Robbins","category":"food","subtype":"amenity=ice_cream","source":"osm","cuisine":"ice_cream"}},{"type":"Feature","geometry":{"type":"Point","coordinates":[72.841178,19.040246]},"properties":{"id":"osm:node/12788008143","name":"Domino's","category":"food","subtype":"amenity=fast_food","source":"osm","cuisine":"pizza"}},{"type":"Feature","geometry":{"type":"Point","coordinates":[72.830758,19.061309]},"properties":{"id":"osm:node/12806107189","name":"Uncommon","category":"food","subtype":"amenity=cafe","source":"osm"}},{"type":"Feature","geometry":{"type":"Point","coordinates":[72.882979,19.107697]},"properties":{"id":"osm:node/12821436601","name":"Burger King","category":"food","subtype":"amenity=fast_food","source":"osm","opening_hours":"Mo-Su 07:00-23:00","cuisine":"burger"}},{"type":"Feature","geometry":{"type":"Point","coordinates":[72.862741,19.294534]},"properties":{"id":"osm:node/12828297007","name":"Mausam Restro Bar","category":"food","subtype":"amenity=restaurant","source":"osm","wheelchair":"no","level":"0"}},{"type":"Feature","geometry":{"type":"Point","coordinates":[72.825748,19.104898]},"properties":{"id":"osm:node/12840112469","name":"Ananda Cafe","category":"food","subtype":"amenity=cafe","source":"osm"}},{"type":"Feature","geometry":{"type":"Point","coordinates":[72.839454,19.040128]},"properties":{"id":"osm:node/12841326489","name":"Nasir Restaurant","category":"food","subtype":"amenity=restaurant","source":"osm"}},{"type":"Feature","geometry":{"type":"Point","coordinates":[72.826635,19.109067]},"properties":{"id":"osm:node/12842089450","name":"Smokin' Joe's","category":"food","subtype":"amenity=fast_food","source":"osm","cuisine":"pizza","phone":"+91 74000 96763;+91 74000 96764"}},{"type":"Feature","geometry":{"type":"Point","coordinates":[72.836639,19.104599]},"properties":{"id":"osm:node/12843057594","name":"Starbucks","category":"food","subtype":"amenity=cafe","source":"osm","cuisine":"coffee_shop"}},{"type":"Feature","geometry":{"type":"Point","coordinates":[72.95181,19.168103]},"properties":{"id":"osm:node/12843595066","name":"Bangalore Iyengar Bakery","category":"food","subtype":"shop=bakery","source":"osm"}},{"type":"Feature","geometry":{"type":"Point","coordinates":[72.831529,18.953586]},"properties":{"id":"osm:node/12843656851","name":"B Bhagat Tarachand - Pydhonie","category":"food","subtype":"amenity=restaurant","source":"osm","opening_hours":"Mo-Su 11:00-23:30","cuisine":"indian","phone":"+91-22-23416655, +91-22-23416600, +91-8291103994"}},{"type":"Feature","geometry":{"type":"Point","coordinates":[72.899767,19.052728]},"properties":{"id":"osm:node/12844068558","name":"Tastings","category":"food","subtype":"amenity=fast_food","source":"osm","wheelchair":"limited","cuisine":"indian"}},{"type":"Feature","geometry":{"type":"Point","coordinates":[72.831925,18.931706]},"properties":{"id":"osm:node/12848348712","name":"Nandan Coffee","category":"food","subtype":"amenity=cafe","source":"osm","cuisine":"coffee_shop"}},{"type":"Feature","geometry":{"type":"Point","coordinates":[72.826442,19.105603]},"properties":{"id":"osm:node/12848913116","name":"Starbucks","category":"food","subtype":"amenity=cafe","source":"osm","opening_hours":"Mo-Su 07:00-01:00","cuisine":"coffee_shop"}},{"type":"Feature","geometry":{"type":"Point","coordinates":[72.826344,19.106225]},"properties":{"id":"osm:node/12848913148","name":"Earth Cafe","category":"food","subtype":"amenity=cafe","source":"osm"}},{"type":"Feature","geometry":{"type":"Point","coordinates":[72.826295,19.106364]},"properties":{"id":"osm:node/12848913150","name":"Bayleaf Cafe","category":"food","subtype":"amenity=cafe","source":"osm"}},{"type":"Feature","geometry":{"type":"Point","coordinates":[72.826326,19.106725]},"properties":{"id":"osm:node/12848913178","name":"Coppetto","category":"food","subtype":"amenity=ice_cream","source":"osm"}},{"type":"Feature","geometry":{"type":"Point","coordinates":[72.826219,19.106842]},"properties":{"id":"osm:node/12848913181","name":"Thyme & Whisk","category":"food","subtype":"amenity=restaurant","source":"osm"}},{"type":"Feature","geometry":{"type":"Point","coordinates":[72.826296,19.107505]},"properties":{"id":"osm:node/12848913190","name":"Easy Boba","category":"food","subtype":"amenity=cafe","source":"osm","cuisine":"bubble_tea"}},{"type":"Feature","geometry":{"type":"Point","coordinates":[72.826622,19.107744]},"properties":{"id":"osm:node/12848913195","name":"BEST Canteen","category":"food","subtype":"amenity=fast_food","source":"osm"}},{"type":"Feature","geometry":{"type":"Point","coordinates":[72.826444,19.108726]},"properties":{"id":"osm:node/12848913212","name":"Monginis","category":"food","subtype":"shop=pastry","source":"osm"}},{"type":"Feature","geometry":{"type":"Point","coordinates":[72.847775,19.131881]},"properties":{"id":"osm:node/12849291503","name":"Baskin-Robbins","category":"food","subtype":"amenity=ice_cream","source":"osm","cuisine":"ice_cream"}},{"type":"Feature","geometry":{"type":"Point","coordinates":[72.826451,19.102062]},"properties":{"id":"osm:node/12849292006","name":"Bombay Baking Company","category":"food","subtype":"shop=bakery","source":"osm","opening_hours":"Mo-Su 08:00-21:00","level":"0"}},{"type":"Feature","geometry":{"type":"Point","coordinates":[72.82629,19.10209]},"properties":{"id":"osm:node/12849292009","name":"Saffron","category":"food","subtype":"amenity=restaurant","source":"osm","cuisine":"indian","level":"-1"}},{"type":"Feature","geometry":{"type":"Point","coordinates":[72.826048,19.102146]},"properties":{"id":"osm:node/12849292011","name":"Mezzo Mezzo","category":"food","subtype":"amenity=restaurant","source":"osm","level":"0"}},{"type":"Feature","geometry":{"type":"Point","coordinates":[72.826391,19.101908]},"properties":{"id":"osm:node/12849292012","name":"Lotus Cafe","category":"food","subtype":"amenity=cafe","source":"osm","level":"-1"}},{"type":"Feature","geometry":{"type":"Point","coordinates":[72.836736,19.060176]},"properties":{"id":"osm:node/12853058852","name":"Persian Darbar","category":"food","subtype":"amenity=restaurant","source":"osm","cuisine":"indian"}},{"type":"Feature","geometry":{"type":"Point","coordinates":[72.930718,19.167071]},"properties":{"id":"osm:node/12863749644","name":"Khalsa Dhaba","category":"food","subtype":"amenity=restaurant","source":"osm"}},{"type":"Feature","geometry":{"type":"Point","coordinates":[72.931916,19.168392]},"properties":{"id":"osm:node/12864663178","name":"Best Pani Puri","category":"food","subtype":"amenity=fast_food","source":"osm"}},{"type":"Feature","geometry":{"type":"Point","coordinates":[72.847999,19.220017]},"properties":{"id":"osm:node/12865038787","name":"The Chocolate Heaven","category":"food","subtype":"amenity=cafe","source":"osm","opening_hours":"Mo-Su 08:00-00:00","cuisine":"pizza;pasta;sandwich;burger;dessert;chocolate;milkshake;waffle"}},{"type":"Feature","geometry":{"type":"Point","coordinates":[72.851707,19.217642]},"properties":{"id":"osm:node/12871240129","name":"Kaffiene","category":"food","subtype":"amenity=cafe","source":"osm","opening_hours":"Mo-Su 11:00-23:00","cuisine":"coffee_shop;pizza;burger;sandwich;chinese;mexican;american;pasta;salad;dessert"}},{"type":"Feature","geometry":{"type":"Point","coordinates":[72.897769,19.073416]},"properties":{"id":"osm:node/12875125560","name":"Jimmy Boy Canteen","category":"food","subtype":"amenity=fast_food","source":"osm"}},{"type":"Feature","geometry":{"type":"Point","coordinates":[72.961947,19.174389]},"properties":{"id":"osm:node/12875129610","name":"Hari Om Snacks","category":"food","subtype":"amenity=fast_food","source":"osm"}},{"type":"Feature","geometry":{"type":"Point","coordinates":[72.959335,19.172452]},"properties":{"id":"osm:node/12878801773","name":"Muktai Annadata Kendra","category":"food","subtype":"amenity=fast_food","source":"osm"}},{"type":"Feature","geometry":{"type":"Point","coordinates":[72.95724,19.172131]},"properties":{"id":"osm:node/12878867196","name":"Om Guru Bhelpuri Center","category":"food","subtype":"amenity=fast_food","source":"osm"}},{"type":"Feature","geometry":{"type":"Point","coordinates":[72.95651,19.172928]},"properties":{"id":"osm:node/12880697697","name":"MG","category":"food","subtype":"amenity=fast_food","source":"osm"}},{"type":"Feature","geometry":{"type":"Point","coordinates":[72.955502,19.172853]},"properties":{"id":"osm:node/12880779590","name":"Samvene Bagel Cafe","category":"food","subtype":"shop=bakery","source":"osm","wheelchair":"no","level":"0"}},{"type":"Feature","geometry":{"type":"Point","coordinates":[72.955709,19.172735]},"properties":{"id":"osm:node/12880804515","name":"Brijwasi Sweet Center","category":"food","subtype":"shop=confectionery","source":"osm"}},{"type":"Feature","geometry":{"type":"Point","coordinates":[72.973039,19.181641]},"properties":{"id":"osm:node/12886805725","name":"Vijay Tea Center","category":"food","subtype":"amenity=restaurant","source":"osm"}},{"type":"Feature","geometry":{"type":"Point","coordinates":[72.900191,19.073212]},"properties":{"id":"osm:node/12887977982","name":"Engineering School Canteen","category":"food","subtype":"amenity=fast_food","source":"osm"}},{"type":"Feature","geometry":{"type":"Point","coordinates":[72.832814,19.066996]},"properties":{"id":"osm:node/12892604956","name":"Farmers Cafe","category":"food","subtype":"amenity=cafe","source":"osm"}},{"type":"Feature","geometry":{"type":"Point","coordinates":[72.838135,19.02384]},"properties":{"id":"osm:node/12895990299","name":"Oven Fresh","category":"food","subtype":"amenity=restaurant","source":"osm","opening_hours":"10:00-00:00"}},{"type":"Feature","geometry":{"type":"Point","coordinates":[72.973244,19.181714]},"properties":{"id":"osm:node/12899462855","name":"Samarth Krupa Poli Bhaji","category":"food","subtype":"amenity=restaurant","source":"osm"}},{"type":"Feature","geometry":{"type":"Point","coordinates":[72.844125,19.060461]},"properties":{"id":"osm:node/12912868917","name":"Manohar","category":"food","subtype":"shop=confectionery","source":"osm"}},{"type":"Feature","geometry":{"type":"Point","coordinates":[72.833105,19.071019]},"properties":{"id":"osm:node/12920034718","name":"August Cafe","category":"food","subtype":"amenity=cafe","source":"osm"}},{"type":"Feature","geometry":{"type":"Point","coordinates":[72.831033,19.064409]},"properties":{"id":"osm:node/12923020640","name":"Pomodoro","category":"food","subtype":"amenity=restaurant","source":"osm","cuisine":"italian"}},{"type":"Feature","geometry":{"type":"Point","coordinates":[72.831039,19.064463]},"properties":{"id":"osm:node/12923020641","name":"Tamari","category":"food","subtype":"amenity=restaurant","source":"osm","cuisine":"asian"}},{"type":"Feature","geometry":{"type":"Point","coordinates":[72.831054,19.065052]},"properties":{"id":"osm:node/12923020642","name":"Bombay Brioche","category":"food","subtype":"amenity=cafe","source":"osm"}},{"type":"Feature","geometry":{"type":"Point","coordinates":[72.831051,19.065095]},"properties":{"id":"osm:node/12923020643","name":"San Churro","category":"food","subtype":"shop=pastry","source":"osm","cuisine":"churro"}},{"type":"Feature","geometry":{"type":"Point","coordinates":[72.831048,19.065134]},"properties":{"id":"osm:node/12923020644","name":"Kunafa World","category":"food","subtype":"shop=confectionery","source":"osm","phone":"+91 73046 05186"}},{"type":"Feature","geometry":{"type":"Point","coordinates":[72.830318,19.065629]},"properties":{"id":"osm:node/12923020645","name":"Khane Khas","category":"food","subtype":"amenity=restaurant","source":"osm","cuisine":"indian"}},{"type":"Feature","geometry":{"type":"Point","coordinates":[72.830281,19.06563]},"properties":{"id":"osm:node/12923020646","name":"Bobakat","category":"food","subtype":"amenity=cafe","source":"osm","cuisine":"bubble_tea"}},{"type":"Feature","geometry":{"type":"Point","coordinates":[72.830194,19.065639]},"properties":{"id":"osm:node/12923020648","name":"Salim's Shahi Sigdi","category":"food","subtype":"amenity=restaurant","source":"osm","cuisine":"indian","phone":"+91 99671 38646"}},{"type":"Feature","geometry":{"type":"Point","coordinates":[72.829526,19.060719]},"properties":{"id":"osm:node/12923020650","name":"The Fresh Press","category":"food","subtype":"amenity=fast_food","source":"osm","cuisine":"juice"}},{"type":"Feature","geometry":{"type":"Point","coordinates":[72.829521,19.060802]},"properties":{"id":"osm:node/12923020652","name":"Dale's Eden - A Sweet Experience","category":"food","subtype":"shop=bakery","source":"osm"}},{"type":"Feature","geometry":{"type":"Point","coordinates":[72.829496,19.060772]},"properties":{"id":"osm:node/12923020653","name":"Sandwizzaa","category":"food","subtype":"amenity=fast_food","source":"osm","cuisine":"sandwich","level":"1"}},{"type":"Feature","geometry":{"type":"Point","coordinates":[72.829651,19.061169]},"properties":{"id":"osm:node/12923618614","name":"Magnolia Bakery","category":"food","subtype":"shop=bakery","source":"osm"}},{"type":"Feature","geometry":{"type":"Point","coordinates":[72.843795,19.060287]},"properties":{"id":"osm:node/12925277156","name":"CakePiper","category":"food","subtype":"shop=pastry","source":"osm"}},{"type":"Feature","geometry":{"type":"Point","coordinates":[72.834723,19.062096]},"properties":{"id":"osm:node/12926034660","name":"1441 Restaurant","category":"food","subtype":"amenity=restaurant","source":"osm","cuisine":"pizza"}},{"type":"Feature","geometry":{"type":"Point","coordinates":[72.836428,19.060922]},"properties":{"id":"osm:node/12926036241","name":"Copper Chimney","category":"food","subtype":"amenity=restaurant","source":"osm"}},{"type":"Feature","geometry":{"type":"Point","coordinates":[72.836426,19.060844]},"properties":{"id":"osm:node/12926036242","name":"Guru Kripa Pani Puri","category":"food","subtype":"amenity=fast_food","source":"osm"}},{"type":"Feature","geometry":{"type":"Point","coordinates":[72.836775,19.060031]},"properties":{"id":"osm:node/12926036243","name":"Dessertaria","category":"food","subtype":"amenity=ice_cream","source":"osm"}},{"type":"Feature","geometry":{"type":"Point","coordinates":[72.825046,19.04738]},"properties":{"id":"osm:node/12926508555","name":"The Shawarma and Momo Factory","category":"food","subtype":"amenity=fast_food","source":"osm","cuisine":"kebab","phone":"+91 93211 58685;+91 98338 85522"}},{"type":"Feature","geometry":{"type":"Point","coordinates":[72.825052,19.047414]},"properties":{"id":"osm:node/12926508556","name":"Mountain Goat","category":"food","subtype":"amenity=restaurant","source":"osm","opening_hours":"Mo-Su 13:00-01:00","cuisine":"nepalese"}},{"type":"Feature","geometry":{"type":"Point","coordinates":[72.825123,19.047721]},"properties":{"id":"osm:node/12927277234","name":"The Black Shepherd","category":"food","subtype":"amenity=restaurant","source":"osm","opening_hours":"Mo 11:30-15:30,19:30-23:30; We-Su 11:30-15:30,19:30-23:30","cuisine":"british"}},{"type":"Feature","geometry":{"type":"Point","coordinates":[72.900166,19.05206]},"properties":{"id":"osm:node/12934970691","name":"Theobroma","category":"food","subtype":"shop=pastry","source":"osm","level":"0"}},{"type":"Feature","geometry":{"type":"Point","coordinates":[72.839646,19.100725]},"properties":{"id":"osm:node/12936465970","name":"Maruti Pav Bhaji","category":"food","subtype":"amenity=fast_food","source":"osm","level":"0"}},{"type":"Feature","geometry":{"type":"Point","coordinates":[72.910039,19.086264]},"properties":{"id":"osm:node/12942020767","name":"Naik Gulab jamun","category":"food","subtype":"shop=confectionery","source":"osm","opening_hours":"Mo-Su 09:00-21:30; PH open","wheelchair":"yes","level":"0"}},{"type":"Feature","geometry":{"type":"Point","coordinates":[72.965407,19.202685]},"properties":{"id":"osm:node/12942048938","name":"Poptate's","category":"food","subtype":"amenity=restaurant","source":"osm","opening_hours":"Mo-Su 11:30-1:00","cuisine":"regional","phone":"8291823484"}},{"type":"Feature","geometry":{"type":"Point","coordinates":[72.899809,19.052843]},"properties":{"id":"osm:node/12944621777","name":"The Daily Dough","category":"food","subtype":"shop=bakery","source":"osm","wheelchair":"no","level":"0"}},{"type":"Feature","geometry":{"type":"Point","coordinates":[72.89979,19.052794]},"properties":{"id":"osm:node/12944621778","name":"Kha","category":"food","subtype":"amenity=fast_food","source":"osm","wheelchair":"no","level":"0"}},{"type":"Feature","geometry":{"type":"Point","coordinates":[72.900087,19.052082]},"properties":{"id":"osm:node/12944649005","name":"99 Pancakes","category":"food","subtype":"shop=pastry","source":"osm","wheelchair":"no","level":"0"}},{"type":"Feature","geometry":{"type":"Point","coordinates":[72.899877,19.052132]},"properties":{"id":"osm:node/12944652087","name":"Nothing But Chicken","category":"food","subtype":"amenity=fast_food","source":"osm","wheelchair":"no"}},{"type":"Feature","geometry":{"type":"Point","coordinates":[72.90006,19.052092]},"properties":{"id":"osm:node/12944652414","name":"Flurrys","category":"food","subtype":"shop=pastry","source":"osm"}},{"type":"Feature","geometry":{"type":"Point","coordinates":[72.9,19.052109]},"properties":{"id":"osm:node/12944653246","name":"Wok hei","category":"food","subtype":"amenity=restaurant","source":"osm","wheelchair":"no","cuisine":"chinese"}},{"type":"Feature","geometry":{"type":"Point","coordinates":[72.899733,19.052715]},"properties":{"id":"osm:node/12944660714","name":"Wow! Momo","category":"food","subtype":"amenity=fast_food","source":"osm","cuisine":"momo"}},{"type":"Feature","geometry":{"type":"Point","coordinates":[72.899802,19.052152]},"properties":{"id":"osm:node/12944665665","name":"Nom Nom express","category":"food","subtype":"amenity=restaurant","source":"osm","wheelchair":"no"}},{"type":"Feature","geometry":{"type":"Point","coordinates":[72.899828,19.052142]},"properties":{"id":"osm:node/12944665667","name":"Sandwizzaa","category":"food","subtype":"amenity=restaurant","source":"osm","cuisine":"sandwich"}},{"type":"Feature","geometry":{"type":"Point","coordinates":[72.89959,19.05274]},"properties":{"id":"osm:node/12944677450","name":"The Kerala Cafe","category":"food","subtype":"amenity=fast_food","source":"osm","wheelchair":"no","cuisine":"indian","level":"0"}},{"type":"Feature","geometry":{"type":"Point","coordinates":[72.898415,19.057614]},"properties":{"id":"osm:node/12944966334","name":"Sadakchaap","category":"food","subtype":"amenity=fast_food","source":"osm","level":"0"}},{"type":"Feature","geometry":{"type":"Point","coordinates":[72.860149,19.296874]},"properties":{"id":"osm:node/12946747205","name":"Aqua family Restro Bar","category":"food","subtype":"amenity=restaurant","source":"osm"}},{"type":"Feature","geometry":{"type":"Point","coordinates":[72.825763,19.140721]},"properties":{"id":"osm:node/12946834537","name":"Made Of Milk","category":"food","subtype":"amenity=fast_food","source":"osm","wheelchair":"no","level":"0"}},{"type":"Feature","geometry":{"type":"Point","coordinates":[72.825958,19.140315]},"properties":{"id":"osm:node/12946834538","name":"Punjab Sweet House","category":"food","subtype":"amenity=fast_food","source":"osm","wheelchair":"no","level":"0"}},{"type":"Feature","geometry":{"type":"Point","coordinates":[72.823679,19.1464]},"properties":{"id":"osm:node/12953773907","name":"Deliure","category":"food","subtype":"shop=pastry","source":"osm","wheelchair":"no","level":"0"}},{"type":"Feature","geometry":{"type":"Point","coordinates":[72.874261,19.110322]},"properties":{"id":"osm:node/12959313155","name":"Chaayos","category":"food","subtype":"amenity=cafe","source":"osm","cuisine":"tea"}},{"type":"Feature","geometry":{"type":"Point","coordinates":[72.8743,19.110352]},"properties":{"id":"osm:node/12959313156","name":"Good flippin' burgers","category":"food","subtype":"amenity=fast_food","source":"osm","cuisine":"burger"}},{"type":"Feature","geometry":{"type":"Point","coordinates":[72.874337,19.110386]},"properties":{"id":"osm:node/12959313157","name":"Blue Tokai Coffee Roasters","category":"food","subtype":"amenity=cafe","source":"osm"}},{"type":"Feature","geometry":{"type":"Point","coordinates":[72.816209,18.955959]},"properties":{"id":"osm:node/12960706001","name":"Juice Time","category":"food","subtype":"amenity=restaurant","source":"osm","opening_hours":"Mo-Su 13:00-02:00","cuisine":"indian;juice;fast_food;pizza;pasta;sandwich;asian;ice_cream;dessert","phone":"+91-7045111122"}},{"type":"Feature","geometry":{"type":"Point","coordinates":[72.815579,18.956393]},"properties":{"id":"osm:node/12960706002","name":"Sante Spa Cuisine","category":"food","subtype":"amenity=restaurant","source":"osm","opening_hours":"Mo-Su 12:00-00:00","cuisine":"salad;soup;juice;pizza;burger;breakfast;dessert;coffee_shop;tea;european;mediterranean;asian;indian;thai;lebanese","phone":"+91-9011223344,+91-8767862222, +91-9820297879"}},{"type":"Feature","geometry":{"type":"Point","coordinates":[72.875209,19.111899]},"properties":{"id":"osm:node/12960843826","name":"City bakes and cakes","category":"food","subtype":"shop=bakery","source":"osm"}},{"type":"Feature","geometry":{"type":"Point","coordinates":[72.87979,19.116454]},"properties":{"id":"osm:node/12961082006","name":"Delight corner","category":"food","subtype":"shop=bakery","source":"osm"}},{"type":"Feature","geometry":{"type":"Point","coordinates":[72.820047,19.047469]},"properties":{"id":"osm:node/12978551518","name":"The Bandstand Pantry","category":"food","subtype":"amenity=cafe","source":"osm"}},{"type":"Feature","geometry":{"type":"Point","coordinates":[72.823091,19.145576]},"properties":{"id":"osm:node/12980192114","name":"Theobroma","category":"food","subtype":"shop=pastry","source":"osm","wheelchair":"limited","operator":"Theobroma Foods Private Limited","level":"0"}},{"type":"Feature","geometry":{"type":"Point","coordinates":[72.871292,19.287739]},"properties":{"id":"osm:node/12982334373","name":"Ramen Tails","category":"food","subtype":"amenity=restaurant","source":"osm","cuisine":"japanese","level":"0"}},{"type":"Feature","geometry":{"type":"Point","coordinates":[72.864255,19.299584]},"properties":{"id":"osm:node/12994244638","name":"Hot Chips Farsan","category":"food","subtype":"shop=bakery","source":"osm","wheelchair":"no"}},{"type":"Feature","geometry":{"type":"Point","coordinates":[72.864022,19.299243]},"properties":{"id":"osm:node/12994244651","name":"Gupta Chana, Bhelpuri and General Store","category":"food","subtype":"amenity=fast_food","source":"osm","wheelchair":"no","cuisine":"indian"}},{"type":"Feature","geometry":{"type":"Point","coordinates":[72.86423,19.299547]},"properties":{"id":"osm:node/12994244653","name":"My Angels Ice Cream","category":"food","subtype":"amenity=ice_cream","source":"osm","wheelchair":"no"}},{"type":"Feature","geometry":{"type":"Point","coordinates":[72.863911,19.299076]},"properties":{"id":"osm:node/12994244659","name":"Jay Mata Di Juice and ColdDrink Center","category":"food","subtype":"amenity=cafe","source":"osm","wheelchair":"no"}},{"type":"Feature","geometry":{"type":"Point","coordinates":[72.863743,19.29918]},"properties":{"id":"osm:node/12995805834","name":"New Welcome Bakery","category":"food","subtype":"shop=bakery","source":"osm","wheelchair":"no"}},{"type":"Feature","geometry":{"type":"Point","coordinates":[72.82874,19.052756]},"properties":{"id":"osm:node/12996344277","name":"Tokyo Matcha Bar","category":"food","subtype":"amenity=cafe","source":"osm","cuisine":"bubble_tea"}},{"type":"Feature","geometry":{"type":"Point","coordinates":[72.863528,19.298521]},"properties":{"id":"osm:node/13001722825","name":"Bulesh Bakery","category":"food","subtype":"shop=bakery","source":"osm","wheelchair":"no"}},{"type":"Feature","geometry":{"type":"Point","coordinates":[72.864612,19.297132]},"properties":{"id":"osm:node/13006518602","name":"Cakes and Crackers","category":"food","subtype":"shop=pastry","source":"osm","wheelchair":"no"}},{"type":"Feature","geometry":{"type":"Point","coordinates":[72.864743,19.297035]},"properties":{"id":"osm:node/13006518617","name":"South Indian Food","category":"food","subtype":"amenity=fast_food","source":"osm","wheelchair":"no","cuisine":"indian"}},{"type":"Feature","geometry":{"type":"Point","coordinates":[72.820792,19.047759]},"properties":{"id":"osm:node/13011946557","name":"Grounded","category":"food","subtype":"amenity=cafe","source":"osm"}},{"type":"Feature","geometry":{"type":"Point","coordinates":[72.82112,19.049561]},"properties":{"id":"osm:node/13011946600","name":"Camp Juice Centre","category":"food","subtype":"amenity=fast_food","source":"osm","cuisine":"juice"}},{"type":"Feature","geometry":{"type":"Point","coordinates":[72.84225,19.021879]},"properties":{"id":"osm:node/13013445403","name":"Trupti","category":"food","subtype":"amenity=restaurant","source":"osm","opening_hours":"Th-Tu 09:00-22:00","cuisine":"indian"}},{"type":"Feature","geometry":{"type":"Point","coordinates":[72.847245,19.017945]},"properties":{"id":"osm:node/13019062439","name":"D Damodar","category":"food","subtype":"amenity=fast_food","source":"osm","cuisine":"indian"}},{"type":"Feature","geometry":{"type":"Point","coordinates":[72.851653,19.028467]},"properties":{"id":"osm:node/13025860517","name":"Shirke Vada Pav","category":"food","subtype":"amenity=fast_food","source":"osm","cuisine":"burger"}},{"type":"Feature","geometry":{"type":"Point","coordinates":[72.85527,19.025797]},"properties":{"id":"osm:node/13026558801","name":"Shawarmaji","category":"food","subtype":"amenity=fast_food","source":"osm","cuisine":"chinese;indian;lebanese"}},{"type":"Feature","geometry":{"type":"Point","coordinates":[72.846192,19.102642]},"properties":{"id":"osm:node/13031079601","name":"Nav Kayastha Pangat","category":"food","subtype":"amenity=restaurant","source":"osm","cuisine":"indian;seafood","level":"0"}},{"type":"Feature","geometry":{"type":"Point","coordinates":[72.909112,19.083737]},"properties":{"id":"osm:node/13033811632","name":"majama cafe","category":"food","subtype":"amenity=cafe","source":"osm","cuisine":"pizza;coffee_shop;burger;indian"}},{"type":"Feature","geometry":{"type":"Point","coordinates":[72.841535,19.024994]},"properties":{"id":"osm:node/13040591057","name":"Bastian At The Top","category":"food","subtype":"amenity=restaurant","source":"osm","opening_hours":"Tu-Su 12:00-01:00","cuisine":"seafood;fine_dining","phone":"02250333555","level":"48"}},{"type":"Feature","geometry":{"type":"Point","coordinates":[72.905279,19.074427]},"properties":{"id":"osm:node/13041479722","name":"barista cafe","category":"food","subtype":"amenity=cafe","source":"osm"}},{"type":"Feature","geometry":{"type":"Point","coordinates":[72.90531,19.074577]},"properties":{"id":"osm:node/13041479723","name":"barista","category":"food","subtype":"amenity=cafe","source":"osm","opening_hours":"Mo-Su 09:00-21:00","cuisine":"coffee_shop;pizza"}},{"type":"Feature","geometry":{"type":"Point","coordinates":[72.909389,19.083267]},"properties":{"id":"osm:node/13041479724","name":"bhagat tarachand","category":"food","subtype":"amenity=restaurant","source":"osm","opening_hours":"Mo-Su 09:00-21:00","cuisine":"indian"}},{"type":"Feature","geometry":{"type":"Point","coordinates":[72.906655,19.081728]},"properties":{"id":"osm:node/13041513158","name":"gupta sandwich","category":"food","subtype":"amenity=restaurant","source":"osm","opening_hours":"Mo-Su 09:00-21:00","cuisine":"pizza;sandwich"}},{"type":"Feature","geometry":{"type":"Point","coordinates":[72.905768,19.07987]},"properties":{"id":"osm:node/13041514626","name":"99 pancakes","category":"food","subtype":"amenity=cafe","source":"osm","cuisine":"pancake"}},{"type":"Feature","geometry":{"type":"Point","coordinates":[72.906366,19.079922]},"properties":{"id":"osm:node/13041521228","name":"the belgian waffle","category":"food","subtype":"amenity=cafe","source":"osm","opening_hours":"Mo-Su 09:00-21:00","cuisine":"waffle"}},{"type":"Feature","geometry":{"type":"Point","coordinates":[72.823939,18.995185]},"properties":{"id":"osm:node/13049917935","name":"Burma Burma","category":"food","subtype":"amenity=restaurant","source":"osm","cuisine":"burmese"}},{"type":"Feature","geometry":{"type":"Point","coordinates":[72.823973,18.994961]},"properties":{"id":"osm:node/13049917936","name":"Burma Burma Palladium","category":"food","subtype":"amenity=restaurant","source":"osm","opening_hours":"Mo-Su 10:00-22:00","cuisine":"burmese","phone":"9920246500"}},{"type":"Feature","geometry":{"type":"Point","coordinates":[72.833501,19.061588]},"properties":{"id":"osm:node/13058306152","name":"Bru Baabaa","category":"food","subtype":"amenity=cafe","source":"osm"}},{"type":"Feature","geometry":{"type":"Point","coordinates":[72.835084,19.056265]},"properties":{"id":"osm:node/13058306197","name":"Gokul Refreshments","category":"food","subtype":"amenity=restaurant","source":"osm"}},{"type":"Feature","geometry":{"type":"Point","coordinates":[72.837593,19.059331]},"properties":{"id":"osm:node/13063238727","name":"Joshh - Indian Street Eats","category":"food","subtype":"amenity=fast_food","source":"osm"}},{"type":"Feature","geometry":{"type":"Point","coordinates":[72.825837,19.054841]},"properties":{"id":"osm:node/13064131452","name":"Frys With Fries","category":"food","subtype":"amenity=fast_food","source":"osm"}},{"type":"Feature","geometry":{"type":"Point","coordinates":[72.826218,19.054677]},"properties":{"id":"osm:node/13064131464","name":"Cafe Delight Restaurant","category":"food","subtype":"amenity=restaurant","source":"osm"}},{"type":"Feature","geometry":{"type":"Point","coordinates":[72.828266,19.054669]},"properties":{"id":"osm:node/13064902217","name":"Seefah","category":"food","subtype":"amenity=restaurant","source":"osm","cuisine":"asian"}},{"type":"Feature","geometry":{"type":"Point","coordinates":[72.828367,19.053936]},"properties":{"id":"osm:node/13067310083","name":"70's Frogurt Hood","category":"food","subtype":"amenity=ice_cream","source":"osm","cuisine":"frozen_yogurt"}},{"type":"Feature","geometry":{"type":"Point","coordinates":[72.828372,19.053978]},"properties":{"id":"osm:node/13067310084","name":"Uba Tuba","category":"food","subtype":"amenity=fast_food","source":"osm"}},{"type":"Feature","geometry":{"type":"Point","coordinates":[72.829177,19.053049]},"properties":{"id":"osm:node/13067345239","name":"Four Chopsticks","category":"food","subtype":"amenity=restaurant","source":"osm","opening_hours":"Mo-Su 12:00-15:30,19:00-23:30","cuisine":"chinese"}},{"type":"Feature","geometry":{"type":"Point","coordinates":[72.828768,19.05291]},"properties":{"id":"osm:node/13067345253","name":"Taatsu Japanese Cheesecake Tarts","category":"food","subtype":"shop=pastry","source":"osm"}},{"type":"Feature","geometry":{"type":"Point","coordinates":[72.830517,19.053774]},"properties":{"id":"osm:node/13067345319","name":"Perfect Juice Centre & Snacks","category":"food","subtype":"amenity=fast_food","source":"osm","cuisine":"juice"}},{"type":"Feature","geometry":{"type":"Point","coordinates":[72.830828,19.053818]},"properties":{"id":"osm:node/13069759999","name":"Bandra Eats","category":"food","subtype":"amenity=fast_food","source":"osm"}},{"type":"Feature","geometry":{"type":"Point","coordinates":[72.830847,19.053823]},"properties":{"id":"osm:node/13069760000","name":"Tandy's Creamery","category":"food","subtype":"amenity=ice_cream","source":"osm"}},{"type":"Feature","geometry":{"type":"Point","coordinates":[72.941947,19.171928]},"properties":{"id":"osm:node/13072574431","name":"Pincode Dilli","category":"food","subtype":"amenity=restaurant","source":"osm","opening_hours":"Mo-Su 12:00-00:00","cuisine":"dessert;indian;regional"}},{"type":"Feature","geometry":{"type":"Point","coordinates":[72.827377,19.047773]},"properties":{"id":"osm:node/13081505592","name":"Nagori A-1 Tea & Kitchen","category":"food","subtype":"amenity=fast_food","source":"osm"}},{"type":"Feature","geometry":{"type":"Point","coordinates":[72.838834,19.054338]},"properties":{"id":"osm:node/13082053987","name":"New Riyaz Restaurant","category":"food","subtype":"amenity=restaurant","source":"osm"}},{"type":"Feature","geometry":{"type":"Point","coordinates":[72.827983,19.116191]},"properties":{"id":"osm:node/13083940725","name":"The Nines","category":"food","subtype":"amenity=restaurant","source":"osm","wheelchair":"no","level":"0"}},{"type":"Feature","geometry":{"type":"Point","coordinates":[72.824533,19.063461]},"properties":{"id":"osm:node/13086964873","name":"Chicken Affair","category":"food","subtype":"amenity=fast_food","source":"osm","cuisine":"chicken"}},{"type":"Feature","geometry":{"type":"Point","coordinates":[72.824919,19.063123]},"properties":{"id":"osm:node/13086966002","name":"Pause","category":"food","subtype":"amenity=cafe","source":"osm"}},{"type":"Feature","geometry":{"type":"Point","coordinates":[72.829862,19.062869]},"properties":{"id":"osm:node/13089306642","name":"Scarlett House","category":"food","subtype":"amenity=restaurant","source":"osm"}},{"type":"Feature","geometry":{"type":"Point","coordinates":[72.830504,19.061583]},"properties":{"id":"osm:node/13089306672","name":"The Family Table By Joseph's","category":"food","subtype":"amenity=fast_food","source":"osm","cuisine":"sandwich"}},{"type":"Feature","geometry":{"type":"Point","coordinates":[72.833862,19.071546]},"properties":{"id":"osm:node/13089348621","name":"Khao Piyo","category":"food","subtype":"amenity=restaurant","source":"osm","level":"1"}},{"type":"Feature","geometry":{"type":"Point","coordinates":[72.875484,19.109817]},"properties":{"id":"osm:node/13090094140","name":"Al Nizami Darbar","category":"food","subtype":"amenity=restaurant","source":"osm","opening_hours":"Mo-Su 11:00-01:30","phone":"+91 70457 20000;+91 70457 30000"}},{"type":"Feature","geometry":{"type":"Point","coordinates":[72.967558,19.193148]},"properties":{"id":"osm:node/13092029513","name":"Deliure","category":"food","subtype":"shop=bakery","source":"osm","opening_hours":"Mo-Su 09:00-21:00","operator":"owner"}},{"type":"Feature","geometry":{"type":"Point","coordinates":[72.907304,19.077779]},"properties":{"id":"osm:node/13096583490","name":"starbucks","category":"food","subtype":"amenity=cafe","source":"osm","opening_hours":"Mo-Su 07:00-22:00","cuisine":"coffee_shop"}},{"type":"Feature","geometry":{"type":"Point","coordinates":[72.905228,19.075343]},"properties":{"id":"osm:node/13096612324","name":"blossom","category":"food","subtype":"amenity=restaurant","source":"osm","opening_hours":"Mo-Su 10:00-22:00","cuisine":"indian;western"}},{"type":"Feature","geometry":{"type":"Point","coordinates":[72.837715,19.067904]},"properties":{"id":"osm:node/13097872577","name":"Shiv Sagar","category":"food","subtype":"amenity=restaurant","source":"osm"}},{"type":"Feature","geometry":{"type":"Point","coordinates":[72.837888,19.06975]},"properties":{"id":"osm:node/13097872628","name":"National Milk Centre","category":"food","subtype":"amenity=fast_food","source":"osm"}},{"type":"Feature","geometry":{"type":"Point","coordinates":[73.010233,19.100956]},"properties":{"id":"osm:node/13098142292","name":"Mac Donolds","category":"food","subtype":"amenity=fast_food","source":"osm","opening_hours":"Mo-Su 10:00-2:00","cuisine":"burger;fast_food","phone":"08928304163"}},{"type":"Feature","geometry":{"type":"Point","coordinates":[72.96697,19.193328]},"properties":{"id":"osm:node/13098177561","name":"Family Tree","category":"food","subtype":"amenity=restaurant","source":"osm","opening_hours":"Mo-Su 10:00-22:00","cuisine":"chinese;indian;mexican","phone":"+91 0345-234597"}},{"type":"Feature","geometry":{"type":"Point","coordinates":[72.827723,18.918364]},"properties":{"id":"osm:node/13099965213","name":"Cacao Mill","category":"food","subtype":"amenity=cafe","source":"osm","opening_hours":"Mo-Su 09:00-23:00"}},{"type":"Feature","geometry":{"type":"Point","coordinates":[72.990422,19.160933]},"properties":{"id":"osm:node/13101019994","name":"MINTMORSEL RESTAURANT","category":"food","subtype":"amenity=restaurant","source":"osm","cuisine":"indian;chinese;fastfood;tandoor","phone":"+91 9326376877"}},{"type":"Feature","geometry":{"type":"Point","coordinates":[72.972782,19.253897]},"properties":{"id":"osm:node/13103261100","name":"Falooda Ice Cream Stall","category":"food","subtype":"amenity=ice_cream","source":"osm"}},{"type":"Feature","geometry":{"type":"Point","coordinates":[72.837205,19.115906]},"properties":{"id":"osm:node/13111676275","name":"Tea Shop","category":"food","subtype":"amenity=cafe","source":"osm","cuisine":"tea;coffee"}},{"type":"Feature","geometry":{"type":"Point","coordinates":[72.874507,19.214446]},"properties":{"id":"osm:node/13119444710","name":"बाबा एंड मोचा","category":"food","subtype":"amenity=cafe","source":"osm","opening_hours":"Mon-Sun, 12:00pm to 11:00 pm","cuisine":"bubble_tea","phone":"093263 59631"}},{"type":"Feature","geometry":{"type":"Point","coordinates":[72.813264,18.962121]},"properties":{"id":"osm:node/13121666901","name":"Sudama Pure Veg","category":"food","subtype":"amenity=restaurant","source":"osm","cuisine":"indian;italian"}},{"type":"Feature","geometry":{"type":"Point","coordinates":[72.813261,18.961163]},"properties":{"id":"osm:node/13131079894","name":"New Heros Restaurant","category":"food","subtype":"amenity=restaurant","source":"osm","opening_hours":"Mo-Su 11:00-00:00","cuisine":"indian","phone":"+91-22-23811786, +91-22-23879167, +91-22-23814400"}},{"type":"Feature","geometry":{"type":"Point","coordinates":[72.846023,19.099492]},"properties":{"id":"osm:node/13131514509","name":"aman foods","category":"food","subtype":"amenity=fast_food","source":"osm","cuisine":"sandwich"}},{"type":"Feature","geometry":{"type":"Point","coordinates":[72.812079,18.956006]},"properties":{"id":"osm:node/13142676701","name":"Crystal Eastern Emporium","category":"food","subtype":"amenity=restaurant","source":"osm","opening_hours":"Mo-Su 11:30-15:30, 19:00-22:30","cuisine":"indian"}},{"type":"Feature","geometry":{"type":"Point","coordinates":[72.970613,19.226558]},"properties":{"id":"osm:node/13144100176","name":"Veg Foodio","category":"food","subtype":"amenity=restaurant","source":"osm","opening_hours":"Mo-Su 10:00-21:00","cuisine":"indian;chinese;tea;coffee_shop","phone":"+917700980037"}},{"type":"Feature","geometry":{"type":"Point","coordinates":[72.849526,19.135096]},"properties":{"id":"osm:node/13152632182","name":"Jumbo King","category":"food","subtype":"amenity=fast_food","source":"osm","opening_hours":"Mo-Su 10:00-22:00","cuisine":"burger"}},{"type":"Feature","geometry":{"type":"Point","coordinates":[72.868138,19.174843]},"properties":{"id":"osm:node/13152632185","name":"pizza hut","category":"food","subtype":"amenity=fast_food","source":"osm","opening_hours":"Mo-Su 10:00-22:00","cuisine":"pizza;dessert;pasta"}},{"type":"Feature","geometry":{"type":"Point","coordinates":[72.893274,19.054314]},"properties":{"id":"osm:node/13152642326","name":"Dominos","category":"food","subtype":"amenity=fast_food","source":"osm","opening_hours":"Mo-Su 09:00-21:00","cuisine":"pizza"}},{"type":"Feature","geometry":{"type":"Point","coordinates":[72.825999,18.933502]},"properties":{"id":"osm:node/13164319706","name":"Mezcalita","category":"food","subtype":"amenity=restaurant","source":"osm","opening_hours":"Mo-Su 12:00-1:30","cuisine":"mexican","phone":"09930495555"}},{"type":"Feature","geometry":{"type":"Point","coordinates":[72.874947,19.110617]},"properties":{"id":"osm:node/13167568670","name":"T24 Residency","category":"food","subtype":"amenity=restaurant","source":"osm"}},{"type":"Feature","geometry":{"type":"Point","coordinates":[72.833273,19.065852]},"properties":{"id":"osm:node/13205068199","name":"Vietnom Mumbai","category":"food","subtype":"amenity=restaurant","source":"osm","opening_hours":"Mo-Su 12:00-24:00","cuisine":"vietnamese","phone":"+9170212 17355","level":"0"}},{"type":"Feature","geometry":{"type":"Point","coordinates":[72.820047,19.143004]},"properties":{"id":"osm:node/13207620987","name":"Engine Espresso","category":"food","subtype":"amenity=cafe","source":"osm","opening_hours":"Mo-Su 19:00-00:30","cuisine":"coffee_shop"}},{"type":"Feature","geometry":{"type":"Point","coordinates":[72.832266,18.921562]},"properties":{"id":"osm:node/13227676861","name":"Smoke House Deli","category":"food","subtype":"amenity=restaurant","source":"osm","opening_hours":"Mo-Su 09:00-00:30","wheelchair":"yes","level":"0"}},{"type":"Feature","geometry":{"type":"Point","coordinates":[72.834941,19.084706]},"properties":{"id":"osm:node/13231494994","name":"Third Wave Coffee Roasters","category":"food","subtype":"amenity=cafe","source":"osm","cuisine":"coffee_shop"}},{"type":"Feature","geometry":{"type":"Point","coordinates":[72.835177,19.084536]},"properties":{"id":"osm:node/13231494998","name":"Mazi","category":"food","subtype":"amenity=cafe","source":"osm","opening_hours":"Mo-Su 08:00-23:00","level":"0"}},{"type":"Feature","geometry":{"type":"Point","coordinates":[72.847884,19.080683]},"properties":{"id":"osm:node/13235109727","name":"Vaishno Food Point","category":"food","subtype":"amenity=fast_food","source":"osm"}},{"type":"Feature","geometry":{"type":"Point","coordinates":[72.842359,19.038905]},"properties":{"id":"osm:node/13235113776","name":"Step In Family Restaurant & Bar","category":"food","subtype":"amenity=restaurant","source":"osm"}},{"type":"Feature","geometry":{"type":"Point","coordinates":[72.841693,19.039951]},"properties":{"id":"osm:node/13235113778","name":"99 Pancakes","category":"food","subtype":"amenity=restaurant","source":"osm","cuisine":"pancake","level":"0"}},{"type":"Feature","geometry":{"type":"Point","coordinates":[72.814313,18.991198]},"properties":{"id":"osm:node/13236713057","name":"Starbucks","category":"food","subtype":"amenity=cafe","source":"osm","cuisine":"coffee_shop"}},{"type":"Feature","geometry":{"type":"Point","coordinates":[72.846111,19.041006]},"properties":{"id":"osm:node/13237835546","name":"Subway","category":"food","subtype":"amenity=fast_food","source":"osm","cuisine":"sandwich"}},{"type":"Feature","geometry":{"type":"Point","coordinates":[72.834321,19.072633]},"properties":{"id":"osm:node/13238145683","name":"The Bluebop Cafe","category":"food","subtype":"amenity=restaurant","source":"osm","level":"0"}},{"type":"Feature","geometry":{"type":"Point","coordinates":[72.824154,19.129874]},"properties":{"id":"osm:node/13240420105","name":"Chaayos","category":"food","subtype":"amenity=cafe","source":"osm","opening_hours":"07:00-00:00","wheelchair":"no","operator":"Sunshine Teahouse Private Limited","cuisine":"tea;coffee;shake","level":"0"}},{"type":"Feature","geometry":{"type":"Point","coordinates":[72.824842,19.129729]},"properties":{"id":"osm:node/13240641105","name":"Chinese Wok","category":"food","subtype":"amenity=fast_food","source":"osm","opening_hours":"Mo-Su,PH 11:00-23:00,11:00-23:00","wheelchair":"no","cuisine":"chinese"}},{"type":"Feature","geometry":{"type":"Point","coordinates":[72.822602,19.12984]},"properties":{"id":"osm:node/13240644254","name":"Umamiya Cafe","category":"food","subtype":"amenity=cafe","source":"osm","opening_hours":"09:00-23:00","wheelchair":"no","cuisine":"coffee_shop"}},{"type":"Feature","geometry":{"type":"Point","coordinates":[72.824252,19.129868]},"properties":{"id":"osm:node/13240652679","name":"Kake Da Hotel","category":"food","subtype":"amenity=restaurant","source":"osm"}},{"type":"Feature","geometry":{"type":"Point","coordinates":[72.822768,19.130194]},"properties":{"id":"osm:node/13240668619","name":"Food Monkey","category":"food","subtype":"amenity=fast_food","source":"osm","wheelchair":"no","cuisine":"wrap;burger","level":"0"}},{"type":"Feature","geometry":{"type":"Point","coordinates":[72.822758,19.12981]},"properties":{"id":"osm:node/13240691501","name":"Nuvola","category":"food","subtype":"amenity=ice_cream","source":"osm"}},{"type":"Feature","geometry":{"type":"Point","coordinates":[72.822574,19.129835]},"properties":{"id":"osm:node/13240697692","name":"Oye Churros","category":"food","subtype":"amenity=fast_food","source":"osm"}},{"type":"Feature","geometry":{"type":"Point","coordinates":[72.822706,19.129814]},"properties":{"id":"osm:node/13240703262","name":"Gelato Nuvola Artigianale","category":"food","subtype":"amenity=cafe","source":"osm"}},{"type":"Feature","geometry":{"type":"Point","coordinates":[72.822479,19.130256]},"properties":{"id":"osm:node/13240703523","name":"The Berliner Bar","category":"food","subtype":"amenity=restaurant","source":"osm","wheelchair":"limited","cuisine":"german;american","level":"0"}},{"type":"Feature","geometry":{"type":"Point","coordinates":[72.822149,19.130318]},"properties":{"id":"osm:node/13240712180","name":"Lil Gamby Pizza Shop","category":"food","subtype":"amenity=fast_food","source":"osm","wheelchair":"no","cuisine":"pizza","level":"0"}},{"type":"Feature","geometry":{"type":"Point","coordinates":[72.822182,19.130312]},"properties":{"id":"osm:node/13240712181","name":"Bombay Brioche","category":"food","subtype":"amenity=fast_food","source":"osm","opening_hours":"08:00-24:00","wheelchair":"no","cuisine":"sandwich;wrap;bombolinis","level":"0"}},{"type":"Feature","geometry":{"type":"Point","coordinates":[72.822108,19.130333]},"properties":{"id":"osm:node/13240712182","name":"Starbucks","category":"food","subtype":"amenity=cafe","source":"osm","opening_hours":"08:00-04:00","wheelchair":"no","operator":"Tata","cuisine":"coffee_shop","level":"0"}},{"type":"Feature","geometry":{"type":"Point","coordinates":[72.822195,19.129725]},"properties":{"id":"osm:node/13240721808","name":"Jumbo King","category":"food","subtype":"amenity=fast_food","source":"osm","cuisine":"burger"}},{"type":"Feature","geometry":{"type":"Point","coordinates":[72.822146,19.129564]},"properties":{"id":"osm:node/13240721987","name":"Peppr Pinch","category":"food","subtype":"amenity=fast_food","source":"osm","wheelchair":"no"}},{"type":"Feature","geometry":{"type":"Point","coordinates":[72.822209,19.130305]},"properties":{"id":"osm:node/13240726867","name":"Piece of Cake","category":"food","subtype":"shop=pastry","source":"osm","wheelchair":"no","level":"0"}},{"type":"Feature","geometry":{"type":"Point","coordinates":[72.82164,19.130048]},"properties":{"id":"osm:node/13240727138","name":"Shri Makhan Bhog","category":"food","subtype":"shop=confectionery","source":"osm"}},{"type":"Feature","geometry":{"type":"Point","coordinates":[72.821747,19.130027]},"properties":{"id":"osm:node/13240727139","name":"Appointment","category":"food","subtype":"amenity=restaurant","source":"osm"}},{"type":"Feature","geometry":{"type":"Point","coordinates":[72.821448,19.130069]},"properties":{"id":"osm:node/13240728441","name":"7 Hills Resto + Bar","category":"food","subtype":"amenity=restaurant","source":"osm","wheelchair":"limited","level":"0"}},{"type":"Feature","geometry":{"type":"Point","coordinates":[72.821419,19.130084]},"properties":{"id":"osm:node/13240731389","name":"Rice Bowl","category":"food","subtype":"amenity=cafe","source":"osm","wheelchair":"yes","phone":"+91 98337 08800","level":"0"}},{"type":"Feature","geometry":{"type":"Point","coordinates":[72.849521,19.165285]},"properties":{"id":"osm:node/13240926980","name":"Rail Ahar","category":"food","subtype":"amenity=fast_food","source":"osm","cuisine":"juice"}},{"type":"Feature","geometry":{"type":"Point","coordinates":[72.822885,19.13017]},"properties":{"id":"osm:node/13252413695","name":null,"category":"food","subtype":"amenity=restaurant","source":"osm"}},{"type":"Feature","geometry":{"type":"Point","coordinates":[72.828882,19.053947]},"properties":{"id":"osm:node/13266741751","name":"Mr MISU","category":"food","subtype":"amenity=cafe","source":"osm","level":"0"}},{"type":"Feature","geometry":{"type":"Point","coordinates":[72.851209,19.247934]},"properties":{"id":"osm:node/13286973122","name":"fernades & co.","category":"food","subtype":"amenity=restaurant","source":"osm","opening_hours":"24/7","cuisine":"pizza;burger;chicken;indian;ice_cream;bubble_tea;noodle;italian;american;seafood;pasta;frozen_yogurt","phone":"9679251234"}},{"type":"Feature","geometry":{"type":"Point","coordinates":[72.82841,19.002115]},"properties":{"id":"osm:node/13288786727","name":"Mag St. Select Lower Parel","category":"food","subtype":"amenity=restaurant","source":"osm","opening_hours":"Mo-Su 08:00-23:00","phone":"7700002136","level":"0"}},{"type":"Feature","geometry":{"type":"Point","coordinates":[72.847626,19.060538]},"properties":{"id":"osm:node/13300953389","name":"Sai Prasad","category":"food","subtype":"amenity=restaurant","source":"osm","cuisine":"indian"}},{"type":"Feature","geometry":{"type":"Point","coordinates":[72.842833,19.2056]},"properties":{"id":"osm:node/13304809922","name":"Mudras","category":"food","subtype":"amenity=restaurant","source":"osm","opening_hours":"Mo-Su 08:00-24:00","cuisine":"regional"}},{"type":"Feature","geometry":{"type":"Point","coordinates":[72.855483,19.027571]},"properties":{"id":"osm:node/13324396403","name":"Cafe Mysore","category":"food","subtype":"amenity=restaurant","source":"osm"}},{"type":"Feature","geometry":{"type":"Point","coordinates":[72.855329,19.027763]},"properties":{"id":"osm:node/13324401603","name":"Naik's Sweets & Farsan","category":"food","subtype":"shop=confectionery","source":"osm"}},{"type":"Feature","geometry":{"type":"Point","coordinates":[72.830837,19.065645]},"properties":{"id":"osm:node/13335658515","name":"Bokka Coffee","category":"food","subtype":"amenity=cafe","source":"osm","cuisine":"coffee_shop"}},{"type":"Feature","geometry":{"type":"Point","coordinates":[72.853663,19.136959]},"properties":{"id":"osm:node/13352970674","name":"Hindustan Hindu Hotel","category":"food","subtype":"amenity=restaurant","source":"osm","opening_hours":"Mo-Su 10:00AM-23:00PM","cuisine":"chicken;indian"}},{"type":"Feature","geometry":{"type":"Point","coordinates":[72.819779,18.965277]},"properties":{"id":"osm:node/13359577801","name":"Geeta Bhavan - Balaji","category":"food","subtype":"amenity=restaurant","source":"osm","cuisine":"chinese;indian;pizza"}},{"type":"Feature","geometry":{"type":"Point","coordinates":[72.834485,19.105011]},"properties":{"id":"osm:node/13371527651","name":"LOYKA","category":"food","subtype":"amenity=cafe","source":"osm","opening_hours":"Mo-Su 10:00-22:00","cuisine":"coffee_shop;pizza;cake;dessert;donut;brunch"}},{"type":"Feature","geometry":{"type":"Point","coordinates":[73.017311,19.11455]},"properties":{"id":"osm:node/13373889830","name":"White Violet","category":"food","subtype":"amenity=restaurant","source":"osm","wheelchair":"limited","level":"0"}},{"type":"Feature","geometry":{"type":"Point","coordinates":[72.99695,19.118507]},"properties":{"id":"osm:node/13375318565","name":"Naturals","category":"food","subtype":"amenity=ice_cream","source":"osm"}},{"type":"Feature","geometry":{"type":"Point","coordinates":[72.997404,19.118141]},"properties":{"id":"osm:node/13375366233","name":"Fun-o-Villa","category":"food","subtype":"amenity=fast_food","source":"osm","level":"0"}},{"type":"Feature","geometry":{"type":"Point","coordinates":[72.997134,19.118414]},"properties":{"id":"osm:node/13375389112","name":"The Belgian Waffle co","category":"food","subtype":"amenity=fast_food","source":"osm"}},{"type":"Feature","geometry":{"type":"Point","coordinates":[72.996822,19.118188]},"properties":{"id":"osm:node/13375397267","name":"McDonald's","category":"food","subtype":"amenity=fast_food","source":"osm","cuisine":"burger"}},{"type":"Feature","geometry":{"type":"Point","coordinates":[72.999105,19.122015]},"properties":{"id":"osm:node/13375404365","name":"Domino's","category":"food","subtype":"amenity=fast_food","source":"osm","cuisine":"pizza"}},{"type":"Feature","geometry":{"type":"Point","coordinates":[72.875767,19.283451]},"properties":{"id":"osm:node/13375635101","name":"Dikshants Delicious Chinese Family Restraunt","category":"food","subtype":"amenity=restaurant","source":"osm","opening_hours":"12:00-23:30","wheelchair":"no","cuisine":"chinese"}},{"type":"Feature","geometry":{"type":"Point","coordinates":[72.81839,19.130323]},"properties":{"id":"osm:node/13377471371","name":"The House of Swad","category":"food","subtype":"amenity=fast_food","source":"osm","cuisine":"regional","level":"0"}},{"type":"Feature","geometry":{"type":"Point","coordinates":[72.813807,19.130801]},"properties":{"id":"osm:node/13377499819","name":"Nagori Tea Point","category":"food","subtype":"amenity=fast_food","source":"osm","cuisine":"tea;coffee;lassi;maska_pav;shake","level":"0"}},{"type":"Feature","geometry":{"type":"Point","coordinates":[72.815611,19.12938]},"properties":{"id":"osm:node/13377499824","name":"Ramen Kitchen","category":"food","subtype":"amenity=fast_food","source":"osm","wheelchair":"no","cuisine":"ramen","level":"0"}},{"type":"Feature","geometry":{"type":"Point","coordinates":[72.815603,19.129385]},"properties":{"id":"osm:node/13377499826","name":"Barako","category":"food","subtype":"amenity=cafe","source":"osm","wheelchair":"no","cuisine":"coffee;bubble_tea","level":"0"}},{"type":"Feature","geometry":{"type":"Point","coordinates":[72.81723,19.12957]},"properties":{"id":"osm:node/13377567675","name":null,"category":"food","subtype":"amenity=fast_food","source":"osm","cuisine":"regional","level":"0"}},{"type":"Feature","geometry":{"type":"Point","coordinates":[72.969546,19.189986]},"properties":{"id":"osm:node/13377898071","name":"Gajanan Vada Pav","category":"food","subtype":"amenity=fast_food","source":"osm","opening_hours":"Mo-Su 07:30-21:30","wheelchair":"no","cuisine":"indian","phone":"+91 22 2540 7867"}},{"type":"Feature","geometry":{"type":"Point","coordinates":[72.969741,19.190035]},"properties":{"id":"osm:node/13379194131","name":"Shree Ram Ice Cream and Kulfi Center","category":"food","subtype":"amenity=ice_cream","source":"osm","opening_hours":"Mo-Fr 13:00-23:30; Sa-Su 13:00-00:00"}},{"type":"Feature","geometry":{"type":"Point","coordinates":[73.009193,19.104596]},"properties":{"id":"osm:node/13380446534","name":"Pride's Kitchen Hyderabadi Biryani","category":"food","subtype":"amenity=restaurant","source":"osm","opening_hours":"Mo-Su 10:00-22:00","wheelchair":"no","cuisine":"indian","level":"2"}},{"type":"Feature","geometry":{"type":"Point","coordinates":[72.881197,19.109088]},"properties":{"id":"osm:node/13380919122","name":"Jimis Burger","category":"food","subtype":"amenity=fast_food","source":"osm","cuisine":"burger","level":"0"}},{"type":"Feature","geometry":{"type":"Point","coordinates":[72.88073,19.108447]},"properties":{"id":"osm:node/13381122898","name":"Nagori Chai","category":"food","subtype":"amenity=cafe","source":"osm"}},{"type":"Feature","geometry":{"type":"Point","coordinates":[72.880546,19.108]},"properties":{"id":"osm:node/13381122899","name":"Koyna Krapa Jhupka Bhakar Kendra","category":"food","subtype":"amenity=fast_food","source":"osm","cuisine":"regional","level":"0"}},{"type":"Feature","geometry":{"type":"Point","coordinates":[72.880707,19.108388]},"properties":{"id":"osm:node/13381122900","name":"Cibo Kitchen","category":"food","subtype":"amenity=fast_food","source":"osm","cuisine":"regional","phone":"+91 9136023653","level":"0"}},{"type":"Feature","geometry":{"type":"Point","coordinates":[72.85883,19.169753]},"properties":{"id":"osm:node/13381196901","name":"Society Tea Terminal","category":"food","subtype":"amenity=cafe","source":"osm","wheelchair":"yes","access":"customers","level":"1"}},{"type":"Feature","geometry":{"type":"Point","coordinates":[72.83351,18.924104]},"properties":{"id":"osm:node/13381207144","name":"Starbucks","category":"food","subtype":"amenity=cafe","source":"osm","wheelchair":"limited","cuisine":"coffee_shop"}},{"type":"Feature","geometry":{"type":"Point","coordinates":[73.003723,19.103958]},"properties":{"id":"osm:node/13381208173","name":"KFC","category":"food","subtype":"amenity=fast_food","source":"osm","cuisine":"chicken"}},{"type":"Feature","geometry":{"type":"Point","coordinates":[72.846836,19.018638]},"properties":{"id":"osm:node/13383226073","name":"Cafe Colony Restaurant & Stores","category":"food","subtype":"amenity=cafe","source":"osm","level":"0"}},{"type":"Feature","geometry":{"type":"Point","coordinates":[72.969894,19.19021]},"properties":{"id":"osm:node/13383250797","name":"Achija","category":"food","subtype":"amenity=restaurant","source":"osm","opening_hours":"Mo-Su 11:00-00:15","cuisine":"indian","phone":"+919594805060"}},{"type":"Feature","geometry":{"type":"Point","coordinates":[72.82917,19.127898]},"properties":{"id":"osm:node/13383588853","name":"Sadakchaap","category":"food","subtype":"amenity=fast_food","source":"osm","level":"0"}},{"type":"Feature","geometry":{"type":"Point","coordinates":[72.829186,19.117626]},"properties":{"id":"osm:node/13387718064","name":"Za'atar","category":"food","subtype":"amenity=fast_food","source":"osm","wheelchair":"no","cuisine":"lebanese","level":"0"}},{"type":"Feature","geometry":{"type":"Point","coordinates":[72.829193,19.117629]},"properties":{"id":"osm:node/13387718090","name":"Aglio Pizzeria & Deli","category":"food","subtype":"amenity=fast_food","source":"osm","wheelchair":"no","cuisine":"pizza","level":"0"}},{"type":"Feature","geometry":{"type":"Point","coordinates":[72.821586,19.136382]},"properties":{"id":"osm:node/13387730672","name":"Gupta Juice Center","category":"food","subtype":"amenity=fast_food","source":"osm"}},{"type":"Feature","geometry":{"type":"Point","coordinates":[72.825374,19.134428]},"properties":{"id":"osm:node/13387730679","name":null,"category":"food","subtype":"shop=pastry","source":"osm","wheelchair":"no","level":"0"}},{"type":"Feature","geometry":{"type":"Point","coordinates":[72.847261,19.018306]},"properties":{"id":"osm:node/13388438514","name":"Praag Juice center","category":"food","subtype":"amenity=fast_food","source":"osm","cuisine":"juice"}},{"type":"Feature","geometry":{"type":"Point","coordinates":[72.847821,19.017234]},"properties":{"id":"osm:node/13388448419","name":"Jyoti","category":"food","subtype":"amenity=restaurant","source":"osm","wheelchair":"no","cuisine":"indian","level":"-1"}},{"type":"Feature","geometry":{"type":"Point","coordinates":[72.847357,19.018251]},"properties":{"id":"osm:node/13388452070","name":"Gunjal Fruit and Juice Center","category":"food","subtype":"amenity=fast_food","source":"osm"}},{"type":"Feature","geometry":{"type":"Point","coordinates":[72.847043,19.018148]},"properties":{"id":"osm:node/13388454035","name":"Keshav Rasvanti Gruh","category":"food","subtype":"amenity=fast_food","source":"osm","cuisine":"juice"}},{"type":"Feature","geometry":{"type":"Point","coordinates":[72.847003,19.017238]},"properties":{"id":"osm:node/13388480417","name":"Manhar Surat Bakery and Stores","category":"food","subtype":"shop=bakery","source":"osm"}},{"type":"Feature","geometry":{"type":"Point","coordinates":[72.847093,19.017239]},"properties":{"id":"osm:node/13388481048","name":"Aarey Sarita","category":"food","subtype":"amenity=fast_food","source":"osm","cuisine":"juice"}},{"type":"Feature","geometry":{"type":"Point","coordinates":[72.847598,19.018326]},"properties":{"id":"osm:node/13388526975","name":"Celejor","category":"food","subtype":"amenity=fast_food","source":"osm"}},{"type":"Feature","geometry":{"type":"Point","coordinates":[72.85044,19.021777]},"properties":{"id":"osm:node/13388534191","name":"The Theona","category":"food","subtype":"amenity=restaurant","source":"osm"}},{"type":"Feature","geometry":{"type":"Point","coordinates":[72.847812,19.01834]},"properties":{"id":"osm:node/13388539804","name":"Punjabi Chandu Halwai","category":"food","subtype":"amenity=fast_food","source":"osm","wheelchair":"no","cuisine":"indian","level":"0"}},{"type":"Feature","geometry":{"type":"Point","coordinates":[72.847918,19.018444]},"properties":{"id":"osm:node/13388560743","name":"Birdy's","category":"food","subtype":"amenity=fast_food","source":"osm"}},{"type":"Feature","geometry":{"type":"Point","coordinates":[72.84789,19.018387]},"properties":{"id":"osm:node/13388561444","name":"Swagat Veg Treat","category":"food","subtype":"amenity=restaurant","source":"osm"}},{"type":"Feature","geometry":{"type":"Point","coordinates":[72.848434,19.120771]},"properties":{"id":"osm:node/13388927767","name":"Jumbo King","category":"food","subtype":"amenity=fast_food","source":"osm","cuisine":"burger","level":"1"}},{"type":"Feature","geometry":{"type":"Point","coordinates":[72.848514,19.120722]},"properties":{"id":"osm:node/13388927784","name":"Burger King","category":"food","subtype":"amenity=fast_food","source":"osm","cuisine":"burger","level":"1"}},{"type":"Feature","geometry":{"type":"Point","coordinates":[72.820478,18.92663]},"properties":{"id":"osm:node/13392180283","name":"Ziya","category":"food","subtype":"amenity=restaurant","source":"osm","cuisine":"indian"}},{"type":"Feature","geometry":{"type":"Point","coordinates":[72.820518,18.926605]},"properties":{"id":"osm:node/13392180284","name":"Vetro","category":"food","subtype":"amenity=restaurant","source":"osm","cuisine":"italian"}},{"type":"Feature","geometry":{"type":"Point","coordinates":[72.938718,19.164068]},"properties":{"id":"osm:node/13420305646","name":"Sapthshrungi Chai And Coldrinks House","category":"food","subtype":"amenity=fast_food","source":"osm"}},{"type":"Feature","geometry":{"type":"Point","coordinates":[72.848299,19.248394]},"properties":{"id":"osm:node/13426728741","name":"Hannahs cafe","category":"food","subtype":"amenity=cafe","source":"osm","opening_hours":"Mo-Su 09:00-21:00","cuisine":"coffee_shop"}},{"type":"Feature","geometry":{"type":"Point","coordinates":[72.908048,19.110695]},"properties":{"id":"osm:node/13428676286","name":"origami japanese and korean restaurant","category":"food","subtype":"amenity=restaurant","source":"osm"}},{"type":"Feature","geometry":{"type":"Point","coordinates":[72.895184,19.047836]},"properties":{"id":"osm:node/13430508321","name":"OilAllDay","category":"food","subtype":"amenity=fast_food","source":"osm","opening_hours":"Mo-Su 09:00-21:00","operator":"Hira Lal","cuisine":"pizza;burger;chinese;indian;korean;noodle;hawaiian","phone":"+91 3567 9132"}},{"type":"Feature","geometry":{"type":"Point","coordinates":[72.829041,19.057404]},"properties":{"id":"osm:node/13430752769","name":"MIRARI","category":"food","subtype":"amenity=restaurant","source":"osm","opening_hours":"Mo-Sa 09:00-18:00","cuisine":"pizza;burger;dessert"}},{"type":"Feature","geometry":{"type":"Point","coordinates":[72.864071,19.122675]},"properties":{"id":"osm:node/13436398801","name":"The Bombay Grill","category":"food","subtype":"amenity=restaurant","source":"osm"}},{"type":"Feature","geometry":{"type":"Point","coordinates":[72.864066,19.122571]},"properties":{"id":"osm:node/13436399001","name":"99 Pancakes","category":"food","subtype":"amenity=restaurant","source":"osm"}},{"type":"Feature","geometry":{"type":"Point","coordinates":[72.864282,19.122538]},"properties":{"id":"osm:node/13436399002","name":"Gulati's Sweets and Snacks","category":"food","subtype":"shop=bakery","source":"osm"}},{"type":"Feature","geometry":{"type":"Point","coordinates":[72.864308,19.122302]},"properties":{"id":"osm:node/13436399101","name":"Burger King","category":"food","subtype":"amenity=fast_food","source":"osm","cuisine":"burger","level":"0"}},{"type":"Feature","geometry":{"type":"Point","coordinates":[72.879806,19.122716]},"properties":{"id":"osm:node/13437447901","name":"Nav Gomantak","category":"food","subtype":"amenity=restaurant","source":"osm","cuisine":"seafood"}},{"type":"Feature","geometry":{"type":"Point","coordinates":[72.865319,19.117743]},"properties":{"id":"osm:node/13458210001","name":"Iaa","category":"food","subtype":"amenity=restaurant","source":"osm","cuisine":"asian;chicken;chinese;coffee_shop;curry;diner;fine_dining","level":"0"}},{"type":"Feature","geometry":{"type":"Point","coordinates":[72.94632,19.284852]},"properties":{"id":"osm:node/13458267822","name":"Domino's","category":"food","subtype":"amenity=restaurant","source":"osm","opening_hours":"Mon-Sun 12am to evening(timing not confirm)","cuisine":"pizza;western;brunch"}},{"type":"Feature","geometry":{"type":"Point","coordinates":[72.832151,19.116237]},"properties":{"id":"osm:node/13458734807","name":"Benne","category":"food","subtype":"amenity=restaurant","source":"osm","cuisine":"indian;south_indian","level":"0"}},{"type":"Feature","geometry":{"type":"Point","coordinates":[72.833874,18.930745]},"properties":{"id":"osm:node/13464335862","name":"Boojee Cafe","category":"food","subtype":"amenity=cafe","source":"osm"}},{"type":"Feature","geometry":{"type":"Point","coordinates":[72.833173,18.93232]},"properties":{"id":"osm:node/13464335875","name":"Dwarka Veg Restaurant","category":"food","subtype":"amenity=restaurant","source":"osm"}},{"type":"Feature","geometry":{"type":"Point","coordinates":[72.834298,18.934732]},"properties":{"id":"osm:node/13464335914","name":"Modern Lunch Home","category":"food","subtype":"amenity=restaurant","source":"osm"}},{"type":"Feature","geometry":{"type":"Point","coordinates":[72.83488,18.93451]},"properties":{"id":"osm:node/13464335934","name":"Harish Lunch Home","category":"food","subtype":"amenity=restaurant","source":"osm"}},{"type":"Feature","geometry":{"type":"Point","coordinates":[72.834088,18.935665]},"properties":{"id":"osm:node/13464335936","name":"Hotel Fountain Plaza","category":"food","subtype":"amenity=restaurant","source":"osm"}},{"type":"Feature","geometry":{"type":"Point","coordinates":[72.826864,18.933362]},"properties":{"id":"osm:node/13470129565","name":"Stadium Restaurant","category":"food","subtype":"amenity=restaurant","source":"osm"}},{"type":"Feature","geometry":{"type":"Point","coordinates":[72.827087,18.933536]},"properties":{"id":"osm:node/13470129566","name":"Cafe Bharat","category":"food","subtype":"amenity=cafe","source":"osm"}},{"type":"Feature","geometry":{"type":"Point","coordinates":[72.827046,18.93379]},"properties":{"id":"osm:node/13470129567","name":"Chaayos","category":"food","subtype":"amenity=cafe","source":"osm","cuisine":"tea"}},{"type":"Feature","geometry":{"type":"Point","coordinates":[72.825814,18.933514]},"properties":{"id":"osm:node/13470129573","name":"Foo","category":"food","subtype":"amenity=restaurant","source":"osm","cuisine":"asian"}},{"type":"Feature","geometry":{"type":"Point","coordinates":[72.823998,18.93379]},"properties":{"id":"osm:node/13470129582","name":"New York Ice Cream","category":"food","subtype":"amenity=ice_cream","source":"osm"}},{"type":"Feature","geometry":{"type":"Point","coordinates":[73.017721,19.033534]},"properties":{"id":"osm:node/13470407033","name":"MH 99 Burgers","category":"food","subtype":"amenity=fast_food","source":"osm","cuisine":"burger"}},{"type":"Feature","geometry":{"type":"Point","coordinates":[72.831667,19.148516]},"properties":{"id":"osm:node/13475422677","name":"Pair A Dice Boardgames Cafe","category":"food","subtype":"amenity=cafe","source":"osm","wheelchair":"no","cuisine":"italian","level":"1"}},{"type":"Feature","geometry":{"type":"Point","coordinates":[72.870147,19.120552]},"properties":{"id":"osm:node/13479393885","name":"Pickle and Pint","category":"food","subtype":"amenity=restaurant","source":"osm"}},{"type":"Feature","geometry":{"type":"Point","coordinates":[72.858886,19.104658]},"properties":{"id":"osm:node/13501093224","name":null,"category":"food","subtype":"amenity=fast_food","source":"osm"}},{"type":"Feature","geometry":{"type":"Point","coordinates":[72.945951,19.182179]},"properties":{"id":"osm:node/13504116711","name":"Mahalaxmi Tea House","category":"food","subtype":"amenity=cafe","source":"osm"}},{"type":"Feature","geometry":{"type":"Point","coordinates":[72.946938,19.181499]},"properties":{"id":"osm:node/13504116732","name":"Domino's","category":"food","subtype":"amenity=fast_food","source":"osm","cuisine":"pizza"}},{"type":"Feature","geometry":{"type":"Point","coordinates":[72.87449,19.210802]},"properties":{"id":"osm:node/13505618588","name":"DMW Thakur Village - Dimsum Momos Wontons","category":"food","subtype":"amenity=restaurant","source":"osm","opening_hours":"Mo-Su 11:00-01:00","cuisine":"asian"}},{"type":"Feature","geometry":{"type":"Point","coordinates":[72.88624,19.053536]},"properties":{"id":"osm:node/13506160495","name":null,"category":"food","subtype":"amenity=restaurant","source":"osm"}},{"type":"Feature","geometry":{"type":"Point","coordinates":[72.946602,19.181783]},"properties":{"id":"osm:node/13506458565","name":"Bhel Puri Stall","category":"food","subtype":"amenity=fast_food","source":"osm"}},{"type":"Feature","geometry":{"type":"Point","coordinates":[72.946153,19.182081]},"properties":{"id":"osm:node/13506458570","name":"Hot Chips","category":"food","subtype":"amenity=fast_food","source":"osm"}},{"type":"Feature","geometry":{"type":"Point","coordinates":[72.838377,19.022907]},"properties":{"id":"osm:node/13506627015","name":"Gold Rush","category":"food","subtype":"amenity=restaurant","source":"osm"}},{"type":"Feature","geometry":{"type":"Point","coordinates":[72.838686,19.023186]},"properties":{"id":"osm:node/13506627021","name":"Prakash","category":"food","subtype":"amenity=cafe","source":"osm"}},{"type":"Feature","geometry":{"type":"Point","coordinates":[72.838754,19.022768]},"properties":{"id":"osm:node/13506627026","name":"Sujata","category":"food","subtype":"amenity=restaurant","source":"osm"}},{"type":"Feature","geometry":{"type":"Point","coordinates":[72.834542,19.131674]},"properties":{"id":"osm:node/13510320673","name":"BaaMee","category":"food","subtype":"amenity=restaurant","source":"osm","wheelchair":"limited","level":"0"}},{"type":"Feature","geometry":{"type":"Point","coordinates":[72.829911,19.132747]},"properties":{"id":"osm:node/13510320699","name":"Persian Darbar","category":"food","subtype":"amenity=restaurant","source":"osm","wheelchair":"no","level":"0"}},{"type":"Feature","geometry":{"type":"Point","coordinates":[72.834115,19.131749]},"properties":{"id":"osm:node/13510337602","name":"Tamarind Tiffin by Sunders","category":"food","subtype":"amenity=restaurant","source":"osm","wheelchair":"no","cuisine":"indian;south_indian","level":"0"}},{"type":"Feature","geometry":{"type":"Point","coordinates":[72.833053,18.932336]},"properties":{"id":"osm:node/13514227338","name":"Baskin-Robbins","category":"food","subtype":"amenity=ice_cream","source":"osm"}},{"type":"Feature","geometry":{"type":"Point","coordinates":[72.832725,18.932545]},"properties":{"id":"osm:node/13514237909","name":"अपनाचे कबाब आणि रोल","category":"food","subtype":"amenity=fast_food","source":"osm"}},{"type":"Feature","geometry":{"type":"Point","coordinates":[72.833111,18.932326]},"properties":{"id":"osm:node/13514250435","name":"Gupta Bhelpuri","category":"food","subtype":"amenity=fast_food","source":"osm"}},{"type":"Feature","geometry":{"type":"Point","coordinates":[72.845863,19.119375]},"properties":{"id":"osm:node/13515406186","name":"Darjeeling Touch Momo","category":"food","subtype":"amenity=fast_food","source":"osm","wheelchair":"limited","level":"0"}},{"type":"Feature","geometry":{"type":"Point","coordinates":[72.837478,19.130622]},"properties":{"id":"osm:node/13516940276","name":"Domino's","category":"food","subtype":"amenity=fast_food","source":"osm","cuisine":"pizza"}},{"type":"Feature","geometry":{"type":"Point","coordinates":[72.832426,19.134962]},"properties":{"id":"osm:node/13516940282","name":"Third Wave Coffee Roasters","category":"food","subtype":"amenity=cafe","source":"osm","cuisine":"coffee_shop"}},{"type":"Feature","geometry":{"type":"Point","coordinates":[72.85803,19.227576]},"properties":{"id":"osm:node/13518571468","name":"Domino's","category":"food","subtype":"amenity=fast_food","source":"osm","wheelchair":"no","cuisine":"pizza","level":"0"}},{"type":"Feature","geometry":{"type":"Point","coordinates":[73.019932,18.973177]},"properties":{"id":"osm:node/13550961777","name":"Shree Balaji Hot Idli","category":"food","subtype":"amenity=restaurant","source":"osm","opening_hours":"07:00-22:00","wheelchair":"limited","cuisine":"indian"}},{"type":"Feature","geometry":{"type":"Point","coordinates":[72.828975,19.053056]},"properties":{"id":"osm:node/13569989701","name":"Ettarra","category":"food","subtype":"amenity=cafe","source":"osm","opening_hours":"Mo-Su 07:00-02:00","phone":"+91 86558 05815"}},{"type":"Feature","geometry":{"type":"Point","coordinates":[72.829139,19.146636]},"properties":{"id":"osm:node/13572272192","name":"Blue Tokai Coffee Roasters","category":"food","subtype":"amenity=cafe","source":"osm","wheelchair":"no","cuisine":"coffee_shop","level":"0"}},{"type":"Feature","geometry":{"type":"Point","coordinates":[72.847263,19.114452]},"properties":{"id":"osm:node/13579926683","name":"Mayuri","category":"food","subtype":"amenity=restaurant","source":"osm"}},{"type":"Feature","geometry":{"type":"Point","coordinates":[72.830344,19.152752]},"properties":{"id":"osm:node/13582456904","name":"Coffee King","category":"food","subtype":"amenity=cafe","source":"osm"}},{"type":"Feature","geometry":{"type":"Point","coordinates":[72.834177,19.151377]},"properties":{"id":"osm:node/13582456912","name":"McDonald's","category":"food","subtype":"amenity=fast_food","source":"osm","cuisine":"burger"}},{"type":"Feature","geometry":{"type":"Point","coordinates":[72.830829,19.152336]},"properties":{"id":"osm:node/13582456920","name":"Chaayos","category":"food","subtype":"amenity=cafe","source":"osm","cuisine":"tea","level":"0"}},{"type":"Feature","geometry":{"type":"Point","coordinates":[72.828052,19.153484]},"properties":{"id":"osm:node/13582456924","name":"White Lama Villa","category":"food","subtype":"amenity=cafe","source":"osm"}},{"type":"Feature","geometry":{"type":"Point","coordinates":[72.834239,19.151381]},"properties":{"id":"osm:node/13582456927","name":"Burger King","category":"food","subtype":"amenity=fast_food","source":"osm","cuisine":"burger"}},{"type":"Feature","geometry":{"type":"Point","coordinates":[72.823707,19.147197]},"properties":{"id":"osm:node/13582456929","name":"Javaphile","category":"food","subtype":"amenity=cafe","source":"osm","level":"0"}},{"type":"Feature","geometry":{"type":"Point","coordinates":[72.982466,19.257557]},"properties":{"id":"osm:node/13589513697","name":"Apsara","category":"food","subtype":"amenity=ice_cream","source":"osm"}},{"type":"Feature","geometry":{"type":"Point","coordinates":[72.900401,19.060882]},"properties":{"id":"osm:node/13594626765","name":"Ratnagiri","category":"food","subtype":"amenity=restaurant","source":"osm"}},{"type":"Feature","geometry":{"type":"Point","coordinates":[72.900442,19.061016]},"properties":{"id":"osm:node/13594629153","name":"Burger King","category":"food","subtype":"amenity=fast_food","source":"osm"}},{"type":"Feature","geometry":{"type":"Point","coordinates":[72.824444,19.143157]},"properties":{"id":"osm:node/13597205705","name":"Rajput Dairy Farm","category":"food","subtype":"amenity=fast_food","source":"osm","cuisine":"nagori_tea","level":"0"}},{"type":"Feature","geometry":{"type":"Point","coordinates":[72.937056,19.164381]},"properties":{"id":"osm:node/13606941557","name":"The Playce Cafe","category":"food","subtype":"amenity=cafe","source":"osm"}},{"type":"Feature","geometry":{"type":"Point","coordinates":[72.829573,19.139805]},"properties":{"id":"osm:node/13607409339","name":"Rasotsav","category":"food","subtype":"amenity=restaurant","source":"osm","wheelchair":"yes","level":"0"}},{"type":"Feature","geometry":{"type":"Point","coordinates":[72.826812,18.932845]},"properties":{"id":"osm:node/13619649053","name":"TÓA 66","category":"food","subtype":"amenity=restaurant","source":"osm","cuisine":"thai;vietnamese"}},{"type":"Feature","geometry":{"type":"Point","coordinates":[72.858571,19.2817]},"properties":{"id":"osm:node/13626435492","name":"DBT Cafe","category":"food","subtype":"amenity=cafe","source":"osm","wheelchair":"limited"}},{"type":"Feature","geometry":{"type":"Point","coordinates":[72.844613,19.01715]},"properties":{"id":"osm:node/13634287511","name":"Cafe Muttuswami","category":"food","subtype":"amenity=restaurant","source":"osm","cuisine":"indian","phone":"+91-8657941303"}},{"type":"Feature","geometry":{"type":"Point","coordinates":[72.827694,19.003381]},"properties":{"id":"osm:node/13673721192","name":"Nando's","category":"food","subtype":"amenity=restaurant","source":"osm","cuisine":"chicken;portuguese"}},{"type":"Feature","geometry":{"type":"Point","coordinates":[72.827871,19.003641]},"properties":{"id":"osm:node/13673721193","name":"Demy Bar + Kitchen","category":"food","subtype":"amenity=restaurant","source":"osm"}},{"type":"Feature","geometry":{"type":"Point","coordinates":[72.827348,19.004268]},"properties":{"id":"osm:node/13673721194","name":"Border Bean Barbecue","category":"food","subtype":"amenity=restaurant","source":"osm","cuisine":"barbecue;tex-mex;american"}},{"type":"Feature","geometry":{"type":"Point","coordinates":[72.829046,19.002849]},"properties":{"id":"osm:node/13673721195","name":"Toast Pasta Bar","category":"food","subtype":"amenity=restaurant","source":"osm","cuisine":"pasta"}},{"type":"Feature","geometry":{"type":"Point","coordinates":[72.859006,19.281726]},"properties":{"id":"osm:node/13686389147","name":"Sai Deepa","category":"food","subtype":"amenity=restaurant","source":"osm","level":"0"}},{"type":"Feature","geometry":{"type":"Point","coordinates":[72.858922,19.281717]},"properties":{"id":"osm:node/13686391893","name":"Domino's","category":"food","subtype":"amenity=fast_food","source":"osm","cuisine":"pizza","level":"0"}},{"type":"Feature","geometry":{"type":"Point","coordinates":[72.803691,18.966543]},"properties":{"id":"osm:node/13697619170","name":"The Nutcracker","category":"food","subtype":"amenity=restaurant","source":"osm"}},{"type":"Feature","geometry":{"type":"Point","coordinates":[72.832065,18.941515]},"properties":{"id":"osm:node/13700581244","name":"Ahar Restaurant & Cafe","category":"food","subtype":"amenity=restaurant","source":"osm"}},{"type":"Feature","geometry":{"type":"Point","coordinates":[72.809201,18.969873]},"properties":{"id":"osm:node/13720211901","name":"Light of Persia","category":"food","subtype":"amenity=restaurant","source":"osm","opening_hours":"Mo-Su 07:00-00:00","cuisine":"chicken;chinese;indian"}},{"type":"Feature","geometry":{"type":"Point","coordinates":[72.941858,19.171944]},"properties":{"id":"osm:node/13729831144","name":"The Food Town","category":"food","subtype":"amenity=restaurant","source":"osm","opening_hours":"Mo-Su,PH 11:00-23:45","wheelchair":"yes","phone":"+9108433843363"}},{"type":"Feature","geometry":{"type":"Point","coordinates":[72.820234,18.967691]},"properties":{"id":"osm:node/13752994701","name":"Naturals","category":"food","subtype":"amenity=ice_cream","source":"osm"}},{"type":"Feature","geometry":{"type":"Point","coordinates":[72.837555,19.127356]},"properties":{"id":"osm:node/13753100247","name":"Subway","category":"food","subtype":"amenity=fast_food","source":"osm","cuisine":"sandwich","level":"0"}},{"type":"Feature","geometry":{"type":"Point","coordinates":[72.84672,19.120757]},"properties":{"id":"osm:node/13760340670","name":null,"category":"food","subtype":"amenity=fast_food","source":"osm","level":"0"}},{"type":"Feature","geometry":{"type":"Point","coordinates":[72.942091,19.171893]},"properties":{"id":"osm:node/13760572726","name":"Udupi 2 Mumbai","category":"food","subtype":"amenity=fast_food","source":"osm"}},{"type":"Feature","geometry":{"type":"Point","coordinates":[72.941458,19.173006]},"properties":{"id":"osm:node/13760601029","name":"Mastermind Bicycle Cafe(Coffee and Cocktail Bar)","category":"food","subtype":"amenity=cafe","source":"osm"}},{"type":"Feature","geometry":{"type":"Point","coordinates":[72.941366,19.172548]},"properties":{"id":"osm:node/13760610351","name":"La Flame","category":"food","subtype":"amenity=restaurant","source":"osm"}},{"type":"Feature","geometry":{"type":"Point","coordinates":[72.943196,19.175085]},"properties":{"id":"osm:node/13760624710","name":"Banana Leaf","category":"food","subtype":"amenity=restaurant","source":"osm"}},{"type":"Feature","geometry":{"type":"Point","coordinates":[72.943639,19.175525]},"properties":{"id":"osm:node/13760639749","name":"Cafe ETC(Eat Talk Cherish)","category":"food","subtype":"amenity=cafe","source":"osm"}},{"type":"Feature","geometry":{"type":"Point","coordinates":[72.943336,19.175067]},"properties":{"id":"osm:node/13760642220","name":"Banana Leaf","category":"food","subtype":"amenity=restaurant","source":"osm"}},{"type":"Feature","geometry":{"type":"Point","coordinates":[72.943704,19.175529]},"properties":{"id":"osm:node/13760652918","name":"Tea and Conversations","category":"food","subtype":"amenity=cafe","source":"osm"}},{"type":"Feature","geometry":{"type":"Point","coordinates":[72.943572,19.17552]},"properties":{"id":"osm:node/13760655344","name":"Preeti Sandwich(Sandwich and Juice Point)","category":"food","subtype":"amenity=fast_food","source":"osm","cuisine":"sandwich"}},{"type":"Feature","geometry":{"type":"Point","coordinates":[72.943744,19.175518]},"properties":{"id":"osm:node/13760667615","name":"Woodland Retreat(Exclusively Vegitarian)","category":"food","subtype":"amenity=restaurant","source":"osm"}},{"type":"Feature","geometry":{"type":"Point","coordinates":[72.99487,19.143775]},"properties":{"id":"osm:node/13760903154","name":"Five Star Chicken","category":"food","subtype":"amenity=restaurant","source":"osm"}},{"type":"Feature","geometry":{"type":"Point","coordinates":[72.994866,19.143802]},"properties":{"id":"osm:node/13760914232","name":"Rehmat Caterers","category":"food","subtype":"amenity=restaurant","source":"osm"}},{"type":"Feature","geometry":{"type":"Point","coordinates":[72.99487,19.143762]},"properties":{"id":"osm:node/13760931113","name":"Protein Hunterz","category":"food","subtype":"amenity=restaurant","source":"osm"}},{"type":"Feature","geometry":{"type":"Point","coordinates":[72.994186,19.182733]},"properties":{"id":"osm:node/13763902271","name":"Pizza Hut","category":"food","subtype":"amenity=restaurant","source":"osm","cuisine":"pizza"}},{"type":"Feature","geometry":{"type":"Point","coordinates":[72.841107,19.080575]},"properties":{"id":"osm:node/13773028227","name":"McDonald's","category":"food","subtype":"amenity=fast_food","source":"osm","cuisine":"burger"}},{"type":"Feature","geometry":{"type":"Point","coordinates":[72.83968,19.080947]},"properties":{"id":"osm:node/13773028228","name":"Burger King","category":"food","subtype":"amenity=fast_food","source":"osm","cuisine":"burger","level":"0;1"}},{"type":"Feature","geometry":{"type":"Point","coordinates":[72.994207,19.182834]},"properties":{"id":"osm:node/13780007252","name":"Domino's","category":"food","subtype":"amenity=fast_food","source":"osm","cuisine":"pizza"}},{"type":"Feature","geometry":{"type":"Point","coordinates":[72.975756,19.187773]},"properties":{"id":"osm:node/13780412459","name":"Trisha Sugarcane Juice","category":"food","subtype":"amenity=fast_food","source":"osm","cuisine":"juice"}},{"type":"Feature","geometry":{"type":"Point","coordinates":[72.828696,19.146806]},"properties":{"id":"osm:node/13781536743","name":"Coffee By Di Bella","category":"food","subtype":"amenity=cafe","source":"osm","opening_hours":"09:00-01:00","wheelchair":"no","level":"0"}},{"type":"Feature","geometry":{"type":"Point","coordinates":[72.818088,18.955324]},"properties":{"id":"osm:node/13797667525","name":"Manohar Pav Bhaji","category":"food","subtype":"amenity=restaurant","source":"osm"}},{"type":"Feature","geometry":{"type":"Point","coordinates":[72.821437,18.954262]},"properties":{"id":"osm:node/13797673600","name":"The Girgaum Kitchen - Girgaon द गिरगांव किचन - गिरगांव","category":"food","subtype":"amenity=restaurant","source":"osm"}},{"type":"Feature","geometry":{"type":"Point","coordinates":[72.996419,19.117587]},"properties":{"id":"osm:node/13798824478","name":"Chetak Sweet Point","category":"food","subtype":"amenity=fast_food","source":"osm"}},{"type":"Feature","geometry":{"type":"Point","coordinates":[72.851975,19.24569]},"properties":{"id":"osm:node/13801401428","name":"Merwans","category":"food","subtype":"shop=bakery","source":"osm"}},{"type":"Feature","geometry":{"type":"Point","coordinates":[72.852021,19.245934]},"properties":{"id":"osm:node/13801401430","name":"Dominoes","category":"food","subtype":"amenity=fast_food","source":"osm","cuisine":"pizza"}},{"type":"Feature","geometry":{"type":"Point","coordinates":[72.852027,19.246041]},"properties":{"id":"osm:node/13801401431","name":"Downtown 29","category":"food","subtype":"amenity=restaurant","source":"osm"}},{"type":"Feature","geometry":{"type":"Point","coordinates":[72.85199,19.246154]},"properties":{"id":"osm:node/13801401432","name":"Pop Tates","category":"food","subtype":"amenity=restaurant","source":"osm"}},{"type":"Feature","geometry":{"type":"Point","coordinates":[72.996549,19.117642]},"properties":{"id":"osm:node/13801702977","name":"Pizza Hut","category":"food","subtype":"amenity=restaurant","source":"osm","cuisine":"pizza"}},{"type":"Feature","geometry":{"type":"Point","coordinates":[72.994872,19.143857]},"properties":{"id":"osm:node/13801702990","name":"U2 Cake","category":"food","subtype":"shop=pastry","source":"osm"}},{"type":"Feature","geometry":{"type":"Point","coordinates":[72.994873,19.143949]},"properties":{"id":"osm:node/13801814673","name":"Padmanabha Cafe","category":"food","subtype":"amenity=cafe","source":"osm"}},{"type":"Feature","geometry":{"type":"Point","coordinates":[72.994872,19.143966]},"properties":{"id":"osm:node/13801844648","name":"Merak(The Cake Shop)","category":"food","subtype":"shop=pastry","source":"osm"}},{"type":"Feature","geometry":{"type":"Point","coordinates":[72.99487,19.143871]},"properties":{"id":"osm:node/13801875435","name":"Shahana Caterers","category":"food","subtype":"amenity=fast_food","source":"osm"}},{"type":"Feature","geometry":{"type":"Point","coordinates":[72.994875,19.143894]},"properties":{"id":"osm:node/13801894000","name":"Oho Shawarma!","category":"food","subtype":"amenity=fast_food","source":"osm"}},{"type":"Feature","geometry":{"type":"Point","coordinates":[72.994871,19.143961]},"properties":{"id":"osm:node/13801896701","name":"Famous Momos","category":"food","subtype":"amenity=fast_food","source":"osm"}},{"type":"Feature","geometry":{"type":"Point","coordinates":[72.896816,19.133293]},"properties":{"id":"osm:node/13812854300","name":"Maharashtra Juice Center(Sugarcane Juice)","category":"food","subtype":"amenity=fast_food","source":"osm","cuisine":"juice"}},{"type":"Feature","geometry":{"type":"Point","coordinates":[72.896699,19.133437]},"properties":{"id":"osm:node/13812898121","name":"Prem Sweets and Farsan Mart","category":"food","subtype":"amenity=fast_food","source":"osm"}},{"type":"Feature","geometry":{"type":"Point","coordinates":[72.898076,19.120515]},"properties":{"id":"osm:node/13812910334","name":"Soul Thali","category":"food","subtype":"amenity=restaurant","source":"osm"}},{"type":"Feature","geometry":{"type":"Point","coordinates":[72.968274,19.191739]},"properties":{"id":"osm:node/13818201693","name":"Tandoor Corner","category":"food","subtype":"amenity=fast_food","source":"osm"}},{"type":"Feature","geometry":{"type":"Point","coordinates":[73.000703,19.065486]},"properties":{"id":"osm:node/13831418869","name":"Third Wave Coffee","category":"food","subtype":"amenity=cafe","source":"osm","wheelchair":"yes"}},{"type":"Feature","geometry":{"type":"Point","coordinates":[73.002189,19.057981]},"properties":{"id":"osm:node/13831578657","name":"The Atrangii House Sky Lounge","category":"food","subtype":"amenity=cafe","source":"osm"}},{"type":"Feature","geometry":{"type":"Point","coordinates":[72.823617,18.932705]},"properties":{"id":"osm:node/13835122066","name":"Cafe Coffee Day","category":"food","subtype":"amenity=cafe","source":"osm","cuisine":"coffee_shop"}},{"type":"Feature","geometry":{"type":"Point","coordinates":[73.000402,19.160294]},"properties":{"id":"osm:node/13853049176","name":"Pop Tate's","category":"food","subtype":"amenity=fast_food","source":"osm"}},{"type":"Feature","geometry":{"type":"Point","coordinates":[73.000685,19.160641]},"properties":{"id":"osm:node/13853049177","name":"Barbeque Nation","category":"food","subtype":"amenity=restaurant","source":"osm","cuisine":"barbecue"}},{"type":"Feature","geometry":{"type":"Point","coordinates":[73.003338,19.162725]},"properties":{"id":"osm:node/13853049199","name":"The Happiness Factory","category":"food","subtype":"amenity=restaurant","source":"osm"}},{"type":"Feature","geometry":{"type":"Point","coordinates":[72.814841,18.95378]},"properties":{"id":"osm:node/13863638645","name":"Thackers","category":"food","subtype":"amenity=restaurant","source":"osm","opening_hours":"Mo-Su 11:30-15:00; 19:00-23:00","cuisine":"indian","phone":"+91-22-23649300/1/2/3/4;+91-9833386232"}},{"type":"Feature","geometry":{"type":"Point","coordinates":[72.814487,18.954855]},"properties":{"id":"osm:node/13863638647","name":"Asian Street Kitchen","category":"food","subtype":"amenity=restaurant","source":"osm","opening_hours":"Mo-Su 12:00-15:30; 18:30-23:00","cuisine":"asian","phone":"+91-22-23633624;+91-22-23623621;+91-9136955855"}},{"type":"Feature","geometry":{"type":"Point","coordinates":[72.999934,19.069028]},"properties":{"id":"osm:node/13866475826","name":"Anna Idli Dosa Centre","category":"food","subtype":"amenity=fast_food","source":"osm"}},{"type":"Feature","geometry":{"type":"Point","coordinates":[73.000404,19.071429]},"properties":{"id":"osm:node/13866527283","name":"SHREEJI RASOI","category":"food","subtype":"amenity=fast_food","source":"osm","wheelchair":"no","level":"0"}},{"type":"Feature","geometry":{"type":"Point","coordinates":[73.001335,19.072019]},"properties":{"id":"osm:node/13866626499","name":"Fresh Fast Food","category":"food","subtype":"amenity=fast_food","source":"osm","wheelchair":"limited","cuisine":"juice;local;indian"}},{"type":"Feature","geometry":{"type":"Point","coordinates":[72.999714,19.071911]},"properties":{"id":"osm:node/13866656411","name":"Jyoti","category":"food","subtype":"amenity=fast_food","source":"osm","wheelchair":"yes","cuisine":"juice"}},{"type":"Feature","geometry":{"type":"Point","coordinates":[72.999799,19.071446]},"properties":{"id":"osm:node/13866693964","name":"Brijwasi Sweets","category":"food","subtype":"shop=confectionery","source":"osm","wheelchair":"limited","level":"0"}},{"type":"Feature","geometry":{"type":"Point","coordinates":[73.000554,19.07187]},"properties":{"id":"osm:node/13866699561","name":"Maru Delights","category":"food","subtype":"shop=bakery","source":"osm","opening_hours":"09:30-22:00","phone":"+91 85919 94992"}},{"type":"Feature","geometry":{"type":"Point","coordinates":[72.915548,19.132114]},"properties":{"id":"osm:node/13873411104","name":"Chaayos","category":"food","subtype":"amenity=cafe","source":"osm","cuisine":"tea"}},{"type":"Feature","geometry":{"type":"Point","coordinates":[73.001346,19.172086]},"properties":{"id":"osm:node/13881179208","name":"Bread Treats","category":"food","subtype":"amenity=fast_food","source":"osm","opening_hours":"Mo-Su 09:00-18:30"}},{"type":"Feature","geometry":{"type":"Point","coordinates":[73.001422,19.17209]},"properties":{"id":"osm:node/13881193832","name":"Paratha House","category":"food","subtype":"amenity=fast_food","source":"osm","opening_hours":"Mo-Su 09:00-18:30"}},{"type":"Feature","geometry":{"type":"Point","coordinates":[72.975906,19.187877]},"properties":{"id":"osm:node/13890965126","name":"Shiv Sagar Veg. Restaurant","category":"food","subtype":"amenity=restaurant","source":"osm","opening_hours":"Mo-Su 07:00-23:54","cuisine":"indian;chinese;dessert","phone":"+91-9930101208"}},{"type":"Feature","geometry":{"type":"Point","coordinates":[72.919432,19.129163]},"properties":{"id":"osm:node/13895987790","name":null,"category":"food","subtype":"amenity=fast_food","source":"osm","cuisine":"south_indian;tea;coffee"}},{"type":"Feature","geometry":{"type":"Point","coordinates":[72.919466,19.129165]},"properties":{"id":"osm:node/13895987791","name":null,"category":"food","subtype":"amenity=fast_food","source":"osm"}},{"type":"Feature","geometry":{"type":"Point","coordinates":[72.83748,19.062162]},"properties":{"id":"osm:node/13910182359","name":"Donna Deli","category":"food","subtype":"amenity=restaurant","source":"osm","cuisine":"asian"}},{"type":"Feature","geometry":{"type":"Point","coordinates":[72.824118,19.06712]},"properties":{"id":"osm:node/13914655856","name":"शेल्टर कैफे एक्स कॉफी बाय जवाफिले, बांद्रा","category":"food","subtype":"amenity=cafe","source":"osm","opening_hours":"Mo-Su 08:00-23:00","phone":"+91520 00452","level":"0"}},{"type":"Feature","geometry":{"type":"Point","coordinates":[72.830167,19.065342]},"properties":{"id":"osm:node/13947451878","name":"PJ's","category":"food","subtype":"amenity=restaurant","source":"osm"}},{"type":"Feature","geometry":{"type":"Point","coordinates":[72.947222,19.16013]},"properties":{"id":"osm:node/13947740756","name":"Panchras Multi Cuisine Family Restaurant","category":"food","subtype":"amenity=restaurant","source":"osm","wheelchair":"no"}},{"type":"Feature","geometry":{"type":"Point","coordinates":[72.947254,19.159924]},"properties":{"id":"osm:node/13947740760","name":"Gremy","category":"food","subtype":"amenity=cafe","source":"osm","wheelchair":"no"}},{"type":"Feature","geometry":{"type":"Point","coordinates":[72.947257,19.159887]},"properties":{"id":"osm:node/13947740761","name":"Hangout Cakes And Gourmet FoodS","category":"food","subtype":"shop=bakery","source":"osm","wheelchair":"no"}},{"type":"Feature","geometry":{"type":"Point","coordinates":[72.947232,19.160009]},"properties":{"id":"osm:node/13947740769","name":"Asahi Ramen","category":"food","subtype":"amenity=restaurant","source":"osm","cuisine":"ramen"}},{"type":"Feature","geometry":{"type":"Point","coordinates":[72.837088,19.207625]},"properties":{"id":"osm:node/13948115435","name":"Mumbai Bites","category":"food","subtype":"amenity=restaurant","source":"osm","opening_hours":"Mo-Su 11:00-03:00","cuisine":"indian;regional;noodle","phone":"+91 88288 27500"}},{"type":"Feature","geometry":{"type":"Point","coordinates":[72.84305,19.212644]},"properties":{"id":"osm:node/13948161549","name":"Annalaya Udupi Cafe","category":"food","subtype":"amenity=restaurant","source":"osm","opening_hours":"Mo-Su 09:00-22:00","cuisine":"indian;south_indian","phone":"+918657093333"}},{"type":"Feature","geometry":{"type":"Point","coordinates":[72.956553,19.173234]},"properties":{"id":"osm:node/13959902598","name":"Shree Gajanan Vadapav Snacks","category":"food","subtype":"amenity=fast_food","source":"osm"}},{"type":"Feature","geometry":{"type":"Point","coordinates":[72.835228,19.127058]},"properties":{"id":"osm:node/13968027765","name":"Chowman","category":"food","subtype":"amenity=restaurant","source":"osm"}},{"type":"Feature","geometry":{"type":"Point","coordinates":[72.825439,19.14127]},"properties":{"id":"osm:node/13968027767","name":"Belgian Waffles","category":"food","subtype":"amenity=fast_food","source":"osm","level":"0"}},{"type":"Feature","geometry":{"type":"Point","coordinates":[72.935659,19.163929]},"properties":{"id":"osm:node/13975029356","name":"Cafe Noorani","category":"food","subtype":"amenity=cafe","source":"osm"}},{"type":"Feature","geometry":{"type":"Point","coordinates":[72.977303,19.187036]},"properties":{"id":"osm:node/13975029397","name":"ST Tea Stall - Gajanan Vada Pav","category":"food","subtype":"amenity=fast_food","source":"osm"}},{"type":"Feature","geometry":{"type":"Point","coordinates":[73.000381,19.162222]},"properties":{"id":"osm:node/13979016989","name":"Banana Leaf","category":"food","subtype":"amenity=restaurant","source":"osm"}},{"type":"Feature","geometry":{"type":"Point","coordinates":[73.000396,19.161846]},"properties":{"id":"osm:node/13979016990","name":"PizzaExpress","category":"food","subtype":"amenity=restaurant","source":"osm","cuisine":"pizza"}},{"type":"Feature","geometry":{"type":"Point","coordinates":[73.000645,19.162108]},"properties":{"id":"osm:node/13979017303","name":"Flurys","category":"food","subtype":"amenity=cafe","source":"osm"}},{"type":"Feature","geometry":{"type":"Point","coordinates":[73.000426,19.159985]},"properties":{"id":"osm:node/13979017310","name":"Chimichurri","category":"food","subtype":"amenity=restaurant","source":"osm","cuisine":"asian"}},{"type":"Feature","geometry":{"type":"Point","coordinates":[72.839425,18.955247]},"properties":{"id":"osm:node/13980187709","name":"K. K restaurant","category":"food","subtype":"amenity=fast_food","source":"osm"}},{"type":"Feature","geometry":{"type":"Point","coordinates":[72.990463,19.160803]},"properties":{"id":"osm:node/13998187389","name":"Bismillah Catering","category":"food","subtype":"amenity=restaurant","source":"osm"}},{"type":"Feature","geometry":{"type":"Point","coordinates":[72.953402,19.172477]},"properties":{"id":"osm:node/14002465259","name":"Santosh Vada Pav","category":"food","subtype":"amenity=fast_food","source":"osm"}},{"type":"Feature","geometry":{"type":"Point","coordinates":[72.953486,19.172396]},"properties":{"id":"osm:node/14002465260","name":"Bhanushali Dabeli","category":"food","subtype":"amenity=fast_food","source":"osm"}},{"type":"Feature","geometry":{"type":"Point","coordinates":[72.972063,19.194602]},"properties":{"id":"osm:node/14002780959","name":"Sindhudurg","category":"food","subtype":"amenity=restaurant","source":"osm"}},{"type":"Feature","geometry":{"type":"Point","coordinates":[72.847296,19.053703]},"properties":{"id":"osm:node/14006225791","name":"Pareva Vada Pav & Refreshment","category":"food","subtype":"amenity=fast_food","source":"osm"}},{"type":"Feature","geometry":{"type":"Point","coordinates":[72.847587,19.05641]},"properties":{"id":"osm:node/14006259817","name":"Mani's Cafe","category":"food","subtype":"amenity=cafe","source":"osm"}},{"type":"Feature","geometry":{"type":"Point","coordinates":[72.847572,19.056032]},"properties":{"id":"osm:node/14006259837","name":"Monginis","category":"food","subtype":"shop=pastry","source":"osm"}},{"type":"Feature","geometry":{"type":"Point","coordinates":[72.799719,18.949922]},"properties":{"id":"osm:node/14013838788","name":"AAREY TEA STALL AND SNACKS CENTRE","category":"food","subtype":"amenity=cafe","source":"osm","opening_hours":"Mo-Su 07:00-20:00"}},{"type":"Feature","geometry":{"type":"Point","coordinates":[72.820161,18.95706]},"properties":{"id":"osm:node/14014287825","name":"Navam Dining","category":"food","subtype":"amenity=restaurant","source":"osm","cuisine":"indian","phone":"+91-9372814589"}},{"type":"Feature","geometry":{"type":"Point","coordinates":[72.837529,19.130076]},"properties":{"id":"osm:node/14018980684","name":"Cafe Coffee Day","category":"food","subtype":"amenity=cafe","source":"osm","cuisine":"coffee_shop"}},{"type":"Feature","geometry":{"type":"Point","coordinates":[72.837597,19.127529]},"properties":{"id":"osm:node/14018980686","name":"Baskin-Robbins","category":"food","subtype":"amenity=ice_cream","source":"osm"}},{"type":"Feature","geometry":{"type":"Point","coordinates":[72.837718,19.127929]},"properties":{"id":"osm:node/14018980692","name":"Mojo Pizza","category":"food","subtype":"amenity=fast_food","source":"osm","cuisine":"pizza"}},{"type":"Feature","geometry":{"type":"Point","coordinates":[72.827666,19.003296]},"properties":{"id":"osm:node/14021974262","name":"Veronica’s","category":"food","subtype":"amenity=restaurant","source":"osm","opening_hours":"Mo-Su 08:00-22:00","cuisine":"burger;american;diner;fast_food;seafood;fries;french;grill;cocktail","phone":"+917400280187"}},{"type":"Feature","geometry":{"type":"Point","coordinates":[72.831303,19.140997]},"properties":{"id":"osm:node/14027508974","name":"Lil Gamby Pizza Shop","category":"food","subtype":"amenity=fast_food","source":"osm","cuisine":"pizza","level":"2"}},{"type":"Feature","geometry":{"type":"Point","coordinates":[72.831264,19.140966]},"properties":{"id":"osm:node/14027517921","name":"Taco Bell","category":"food","subtype":"amenity=fast_food","source":"osm","cuisine":"tex-mex","level":"2"}},{"type":"Feature","geometry":{"type":"Point","coordinates":[72.830936,19.141566]},"properties":{"id":"osm:node/14027517965","name":"Haldiram's","category":"food","subtype":"amenity=fast_food","source":"osm","operator":"OAM Industries India Private Limited","cuisine":"indian","level":"2"}},{"type":"Feature","geometry":{"type":"Point","coordinates":[72.823824,19.147088]},"properties":{"id":"osm:node/14027517971","name":"Dosa 44","category":"food","subtype":"amenity=fast_food","source":"osm","level":"0"}},{"type":"Feature","geometry":{"type":"Point","coordinates":[72.831303,19.140968]},"properties":{"id":"osm:node/14027517977","name":"McDonald's","category":"food","subtype":"amenity=fast_food","source":"osm","cuisine":"burger","level":"2"}},{"type":"Feature","geometry":{"type":"Point","coordinates":[72.823733,19.146437]},"properties":{"id":"osm:node/14027518003","name":"Hops","category":"food","subtype":"amenity=restaurant","source":"osm","wheelchair":"no","level":"0"}},{"type":"Feature","geometry":{"type":"Point","coordinates":[72.839969,19.106974]},"properties":{"id":"osm:node/14038912014","name":"Nothing But Chicken","category":"food","subtype":"amenity=fast_food","source":"osm","cuisine":"chicken"}},{"type":"Feature","geometry":{"type":"Point","coordinates":[72.908295,19.115257]},"properties":{"id":"osm:node/14039150075","name":"Poetry by Love and Cheesecake","category":"food","subtype":"amenity=restaurant","source":"osm","opening_hours":"08:00-23:00","cuisine":"coffee_shop;dessert","phone":"+919819935135"}},{"type":"Feature","geometry":{"type":"Point","coordinates":[72.907034,19.120245]},"properties":{"id":"osm:node/14039199673","name":"Bayroute","category":"food","subtype":"amenity=restaurant","source":"osm","opening_hours":"12:00-01:00","cuisine":"lebanese","phone":"+91 98192 35008"}},{"type":"Feature","geometry":{"type":"Point","coordinates":[72.90708,19.120173]},"properties":{"id":"osm:node/14039202220","name":"Burma Burma","category":"food","subtype":"amenity=restaurant","source":"osm","opening_hours":"12:00-15:30 + 18:30-23:00","cuisine":"burmese","phone":"+919920285069"}},{"type":"Feature","geometry":{"type":"Point","coordinates":[72.901253,19.119625]},"properties":{"id":"osm:node/14039310227","name":"Hangout Cakes","category":"food","subtype":"shop=bakery","source":"osm","opening_hours":"07:00-00:00","phone":"+917208786152"}},{"type":"Feature","geometry":{"type":"Point","coordinates":[72.90133,19.119576]},"properties":{"id":"osm:node/14039392430","name":"Café Coffee Day","category":"food","subtype":"amenity=cafe","source":"osm","opening_hours":"09:30-22:30","phone":"18001025093"}},{"type":"Feature","geometry":{"type":"Point","coordinates":[72.831734,18.923754]},"properties":{"id":"osm:node/14039967120","name":"Delhi Darbar","category":"food","subtype":"amenity=restaurant","source":"osm"}},{"type":"Feature","geometry":{"type":"Point","coordinates":[72.83479,18.944969]},"properties":{"id":"osm:node/14045828725","name":"Iran Like Restaurant","category":"food","subtype":"amenity=fast_food","source":"osm","wheelchair":"no","level":"0;1"}},{"type":"Feature","geometry":{"type":"Point","coordinates":[72.829198,19.128384]},"properties":{"id":"osm:node/14048143830","name":"Biggies Burger","category":"food","subtype":"amenity=fast_food","source":"osm","level":"0"}},{"type":"Feature","geometry":{"type":"Point","coordinates":[72.813362,18.955807]},"properties":{"id":"osm:node/14049050942","name":"The Croffle Guy's","category":"food","subtype":"amenity=fast_food","source":"osm","cuisine":"dessert;sandwich;pizza"}},{"type":"Feature","geometry":{"type":"Point","coordinates":[72.819909,18.954438]},"properties":{"id":"osm:node/14050491755","name":"Om  Yadav Fast food Centre","category":"food","subtype":"amenity=fast_food","source":"osm","cuisine":"sandwich;indian;pizza"}},{"type":"Feature","geometry":{"type":"Point","coordinates":[72.955947,19.222425]},"properties":{"id":"osm:node/14050729151","name":null,"category":"food","subtype":"amenity=cafe","source":"osm"}},{"type":"Feature","geometry":{"type":"Point","coordinates":[72.837114,19.014022]},"properties":{"id":"osm:node/14051035256","name":"Dharmendra Tea Stall","category":"food","subtype":"amenity=fast_food","source":"osm","cuisine":"tea"}},{"type":"Feature","geometry":{"type":"Point","coordinates":[72.833959,18.948153]},"properties":{"id":"osm:node/14051453436","name":"Cafe Firdos","category":"food","subtype":"amenity=restaurant","source":"osm"}},{"type":"Feature","geometry":{"type":"Point","coordinates":[72.834529,18.949859]},"properties":{"id":"osm:node/14051493486","name":"Central","category":"food","subtype":"amenity=restaurant","source":"osm"}},{"type":"Feature","geometry":{"type":"Point","coordinates":[72.985486,19.228513]},"properties":{"id":"osm:node/14051499701","name":"The Backlane Kitchen & Bar","category":"food","subtype":"amenity=restaurant","source":"osm","cuisine":"multi","phone":"9930811999"}},{"type":"Feature","geometry":{"type":"Point","coordinates":[72.833572,18.948001]},"properties":{"id":"osm:node/14051550884","name":"Sugarcane Juice Stall","category":"food","subtype":"amenity=fast_food","source":"osm","cuisine":"juice","level":"0"}},{"type":"Feature","geometry":{"type":"Point","coordinates":[72.833924,18.948079]},"properties":{"id":"osm:node/14051594119","name":"Pehelwan Qureshi Seekh Paratha","category":"food","subtype":"amenity=fast_food","source":"osm","level":"0"}},{"type":"Feature","geometry":{"type":"Point","coordinates":[72.841724,19.100832]},"properties":{"id":"osm:node/14051738060","name":"Rahul Sandwich","category":"food","subtype":"amenity=fast_food","source":"osm","opening_hours":"Mo-Su 10:00-20:00","cuisine":"sandwich"}},{"type":"Feature","geometry":{"type":"Point","coordinates":[72.830657,18.942716]},"properties":{"id":"osm:node/14051900537","name":"Sugercane Juice Stall","category":"food","subtype":"amenity=cafe","source":"osm","cuisine":"juice"}},{"type":"Feature","geometry":{"type":"Point","coordinates":[72.832534,19.207151]},"properties":{"id":"osm:node/14051953004","name":"Tea and Fast food stall","category":"food","subtype":"amenity=fast_food","source":"osm","opening_hours":"Mo-Su 08:00-22:00","cuisine":"regional;chinese"}},{"type":"Feature","geometry":{"type":"Point","coordinates":[72.840719,19.126255]},"properties":{"id":"osm:node/14053894265","name":"Burger Singh","category":"food","subtype":"amenity=fast_food","source":"osm","cuisine":"burger","level":"0"}},{"type":"Feature","geometry":{"type":"Point","coordinates":[72.825925,19.133402]},"properties":{"id":"osm:node/14053918804","name":"Namah Bengaluru Coffee House","category":"food","subtype":"amenity=cafe","source":"osm"}},{"type":"Feature","geometry":{"type":"Point","coordinates":[72.836007,19.127325]},"properties":{"id":"osm:node/14053918822","name":"Road House Blues","category":"food","subtype":"amenity=restaurant","source":"osm"}},{"type":"Feature","geometry":{"type":"Point","coordinates":[72.828512,19.092659]},"properties":{"id":"osm:node/14055858373","name":"Lovebirds","category":"food","subtype":"amenity=restaurant","source":"osm"}},{"type":"Feature","geometry":{"type":"Point","coordinates":[72.998089,19.158963]},"properties":{"id":"osm:node/14056356718","name":"Vaibhav Upahar Gruh","category":"food","subtype":"amenity=fast_food","source":"osm"}},{"type":"Feature","geometry":{"type":"Point","coordinates":[72.846409,19.163447]},"properties":{"id":"osm:node/14063157897","name":"Mojo pizza","category":"food","subtype":"amenity=restaurant","source":"osm"}},{"type":"Feature","geometry":{"type":"Point","coordinates":[72.89755,19.072305]},"properties":{"id":"osm:node/14077312052","name":"Govinda Canteen","category":"food","subtype":"amenity=restaurant","source":"osm","description":"also sells various drinks.","cuisine":"regional;snack"}},{"type":"Feature","geometry":{"type":"Point","coordinates":[72.82938,19.085342]},"properties":{"id":"osm:node/14080450044","name":"singju","category":"food","subtype":"amenity=restaurant","source":"osm"}},{"type":"Feature","geometry":{"type":"Point","coordinates":[72.868185,19.175836]},"properties":{"id":"osm:node/14082444136","name":"Classic Veg Restaurant","category":"food","subtype":"amenity=restaurant","source":"osm"}},{"type":"Feature","geometry":{"type":"Point","coordinates":[72.993016,19.185352]},"properties":{"id":"osm:node/14096690022","name":"Hotel Sri Krishna Paradise","category":"food","subtype":"amenity=restaurant","source":"osm"}},{"type":"Feature","geometry":{"type":"Point","coordinates":[72.832973,19.064254]},"properties":{"id":"osm:node/14096960743","name":"Café Mommy Joon","category":"food","subtype":"amenity=restaurant","source":"osm","cuisine":"persian"}},{"type":"Feature","geometry":{"type":"Point","coordinates":[72.879385,19.039862]},"properties":{"id":"osm:node/14098099367","name":"Chaayos","category":"food","subtype":"amenity=cafe","source":"osm","cuisine":"tea"}},{"type":"Feature","geometry":{"type":"Point","coordinates":[72.879316,19.039717]},"properties":{"id":"osm:node/14098257016","name":"Starbucks","category":"food","subtype":"amenity=cafe","source":"osm","opening_hours":"mo-fr 09.00-18.00","cuisine":"coffee_shop"}},{"type":"Feature","geometry":{"type":"Point","coordinates":[72.879189,19.039706]},"properties":{"id":"osm:node/14098258403","name":"Pizza Express","category":"food","subtype":"amenity=restaurant","source":"osm","cuisine":"pizza"}},{"type":"Feature","geometry":{"type":"Point","coordinates":[73.00913,19.105973]},"properties":{"id":"osm:node/14098751240","name":null,"category":"food","subtype":"amenity=restaurant","source":"osm"}},{"type":"Feature","geometry":{"type":"Point","coordinates":[73.009116,19.106048]},"properties":{"id":"osm:node/14098755095","name":"Krishna Sweets and Namkeen","category":"food","subtype":"amenity=restaurant","source":"osm"}},{"type":"Feature","geometry":{"type":"Point","coordinates":[72.834997,18.930588]},"properties":{"id":"osm:node/14100567600","name":"Dolcino's","category":"food","subtype":"amenity=ice_cream","source":"osm","wheelchair":"no"}},{"type":"Feature","geometry":{"type":"Point","coordinates":[72.833602,18.933181]},"properties":{"id":"osm:node/14100628923","name":"Yazdani Bakery","category":"food","subtype":"shop=bakery","source":"osm"}},{"type":"Feature","geometry":{"type":"Point","coordinates":[72.826748,18.931691]},"properties":{"id":"osm:node/14101252973","name":"McDonald's","category":"food","subtype":"amenity=fast_food","source":"osm","cuisine":"burger","phone":"+91 9324914345"}},{"type":"Feature","geometry":{"type":"Point","coordinates":[72.827119,18.93135]},"properties":{"id":"osm:node/14101276020","name":"Third Wave Coffee Roasters","category":"food","subtype":"amenity=cafe","source":"osm","cuisine":"coffee_shop"}},{"type":"Feature","geometry":{"type":"Point","coordinates":[72.833394,18.937581]},"properties":{"id":"osm:node/14102345583","name":"Blue Tokai Coffee Roasters","category":"food","subtype":"amenity=cafe","source":"osm","opening_hours":"07:00-23:00","wheelchair":"no","cuisine":"coffee_shop","phone":"+91 93118 07135","level":"0"}},{"type":"Feature","geometry":{"type":"Point","coordinates":[72.834477,18.939481]},"properties":{"id":"osm:node/14102676042","name":"Aram","category":"food","subtype":"amenity=fast_food","source":"osm","cuisine":"regional"}},{"type":"Feature","geometry":{"type":"Point","coordinates":[72.833782,18.93784]},"properties":{"id":"osm:node/14102676044","name":"505 Coffee","category":"food","subtype":"amenity=cafe","source":"osm"}},{"type":"Feature","geometry":{"type":"Point","coordinates":[72.929642,18.961644]},"properties":{"id":"osm:node/14102993680","name":null,"category":"food","subtype":"amenity=cafe","source":"osm"}},{"type":"Feature","geometry":{"type":"Point","coordinates":[72.832476,18.922054]},"properties":{"id":"osm:node/14105388780","name":"Araku","category":"food","subtype":"amenity=cafe","source":"osm"}},{"type":"Feature","geometry":{"type":"Point","coordinates":[72.994934,19.145936]},"properties":{"id":"osm:node/14130989601","name":"Hariom (Sweets, dryfruits, namkeen, corporate gifting)","category":"food","subtype":"amenity=fast_food","source":"osm"}},{"type":"Feature","geometry":{"type":"Point","coordinates":[72.816025,18.962334]},"properties":{"id":"osm:node/14133035690","name":"cafe sunrise","category":"food","subtype":"amenity=restaurant","source":"osm"}},{"type":"Feature","geometry":{"type":"Point","coordinates":[72.926323,19.12827]},"properties":{"id":"osm:node/14134678589","name":"मामलेदार मिसळ","category":"food","subtype":"amenity=restaurant","source":"osm","cuisine":"regional"}},{"type":"Feature","geometry":{"type":"Point","coordinates":[72.861974,19.043287]},"properties":{"id":"osm:node/14134694955","name":"Hotel Velavan","category":"food","subtype":"amenity=fast_food","source":"osm"}},{"type":"Feature","geometry":{"type":"Point","coordinates":[72.862212,19.043301]},"properties":{"id":"osm:node/14134703309","name":"Tamptations","category":"food","subtype":"amenity=fast_food","source":"osm"}},{"type":"Feature","geometry":{"type":"Point","coordinates":[72.861579,19.042864]},"properties":{"id":"osm:node/14134733016","name":"ab.coffee","category":"food","subtype":"amenity=cafe","source":"osm"}},{"type":"Feature","geometry":{"type":"Point","coordinates":[72.86336,19.042422]},"properties":{"id":"osm:node/14134763962","name":null,"category":"food","subtype":"amenity=fast_food","source":"osm"}},{"type":"Feature","geometry":{"type":"Point","coordinates":[72.863704,19.045237]},"properties":{"id":"osm:node/14134770153","name":"Cafe Vrindavan","category":"food","subtype":"amenity=fast_food","source":"osm"}},{"type":"Feature","geometry":{"type":"Point","coordinates":[72.863286,19.042527]},"properties":{"id":"osm:node/14134772152","name":"Dabeli","category":"food","subtype":"amenity=fast_food","source":"osm"}},{"type":"Feature","geometry":{"type":"Point","coordinates":[72.863288,19.042562]},"properties":{"id":"osm:node/14134780807","name":"Rabdi Falooda","category":"food","subtype":"amenity=fast_food","source":"osm"}},{"type":"Feature","geometry":{"type":"Point","coordinates":[72.863282,19.042469]},"properties":{"id":"osm:node/14134784509","name":"Sandwhich wala","category":"food","subtype":"amenity=fast_food","source":"osm"}},{"type":"Feature","geometry":{"type":"Point","coordinates":[72.863283,19.042596]},"properties":{"id":"osm:node/14134786061","name":"Chaat","category":"food","subtype":"amenity=fast_food","source":"osm"}},{"type":"Feature","geometry":{"type":"Point","coordinates":[72.863271,19.042464]},"properties":{"id":"osm:node/14134786092","name":"Nothing but chicken","category":"food","subtype":"amenity=fast_food","source":"osm"}},{"type":"Feature","geometry":{"type":"Point","coordinates":[72.863264,19.042512]},"properties":{"id":"osm:node/14134786093","name":"Punjabi Chandu Halwai","category":"food","subtype":"shop=confectionery","source":"osm","wheelchair":"no","level":"0"}},{"type":"Feature","geometry":{"type":"Point","coordinates":[72.861505,19.039578]},"properties":{"id":"osm:node/14134817451","name":"Ganga vihar","category":"food","subtype":"amenity=restaurant","source":"osm"}},{"type":"Feature","geometry":{"type":"Point","coordinates":[72.864978,19.044251]},"properties":{"id":"osm:node/14134922174","name":"Sadakchaap","category":"food","subtype":"amenity=restaurant","source":"osm","wheelchair":"no","level":"0"}},{"type":"Feature","geometry":{"type":"Point","coordinates":[72.83284,19.146339]},"properties":{"id":"osm:node/14142051779","name":"Aalav","category":"food","subtype":"amenity=fast_food","source":"osm","cuisine":"kashmiri","level":"0"}},{"type":"Feature","geometry":{"type":"Point","coordinates":[73.012456,18.97137]},"properties":{"id":"osm:node/14143283203","name":"1971 CAFE","category":"food","subtype":"amenity=cafe","source":"osm","cuisine":"pizza;burger;coffee_shop;dessert","phone":"+919372650081"}},{"type":"Feature","geometry":{"type":"Point","coordinates":[72.864296,19.221182]},"properties":{"id":"osm:node/14144200984","name":"spring fields","category":"food","subtype":"amenity=restaurant","source":"osm","opening_hours":"Mo-Su 09:00-24:00","cuisine":"indian"}},{"type":"Feature","geometry":{"type":"Point","coordinates":[72.961924,19.20969]},"properties":{"id":"osm:node/14144232977","name":null,"category":"food","subtype":"amenity=cafe","source":"osm"}},{"type":"Feature","geometry":{"type":"Point","coordinates":[72.839722,18.988846]},"properties":{"id":"osm:node/14144234143","name":"high protein","category":"food","subtype":"amenity=cafe","source":"osm","opening_hours":"09:00-11:00","cuisine":"mexican;regional"}},{"type":"Feature","geometry":{"type":"Point","coordinates":[72.841425,18.988]},"properties":{"id":"osm:node/14144234144","name":"food dudes","category":"food","subtype":"amenity=cafe","source":"osm","opening_hours":"10:00-12:00","cuisine":"burger;pizza;sandwich;regional"}},{"type":"Feature","geometry":{"type":"Point","coordinates":[72.841928,18.989014]},"properties":{"id":"osm:node/14144234145","name":null,"category":"food","subtype":"amenity=cafe","source":"osm"}},{"type":"Feature","geometry":{"type":"Point","coordinates":[73.01101,19.063938]},"properties":{"id":"osm:node/14144250824","name":"DOSA PLAZA","category":"food","subtype":"amenity=restaurant","source":"osm","opening_hours":"Mo-Fr 9:00-12:00 AM","cuisine":"burger;chinese;italian"}},{"type":"Feature","geometry":{"type":"Point","coordinates":[72.834082,19.215934]},"properties":{"id":"osm:node/14144253670","name":"DOMINOS","category":"food","subtype":"amenity=fast_food","source":"osm"}},{"type":"Feature","geometry":{"type":"Point","coordinates":[72.829444,19.215504]},"properties":{"id":"osm:node/14144253671","name":"Bhagwa","category":"food","subtype":"amenity=restaurant","source":"osm"}},{"type":"Feature","geometry":{"type":"Point","coordinates":[72.994867,19.143788]},"properties":{"id":"osm:node/14144272868","name":"protien hunterz","category":"food","subtype":"amenity=cafe","source":"osm","opening_hours":"12; 00-5; 00","cuisine":"chicken;breakfast"}},{"type":"Feature","geometry":{"type":"Point","coordinates":[72.994867,19.143816]},"properties":{"id":"osm:node/14144272870","name":null,"category":"food","subtype":"amenity=cafe","source":"osm"}},{"type":"Feature","geometry":{"type":"Point","coordinates":[72.993607,19.144523]},"properties":{"id":"osm:node/14144272874","name":"rajesh pavbhaji","category":"food","subtype":"amenity=cafe","source":"osm","opening_hours":"10; 00-12; 00","cuisine":"indian"}},{"type":"Feature","geometry":{"type":"Point","coordinates":[73.005063,19.090109]},"properties":{"id":"osm:node/14144295504","name":"Madhuban Sweets","category":"food","subtype":"amenity=fast_food","source":"osm"}},{"type":"Feature","geometry":{"type":"Point","coordinates":[72.845665,19.100138]},"properties":{"id":"osm:node/14148397201","name":"KFC","category":"food","subtype":"amenity=fast_food","source":"osm"}},{"type":"Feature","geometry":{"type":"Point","coordinates":[73.006088,19.083179]},"properties":{"id":"osm:node/14166396906","name":"Hotel Mauli","category":"food","subtype":"amenity=restaurant","source":"osm","cuisine":"indian"}},{"type":"Feature","geometry":{"type":"Point","coordinates":[72.828987,19.146489]},"properties":{"id":"osm:node/14168544002","name":null,"category":"food","subtype":"amenity=fast_food","source":"osm"}},{"type":"Feature","geometry":{"type":"Point","coordinates":[72.827649,19.146429]},"properties":{"id":"osm:node/14168544011","name":null,"category":"food","subtype":"amenity=fast_food","source":"osm","cuisine":"indian;bihari;litti_chokha"}},{"type":"Feature","geometry":{"type":"Point","coordinates":[72.852355,19.024457]},"properties":{"id":"osm:node/14169512131","name":"Pizza Castle","category":"food","subtype":"amenity=fast_food","source":"osm"}},{"type":"Feature","geometry":{"type":"Point","coordinates":[72.938533,19.048982]},"properties":{"id":"osm:node/14172771961","name":"mangal cake shop","category":"food","subtype":"shop=bakery","source":"osm","opening_hours":"monday to sunday"}},{"type":"Feature","geometry":{"type":"Point","coordinates":[72.931888,19.048977]},"properties":{"id":"osm:node/14172771967","name":"The BOSS bites mankhurd","category":"food","subtype":"amenity=cafe","source":"osm","cuisine":"italian"}},{"type":"Feature","geometry":{"type":"Point","coordinates":[72.906345,19.074625]},"properties":{"id":"osm:node/14173965273","name":"Blue Tokai Coffee Roasters","category":"food","subtype":"amenity=cafe","source":"osm","opening_hours":"Mo-Su 7:00-23:00","cuisine":"coffee_shop"}},{"type":"Feature","geometry":{"type":"Point","coordinates":[72.831576,19.148113]},"properties":{"id":"osm:node/14180510765","name":"Vyanjan","category":"food","subtype":"amenity=fast_food","source":"osm"}},{"type":"Feature","geometry":{"type":"Point","coordinates":[72.831809,19.148822]},"properties":{"id":"osm:node/14180510774","name":"Time To Sea","category":"food","subtype":"amenity=restaurant","source":"osm"}},{"type":"Feature","geometry":{"type":"Point","coordinates":[72.831642,19.148695]},"properties":{"id":"osm:node/14180510782","name":"14°41° Pizzeria","category":"food","subtype":"amenity=restaurant","source":"osm","wheelchair":"no","cuisine":"pizza","level":"0"}},{"type":"Feature","geometry":{"type":"Point","coordinates":[72.83261,19.146076]},"properties":{"id":"osm:node/14180510794","name":"Cafe Jumbo","category":"food","subtype":"amenity=fast_food","source":"osm"}},{"type":"Feature","geometry":{"type":"Point","coordinates":[72.831119,19.147161]},"properties":{"id":"osm:node/14180566818","name":"Coffee Connect","category":"food","subtype":"amenity=cafe","source":"osm"}},{"type":"Feature","geometry":{"type":"Point","coordinates":[72.831142,19.147335]},"properties":{"id":"osm:node/14180566826","name":"Cafe Pibati","category":"food","subtype":"amenity=cafe","source":"osm"}},{"type":"Feature","geometry":{"type":"Point","coordinates":[72.83155,19.148056]},"properties":{"id":"osm:node/14180566833","name":"Yoko Sizzlers","category":"food","subtype":"amenity=restaurant","source":"osm"}},{"type":"Feature","geometry":{"type":"Point","coordinates":[72.832001,19.14904]},"properties":{"id":"osm:node/14180566845","name":"The Bunsik","category":"food","subtype":"amenity=fast_food","source":"osm","cuisine":"korean"}},{"type":"Feature","geometry":{"type":"Point","coordinates":[72.832713,19.146081]},"properties":{"id":"osm:node/14180566871","name":"Delicacy of China","category":"food","subtype":"amenity=restaurant","source":"osm","wheelchair":"no","cuisine":"chinese","level":"0"}},{"type":"Feature","geometry":{"type":"Point","coordinates":[72.831638,19.148507]},"properties":{"id":"osm:node/14180566888","name":"Fire Bowl","category":"food","subtype":"amenity=restaurant","source":"osm","level":"0"}},{"type":"Feature","geometry":{"type":"Point","coordinates":[72.81259,18.960698]},"properties":{"id":"osm:way/39839316","name":"Cinnabon","category":"food","subtype":"amenity=fast_food","source":"osm","opening_hours":"Mo-Su 07:30-00:00","cuisine":"dessert","phone":"022-23808324"}},{"type":"Feature","geometry":{"type":"Point","coordinates":[72.830232,18.919922]},"properties":{"id":"osm:way/40382476","name":"Cafe Churchill","category":"food","subtype":"amenity=restaurant","source":"osm"}},{"type":"Feature","geometry":{"type":"Point","coordinates":[72.831764,18.922713]},"properties":{"id":"osm:way/40387597","name":"Cafe Leopold","category":"food","subtype":"amenity=restaurant","source":"osm","opening_hours":"Mo-Su 07:30-01:00","cuisine":"indian"}},{"type":"Feature","geometry":{"type":"Point","coordinates":[72.840334,19.031794]},"properties":{"id":"osm:way/40739096","name":"Goa Portuguesa","category":"food","subtype":"amenity=restaurant","source":"osm","cuisine":"Goan"}},{"type":"Feature","geometry":{"type":"Point","coordinates":[72.81619,18.962461]},"properties":{"id":"osm:way/48804708","name":"B Merwan & Co Bakers","category":"food","subtype":"amenity=restaurant","source":"osm"}},{"type":"Feature","geometry":{"type":"Point","coordinates":[72.837647,18.936089]},"properties":{"id":"osm:way/51937306","name":"Cafe Universal","category":"food","subtype":"amenity=restaurant","source":"osm","opening_hours":"Mo-Sa 11:00-23:00; Su 16:00-23:00","phone":"+91-22-2261-3985"}},{"type":"Feature","geometry":{"type":"Point","coordinates":[72.840704,18.935895]},"properties":{"id":"osm:way/51939364","name":"Bombay Coffee House (model cafe)","category":"food","subtype":"amenity=restaurant","source":"osm","opening_hours":"Mo-Su 08:00-22:00","cuisine":"burger;pizza;american;chicken;italian;sandwich;seafood;indian;pasta;chocolate;salad;coffee_shop","phone":"+91 8108847771"}},{"type":"Feature","geometry":{"type":"Point","coordinates":[72.856644,19.026361]},"properties":{"id":"osm:way/116616996","name":"classic","category":"food","subtype":"amenity=restaurant","source":"osm","opening_hours":"Mo-Fr 08:00-17:00","cuisine":"chinese;indian;regional"}},{"type":"Feature","geometry":{"type":"Point","coordinates":[72.992192,19.075981]},"properties":{"id":"osm:way/144021909","name":"Canteen","category":"food","subtype":"amenity=cafe","source":"osm"}},{"type":"Feature","geometry":{"type":"Point","coordinates":[72.852307,19.103954]},"properties":{"id":"osm:way/144377524","name":"Moreshwar","category":"food","subtype":"amenity=cafe","source":"osm"}},{"type":"Feature","geometry":{"type":"Point","coordinates":[72.975827,19.186517]},"properties":{"id":"osm:way/151869151","name":"canteen","category":"food","subtype":"amenity=restaurant","source":"osm","cuisine":"chinese;burger;regional"}},{"type":"Feature","geometry":{"type":"Point","coordinates":[72.903687,19.07279]},"properties":{"id":"osm:way/233769287","name":"Ganesh Bakery","category":"food","subtype":"shop=bakery","source":"osm"}},{"type":"Feature","geometry":{"type":"Point","coordinates":[72.930601,18.964142]},"properties":{"id":"osm:way/280006091","name":"Chalukya","category":"food","subtype":"amenity=restaurant","source":"osm"}},{"type":"Feature","geometry":{"type":"Point","coordinates":[72.930482,18.965605]},"properties":{"id":"osm:way/280006093","name":null,"category":"food","subtype":"amenity=restaurant","source":"osm","cuisine":"indian"}},{"type":"Feature","geometry":{"type":"Point","coordinates":[72.904719,19.062656]},"properties":{"id":"osm:way/314367859","name":"rozy ...noodle khaoo bhuk mitaao noodle khao","category":"food","subtype":"amenity=restaurant","source":"osm","cuisine":"regional"}},{"type":"Feature","geometry":{"type":"Point","coordinates":[72.905689,19.115537]},"properties":{"id":"osm:way/348488379","name":"S.M. Shetty canteen","category":"food","subtype":"amenity=cafe","source":"osm","cuisine":"Idli_Chilli,_Vada_Pav,_rolls"}},{"type":"Feature","geometry":{"type":"Point","coordinates":[72.838017,19.205457]},"properties":{"id":"osm:way/352803322","name":"Rasoii Veg Inn","category":"food","subtype":"amenity=restaurant","source":"osm","opening_hours":"Mo-Su 08:00-23:00","cuisine":"Punjabi;fast_food"}},{"type":"Feature","geometry":{"type":"Point","coordinates":[72.875238,19.296285]},"properties":{"id":"osm:way/352804278","name":"park view hotel","category":"food","subtype":"amenity=restaurant","source":"osm"}},{"type":"Feature","geometry":{"type":"Point","coordinates":[72.848595,19.234701]},"properties":{"id":"osm:way/352927864","name":"dinshas","category":"food","subtype":"amenity=cafe","source":"osm","opening_hours":"Mo-Sa 07:00-21:00","cuisine":"pizza;coffee_shop;burger;japanese;french","phone":"9757378444"}},{"type":"Feature","geometry":{"type":"Point","coordinates":[72.841092,19.234824]},"properties":{"id":"osm:way/352937727","name":"Cream Lounge","category":"food","subtype":"amenity=restaurant","source":"osm","opening_hours":"Mo-Su 12:00-23:30","cuisine":"milkshake;ice_cream;waffles","phone":"+912228992500"}},{"type":"Feature","geometry":{"type":"Point","coordinates":[72.847543,19.161831]},"properties":{"id":"osm:way/352942174","name":"hitika's cafe","category":"food","subtype":"amenity=cafe","source":"osm","opening_hours":"24/7","cuisine":"burger"}},{"type":"Feature","geometry":{"type":"Point","coordinates":[72.850767,19.1705]},"properties":{"id":"osm:way/352963932","name":"timepass","category":"food","subtype":"amenity=restaurant","source":"osm","opening_hours":"sunrise-sunset","cuisine":"pizza"}},{"type":"Feature","geometry":{"type":"Point","coordinates":[72.840632,19.23048]},"properties":{"id":"osm:way/352965271","name":"McDonald's","category":"food","subtype":"amenity=fast_food","source":"osm","cuisine":"burger"}},{"type":"Feature","geometry":{"type":"Point","coordinates":[72.840472,19.230436]},"properties":{"id":"osm:way/352965299","name":"Burger King","category":"food","subtype":"amenity=fast_food","source":"osm","opening_hours":"Mo-Sa 08:00-20:00","cuisine":"burger;chicken"}},{"type":"Feature","geometry":{"type":"Point","coordinates":[72.957848,19.174655]},"properties":{"id":"osm:way/352983788","name":"SITARA","category":"food","subtype":"amenity=restaurant","source":"osm"}},{"type":"Feature","geometry":{"type":"Point","coordinates":[72.833174,19.192571]},"properties":{"id":"osm:way/352985988","name":"tastress","category":"food","subtype":"amenity=cafe","source":"osm","opening_hours":"Mo-Su 08:00-22:00","cuisine":"sandwich;ice_cream","phone":"+91 91360 82889"}},{"type":"Feature","geometry":{"type":"Point","coordinates":[72.969059,19.270436]},"properties":{"id":"osm:way/352993101","name":"A-Rey Cafe","category":"food","subtype":"amenity=cafe","source":"osm"}},{"type":"Feature","geometry":{"type":"Point","coordinates":[72.956352,19.175932]},"properties":{"id":"osm:way/352995729","name":"Morbi Wala Sweet Shop","category":"food","subtype":"shop=confectionery","source":"osm"}},{"type":"Feature","geometry":{"type":"Point","coordinates":[72.882682,19.091349]},"properties":{"id":"osm:way/353160211","name":"Naaz Restaurant","category":"food","subtype":"amenity=restaurant","source":"osm"}},{"type":"Feature","geometry":{"type":"Point","coordinates":[72.975335,19.185088]},"properties":{"id":"osm:way/353174441","name":"Maitri Restaurent & Bar","category":"food","subtype":"amenity=restaurant","source":"osm","opening_hours":"11:00-23:00","cuisine":"regional;indian;seafood","phone":"99308 53152"}},{"type":"Feature","geometry":{"type":"Point","coordinates":[72.880602,19.079632]},"properties":{"id":"osm:way/353181487","name":"Mithiyaj","category":"food","subtype":"shop=bakery","source":"osm"}},{"type":"Feature","geometry":{"type":"Point","coordinates":[72.925102,19.034157]},"properties":{"id":"osm:way/353202263","name":"TSH Canteen","category":"food","subtype":"amenity=restaurant","source":"osm","opening_hours":"PH,Su-Fr 07:00-10:00,11:00-14:00,19:00-21:00","operator":"Department of Atomic Energy"}},{"type":"Feature","geometry":{"type":"Point","coordinates":[72.860287,19.115466]},"properties":{"id":"osm:way/353202872","name":"Sai Palace","category":"food","subtype":"amenity=restaurant","source":"osm","cuisine":"regional"}},{"type":"Feature","geometry":{"type":"Point","coordinates":[72.871282,19.173672]},"properties":{"id":"osm:way/353378180","name":"Daily Tiffin Service","category":"food","subtype":"amenity=restaurant","source":"osm","opening_hours":"Mo-Fr 06:00-23:30","description":"Daily tiffin Services : Order best homemade tiffin and meals in Mumbai with both veg and non-veg food items. We delivers delicious tiffins and lunch or meals. Call : 9167107775","cuisine":"indian","phone":"+919167107775"}},{"type":"Feature","geometry":{"type":"Point","coordinates":[72.854125,19.166584]},"properties":{"id":"osm:way/353388782","name":null,"category":"food","subtype":"amenity=restaurant","source":"osm"}},{"type":"Feature","geometry":{"type":"Point","coordinates":[72.822378,18.914173]},"properties":{"id":"osm:way/353393750","name":"House of Amel","category":"food","subtype":"shop=bakery","source":"osm"}},{"type":"Feature","geometry":{"type":"Point","coordinates":[73.003498,19.113421]},"properties":{"id":"osm:way/353404483","name":"Mahalaxmi Snacks Centre","category":"food","subtype":"amenity=restaurant","source":"osm","opening_hours":"Mo-Su 09:00-21:00","cuisine":"regional;indian"}},{"type":"Feature","geometry":{"type":"Point","coordinates":[72.835916,18.961455]},"properties":{"id":"osm:way/353405023","name":"bombay bites","category":"food","subtype":"amenity=cafe","source":"osm","opening_hours":"06:00-22:00","cuisine":"coffee_shop"}},{"type":"Feature","geometry":{"type":"Point","coordinates":[72.899765,19.061406]},"properties":{"id":"osm:way/353415856","name":"Sadguru","category":"food","subtype":"amenity=restaurant","source":"osm","cuisine":"indian"}},{"type":"Feature","geometry":{"type":"Point","coordinates":[72.881038,19.070192]},"properties":{"id":"osm:way/353418488","name":"Metro Bakery and Confectionery Works","category":"food","subtype":"shop=bakery","source":"osm"}},{"type":"Feature","geometry":{"type":"Point","coordinates":[72.957872,19.171756]},"properties":{"id":"osm:way/353424945","name":"Sandeep Restaurant and Bar","category":"food","subtype":"amenity=restaurant","source":"osm"}},{"type":"Feature","geometry":{"type":"Point","coordinates":[72.894141,19.064173]},"properties":{"id":"osm:way/353425056","name":"Chembur Adda","category":"food","subtype":"amenity=restaurant","source":"osm","opening_hours":"Mo-Su 08:00-22:00","cuisine":"chicken;american;chinese;seafood;indian","phone":"+91 22 2666 1575"}},{"type":"Feature","geometry":{"type":"Point","coordinates":[72.873763,19.175199]},"properties":{"id":"osm:way/353749786","name":"Cafe Coffee Day","category":"food","subtype":"amenity=cafe","source":"osm","opening_hours":"Mo-Su 11:00-20:00","cuisine":"coffee_shop;sandwich;american"}},{"type":"Feature","geometry":{"type":"Point","coordinates":[72.959543,19.196439]},"properties":{"id":"osm:way/353751061","name":"eat and eat","category":"food","subtype":"amenity=restaurant","source":"osm","opening_hours":"Mo-Sa 08:00-20:00","cuisine":"burger;pizza;chicken;american;italian;chinese;sandwich;mexican;tex-mex;german;japanese;indian;seafood;steak_house;french;asian;fish_and_chips;ice_cream;kebab;greek;sushi;barbecue;thai;regional;coffee_shop","phone":"1234567890"}},{"type":"Feature","geometry":{"type":"Point","coordinates":[72.959134,19.185671]},"properties":{"id":"osm:way/353761225","name":"Woodland Restaurant","category":"food","subtype":"amenity=restaurant","source":"osm"}},{"type":"Feature","geometry":{"type":"Point","coordinates":[72.959605,19.185779]},"properties":{"id":"osm:way/353761232","name":"Tip Top Plaza","category":"food","subtype":"amenity=restaurant","source":"osm"}},{"type":"Feature","geometry":{"type":"Point","coordinates":[72.936442,19.132394]},"properties":{"id":"osm:way/353785642","name":"Plan D Fine Dine Restaurant","category":"food","subtype":"amenity=restaurant","source":"osm","opening_hours":"Mo-Su 10:00-22:00","cuisine":"indian;chinese"}},{"type":"Feature","geometry":{"type":"Point","coordinates":[72.891316,19.050499]},"properties":{"id":"osm:way/353987037","name":"pinky store","category":"food","subtype":"amenity=cafe","source":"osm"}},{"type":"Feature","geometry":{"type":"Point","coordinates":[72.849637,19.102967]},"properties":{"id":"osm:way/354016110","name":"dream cafe","category":"food","subtype":"amenity=cafe","source":"osm"}},{"type":"Feature","geometry":{"type":"Point","coordinates":[72.852334,19.10427]},"properties":{"id":"osm:way/354042410","name":"Garde Manger","category":"food","subtype":"amenity=cafe","source":"osm","opening_hours":"Mo-Su 10:00-22:00"}},{"type":"Feature","geometry":{"type":"Point","coordinates":[72.842854,19.083396]},"properties":{"id":"osm:way/354066471","name":"Hotel Radhakrishna","category":"food","subtype":"amenity=restaurant","source":"osm","opening_hours":"Mo-Su 10:00-22:00","cuisine":"regional;soup;western"}},{"type":"Feature","geometry":{"type":"Point","coordinates":[72.981224,19.189016]},"properties":{"id":"osm:way/354226632","name":"Cateen","category":"food","subtype":"amenity=restaurant","source":"osm"}},{"type":"Feature","geometry":{"type":"Point","coordinates":[72.803293,18.957053]},"properties":{"id":"osm:way/356208144","name":null,"category":"food","subtype":"amenity=cafe","source":"osm"}},{"type":"Feature","geometry":{"type":"Point","coordinates":[72.86831,19.172743]},"properties":{"id":"osm:way/357148399","name":"Dominos","category":"food","subtype":"amenity=fast_food","source":"osm","opening_hours":"Mo-Su 11:00-23:00","cuisine":"pizza"}},{"type":"Feature","geometry":{"type":"Point","coordinates":[72.886171,19.103777]},"properties":{"id":"osm:way/357182038","name":"Sudarshan","category":"food","subtype":"amenity=restaurant","source":"osm","cuisine":"indian;chinese"}},{"type":"Feature","geometry":{"type":"Point","coordinates":[72.837517,19.06693]},"properties":{"id":"osm:way/357472079","name":"Hotel Sahil","category":"food","subtype":"amenity=restaurant","source":"osm"}},{"type":"Feature","geometry":{"type":"Point","coordinates":[73.015467,19.210762]},"properties":{"id":"osm:way/358293537","name":"Amit Garden","category":"food","subtype":"amenity=restaurant","source":"osm","phone":"+91 8828353666, +91 8828273666, +91 8828293666"}},{"type":"Feature","geometry":{"type":"Point","coordinates":[72.84852,19.198443]},"properties":{"id":"osm:way/358298872","name":"Delicasy","category":"food","subtype":"amenity=restaurant","source":"osm","cuisine":"pizza;regional"}},{"type":"Feature","geometry":{"type":"Point","coordinates":[72.833281,18.9582]},"properties":{"id":"osm:way/358341277","name":"BGF - BakeGrillFry","category":"food","subtype":"amenity=restaurant","source":"osm","opening_hours":"Mo-Su 15:30-23:30","cuisine":"chicken;american;burger;fast_food","phone":"+919137111676"}},{"type":"Feature","geometry":{"type":"Point","coordinates":[72.863934,19.272689]},"properties":{"id":"osm:way/358987106","name":"Su-Swagat Restraunt","category":"food","subtype":"amenity=restaurant","source":"osm","opening_hours":"Mo-Su,PH 12:00-13:00","cuisine":"indian"}},{"type":"Feature","geometry":{"type":"Point","coordinates":[72.836647,18.961044]},"properties":{"id":"osm:way/359561187","name":"good luck resto","category":"food","subtype":"amenity=restaurant","source":"osm","cuisine":"indian"}},{"type":"Feature","geometry":{"type":"Point","coordinates":[72.876143,19.072652]},"properties":{"id":"osm:way/359780137","name":"Deluxe Restaurant","category":"food","subtype":"amenity=restaurant","source":"osm"}},{"type":"Feature","geometry":{"type":"Point","coordinates":[72.884635,19.120695]},"properties":{"id":"osm:way/360329422","name":null,"category":"food","subtype":"amenity=restaurant","source":"osm"}},{"type":"Feature","geometry":{"type":"Point","coordinates":[72.998695,19.160505]},"properties":{"id":"osm:way/415708422","name":"Priyanka Restaurant","category":"food","subtype":"amenity=restaurant","source":"osm"}},{"type":"Feature","geometry":{"type":"Point","coordinates":[72.873569,19.10021]},"properties":{"id":"osm:way/457728703","name":"Burger King","category":"food","subtype":"amenity=fast_food","source":"osm","cuisine":"burger","level":"3"}},{"type":"Feature","geometry":{"type":"Point","coordinates":[72.875432,19.100216]},"properties":{"id":"osm:way/457728704","name":null,"category":"food","subtype":"amenity=restaurant","source":"osm","level":"3"}},{"type":"Feature","geometry":{"type":"Point","coordinates":[72.957247,19.172006]},"properties":{"id":"osm:way/479859416","name":"Apoorva Bar & Restaurant","category":"food","subtype":"amenity=restaurant","source":"osm"}},{"type":"Feature","geometry":{"type":"Point","coordinates":[72.915777,19.042541]},"properties":{"id":"osm:way/480788776","name":"BARC Hospital Canteen","category":"food","subtype":"amenity=restaurant","source":"osm","opening_hours":"PH,Mo-Su 07:00-23:00","cuisine":"indian"}},{"type":"Feature","geometry":{"type":"Point","coordinates":[72.827009,19.050514]},"properties":{"id":"osm:way/543778459","name":"Bandra Born","category":"food","subtype":"amenity=restaurant","source":"osm"}},{"type":"Feature","geometry":{"type":"Point","coordinates":[72.819256,19.045664]},"properties":{"id":"osm:way/543846807","name":"Café Sea Side","category":"food","subtype":"amenity=cafe","source":"osm"}},{"type":"Feature","geometry":{"type":"Point","coordinates":[73.014356,19.125967]},"properties":{"id":"osm:way/554798498","name":null,"category":"food","subtype":"amenity=fast_food","source":"osm"}},{"type":"Feature","geometry":{"type":"Point","coordinates":[72.926811,19.042102]},"properties":{"id":"osm:way/626193638","name":"NIUS canteen","category":"food","subtype":"amenity=cafe","source":"osm","cuisine":"regional"}},{"type":"Feature","geometry":{"type":"Point","coordinates":[72.846633,19.045245]},"properties":{"id":"osm:way/824809087","name":"Dil Bahar Hotel","category":"food","subtype":"amenity=restaurant","source":"osm"}},{"type":"Feature","geometry":{"type":"Point","coordinates":[72.84726,19.045423]},"properties":{"id":"osm:way/824809089","name":"Shalimar","category":"food","subtype":"amenity=restaurant","source":"osm"}},{"type":"Feature","geometry":{"type":"Point","coordinates":[72.847551,19.045166]},"properties":{"id":"osm:way/824809118","name":"The cake house","category":"food","subtype":"amenity=cafe","source":"osm"}},{"type":"Feature","geometry":{"type":"Point","coordinates":[72.848056,19.04559]},"properties":{"id":"osm:way/824809141","name":"Abhinandan Family Restaurant and bar","category":"food","subtype":"amenity=restaurant","source":"osm"}},{"type":"Feature","geometry":{"type":"Point","coordinates":[72.847932,19.04543]},"properties":{"id":"osm:way/824809156","name":"Nogauri Ama Milk center","category":"food","subtype":"amenity=restaurant","source":"osm"}},{"type":"Feature","geometry":{"type":"Point","coordinates":[72.847845,19.0448]},"properties":{"id":"osm:way/824809183","name":"Datar Darbar","category":"food","subtype":"amenity=restaurant","source":"osm"}},{"type":"Feature","geometry":{"type":"Point","coordinates":[72.847112,19.045414]},"properties":{"id":"osm:way/824826799","name":"Bakery","category":"food","subtype":"amenity=cafe","source":"osm"}},{"type":"Feature","geometry":{"type":"Point","coordinates":[72.977149,19.184611]},"properties":{"id":"osm:way/883700086","name":"Tea Tapri - Krishna","category":"food","subtype":"amenity=cafe","source":"osm"}},{"type":"Feature","geometry":{"type":"Point","coordinates":[72.926205,19.038152]},"properties":{"id":"osm:way/894906310","name":"MAFCO Fast food","category":"food","subtype":"amenity=fast_food","source":"osm"}},{"type":"Feature","geometry":{"type":"Point","coordinates":[72.92553,19.029151]},"properties":{"id":"osm:way/905716238","name":"North Gate food court","category":"food","subtype":"amenity=restaurant","source":"osm","opening_hours":"Mo-Fr 07:00-19:00"}},{"type":"Feature","geometry":{"type":"Point","coordinates":[72.847352,19.230739]},"properties":{"id":"osm:way/910328939","name":"VEG TREAT ROYAL","category":"food","subtype":"amenity=restaurant","source":"osm","cuisine":"indian"}},{"type":"Feature","geometry":{"type":"Point","coordinates":[72.842932,19.14505]},"properties":{"id":"osm:way/910328967","name":"shawarma","category":"food","subtype":"amenity=restaurant","source":"osm","cuisine":"shawarma;milkshake"}},{"type":"Feature","geometry":{"type":"Point","coordinates":[72.969603,19.232574]},"properties":{"id":"osm:way/914404470","name":"Khwaja Garib Nawaz Caterers","category":"food","subtype":"amenity=restaurant","source":"osm","cuisine":"indian"}},{"type":"Feature","geometry":{"type":"Point","coordinates":[72.967958,19.224103]},"properties":{"id":"osm:way/917974270","name":"Stomach Divine Foods","category":"food","subtype":"amenity=restaurant","source":"osm","opening_hours":"24/7","cuisine":"pizza;italian;mexican;sandwich;indian;burger;regional;barbecue","phone":"+919321746412"}},{"type":"Feature","geometry":{"type":"Point","coordinates":[73.014842,19.027127]},"properties":{"id":"osm:way/968857345","name":null,"category":"food","subtype":"amenity=restaurant","source":"osm"}},{"type":"Feature","geometry":{"type":"Point","coordinates":[73.014946,19.026458]},"properties":{"id":"osm:way/968857348","name":null,"category":"food","subtype":"amenity=restaurant","source":"osm"}},{"type":"Feature","geometry":{"type":"Point","coordinates":[72.845499,19.02662]},"properties":{"id":"osm:way/978614998","name":null,"category":"food","subtype":"amenity=cafe","source":"osm"}},{"type":"Feature","geometry":{"type":"Point","coordinates":[72.969332,19.234003]},"properties":{"id":"osm:way/993950689","name":"Chulha Restobar","category":"food","subtype":"amenity=restaurant","source":"osm"}},{"type":"Feature","geometry":{"type":"Point","coordinates":[72.969449,19.23539]},"properties":{"id":"osm:way/993950695","name":"Rangla Punjab","category":"food","subtype":"amenity=restaurant","source":"osm"}},{"type":"Feature","geometry":{"type":"Point","coordinates":[72.96949,19.235905]},"properties":{"id":"osm:way/993950698","name":"27 Yard","category":"food","subtype":"amenity=restaurant","source":"osm"}},{"type":"Feature","geometry":{"type":"Point","coordinates":[72.9695,19.236099]},"properties":{"id":"osm:way/993950700","name":"Hot Bento","category":"food","subtype":"amenity=restaurant","source":"osm","cuisine":"chinese"}},{"type":"Feature","geometry":{"type":"Point","coordinates":[72.969455,19.23646]},"properties":{"id":"osm:way/994865758","name":"Laxmi Family Bar & Restaurant","category":"food","subtype":"amenity=restaurant","source":"osm"}},{"type":"Feature","geometry":{"type":"Point","coordinates":[72.969593,19.232751]},"properties":{"id":"osm:way/994875172","name":"Ramji Family Restaurant & Bar","category":"food","subtype":"amenity=restaurant","source":"osm"}},{"type":"Feature","geometry":{"type":"Point","coordinates":[72.969593,19.232695]},"properties":{"id":"osm:way/994875173","name":"Sreya Restaurant","category":"food","subtype":"amenity=restaurant","source":"osm"}},{"type":"Feature","geometry":{"type":"Point","coordinates":[72.969602,19.2328]},"properties":{"id":"osm:way/994875178","name":"Kathiyawadi Cafe","category":"food","subtype":"amenity=cafe","source":"osm","cuisine":"coffee_shop"}},{"type":"Feature","geometry":{"type":"Point","coordinates":[73.001241,19.204838]},"properties":{"id":"osm:way/1009526711","name":"Baba's Kitchen","category":"food","subtype":"amenity=restaurant","source":"osm","opening_hours":"Mo-Su 10:00-22:00","cuisine":"chinese"}},{"type":"Feature","geometry":{"type":"Point","coordinates":[72.865261,19.209901]},"properties":{"id":"osm:way/1015920191","name":"school cafeteria","category":"food","subtype":"amenity=cafe","source":"osm"}},{"type":"Feature","geometry":{"type":"Point","coordinates":[72.848535,19.186408]},"properties":{"id":"osm:way/1036499292","name":"Cafe Coffee Day","category":"food","subtype":"amenity=cafe","source":"osm","opening_hours":"Mo-Su 08:00-23:00","cuisine":"coffee_shop"}},{"type":"Feature","geometry":{"type":"Point","coordinates":[72.992968,19.149331]},"properties":{"id":"osm:way/1068843540","name":"Sai Sagar Family Restaurant","category":"food","subtype":"amenity=restaurant","source":"osm"}},{"type":"Feature","geometry":{"type":"Point","coordinates":[73.003391,19.10526]},"properties":{"id":"osm:way/1069833516","name":"Hotel Spices KK","category":"food","subtype":"amenity=restaurant","source":"osm"}},{"type":"Feature","geometry":{"type":"Point","coordinates":[72.943139,19.152123]},"properties":{"id":"osm:way/1074586694","name":"Skyline park","category":"food","subtype":"amenity=cafe","source":"osm","opening_hours":"09:00-12:00","access":"private"}},{"type":"Feature","geometry":{"type":"Point","coordinates":[72.829047,19.126962]},"properties":{"id":"osm:way/1077916495","name":"Knoshh - The Food Hall","category":"food","subtype":"amenity=restaurant","source":"osm","opening_hours":"24/7","cuisine":"burger;regional;pizza;chinese;sandwich;chicken;seafood;indian;kebab","phone":"+91 8657469920"}},{"type":"Feature","geometry":{"type":"Point","coordinates":[72.947506,19.185295]},"properties":{"id":"osm:way/1111676948","name":"Bhavani Farsan and Sweet Mart","category":"food","subtype":"amenity=restaurant","source":"osm","opening_hours":"08:00-22:00","cuisine":"indian;regional","phone":"+91 98925 28256"}},{"type":"Feature","geometry":{"type":"Point","coordinates":[72.870008,19.161805]},"properties":{"id":"osm:way/1120054443","name":"RADHA RESTAURNT","category":"food","subtype":"amenity=restaurant","source":"osm","cuisine":"regional"}},{"type":"Feature","geometry":{"type":"Point","coordinates":[72.978201,19.248069]},"properties":{"id":"osm:way/1122108958","name":"Burger King","category":"food","subtype":"amenity=fast_food","source":"osm","cuisine":"burger"}},{"type":"Feature","geometry":{"type":"Point","coordinates":[72.824044,19.067384]},"properties":{"id":"osm:way/1123870256","name":"foodstuffs","category":"food","subtype":"amenity=cafe","source":"osm","opening_hours":"Mo-Su 10:00-21:00","cuisine":"asain"}},{"type":"Feature","geometry":{"type":"Point","coordinates":[72.808156,19.196501]},"properties":{"id":"osm:way/1133067323","name":"J and K Red corner restaurant","category":"food","subtype":"amenity=restaurant","source":"osm","opening_hours":"Mo-Su 13:00:00-23:00","cuisine":"chinese"}},{"type":"Feature","geometry":{"type":"Point","coordinates":[72.852288,19.22366]},"properties":{"id":"osm:way/1141885659","name":"Dwarka Restaurant","category":"food","subtype":"amenity=restaurant","source":"osm","opening_hours":"Mo-Su 09:00-21:00","cuisine":"indian"}},{"type":"Feature","geometry":{"type":"Point","coordinates":[72.84401,19.206526]},"properties":{"id":"osm:way/1144640838","name":null,"category":"food","subtype":"amenity=restaurant","source":"osm"}},{"type":"Feature","geometry":{"type":"Point","coordinates":[72.844008,19.206516]},"properties":{"id":"osm:way/1144645144","name":"makabo resturant","category":"food","subtype":"amenity=restaurant","source":"osm"}},{"type":"Feature","geometry":{"type":"Point","coordinates":[72.864103,19.106794]},"properties":{"id":"osm:way/1207964215","name":"JB  NAGAR","category":"food","subtype":"amenity=cafe","source":"osm"}},{"type":"Feature","geometry":{"type":"Point","coordinates":[72.941111,19.152342]},"properties":{"id":"osm:way/1215018739","name":"Satyam Cafe","category":"food","subtype":"amenity=cafe","source":"osm","opening_hours":"Mo-Su 10:00-21:00","cuisine":"burger;pizza;chinese;sandwich;dessert;coffee_shop"}},{"type":"Feature","geometry":{"type":"Point","coordinates":[72.887428,19.28171]},"properties":{"id":"osm:way/1220026659","name":null,"category":"food","subtype":"amenity=restaurant","source":"osm"}},{"type":"Feature","geometry":{"type":"Point","coordinates":[72.841675,19.028671]},"properties":{"id":"osm:way/1227680048","name":"masoli","category":"food","subtype":"amenity=restaurant","source":"osm","opening_hours":"Mo-Su 08:00-21:00","cuisine":"fish"}},{"type":"Feature","geometry":{"type":"Point","coordinates":[72.977177,19.247816]},"properties":{"id":"osm:way/1228546596","name":"tanvi","category":"food","subtype":"amenity=cafe","source":"osm","opening_hours":"24/7","cuisine":"burger;pizza","phone":"133546345554435"}},{"type":"Feature","geometry":{"type":"Point","coordinates":[72.998681,19.160404]},"properties":{"id":"osm:way/1279274776","name":"Mamta Restaurant","category":"food","subtype":"amenity=restaurant","source":"osm"}},{"type":"Feature","geometry":{"type":"Point","coordinates":[72.824046,19.057263]},"properties":{"id":"osm:way/1314136223","name":null,"category":"food","subtype":"amenity=fast_food","source":"osm","cuisine":"chinese"}},{"type":"Feature","geometry":{"type":"Point","coordinates":[72.936442,19.132394]},"properties":{"id":"osm:way/1315252429","name":null,"category":"food","subtype":"amenity=restaurant","source":"osm"}},{"type":"Feature","geometry":{"type":"Point","coordinates":[72.844046,19.08352]},"properties":{"id":"osm:way/1327051201","name":"Cafe Montana","category":"food","subtype":"amenity=cafe","source":"osm","opening_hours":"Mo-Su 09:00-22:00","cuisine":"coffee_shop;burger;pizza;sandwich;mexican;italian;indian;breakfast"}},{"type":"Feature","geometry":{"type":"Point","coordinates":[72.917998,19.100073]},"properties":{"id":"osm:way/1330412754","name":"Street Food Stalls","category":"food","subtype":"amenity=fast_food","source":"osm"}},{"type":"Feature","geometry":{"type":"Point","coordinates":[72.908547,19.085034]},"properties":{"id":"osm:way/1330621898","name":"Street Food Stalls","category":"food","subtype":"amenity=fast_food","source":"osm"}},{"type":"Feature","geometry":{"type":"Point","coordinates":[72.920235,19.093182]},"properties":{"id":"osm:way/1334755910","name":"Bombay Island Coffee Company","category":"food","subtype":"amenity=cafe","source":"osm","cuisine":"coffee_shop"}},{"type":"Feature","geometry":{"type":"Point","coordinates":[72.921401,19.094693]},"properties":{"id":"osm:way/1334755913","name":"Butterfly High","category":"food","subtype":"amenity=restaurant","source":"osm"}},{"type":"Feature","geometry":{"type":"Point","coordinates":[72.921465,19.094645]},"properties":{"id":"osm:way/1334755914","name":"Mia Cucina","category":"food","subtype":"amenity=restaurant","source":"osm"}},{"type":"Feature","geometry":{"type":"Point","coordinates":[72.921937,19.09487]},"properties":{"id":"osm:way/1334755915","name":"Tat","category":"food","subtype":"amenity=restaurant","source":"osm"}},{"type":"Feature","geometry":{"type":"Point","coordinates":[72.82413,19.144236]},"properties":{"id":"osm:way/1342736882","name":"High Point","category":"food","subtype":"amenity=fast_food","source":"osm","opening_hours":"Mo-Su 09:00-23:30","cuisine":"indian;chinese;south_indian","level":"0"}},{"type":"Feature","geometry":{"type":"Point","coordinates":[72.828969,18.916701]},"properties":{"id":"osm:way/1344478883","name":"Paradise Bakery","category":"food","subtype":"shop=bakery","source":"osm"}},{"type":"Feature","geometry":{"type":"Point","coordinates":[72.86073,19.047407]},"properties":{"id":"osm:way/1346339129","name":"Saheel Restaurant","category":"food","subtype":"amenity=restaurant","source":"osm","opening_hours":"Mo 07:00 - 00:30 Tu - Su 07:30 - 00:30","cuisine":"chinese;moghlai","phone":"+91 77384 50409"}},{"type":"Feature","geometry":{"type":"Point","coordinates":[72.839295,19.100787]},"properties":{"id":"osm:way/1349154984","name":"Tim Hortons","category":"food","subtype":"amenity=cafe","source":"osm","opening_hours":"Mo-Su 10:00-22:00","cuisine":"coffee_shop;sandwich;donut"}},{"type":"Feature","geometry":{"type":"Point","coordinates":[72.858941,19.286233]},"properties":{"id":"osm:way/1349931266","name":"Afzal Sweet Centre","category":"food","subtype":"shop=confectionery","source":"osm"}},{"type":"Feature","geometry":{"type":"Point","coordinates":[72.963177,19.208531]},"properties":{"id":"osm:way/1352854425","name":"Prashant Corner","category":"food","subtype":"amenity=restaurant","source":"osm","cuisine":"regional"}},{"type":"Feature","geometry":{"type":"Point","coordinates":[72.812477,18.956089]},"properties":{"id":"osm:way/1354007405","name":"sukh sagar","category":"food","subtype":"amenity=restaurant","source":"osm","opening_hours":"Mo-Su 10:00-22:00","cuisine":"indian"}},{"type":"Feature","geometry":{"type":"Point","coordinates":[72.867824,19.025416]},"properties":{"id":"osm:way/1355395198","name":"TVlolz","category":"food","subtype":"amenity=cafe","source":"osm","opening_hours":"sunrise-sunset","cuisine":"chicken;ice_cream;pancake;coffee_shop"}},{"type":"Feature","geometry":{"type":"Point","coordinates":[72.975708,19.235152]},"properties":{"id":"osm:way/1360231035","name":"Bikaner sweet and namkin","category":"food","subtype":"shop=confectionery","source":"osm","opening_hours":"Mo-Su 07:00-22:00"}},{"type":"Feature","geometry":{"type":"Point","coordinates":[72.975743,19.23534]},"properties":{"id":"osm:way/1360237538","name":"Neelam","category":"food","subtype":"amenity=restaurant","source":"osm","cuisine":"grill"}},{"type":"Feature","geometry":{"type":"Point","coordinates":[72.975714,19.235727]},"properties":{"id":"osm:way/1360238075","name":"Souffle","category":"food","subtype":"shop=pastry","source":"osm"}},{"type":"Feature","geometry":{"type":"Point","coordinates":[73.007012,19.096406]},"properties":{"id":"osm:way/1360706745","name":"ASHWITH","category":"food","subtype":"amenity=cafe","source":"osm"}},{"type":"Feature","geometry":{"type":"Point","coordinates":[73.00484,19.098388]},"properties":{"id":"osm:way/1360707527","name":"PANCHARATNA","category":"food","subtype":"amenity=restaurant","source":"osm"}},{"type":"Feature","geometry":{"type":"Point","coordinates":[72.92636,19.060203]},"properties":{"id":"osm:way/1370139985","name":null,"category":"food","subtype":"shop=bakery","source":"osm"}},{"type":"Feature","geometry":{"type":"Point","coordinates":[72.827528,19.110468]},"properties":{"id":"osm:way/1378932746","name":"Naturals","category":"food","subtype":"amenity=ice_cream","source":"osm","opening_hours":"Mo-Su 12:30-00:00","cuisine":"ice_cream"}},{"type":"Feature","geometry":{"type":"Point","coordinates":[72.818883,18.955318]},"properties":{"id":"osm:way/1380575750","name":"Mumbai Bites","category":"food","subtype":"amenity=cafe","source":"osm","opening_hours":"Mo-Sa 08:00-00:00","cuisine":"pizza;burger;sandwich"}},{"type":"Feature","geometry":{"type":"Point","coordinates":[72.864099,19.277745]},"properties":{"id":"osm:way/1382952620","name":"Radha Krishna Restaurant and Party Hall","category":"food","subtype":"amenity=restaurant","source":"osm","cuisine":"indian"}},{"type":"Feature","geometry":{"type":"Point","coordinates":[72.827011,19.103345]},"properties":{"id":"osm:way/1387274670","name":"The Homemade Cafe and Bar","category":"food","subtype":"amenity=cafe","source":"osm","phone":"+91 99877 21543"}},{"type":"Feature","geometry":{"type":"Point","coordinates":[72.827013,19.103289]},"properties":{"id":"osm:way/1387274673","name":"Tibb's Frankie","category":"food","subtype":"amenity=fast_food","source":"osm"}},{"type":"Feature","geometry":{"type":"Point","coordinates":[72.824486,19.104827]},"properties":{"id":"osm:way/1387274684","name":"Balaji Bhavan","category":"food","subtype":"amenity=fast_food","source":"osm"}},{"type":"Feature","geometry":{"type":"Point","coordinates":[72.897994,19.057302]},"properties":{"id":"osm:way/1408576356","name":"Gracias Granny","category":"food","subtype":"amenity=restaurant","source":"osm","opening_hours":"10:00-23:00","operator":"New Norm Foods Private Limited","cuisine":"mexican","level":"0"}},{"type":"Feature","geometry":{"type":"Point","coordinates":[72.925208,18.873501]},"properties":{"id":"osm:way/1409173636","name":"Krabi Multi-cuisine Restaurant","category":"food","subtype":"amenity=restaurant","source":"osm","opening_hours":"Mo-Su 07:00-22:00","phone":"+919920763763"}},{"type":"Feature","geometry":{"type":"Point","coordinates":[72.837517,19.067425]},"properties":{"id":"osm:way/1424948150","name":"Rajasthan Restaurant","category":"food","subtype":"amenity=restaurant","source":"osm","cuisine":"indian"}},{"type":"Feature","geometry":{"type":"Point","coordinates":[72.8299,19.050755]},"properties":{"id":"osm:way/1428230097","name":"Mysore Thatte Tales","category":"food","subtype":"amenity=restaurant","source":"osm","opening_hours":"Mo-Su 07:00-21:00","cuisine":"indian"}},{"type":"Feature","geometry":{"type":"Point","coordinates":[72.829908,19.1416]},"properties":{"id":"osm:way/1442763223","name":"Yazu Pan Asian Supper Club","category":"food","subtype":"amenity=restaurant","source":"osm","opening_hours":"Mo-Su 12:00-01:30","wheelchair":"no","operator":"Yazu Hospitality Private Limited","cuisine":"asian","level":"0"}},{"type":"Feature","geometry":{"type":"Point","coordinates":[72.830031,19.141601]},"properties":{"id":"osm:way/1442763229","name":"Juliette Café and Bar","category":"food","subtype":"amenity=restaurant","source":"osm","opening_hours":"Mo-Su 08:00-01:30","wheelchair":"no","operator":"Yazu Hospitality Private Limited","level":"0"}},{"type":"Feature","geometry":{"type":"Point","coordinates":[72.846287,19.101769]},"properties":{"id":"osm:way/1447320492","name":"Sharma bhelpuri house","category":"food","subtype":"amenity=restaurant","source":"osm","cuisine":"chaat"}},{"type":"Feature","geometry":{"type":"Point","coordinates":[72.817215,18.981045]},"properties":{"id":"osm:way/1451269779","name":"Gallops","category":"food","subtype":"amenity=restaurant","source":"osm"}},{"type":"Feature","geometry":{"type":"Point","coordinates":[72.826409,19.196123]},"properties":{"id":"osm:way/1454369846","name":"Zubby Cake and Cafe Shop","category":"food","subtype":"amenity=cafe","source":"osm","opening_hours":"Mo-Su 08:00-22:00","cuisine":"burger;sandwich;ice_cream;coffee_shop;tea;cake"}},{"type":"Feature","geometry":{"type":"Point","coordinates":[72.864838,19.166114]},"properties":{"id":"osm:way/1459178475","name":"Om Sai Sagar Fast Food","category":"food","subtype":"amenity=fast_food","source":"osm","level":"0"}},{"type":"Feature","geometry":{"type":"Point","coordinates":[72.837615,19.078662]},"properties":{"id":"osm:way/1460053824","name":"Gracias Granny","category":"food","subtype":"amenity=restaurant","source":"osm","opening_hours":"10:00-23:00","operator":"New Norm Foods Private Limited","cuisine":"mexican","level":"0"}},{"type":"Feature","geometry":{"type":"Point","coordinates":[72.8862,19.053518]},"properties":{"id":"osm:way/1471905406","name":"Saroj","category":"food","subtype":"amenity=restaurant","source":"osm","opening_hours":"Mo-Su 10:00-22:00","cuisine":"indian"}},{"type":"Feature","geometry":{"type":"Point","coordinates":[72.912302,19.136215]},"properties":{"id":"osm:way/1474136691","name":"H2 Canteen","category":"food","subtype":"amenity=fast_food","source":"osm"}},{"type":"Feature","geometry":{"type":"Point","coordinates":[72.825326,19.141316]},"properties":{"id":"osm:way/1479855070","name":"Yasin's Food Inn","category":"food","subtype":"amenity=restaurant","source":"osm","wheelchair":"limited","cuisine":"mughlai;italian;indian;chinese;arab;lebanese","level":"0;1"}},{"type":"Feature","geometry":{"type":"Point","coordinates":[72.824154,19.144198]},"properties":{"id":"osm:way/1479855071","name":"High Point","category":"food","subtype":"amenity=fast_food","source":"osm","opening_hours":"Mo-Su 09:00-23:30","cuisine":"indian;chinese","level":"0"}},{"type":"Feature","geometry":{"type":"Point","coordinates":[72.980745,19.188235]},"properties":{"id":"osm:way/1482007596","name":"cafe","category":"food","subtype":"amenity=cafe","source":"osm"}},{"type":"Feature","geometry":{"type":"Point","coordinates":[72.824831,19.141377]},"properties":{"id":"osm:way/1482765588","name":"Domino's","category":"food","subtype":"amenity=fast_food","source":"osm","cuisine":"pizza","level":"0"}},{"type":"Feature","geometry":{"type":"Point","coordinates":[72.949813,19.283723]},"properties":{"id":"osm:way/1485349483","name":"Papaji's","category":"food","subtype":"amenity=restaurant","source":"osm","cuisine":"chinese"}},{"type":"Feature","geometry":{"type":"Point","coordinates":[72.823212,19.145786]},"properties":{"id":"osm:way/1504184366","name":"Baskin-Robbins","category":"food","subtype":"amenity=ice_cream","source":"osm","wheelchair":"no"}},{"type":"Feature","geometry":{"type":"Point","coordinates":[72.8139,19.131076]},"properties":{"id":"osm:way/1504782809","name":"Sorozai","category":"food","subtype":"amenity=restaurant","source":"osm"}},{"type":"Feature","geometry":{"type":"Point","coordinates":[72.813971,19.130928]},"properties":{"id":"osm:way/1504782812","name":"Rodeo Pizza","category":"food","subtype":"amenity=restaurant","source":"osm"}},{"type":"Feature","geometry":{"type":"Point","coordinates":[72.813863,19.131116]},"properties":{"id":"osm:way/1504782815","name":"Barista","category":"food","subtype":"amenity=cafe","source":"osm","cuisine":"coffee_shop","level":"0"}},{"type":"Feature","geometry":{"type":"Point","coordinates":[72.837613,19.078584]},"properties":{"id":"osm:way/1505434553","name":"Starbucks","category":"food","subtype":"amenity=cafe","source":"osm","wheelchair":"no","cuisine":"coffee_shop","level":"0"}},{"type":"Feature","geometry":{"type":"Point","coordinates":[73.000392,19.161649]},"properties":{"id":"osm:way/1534082526","name":"Starbucks","category":"food","subtype":"amenity=cafe","source":"osm","cuisine":"coffee_shop"}},{"type":"Feature","geometry":{"type":"Point","coordinates":[72.823448,19.146048]},"properties":{"id":"osm:way/1540851972","name":"Subway","category":"food","subtype":"amenity=fast_food","source":"osm","cuisine":"sandwich"}},{"type":"Feature","geometry":{"type":"Point","coordinates":[72.836923,19.109389]},"properties":{"id":"osm:way/1543023465","name":"Amar Juice Centre","category":"food","subtype":"amenity=restaurant","source":"osm","opening_hours":"Mo-Su 11:00-02:00","cuisine":"indian"}},{"type":"Feature","geometry":{"type":"Point","coordinates":[72.829547,19.062937]},"properties":{"id":"osm:way/1544839891","name":"Tea Shop","category":"food","subtype":"amenity=cafe","source":"osm","opening_hours":"Mo-Su 08:00-22:00","cuisine":"coffee_shop"}},{"type":"Feature","geometry":{"type":"Point","coordinates":[72.864542,19.178997]},"properties":{"id":"osm:way/1548346532","name":"Mallika Hotel & Bar","category":"food","subtype":"amenity=restaurant","source":"osm","cuisine":"grill"}},{"type":"Feature","geometry":{"type":"Point","coordinates":[72.862323,19.178962]},"properties":{"id":"osm:way/1548346533","name":"Noorani Restaurant","category":"food","subtype":"amenity=restaurant","source":"osm","cuisine":"chicken;chinese"}},{"type":"Feature","geometry":{"type":"Point","coordinates":[72.961926,19.209694]},"properties":{"id":"osm:way/1554732196","name":"Happy cup Cafe","category":"food","subtype":"amenity=cafe","source":"osm","opening_hours":"Mo-Sa 09:00-20:00","cuisine":"sandwich;burger"}},{"type":"Feature","geometry":{"type":"Point","coordinates":[72.830155,19.146128]},"properties":{"id":"osm:way/1557766980","name":"Sardaarji Haveli","category":"food","subtype":"amenity=restaurant","source":"osm","wheelchair":"limited"}},{"type":"Feature","geometry":{"type":"Point","coordinates":[72.833057,19.148663]},"properties":{"id":"osm:way/1558827863","name":"Cafe Safar","category":"food","subtype":"amenity=restaurant","source":"osm","wheelchair":"no","level":"0"}}]}