{"type":"FeatureCollection","attribution":"© OpenStreetMap contributors (ODbL) · MCGM public toilet data via data.opencity.in (public domain)","generated":"2026-08-13T11:51:58.519Z","bbox":"18.87,72.77,19.32,73.02","features":[{"type":"Feature","geometry":{"type":"Point","coordinates":[72.853345,19.016482]},"properties":{"id":"osm:node/245660676","name":"Rajendra Clinic","category":"health","source":"osm","healthcare":"clinic"}},{"type":"Feature","geometry":{"type":"Point","coordinates":[72.883476,19.27338]},"properties":{"id":"osm:node/342119964","name":"Saint Anne's Hospital","category":"health","source":"osm"}},{"type":"Feature","geometry":{"type":"Point","coordinates":[72.832132,19.051643]},"properties":{"id":"osm:node/346643796","name":"National Centre for Training and Research into Cerebral Palsy","category":"health","source":"osm"}},{"type":"Feature","geometry":{"type":"Point","coordinates":[72.999819,19.148671]},"properties":{"id":"osm:node/457068089","name":"Jasmine Hospital And Wow Clinic","category":"health","source":"osm"}},{"type":"Feature","geometry":{"type":"Point","coordinates":[72.847138,19.229813]},"properties":{"id":"osm:node/702054649","name":"Borivali West","category":"health","source":"osm","opening_hours":"24/7","description":"Dhanvantari Hospital, Borivali West, Mumbai, is a trusted multispecialty center focused on women's and children's health.","healthcare":"hospital","healthcare:speciality":"hospital"}},{"type":"Feature","geometry":{"type":"Point","coordinates":[72.831496,18.959938]},"properties":{"id":"osm:node/860315256","name":"Saifee Ambulance","category":"health","source":"osm","healthcare":"hospital"}},{"type":"Feature","geometry":{"type":"Point","coordinates":[72.839921,19.159716]},"properties":{"id":"osm:node/1174929416","name":"Siddarth Municipal Hospital","category":"health","source":"osm","operator":"BMC","description":"Civil Hospital/General Hospital","healthcare":"hospital"}},{"type":"Feature","geometry":{"type":"Point","coordinates":[72.848327,19.11065]},"properties":{"id":"osm:node/1347550460","name":"Jevan Vikas Hospital","category":"health","source":"osm","healthcare":"hospital"}},{"type":"Feature","geometry":{"type":"Point","coordinates":[72.987395,19.069845]},"properties":{"id":"osm:node/1356234984","name":"Dr Kasbekar Sterling Hospital","category":"health","source":"osm","opening_hours":"24/7","healthcare":"hospital","phone":"02266804444"}},{"type":"Feature","geometry":{"type":"Point","coordinates":[72.897395,19.055877]},"properties":{"id":"osm:node/1398715651","name":"JOY Hospital","category":"health","source":"osm"}},{"type":"Feature","geometry":{"type":"Point","coordinates":[72.896422,19.046613]},"properties":{"id":"osm:node/1398717565","name":"Inlaks Hospital","category":"health","source":"osm","healthcare":"hospital"}},{"type":"Feature","geometry":{"type":"Point","coordinates":[72.921608,19.05382]},"properties":{"id":"osm:node/1495815597","name":"Dr Babar","category":"health","source":"osm"}},{"type":"Feature","geometry":{"type":"Point","coordinates":[72.860592,19.227045]},"properties":{"id":"osm:node/1496182480","name":"Ankit Fracture, Maternity and Surgical Hospital","category":"health","source":"osm"}},{"type":"Feature","geometry":{"type":"Point","coordinates":[72.84838,19.096288]},"properties":{"id":"osm:node/1640244309","name":"Dr Maitreyee Parulekar","category":"health","source":"osm","opening_hours":"24/7","healthcare":"hospital","healthcare:speciality":"gynaecology;oncology"}},{"type":"Feature","geometry":{"type":"Point","coordinates":[72.833963,19.116234]},"properties":{"id":"osm:node/1787854399","name":"Sujay Hospital","category":"health","source":"osm","opening_hours":"24/7","healthcare":"hospital"}},{"type":"Feature","geometry":{"type":"Point","coordinates":[72.961866,19.21982]},"properties":{"id":"osm:node/1855265659","name":"Bethany Hospital","category":"health","source":"osm","healthcare":"hospital"}},{"type":"Feature","geometry":{"type":"Point","coordinates":[72.917284,19.124653]},"properties":{"id":"osm:node/1855812192","name":"Powai Dental Clinic","category":"health","source":"osm"}},{"type":"Feature","geometry":{"type":"Point","coordinates":[72.916451,19.124088]},"properties":{"id":"osm:node/1855812194","name":"Powai Hospital","category":"health","source":"osm"}},{"type":"Feature","geometry":{"type":"Point","coordinates":[72.840681,19.227733]},"properties":{"id":"osm:node/1939199158","name":"Sailee Hospital and Diagnostic Center","category":"health","source":"osm","healthcare":"hospital"}},{"type":"Feature","geometry":{"type":"Point","coordinates":[72.871778,19.215017]},"properties":{"id":"osm:node/2097757612","name":null,"category":"health","source":"osm","healthcare":"hospital"}},{"type":"Feature","geometry":{"type":"Point","coordinates":[72.869807,19.049378]},"properties":{"id":"osm:node/2134856430","name":null,"category":"health","source":"osm"}},{"type":"Feature","geometry":{"type":"Point","coordinates":[72.829362,19.062646]},"properties":{"id":"osm:node/2173726835","name":"Dr Shetty's Clinic","category":"health","source":"osm","healthcare":"doctor"}},{"type":"Feature","geometry":{"type":"Point","coordinates":[72.827492,19.132483]},"properties":{"id":"osm:node/2186668978","name":"Dr Manveen Gill","category":"health","source":"osm"}},{"type":"Feature","geometry":{"type":"Point","coordinates":[72.821012,19.130149]},"properties":{"id":"osm:node/2186688627","name":"Dr CV Hemlata","category":"health","source":"osm"}},{"type":"Feature","geometry":{"type":"Point","coordinates":[72.819196,19.130164]},"properties":{"id":"osm:node/2186694505","name":"Dr M S Jayaprakash","category":"health","source":"osm","healthcare":"clinic"}},{"type":"Feature","geometry":{"type":"Point","coordinates":[72.819132,19.130149]},"properties":{"id":"osm:node/2186694510","name":"Dr Nischint Jayaprakash","category":"health","source":"osm","healthcare":"clinic"}},{"type":"Feature","geometry":{"type":"Point","coordinates":[72.899729,19.062225]},"properties":{"id":"osm:node/2238635335","name":"Ameeta patil  Nursing Home","category":"health","source":"osm","operator":"patils"}},{"type":"Feature","geometry":{"type":"Point","coordinates":[72.894641,19.055714]},"properties":{"id":"osm:node/2319217775","name":"Mata Ramabai B Ambedkar Hospital","category":"health","source":"osm"}},{"type":"Feature","geometry":{"type":"Point","coordinates":[72.828144,19.136649]},"properties":{"id":"osm:node/2363073040","name":"Dr Dharampal Singh","category":"health","source":"osm","healthcare":"clinic","phone":"+912226361219"}},{"type":"Feature","geometry":{"type":"Point","coordinates":[72.831187,19.139619]},"properties":{"id":"osm:node/2365370916","name":"Vital Imaging Centre","category":"health","source":"osm","healthcare":"clinic","phone":"+912226301184"}},{"type":"Feature","geometry":{"type":"Point","coordinates":[72.819156,19.129355]},"properties":{"id":"osm:node/2370228416","name":"Top Dog Pets Clinic","category":"health","source":"osm","phone":"+912226348466"}},{"type":"Feature","geometry":{"type":"Point","coordinates":[72.863071,19.180681]},"properties":{"id":"osm:node/2411660992","name":"Hyat Hosptal","category":"health","source":"osm"}},{"type":"Feature","geometry":{"type":"Point","coordinates":[72.818894,19.129661]},"properties":{"id":"osm:node/2414372653","name":"Dr Preet Kochar's Dental Clinic","category":"health","source":"osm"}},{"type":"Feature","geometry":{"type":"Point","coordinates":[72.82225,19.125327]},"properties":{"id":"osm:node/2590304159","name":"Richfeel Hair And Scalp Clinic","category":"health","source":"osm","phone":"+912266778877"}},{"type":"Feature","geometry":{"type":"Point","coordinates":[72.919391,19.050105]},"properties":{"id":"osm:node/2812984865","name":"Jhonsons Diagnostics","category":"health","source":"osm"}},{"type":"Feature","geometry":{"type":"Point","coordinates":[73.001795,19.108502]},"properties":{"id":"osm:node/2913810856","name":"Sai Snehdeep Hospital KK","category":"health","source":"osm"}},{"type":"Feature","geometry":{"type":"Point","coordinates":[72.827885,19.226301]},"properties":{"id":"osm:node/2920710941","name":"Mangal Murti Hospital and Polyclinic","category":"health","source":"osm"}},{"type":"Feature","geometry":{"type":"Point","coordinates":[72.928213,19.061578]},"properties":{"id":"osm:node/2930722306","name":"Dr.zamil","category":"health","source":"osm"}},{"type":"Feature","geometry":{"type":"Point","coordinates":[72.84513,19.061634]},"properties":{"id":"osm:node/2947820875","name":null,"category":"health","source":"osm","healthcare":"hospital"}},{"type":"Feature","geometry":{"type":"Point","coordinates":[72.868654,19.112218]},"properties":{"id":"osm:node/2967467686","name":"Dr. Belani’s Blue Shield Medical Clinic","category":"health","source":"osm","healthcare":"clinic"}},{"type":"Feature","geometry":{"type":"Point","coordinates":[72.849033,19.031643]},"properties":{"id":"osm:node/3006890309","name":"Poly Clinic Matunga","category":"health","source":"osm"}},{"type":"Feature","geometry":{"type":"Point","coordinates":[72.919334,19.050148]},"properties":{"id":"osm:node/3204211842","name":"jonsons diagnostics","category":"health","source":"osm"}},{"type":"Feature","geometry":{"type":"Point","coordinates":[72.923111,19.065581]},"properties":{"id":"osm:node/3204489580","name":"IMTIYAZ Dr.","category":"health","source":"osm"}},{"type":"Feature","geometry":{"type":"Point","coordinates":[72.904554,19.068165]},"properties":{"id":"osm:node/3204522113","name":null,"category":"health","source":"osm","healthcare":"clinic"}},{"type":"Feature","geometry":{"type":"Point","coordinates":[72.912173,19.092466]},"properties":{"id":"osm:node/3205777384","name":"nidan hospital","category":"health","source":"osm"}},{"type":"Feature","geometry":{"type":"Point","coordinates":[72.911334,19.06026]},"properties":{"id":"osm:node/3205813953","name":"bba","category":"health","source":"osm"}},{"type":"Feature","geometry":{"type":"Point","coordinates":[72.927593,19.067753]},"properties":{"id":"osm:node/3205935610","name":"mahaveer hospital","category":"health","source":"osm"}},{"type":"Feature","geometry":{"type":"Point","coordinates":[72.922735,19.067339]},"properties":{"id":"osm:node/3206010302","name":"khawaja garaib nawaz hopital","category":"health","source":"osm","operator":"shaikh Farid"}},{"type":"Feature","geometry":{"type":"Point","coordinates":[72.890405,19.058506]},"properties":{"id":"osm:node/3206033563","name":"maa hospital","category":"health","source":"osm"}},{"type":"Feature","geometry":{"type":"Point","coordinates":[72.824331,19.134583]},"properties":{"id":"osm:node/3208525045","name":"Aastha Nursing Home","category":"health","source":"osm","healthcare":"clinic"}},{"type":"Feature","geometry":{"type":"Point","coordinates":[72.924769,19.060871]},"properties":{"id":"osm:node/3213764477","name":"sanjeevan hospital","category":"health","source":"osm"}},{"type":"Feature","geometry":{"type":"Point","coordinates":[72.913418,19.066891]},"properties":{"id":"osm:node/3213767187","name":"Metalife","category":"health","source":"osm"}},{"type":"Feature","geometry":{"type":"Point","coordinates":[72.904267,19.062519]},"properties":{"id":"osm:node/3213919308","name":"DR KHANPTHAN","category":"health","source":"osm"}},{"type":"Feature","geometry":{"type":"Point","coordinates":[72.921216,19.067811]},"properties":{"id":"osm:node/3213940894","name":"MILLAT OSPITAL","category":"health","source":"osm","operator":"A Privatehospitl have a operation theater ,duble floar,night facealityl it","description":"plot no 25 line A-05&06 line B 05&06 opp, jafari english high school ,ahilyabai holdker marg shivaji nager govandi mumbai 400043"}},{"type":"Feature","geometry":{"type":"Point","coordinates":[72.920752,19.067466]},"properties":{"id":"osm:node/3213961963","name":"LOTUS HOSPITAL","category":"health","source":"osm","description":"28/L/1,New gajanan colony near jafari school lotus near jafari school govandi mumbai 400043","phone":"022-25565041/25565051"}},{"type":"Feature","geometry":{"type":"Point","coordinates":[72.901066,19.053687]},"properties":{"id":"osm:node/3214434900","name":"Diamond Polyclinic","category":"health","source":"osm"}},{"type":"Feature","geometry":{"type":"Point","coordinates":[72.918542,19.052455]},"properties":{"id":"osm:node/3215517363","name":"AMAN","category":"health","source":"osm"}},{"type":"Feature","geometry":{"type":"Point","coordinates":[72.926344,19.056246]},"properties":{"id":"osm:node/3216973583","name":"Dr zakir hussain nagar","category":"health","source":"osm"}},{"type":"Feature","geometry":{"type":"Point","coordinates":[72.90187,19.05828]},"properties":{"id":"osm:node/3217190687","name":null,"category":"health","source":"osm"}},{"type":"Feature","geometry":{"type":"Point","coordinates":[72.927212,19.051958]},"properties":{"id":"osm:node/3217213798","name":"pathology center","category":"health","source":"osm"}},{"type":"Feature","geometry":{"type":"Point","coordinates":[72.961291,19.168248]},"properties":{"id":"osm:node/3224657234","name":"Saidhanhospital Iccu and Eye Care","category":"health","source":"osm"}},{"type":"Feature","geometry":{"type":"Point","coordinates":[72.961836,19.176029]},"properties":{"id":"osm:node/3224692237","name":"Chandraganga Hospital, Mulund","category":"health","source":"osm"}},{"type":"Feature","geometry":{"type":"Point","coordinates":[72.920459,19.066888]},"properties":{"id":"osm:node/3226241269","name":"MILLENIUM HOSPITAL","category":"health","source":"osm","wheelchair":"yes","description":"shop no 4,5 and 6 gajanan colony lotus shivaji nager govandi"}},{"type":"Feature","geometry":{"type":"Point","coordinates":[72.921051,19.068044]},"properties":{"id":"osm:node/3227715730","name":"SABA HOSPITAL","category":"health","source":"osm","description":"PLOT NO 28/1/5 Gajanan Colony Shivajinager Govandi"}},{"type":"Feature","geometry":{"type":"Point","coordinates":[72.947434,19.172135]},"properties":{"id":"osm:node/3235961641","name":"Jupiter Scan Centre","category":"health","source":"osm"}},{"type":"Feature","geometry":{"type":"Point","coordinates":[72.880679,19.070817]},"properties":{"id":"osm:node/3289580677","name":"Kurla Nursing Room","category":"health","source":"osm","healthcare":"hospital","healthcare:speciality":"general;gynaecology;orthopaedics"}},{"type":"Feature","geometry":{"type":"Point","coordinates":[72.969445,19.227965]},"properties":{"id":"osm:node/3396640328","name":"The Origin International Fertility Centre","category":"health","source":"osm","operator":"Dr Sandeep Mane","healthcare":"hospital"}},{"type":"Feature","geometry":{"type":"Point","coordinates":[72.850744,19.106819]},"properties":{"id":"osm:node/3403264488","name":"gr8 smile dental clinic","category":"health","source":"osm","operator":"dr. jitha marakarkandy","healthcare":"hospital","phone":"+91 22 2684 2451"}},{"type":"Feature","geometry":{"type":"Point","coordinates":[72.843287,19.100654]},"properties":{"id":"osm:node/3504257979","name":"Pushpak Diagnostics","category":"health","source":"osm","healthcare":"clinic"}},{"type":"Feature","geometry":{"type":"Point","coordinates":[72.905,19.089761]},"properties":{"id":"osm:node/3529547303","name":"new life hospital","category":"health","source":"osm"}},{"type":"Feature","geometry":{"type":"Point","coordinates":[72.903291,19.094602]},"properties":{"id":"osm:node/3532038985","name":"muktabai hospital","category":"health","source":"osm"}},{"type":"Feature","geometry":{"type":"Point","coordinates":[72.881788,19.063478]},"properties":{"id":"osm:node/3532119818","name":"v care hospital intensive& unit care","category":"health","source":"osm"}},{"type":"Feature","geometry":{"type":"Point","coordinates":[72.87812,19.069393]},"properties":{"id":"osm:node/3532124714","name":"arpan nursing home","category":"health","source":"osm"}},{"type":"Feature","geometry":{"type":"Point","coordinates":[72.873176,19.062758]},"properties":{"id":"osm:node/3532124717","name":"fauziya hospital","category":"health","source":"osm"}},{"type":"Feature","geometry":{"type":"Point","coordinates":[72.881927,19.06361]},"properties":{"id":"osm:node/3532126359","name":"arayan hospital","category":"health","source":"osm"}},{"type":"Feature","geometry":{"type":"Point","coordinates":[72.905387,19.061995]},"properties":{"id":"osm:node/3534566054","name":null,"category":"health","source":"osm","operator":"Dr. kiran bele"}},{"type":"Feature","geometry":{"type":"Point","coordinates":[72.929905,19.130894]},"properties":{"id":"osm:node/3587131699","name":"Anket Nursing Home","category":"health","source":"osm"}},{"type":"Feature","geometry":{"type":"Point","coordinates":[72.838656,19.116109]},"properties":{"id":"osm:node/3644490604","name":"Jeevan Jyot Medical Centre","category":"health","source":"osm"}},{"type":"Feature","geometry":{"type":"Point","coordinates":[72.831676,19.128999]},"properties":{"id":"osm:node/3767106111","name":"Bellevue Multispeciality Hospital","category":"health","source":"osm","healthcare":"hospital"}},{"type":"Feature","geometry":{"type":"Point","coordinates":[72.840012,19.095968]},"properties":{"id":"osm:node/3951526714","name":"Nanavati Hospital, Mumbai","category":"health","source":"osm","opening_hours":"24/7","healthcare":"hospital"}},{"type":"Feature","geometry":{"type":"Point","coordinates":[72.837734,19.08573]},"properties":{"id":"osm:node/3951538079","name":"Surya Mother And Child Speciality Hospital","category":"health","source":"osm"}},{"type":"Feature","geometry":{"type":"Point","coordinates":[72.837945,19.085513]},"properties":{"id":"osm:node/3951538080","name":"Surya Childrens Hospital","category":"health","source":"osm"}},{"type":"Feature","geometry":{"type":"Point","coordinates":[72.94881,19.039162]},"properties":{"id":"osm:node/3958000626","name":"Aryan Hospital","category":"health","source":"osm"}},{"type":"Feature","geometry":{"type":"Point","coordinates":[72.84172,19.114084]},"properties":{"id":"osm:node/3979081599","name":"Nutan Mammography and Sonography Centre","category":"health","source":"osm"}},{"type":"Feature","geometry":{"type":"Point","coordinates":[72.841743,19.114003]},"properties":{"id":"osm:node/3979081601","name":null,"category":"health","source":"osm"}},{"type":"Feature","geometry":{"type":"Point","coordinates":[72.841531,19.114001]},"properties":{"id":"osm:node/3979082987","name":"K D Polyclinic","category":"health","source":"osm"}},{"type":"Feature","geometry":{"type":"Point","coordinates":[72.841594,19.114005]},"properties":{"id":"osm:node/3979082988","name":"Shah Clinic","category":"health","source":"osm"}},{"type":"Feature","geometry":{"type":"Point","coordinates":[72.831368,19.150307]},"properties":{"id":"osm:node/3981603677","name":null,"category":"health","source":"osm","healthcare":"clinic"}},{"type":"Feature","geometry":{"type":"Point","coordinates":[72.834242,19.114454]},"properties":{"id":"osm:node/3993109769","name":"Aparna Clinic","category":"health","source":"osm"}},{"type":"Feature","geometry":{"type":"Point","coordinates":[72.949004,19.176095]},"properties":{"id":"osm:node/4113597101","name":"Dr.Mukhi's Raj Hospital","category":"health","source":"osm"}},{"type":"Feature","geometry":{"type":"Point","coordinates":[72.951494,19.175311]},"properties":{"id":"osm:node/4119416996","name":"Ashwini Hospital and I. C. C. U. with Dialysis Centre","category":"health","source":"osm","opening_hours":"Mo-Su 09:00-21:00","healthcare":"hospital"}},{"type":"Feature","geometry":{"type":"Point","coordinates":[72.838791,19.195022]},"properties":{"id":"osm:node/4137663921","name":"Sparsh Paediatric And Orthopaedic Clinic","category":"health","source":"osm"}},{"type":"Feature","geometry":{"type":"Point","coordinates":[72.838841,19.194977]},"properties":{"id":"osm:node/4137663924","name":"Sahu Eye Hospital","category":"health","source":"osm"}},{"type":"Feature","geometry":{"type":"Point","coordinates":[72.83891,19.194827]},"properties":{"id":"osm:node/4137663925","name":"Dr Cassy Pawar","category":"health","source":"osm"}},{"type":"Feature","geometry":{"type":"Point","coordinates":[72.968192,19.197941]},"properties":{"id":"osm:node/4158102989","name":"Chiranjeevi Hospital","category":"health","source":"osm","healthcare":"hospital"}},{"type":"Feature","geometry":{"type":"Point","coordinates":[72.813509,18.965677]},"properties":{"id":"osm:node/4209578999","name":"Bhatia","category":"health","source":"osm","opening_hours":"24/7","healthcare":"hospital"}},{"type":"Feature","geometry":{"type":"Point","coordinates":[72.971723,19.25583]},"properties":{"id":"osm:node/4216317814","name":"Currae Hospital","category":"health","source":"osm"}},{"type":"Feature","geometry":{"type":"Point","coordinates":[72.872393,19.111503]},"properties":{"id":"osm:node/4216741290","name":"Mukund Hospital","category":"health","source":"osm","healthcare":"hospital"}},{"type":"Feature","geometry":{"type":"Point","coordinates":[72.83655,19.024865]},"properties":{"id":"osm:node/4307051392","name":"Dr.Bina Pansare ,  Child Specialist","category":"health","source":"osm","opening_hours":"Mo-Sa 10:00-22:00","healthcare":"doctor","phone":"24441454"}},{"type":"Feature","geometry":{"type":"Point","coordinates":[72.828628,18.994666]},"properties":{"id":"osm:node/4307052091","name":"Radhakrishna Clinic. Dr Bina Pansare","category":"health","source":"osm","phone":"9022397585"}},{"type":"Feature","geometry":{"type":"Point","coordinates":[72.888041,19.09722]},"properties":{"id":"osm:node/4326473789","name":"Tiwari Hospital","category":"health","source":"osm","healthcare":"hospital","healthcare:speciality":"physiotherapy"}},{"type":"Feature","geometry":{"type":"Point","coordinates":[72.836103,19.054742]},"properties":{"id":"osm:node/4345568546","name":"Dr. Jayprakash Hebbar","category":"health","source":"osm","healthcare":"doctor","phone":"+91 22 2642 2767"}},{"type":"Feature","geometry":{"type":"Point","coordinates":[72.835639,19.07502]},"properties":{"id":"osm:node/4352387478","name":"Ramakrishna Mission Hospital, Mumbai","category":"health","source":"osm","healthcare":"hospital"}},{"type":"Feature","geometry":{"type":"Point","coordinates":[72.824335,18.960266]},"properties":{"id":"osm:node/4361366461","name":"Dr. M.A KHAN","category":"health","source":"osm"}},{"type":"Feature","geometry":{"type":"Point","coordinates":[72.962185,19.273446]},"properties":{"id":"osm:node/4375287768","name":"Dhanwantri Hospital","category":"health","source":"osm"}},{"type":"Feature","geometry":{"type":"Point","coordinates":[72.859551,19.032341]},"properties":{"id":"osm:node/4423695890","name":"Smt S.R.Mehta and Sir K.P.Cardiac Institute","category":"health","source":"osm"}},{"type":"Feature","geometry":{"type":"Point","coordinates":[72.822171,19.200708]},"properties":{"id":"osm:node/4498900764","name":"Government General Hospital, Malwani Malad","category":"health","source":"osm"}},{"type":"Feature","geometry":{"type":"Point","coordinates":[72.965702,19.198489]},"properties":{"id":"osm:node/4535334564","name":"Aayush Hospital, Thane","category":"health","source":"osm","healthcare":"hospital"}},{"type":"Feature","geometry":{"type":"Point","coordinates":[72.859127,19.295306]},"properties":{"id":"osm:node/4548656491","name":"Balaji Hospital","category":"health","source":"osm"}},{"type":"Feature","geometry":{"type":"Point","coordinates":[72.845625,19.120518]},"properties":{"id":"osm:node/4571165089","name":"Dermatologist","category":"health","source":"osm","opening_hours":"Mo-Fr 16:30-19:30","operator":"Dr Satish sawant","healthcare":"clinic"}},{"type":"Feature","geometry":{"type":"Point","coordinates":[72.861614,19.292835]},"properties":{"id":"osm:node/4572621489","name":"Deepak Hospital","category":"health","source":"osm"}},{"type":"Feature","geometry":{"type":"Point","coordinates":[72.962724,19.200132]},"properties":{"id":"osm:node/4585363491","name":"MEDICARE HOSPITAL","category":"health","source":"osm"}},{"type":"Feature","geometry":{"type":"Point","coordinates":[72.954764,19.173243]},"properties":{"id":"osm:node/4585363492","name":"Upasani Maternity and Surgical Nursing Home","category":"health","source":"osm"}},{"type":"Feature","geometry":{"type":"Point","coordinates":[72.963009,19.18949]},"properties":{"id":"osm:node/4585381996","name":"Highway Hospital","category":"health","source":"osm"}},{"type":"Feature","geometry":{"type":"Point","coordinates":[72.95309,19.206697]},"properties":{"id":"osm:node/4605844011","name":null,"category":"health","source":"osm"}},{"type":"Feature","geometry":{"type":"Point","coordinates":[72.950509,19.207068]},"properties":{"id":"osm:node/4605844012","name":"Lokmanya Hospital","category":"health","source":"osm"}},{"type":"Feature","geometry":{"type":"Point","coordinates":[72.954275,19.206275]},"properties":{"id":"osm:node/4605876116","name":"Sparh Hospital","category":"health","source":"osm"}},{"type":"Feature","geometry":{"type":"Point","coordinates":[72.953977,19.205268]},"properties":{"id":"osm:node/4605880700","name":"Pranjali Hospital","category":"health","source":"osm"}},{"type":"Feature","geometry":{"type":"Point","coordinates":[72.954583,19.207647]},"properties":{"id":"osm:node/4605881297","name":"Veer Hospital","category":"health","source":"osm"}},{"type":"Feature","geometry":{"type":"Point","coordinates":[72.952748,19.205843]},"properties":{"id":"osm:node/4605904089","name":"Jay Ganesh Hospital","category":"health","source":"osm"}},{"type":"Feature","geometry":{"type":"Point","coordinates":[72.956997,19.17538]},"properties":{"id":"osm:node/4658913990","name":"Meher Ambe Nursing Home","category":"health","source":"osm"}},{"type":"Feature","geometry":{"type":"Point","coordinates":[72.950953,19.172178]},"properties":{"id":"osm:node/4658954489","name":"Malini Hospital","category":"health","source":"osm"}},{"type":"Feature","geometry":{"type":"Point","coordinates":[72.951022,19.172263]},"properties":{"id":"osm:node/4658954589","name":"Clinico Patho Lab","category":"health","source":"osm"}},{"type":"Feature","geometry":{"type":"Point","coordinates":[72.951285,19.167441]},"properties":{"id":"osm:node/4663156694","name":"Dr. Simandhar Eye Clinic","category":"health","source":"osm"}},{"type":"Feature","geometry":{"type":"Point","coordinates":[72.844575,19.040152]},"properties":{"id":"osm:node/4672225593","name":"Pikale Hospital","category":"health","source":"osm","healthcare":"hospital"}},{"type":"Feature","geometry":{"type":"Point","coordinates":[72.95388,19.173392]},"properties":{"id":"osm:node/4746710022","name":"Apex Kidney Care","category":"health","source":"osm"}},{"type":"Feature","geometry":{"type":"Point","coordinates":[72.954832,19.207848]},"properties":{"id":"osm:node/4776554321","name":"Alka Diagnostic Centre","category":"health","source":"osm"}},{"type":"Feature","geometry":{"type":"Point","coordinates":[72.950533,19.171375]},"properties":{"id":"osm:node/4791171122","name":"Shraddha Polyclinic and Nursing Home","category":"health","source":"osm"}},{"type":"Feature","geometry":{"type":"Point","coordinates":[72.957951,19.169699]},"properties":{"id":"osm:node/4791178921","name":"Dr Torsekar's Skin Clinic","category":"health","source":"osm"}},{"type":"Feature","geometry":{"type":"Point","coordinates":[72.958357,19.169569]},"properties":{"id":"osm:node/4791179021","name":"Maruti Nursing Home","category":"health","source":"osm"}},{"type":"Feature","geometry":{"type":"Point","coordinates":[72.94969,19.172906]},"properties":{"id":"osm:node/4809630421","name":"Paritaj Kidney Hospital","category":"health","source":"osm"}},{"type":"Feature","geometry":{"type":"Point","coordinates":[72.95254,19.206881]},"properties":{"id":"osm:node/4809630721","name":"Pushpa Pathology","category":"health","source":"osm"}},{"type":"Feature","geometry":{"type":"Point","coordinates":[72.860982,19.035838]},"properties":{"id":"osm:node/4848773727","name":"Mata Lachmi Hospital","category":"health","source":"osm"}},{"type":"Feature","geometry":{"type":"Point","coordinates":[72.861513,19.283902]},"properties":{"id":"osm:node/4909881221","name":"Dr Parkar's Clinic","category":"health","source":"osm"}},{"type":"Feature","geometry":{"type":"Point","coordinates":[72.954089,19.175854]},"properties":{"id":"osm:node/4929295322","name":"Lav-Kush Nursing Home","category":"health","source":"osm"}},{"type":"Feature","geometry":{"type":"Point","coordinates":[72.960159,19.168903]},"properties":{"id":"osm:node/4930562921","name":null,"category":"health","source":"osm"}},{"type":"Feature","geometry":{"type":"Point","coordinates":[72.967446,19.185962]},"properties":{"id":"osm:node/4930562922","name":"JUPITAR SCAN CENTER","category":"health","source":"osm","healthcare":"hospital"}},{"type":"Feature","geometry":{"type":"Point","coordinates":[73.015794,19.006584]},"properties":{"id":"osm:node/4956342424","name":"Doctor's Clinic","category":"health","source":"osm"}},{"type":"Feature","geometry":{"type":"Point","coordinates":[72.951478,19.176494]},"properties":{"id":"osm:node/4992249823","name":"Saarthi Health Care","category":"health","source":"osm"}},{"type":"Feature","geometry":{"type":"Point","coordinates":[72.883116,19.081508]},"properties":{"id":"osm:node/4996322798","name":"Kurla Municipal Hospital","category":"health","source":"osm","operator":"MCGM"}},{"type":"Feature","geometry":{"type":"Point","coordinates":[72.828343,19.111784]},"properties":{"id":"osm:node/4998848423","name":"Bharatiya Arogya Nidhi Sheth Kantilal C. Parikh General Hospital","category":"health","source":"osm","opening_hours":"24/7","healthcare":"hospital","phone":"02226206021"}},{"type":"Feature","geometry":{"type":"Point","coordinates":[72.815113,18.95598]},"properties":{"id":"osm:node/5085177621","name":"Arete Clinics- Eye and Dental","category":"health","source":"osm","opening_hours":"Mo-Sa 10:00-19:00","wheelchair":"limited","description":"Eye and Dental Clinic\nEmergency Appointments available","healthcare":"clinic","phone":"+912223645350"}},{"type":"Feature","geometry":{"type":"Point","coordinates":[72.817941,19.006653]},"properties":{"id":"osm:node/5090930970","name":"Peoples Mobile Hospitals","category":"health","source":"osm"}},{"type":"Feature","geometry":{"type":"Point","coordinates":[72.840501,18.999443]},"properties":{"id":"osm:node/5099872961","name":"Global Hospital Super Speciality and Transplant Center","category":"health","source":"osm","operator":"Global Hospital","healthcare":"hospital"}},{"type":"Feature","geometry":{"type":"Point","coordinates":[72.841921,19.206618]},"properties":{"id":"osm:node/5115140442","name":"Dr. Vora's Premature Critical Care and General Hospital","category":"health","source":"osm","healthcare":"hospital"}},{"type":"Feature","geometry":{"type":"Point","coordinates":[72.837143,18.953496]},"properties":{"id":"osm:node/5193467221","name":"Jaslok Hospital","category":"health","source":"osm","healthcare":"hospital"}},{"type":"Feature","geometry":{"type":"Point","coordinates":[72.83661,19.137238]},"properties":{"id":"osm:node/5201099224","name":"R G Stone","category":"health","source":"osm","healthcare":"hospital"}},{"type":"Feature","geometry":{"type":"Point","coordinates":[72.829503,18.94676]},"properties":{"id":"osm:node/5201101021","name":"All India surgical mfr","category":"health","source":"osm","healthcare":"doctor"}},{"type":"Feature","geometry":{"type":"Point","coordinates":[72.805488,18.96454]},"properties":{"id":"osm:node/5206554121","name":"Dr. Sunil n. vasani","category":"health","source":"osm","opening_hours":"Mo-Su 16:00-18:00","healthcare":"hospital"}},{"type":"Feature","geometry":{"type":"Point","coordinates":[72.810698,18.963288]},"properties":{"id":"osm:node/5208044723","name":"Eyesrus Ophthalmic/eye hospital","category":"health","source":"osm","opening_hours":"Mo-Su 10:00-20:00","operator":"Dr. Sunil N. Vasani","healthcare":"clinic","phone":"00912223873899"}},{"type":"Feature","geometry":{"type":"Point","coordinates":[72.959652,19.171821]},"properties":{"id":"osm:node/5235146129","name":"CLINICO PATHO LAB","category":"health","source":"osm"}},{"type":"Feature","geometry":{"type":"Point","coordinates":[72.864212,19.285836]},"properties":{"id":"osm:node/5246736022","name":"Dr Preeti Murthy","category":"health","source":"osm"}},{"type":"Feature","geometry":{"type":"Point","coordinates":[72.824981,19.054488]},"properties":{"id":"osm:node/5258342077","name":"La Grace","category":"health","source":"osm","operator":"Dr. Jyoti Aneja","healthcare":"doctor","healthcare:speciality":"dermatology"}},{"type":"Feature","geometry":{"type":"Point","coordinates":[72.831287,19.060263]},"properties":{"id":"osm:node/5346703682","name":"Dr. D A Tapia","category":"health","source":"osm","healthcare":"doctor","healthcare:speciality":"general","phone":"+91 22 26427361"}},{"type":"Feature","geometry":{"type":"Point","coordinates":[72.898646,19.093833]},"properties":{"id":"osm:node/5456874526","name":"Disha Hospital","category":"health","source":"osm"}},{"type":"Feature","geometry":{"type":"Point","coordinates":[72.828874,19.061716]},"properties":{"id":"osm:node/5457597021","name":"Smile Matters","category":"health","source":"osm","opening_hours":"Mo-Su 10:30-19:00","operator":"Dr.Prashant Hatkar","healthcare":"clinic","phone":"26443324"}},{"type":"Feature","geometry":{"type":"Point","coordinates":[72.882342,19.11722]},"properties":{"id":"osm:node/5496408819","name":"Marol","category":"health","source":"osm","healthcare":"hospital"}},{"type":"Feature","geometry":{"type":"Point","coordinates":[72.851022,19.064624]},"properties":{"id":"osm:node/5506320776","name":"Shivam Nursing Home","category":"health","source":"osm","phone":"022-2657138689"}},{"type":"Feature","geometry":{"type":"Point","coordinates":[72.846535,19.102098]},"properties":{"id":"osm:node/5627110021","name":"Dr Barve Homeopathy Clinic","category":"health","source":"osm","opening_hours":"Mo-Sa 09:00-22:00","healthcare":"doctor","phone":"+912226171138"}},{"type":"Feature","geometry":{"type":"Point","coordinates":[72.833321,19.114701]},"properties":{"id":"osm:node/5834157819","name":"Mothercare Clinic","category":"health","source":"osm","healthcare":"clinic"}},{"type":"Feature","geometry":{"type":"Point","coordinates":[72.936908,19.162797]},"properties":{"id":"osm:node/5859095486","name":"NAAZ Polyclinic","category":"health","source":"osm","healthcare":"hospital"}},{"type":"Feature","geometry":{"type":"Point","coordinates":[72.944451,19.161]},"properties":{"id":"osm:node/6052834512","name":"Child Health Center and Polyclonic","category":"health","source":"osm"}},{"type":"Feature","geometry":{"type":"Point","coordinates":[72.819544,18.961704]},"properties":{"id":"osm:node/6292840586","name":"Nicholson Eye Clinic","category":"health","source":"osm","healthcare":"clinic"}},{"type":"Feature","geometry":{"type":"Point","coordinates":[72.846336,19.181369]},"properties":{"id":"osm:node/6315949385","name":"Men Tsee Khang","category":"health","source":"osm","opening_hours":"Sa-Th 09:00-12:30, 15:00-17:30","phone":"9930721062"}},{"type":"Feature","geometry":{"type":"Point","coordinates":[72.90547,19.076379]},"properties":{"id":"osm:node/6322310753","name":"Ashirvaad Heart Hospital","category":"health","source":"osm","operator":"Dr Bhaskar Shah","healthcare":"hospital"}},{"type":"Feature","geometry":{"type":"Point","coordinates":[72.962122,19.173741]},"properties":{"id":"osm:node/6358405085","name":"Dr. Sabnis Maternity and Nursing Home","category":"health","source":"osm"}},{"type":"Feature","geometry":{"type":"Point","coordinates":[72.971823,19.189401]},"properties":{"id":"osm:node/6411677375","name":"Vagholikar Hospital","category":"health","source":"osm","healthcare":"hospital"}},{"type":"Feature","geometry":{"type":"Point","coordinates":[72.900272,19.055517]},"properties":{"id":"osm:node/6488201821","name":"Lobo Eye Clinic","category":"health","source":"osm","healthcare":"clinic"}},{"type":"Feature","geometry":{"type":"Point","coordinates":[72.848968,19.204062]},"properties":{"id":"osm:node/6564629280","name":"Dr. Disha's Homoeopathy","category":"health","source":"osm","operator":"Dr. Disha Agashiwala","healthcare":"hospital","healthcare:speciality":"homeopathy;clinic;family_medicine"}},{"type":"Feature","geometry":{"type":"Point","coordinates":[72.907388,19.115044]},"properties":{"id":"osm:node/6795512985","name":"Metropolis","category":"health","source":"osm","phone":"+912233993939"}},{"type":"Feature","geometry":{"type":"Point","coordinates":[72.907516,19.115431]},"properties":{"id":"osm:node/6795551894","name":"Medic Aid Post","category":"health","source":"osm","operator":"Dr. Jagjit Singh Suri","phone":"+912225706680"}},{"type":"Feature","geometry":{"type":"Point","coordinates":[72.907507,19.115426]},"properties":{"id":"osm:node/6795570585","name":"SRL Diagnostics","category":"health","source":"osm"}},{"type":"Feature","geometry":{"type":"Point","coordinates":[72.919086,19.125372]},"properties":{"id":"osm:node/6801919192","name":"Nihal Nursing Home & Opthalmologist","category":"health","source":"osm"}},{"type":"Feature","geometry":{"type":"Point","coordinates":[72.908266,19.115267]},"properties":{"id":"osm:node/6805450185","name":"Dr.. Ramesh Iyer's Clinic","category":"health","source":"osm"}},{"type":"Feature","geometry":{"type":"Point","coordinates":[72.95947,19.169164]},"properties":{"id":"osm:node/6864522786","name":"Matrix German therapy center","category":"health","source":"osm"}},{"type":"Feature","geometry":{"type":"Point","coordinates":[72.919811,19.127514]},"properties":{"id":"osm:node/6924349985","name":"Healthcare clinic Dr. F. A. Siddiqui","category":"health","source":"osm"}},{"type":"Feature","geometry":{"type":"Point","coordinates":[72.858803,19.231676]},"properties":{"id":"osm:node/6956579686","name":"Asian Eye Institute & Laser Centre","category":"health","source":"osm","opening_hours":"Mo-Sa 08:00-20:00","healthcare":"clinic","healthcare:speciality":"eye_specialist_and_surgeon;eye","phone":"+91222894 0598"}},{"type":"Feature","geometry":{"type":"Point","coordinates":[72.840711,19.023919]},"properties":{"id":"osm:node/6991331185","name":"DHANVANTARI HOSPITAL","category":"health","source":"osm","healthcare":"hospital"}},{"type":"Feature","geometry":{"type":"Point","coordinates":[72.949913,19.179126]},"properties":{"id":"osm:node/7040952279","name":"Arogya Health Care","category":"health","source":"osm"}},{"type":"Feature","geometry":{"type":"Point","coordinates":[72.952765,19.17571]},"properties":{"id":"osm:node/7040968857","name":"Daxini Heart Centre","category":"health","source":"osm"}},{"type":"Feature","geometry":{"type":"Point","coordinates":[72.952735,19.174452]},"properties":{"id":"osm:node/7040981014","name":"Ashirwad Critical Care Unit","category":"health","source":"osm"}},{"type":"Feature","geometry":{"type":"Point","coordinates":[72.952191,19.176244]},"properties":{"id":"osm:node/7041018413","name":"Prasad Surgical and Children Nursing Home","category":"health","source":"osm"}},{"type":"Feature","geometry":{"type":"Point","coordinates":[72.976115,19.188238]},"properties":{"id":"osm:node/7041055354","name":"Dr Bhanushali Hospital","category":"health","source":"osm","healthcare":"hospital"}},{"type":"Feature","geometry":{"type":"Point","coordinates":[72.920268,19.066033]},"properties":{"id":"osm:node/7042760330","name":"Royal Nursing Home, Govandi","category":"health","source":"osm"}},{"type":"Feature","geometry":{"type":"Point","coordinates":[72.917679,19.049525]},"properties":{"id":"osm:node/7042775087","name":"Bhatti Eye Clinic","category":"health","source":"osm"}},{"type":"Feature","geometry":{"type":"Point","coordinates":[72.827885,19.202021]},"properties":{"id":"osm:node/7042870633","name":"Sumangal Hospital","category":"health","source":"osm"}},{"type":"Feature","geometry":{"type":"Point","coordinates":[72.904471,19.050003]},"properties":{"id":"osm:node/7042871859","name":"Niramaya General Hospital","category":"health","source":"osm"}},{"type":"Feature","geometry":{"type":"Point","coordinates":[72.955354,19.1734]},"properties":{"id":"osm:node/7042873521","name":"Gokul Nursing Home and ICCU","category":"health","source":"osm"}},{"type":"Feature","geometry":{"type":"Point","coordinates":[72.845688,19.164213]},"properties":{"id":"osm:node/7042873526","name":"Dr Baliga Nursing Home","category":"health","source":"osm"}},{"type":"Feature","geometry":{"type":"Point","coordinates":[72.843481,19.163108]},"properties":{"id":"osm:node/7042873531","name":"Kapadia Multi Speciality Hospital","category":"health","source":"osm"}},{"type":"Feature","geometry":{"type":"Point","coordinates":[72.845633,19.156888]},"properties":{"id":"osm:node/7042873541","name":"Dr. Bamis Fracture and Hand Clinic - Goregaon","category":"health","source":"osm"}},{"type":"Feature","geometry":{"type":"Point","coordinates":[72.845498,19.155501]},"properties":{"id":"osm:node/7042873546","name":"Pooja Hospital, Mumbai","category":"health","source":"osm"}},{"type":"Feature","geometry":{"type":"Point","coordinates":[72.906926,19.089016]},"properties":{"id":"osm:node/7042874177","name":"Ascent Clinic","category":"health","source":"osm"}},{"type":"Feature","geometry":{"type":"Point","coordinates":[72.852874,19.233451]},"properties":{"id":"osm:node/7042914808","name":"Ashish Nursing Home","category":"health","source":"osm","healthcare":"clinic"}},{"type":"Feature","geometry":{"type":"Point","coordinates":[72.897313,19.059025]},"properties":{"id":"osm:node/7042942734","name":"Dr.Sanjay Sonar Laparoscopy and Scopy Center","category":"health","source":"osm"}},{"type":"Feature","geometry":{"type":"Point","coordinates":[72.839714,19.193267]},"properties":{"id":"osm:node/7042945057","name":"Dr. Bet Hospital and Polyclinic","category":"health","source":"osm"}},{"type":"Feature","geometry":{"type":"Point","coordinates":[72.89574,19.056374]},"properties":{"id":"osm:node/7042955283","name":"Shree Chembur Jain Medical Relief Centre","category":"health","source":"osm"}},{"type":"Feature","geometry":{"type":"Point","coordinates":[72.89319,19.031141]},"properties":{"id":"osm:node/7042960280","name":"Shiv Polyclinic and Nursing Home","category":"health","source":"osm"}},{"type":"Feature","geometry":{"type":"Point","coordinates":[72.898554,19.060839]},"properties":{"id":"osm:node/7042963296","name":"Yash Eye Care and Polyclinic","category":"health","source":"osm","healthcare":"hospital"}},{"type":"Feature","geometry":{"type":"Point","coordinates":[72.903417,19.046087]},"properties":{"id":"osm:node/7042977111","name":"Excel Urology Centre","category":"health","source":"osm"}},{"type":"Feature","geometry":{"type":"Point","coordinates":[72.997464,19.155438]},"properties":{"id":"osm:node/7042981400","name":"Sai Seva Hospital and Icu, Mumbai","category":"health","source":"osm"}},{"type":"Feature","geometry":{"type":"Point","coordinates":[72.956528,19.179075]},"properties":{"id":"osm:node/7042981412","name":"Ria Nursing Home","category":"health","source":"osm"}},{"type":"Feature","geometry":{"type":"Point","coordinates":[72.861112,19.246746]},"properties":{"id":"osm:node/7042987278","name":"Kk Maternity and General Hospital","category":"health","source":"osm"}},{"type":"Feature","geometry":{"type":"Point","coordinates":[72.891807,19.05503]},"properties":{"id":"osm:node/7042990849","name":"L.C.Manek's Polyclinic and Nursing Home","category":"health","source":"osm"}},{"type":"Feature","geometry":{"type":"Point","coordinates":[72.968345,19.187065]},"properties":{"id":"osm:node/7042991460","name":"Pooja Nursing Home - Thane","category":"health","source":"osm","healthcare":"clinic"}},{"type":"Feature","geometry":{"type":"Point","coordinates":[72.969241,19.187266]},"properties":{"id":"osm:node/7042991461","name":"Amber Eye Care and Microsurgery Centre","category":"health","source":"osm","healthcare":"hospital"}},{"type":"Feature","geometry":{"type":"Point","coordinates":[72.966397,19.187441]},"properties":{"id":"osm:node/7042991469","name":"Dr.Pathak's Hospital","category":"health","source":"osm","healthcare":"hospital"}},{"type":"Feature","geometry":{"type":"Point","coordinates":[72.84636,19.190542]},"properties":{"id":"osm:node/7042997510","name":"Manorama Hospital","category":"health","source":"osm"}},{"type":"Feature","geometry":{"type":"Point","coordinates":[72.909251,19.082446]},"properties":{"id":"osm:node/7042999151","name":"Vatsal Nicu and Childrens Hospital","category":"health","source":"osm"}},{"type":"Feature","geometry":{"type":"Point","coordinates":[72.908798,19.057994]},"properties":{"id":"osm:node/7043001747","name":"Aditya Health Care Hospital","category":"health","source":"osm"}},{"type":"Feature","geometry":{"type":"Point","coordinates":[72.846383,19.175944]},"properties":{"id":"osm:node/7043003793","name":"Le Nest Hospital","category":"health","source":"osm"}},{"type":"Feature","geometry":{"type":"Point","coordinates":[72.84672,19.178685]},"properties":{"id":"osm:node/7043003802","name":"Dr.Guptas Nursing Home","category":"health","source":"osm"}},{"type":"Feature","geometry":{"type":"Point","coordinates":[72.907875,19.079672]},"properties":{"id":"osm:node/7043005970","name":"Asha Polyclinic and Sheetal Nursing Home","category":"health","source":"osm"}},{"type":"Feature","geometry":{"type":"Point","coordinates":[72.898564,19.060783]},"properties":{"id":"osm:node/7043025059","name":"Dr Smita Mukherjees Eye Clinic","category":"health","source":"osm","healthcare":"clinic"}},{"type":"Feature","geometry":{"type":"Point","coordinates":[72.902501,19.045683]},"properties":{"id":"osm:node/7043029973","name":"Nayak Medicare - Chembur","category":"health","source":"osm"}},{"type":"Feature","geometry":{"type":"Point","coordinates":[72.899754,19.059699]},"properties":{"id":"osm:node/7043035499","name":"Dr. Das Hospital - Chembur (Mumbai)","category":"health","source":"osm"}},{"type":"Feature","geometry":{"type":"Point","coordinates":[72.946865,19.182171]},"properties":{"id":"osm:node/7043037344","name":"Padmashree Nursing Home (Mulund)","category":"health","source":"osm"}},{"type":"Feature","geometry":{"type":"Point","coordinates":[72.857403,19.222888]},"properties":{"id":"osm:node/7043038873","name":"Dr Parikhs Maternity, Gynaec, and General Hospital","category":"health","source":"osm"}},{"type":"Feature","geometry":{"type":"Point","coordinates":[72.855036,19.222141]},"properties":{"id":"osm:node/7043038874","name":"Dhanshri Hospital","category":"health","source":"osm","healthcare":"hospital"}},{"type":"Feature","geometry":{"type":"Point","coordinates":[72.852372,19.218703]},"properties":{"id":"osm:node/7043038875","name":"Vasudhan Cosmetic Plastic Surgery Centre","category":"health","source":"osm","wheelchair":"yes","healthcare:speciality":"plastic_surgery"}},{"type":"Feature","geometry":{"type":"Point","coordinates":[72.943336,19.178473]},"properties":{"id":"osm:node/7043041248","name":"Aastha Health Care, Mumbai","category":"health","source":"osm"}},{"type":"Feature","geometry":{"type":"Point","coordinates":[72.855141,19.223622]},"properties":{"id":"osm:node/7043054782","name":"Vinit Eye Clinic Retina and Laser Centre","category":"health","source":"osm","healthcare:speciality":"ophthalmology"}},{"type":"Feature","geometry":{"type":"Point","coordinates":[72.898885,19.057086]},"properties":{"id":"osm:node/7043055857","name":"Laxmi Maternity and Nursing Home, Mumbai","category":"health","source":"osm"}},{"type":"Feature","geometry":{"type":"Point","coordinates":[72.899714,19.060662]},"properties":{"id":"osm:node/7043060180","name":"Hegde Hospital","category":"health","source":"osm","healthcare":"hospital"}},{"type":"Feature","geometry":{"type":"Point","coordinates":[72.93212,19.169919]},"properties":{"id":"osm:node/7043060181","name":"Sai Siddhi Hospital, Mumbai","category":"health","source":"osm"}},{"type":"Feature","geometry":{"type":"Point","coordinates":[72.966016,19.189683]},"properties":{"id":"osm:node/7043071370","name":"Sahayog Nursing Home","category":"health","source":"osm","healthcare":"clinic"}},{"type":"Feature","geometry":{"type":"Point","coordinates":[72.949829,19.170637]},"properties":{"id":"osm:node/7043071382","name":"Devkunj Charitablr Trust Matushri Mankbai Nagji Sa","category":"health","source":"osm"}},{"type":"Feature","geometry":{"type":"Point","coordinates":[72.80901,18.967896]},"properties":{"id":"osm:node/7043071383","name":"Soonawala Clinic","category":"health","source":"osm","healthcare":"clinic"}},{"type":"Feature","geometry":{"type":"Point","coordinates":[72.829711,19.106528]},"properties":{"id":"osm:node/7043071384","name":"The Vission Eye Center","category":"health","source":"osm","healthcare":"doctor","healthcare:speciality":"ophthalmology"}},{"type":"Feature","geometry":{"type":"Point","coordinates":[72.903854,19.069437]},"properties":{"id":"osm:node/7043077889","name":"Dr Nandita Rane's Eye Clinic","category":"health","source":"osm","opening_hours":"24/7","operator":"Dr Nandita Rane","healthcare:speciality":"ophthalmology;dermatology"}},{"type":"Feature","geometry":{"type":"Point","coordinates":[72.944041,19.172099]},"properties":{"id":"osm:node/7043079583","name":"CGHS Dispensary No.19, Mulund","category":"health","source":"osm","healthcare":"centre"}},{"type":"Feature","geometry":{"type":"Point","coordinates":[72.857355,19.017086]},"properties":{"id":"osm:node/7043090394","name":"Rotunda Nursing Home","category":"health","source":"osm"}},{"type":"Feature","geometry":{"type":"Point","coordinates":[72.863967,19.019031]},"properties":{"id":"osm:node/7043090395","name":"Genesis Speciality Center (Health-Check Up","category":"health","source":"osm"}},{"type":"Feature","geometry":{"type":"Point","coordinates":[72.953123,19.175373]},"properties":{"id":"osm:node/7043102747","name":"Indira Nursing Home, Mumbai","category":"health","source":"osm"}},{"type":"Feature","geometry":{"type":"Point","coordinates":[72.898597,19.061003]},"properties":{"id":"osm:node/7043106193","name":"Patankar's Hand and Limb Reconstruction Clinic","category":"health","source":"osm","healthcare":"hospital"}},{"type":"Feature","geometry":{"type":"Point","coordinates":[72.95707,19.17396]},"properties":{"id":"osm:node/7043116599","name":"Nav Drishti Netralaya","category":"health","source":"osm","healthcare":"hospital"}},{"type":"Feature","geometry":{"type":"Point","coordinates":[72.945051,19.168602]},"properties":{"id":"osm:node/7043123119","name":"Surya Eye Institute and Research Centre","category":"health","source":"osm"}},{"type":"Feature","geometry":{"type":"Point","coordinates":[72.898084,19.061819]},"properties":{"id":"osm:node/7043125151","name":"Icon Hospital and Research Centre","category":"health","source":"osm"}},{"type":"Feature","geometry":{"type":"Point","coordinates":[72.953968,19.175445]},"properties":{"id":"osm:node/7043143042","name":"Dr. Khona's E. N. T. Hospital & Regional Center","category":"health","source":"osm"}},{"type":"Feature","geometry":{"type":"Point","coordinates":[72.899656,19.061025]},"properties":{"id":"osm:node/7043146611","name":"Disha Polyclinic and Nursing Home","category":"health","source":"osm","healthcare":"hospital"}},{"type":"Feature","geometry":{"type":"Point","coordinates":[72.906203,19.04925]},"properties":{"id":"osm:node/7043161471","name":"Sumitra Eye Hospital","category":"health","source":"osm"}},{"type":"Feature","geometry":{"type":"Point","coordinates":[72.847743,19.080644]},"properties":{"id":"osm:node/7043164522","name":"Siddhi Nursing Home","category":"health","source":"osm","healthcare":"clinic"}},{"type":"Feature","geometry":{"type":"Point","coordinates":[72.844288,19.11816]},"properties":{"id":"osm:node/7043174029","name":"Sangita Maternity Surgical and Diagnostic Centre","category":"health","source":"osm","healthcare":"hospital"}},{"type":"Feature","geometry":{"type":"Point","coordinates":[72.834439,19.063228]},"properties":{"id":"osm:node/7043174030","name":"Ojas Eye Hospital","category":"health","source":"osm","healthcare":"hospital"}},{"type":"Feature","geometry":{"type":"Point","coordinates":[72.952836,19.175815]},"properties":{"id":"osm:node/7043177298","name":"Dr. Shettys E.N.T. Hospital","category":"health","source":"osm"}},{"type":"Feature","geometry":{"type":"Point","coordinates":[72.842185,19.080328]},"properties":{"id":"osm:node/7043182324","name":"R. K. Hospital, Mumbai","category":"health","source":"osm","healthcare":"hospital"}},{"type":"Feature","geometry":{"type":"Point","coordinates":[73.006043,19.062471]},"properties":{"id":"osm:node/7043182325","name":"Dr. R.N. Patil's Suraj Neurologiacal and Multispeciality Hospital","category":"health","source":"osm"}},{"type":"Feature","geometry":{"type":"Point","coordinates":[72.893417,19.046762]},"properties":{"id":"osm:node/7043188926","name":"Inlaks General Hospital","category":"health","source":"osm"}},{"type":"Feature","geometry":{"type":"Point","coordinates":[72.846896,19.128431]},"properties":{"id":"osm:node/7043230046","name":"Prime Orthopedic Speciality Hospital, Mumbai","category":"health","source":"osm","operator":"abv","healthcare":"hospital","healthcare:speciality":"chiropractic"}},{"type":"Feature","geometry":{"type":"Point","coordinates":[72.841845,19.193053]},"properties":{"id":"osm:node/7043230054","name":"Sunflowar Laboratory and Diagnostic Centre","category":"health","source":"osm"}},{"type":"Feature","geometry":{"type":"Point","coordinates":[72.969632,19.186765]},"properties":{"id":"osm:node/7043230063","name":"THC-Thane Health Care","category":"health","source":"osm","healthcare":"hospital"}},{"type":"Feature","geometry":{"type":"Point","coordinates":[72.848122,19.301196]},"properties":{"id":"osm:node/7043230064","name":"Shraddha Maternity Nursing Home PLt","category":"health","source":"osm"}},{"type":"Feature","geometry":{"type":"Point","coordinates":[72.88989,19.055218]},"properties":{"id":"osm:node/7043233247","name":"Swastik Hospital and Research Centre, Mumbai","category":"health","source":"osm"}},{"type":"Feature","geometry":{"type":"Point","coordinates":[72.891166,19.052663]},"properties":{"id":"osm:node/7043236781","name":"Sitla Hospital","category":"health","source":"osm"}},{"type":"Feature","geometry":{"type":"Point","coordinates":[72.906609,19.049172]},"properties":{"id":"osm:node/7043237415","name":"Dr.Suresh C Anand","category":"health","source":"osm"}},{"type":"Feature","geometry":{"type":"Point","coordinates":[72.842705,19.079791]},"properties":{"id":"osm:node/7043348148","name":"Nandan Maternity and Surgical Home","category":"health","source":"osm","healthcare":"hospital"}},{"type":"Feature","geometry":{"type":"Point","coordinates":[72.83836,19.081925]},"properties":{"id":"osm:node/7043352767","name":"Smruti Nursing Home","category":"health","source":"osm","healthcare":"clinic"}},{"type":"Feature","geometry":{"type":"Point","coordinates":[72.838075,19.078491]},"properties":{"id":"osm:node/7043376493","name":"Mumbai Retina Centre","category":"health","source":"osm","healthcare":"hospital"}},{"type":"Feature","geometry":{"type":"Point","coordinates":[72.837669,19.087944]},"properties":{"id":"osm:node/7043388690","name":"Malpani Eye Hospital and Laser Centre","category":"health","source":"osm"}},{"type":"Feature","geometry":{"type":"Point","coordinates":[72.873673,19.196892]},"properties":{"id":"osm:node/7043397402","name":"Shreeji Hospital (Kandivli)","category":"health","source":"osm"}},{"type":"Feature","geometry":{"type":"Point","coordinates":[72.890615,19.124205]},"properties":{"id":"osm:node/7043397403","name":"S B Nursing Home and Icu","category":"health","source":"osm"}},{"type":"Feature","geometry":{"type":"Point","coordinates":[72.918184,19.125493]},"properties":{"id":"osm:node/7043397404","name":"Sri Sai Eye Care Centre","category":"health","source":"osm"}},{"type":"Feature","geometry":{"type":"Point","coordinates":[72.838576,19.089509]},"properties":{"id":"osm:node/7043397894","name":"Kenias Eye Hospital","category":"health","source":"osm"}},{"type":"Feature","geometry":{"type":"Point","coordinates":[72.837924,19.112953]},"properties":{"id":"osm:node/7043397906","name":"Centre For Sight, Juhu","category":"health","source":"osm"}},{"type":"Feature","geometry":{"type":"Point","coordinates":[72.85031,19.116195]},"properties":{"id":"osm:node/7043397912","name":"Parvish Nursing Home Pvt Ltd, Mumbai","category":"health","source":"osm","healthcare":"clinic"}},{"type":"Feature","geometry":{"type":"Point","coordinates":[72.847027,19.203073]},"properties":{"id":"osm:node/7043397913","name":"Ankur Hospital","category":"health","source":"osm"}},{"type":"Feature","geometry":{"type":"Point","coordinates":[72.959032,19.216111]},"properties":{"id":"osm:node/7043399087","name":"Trupti Hospital - Thane","category":"health","source":"osm","opening_hours":"opening_hours=24/7","healthcare":"hospital"}},{"type":"Feature","geometry":{"type":"Point","coordinates":[72.998884,19.081001]},"properties":{"id":"osm:node/7043399089","name":"Dr. Kunnure Hospital and Iccu","category":"health","source":"osm"}},{"type":"Feature","geometry":{"type":"Point","coordinates":[72.990697,19.193004]},"properties":{"id":"osm:node/7043399091","name":"Aditi Children Hospital and Nursing","category":"health","source":"osm"}},{"type":"Feature","geometry":{"type":"Point","coordinates":[72.867594,19.242542]},"properties":{"id":"osm:node/7043399092","name":"Total Woman Medical Centre - Dahisar","category":"health","source":"osm"}},{"type":"Feature","geometry":{"type":"Point","coordinates":[72.810207,18.960315]},"properties":{"id":"osm:node/7043448094","name":"Mangeshikar Access Gynecology and Infertility Center","category":"health","source":"osm"}},{"type":"Feature","geometry":{"type":"Point","coordinates":[72.93929,18.880132]},"properties":{"id":"osm:node/7043454787","name":"Dr.A.Tungekar's Hospital","category":"health","source":"osm"}},{"type":"Feature","geometry":{"type":"Point","coordinates":[72.842207,19.184237]},"properties":{"id":"osm:node/7043488112","name":null,"category":"health","source":"osm"}},{"type":"Feature","geometry":{"type":"Point","coordinates":[72.849614,19.021771]},"properties":{"id":"osm:node/7043534838","name":"Dr Khandeparkar's Nursing Home","category":"health","source":"osm","healthcare":"clinic"}},{"type":"Feature","geometry":{"type":"Point","coordinates":[72.836925,19.060419]},"properties":{"id":"osm:node/7043548005","name":"Shroff Eye Hospital","category":"health","source":"osm","healthcare":"hospital"}},{"type":"Feature","geometry":{"type":"Point","coordinates":[72.827607,18.923094]},"properties":{"id":"osm:node/7043574603","name":"Vinod Sharma Memorial Medical Centre","category":"health","source":"osm"}},{"type":"Feature","geometry":{"type":"Point","coordinates":[72.870215,19.289922]},"properties":{"id":"osm:node/7043579155","name":"Karuna Nursing Home, Thane","category":"health","source":"osm"}},{"type":"Feature","geometry":{"type":"Point","coordinates":[72.972144,19.199635]},"properties":{"id":"osm:node/7043607124","name":"Risk Care Hospital and Iccu","category":"health","source":"osm","healthcare":"hospital"}},{"type":"Feature","geometry":{"type":"Point","coordinates":[72.967835,19.187176]},"properties":{"id":"osm:node/7043615376","name":"Vaidya Maternity Home","category":"health","source":"osm","healthcare":"hospital"}},{"type":"Feature","geometry":{"type":"Point","coordinates":[72.977084,19.211135]},"properties":{"id":"osm:node/7043670893","name":"Dr Bansal's Arogya Hospital","category":"health","source":"osm","healthcare":"hospital"}},{"type":"Feature","geometry":{"type":"Point","coordinates":[72.843764,19.076728]},"properties":{"id":"osm:node/7043693016","name":"Prerana Nursing Home","category":"health","source":"osm"}},{"type":"Feature","geometry":{"type":"Point","coordinates":[72.906932,19.087816]},"properties":{"id":"osm:node/7043693171","name":"Noble Hospital, Ghatkopar","category":"health","source":"osm"}},{"type":"Feature","geometry":{"type":"Point","coordinates":[72.847473,19.020795]},"properties":{"id":"osm:node/7043746201","name":"Ashirvad Clinic(Dr.Vandana Walvekar)","category":"health","source":"osm"}},{"type":"Feature","geometry":{"type":"Point","coordinates":[72.997462,19.146748]},"properties":{"id":"osm:node/7043757576","name":"Parulekar Hospital","category":"health","source":"osm"}},{"type":"Feature","geometry":{"type":"Point","coordinates":[72.997966,19.151143]},"properties":{"id":"osm:node/7043758338","name":"Disha Hospital","category":"health","source":"osm"}},{"type":"Feature","geometry":{"type":"Point","coordinates":[72.909229,19.082457]},"properties":{"id":"osm:node/7043769618","name":"Excel Ent Hospital","category":"health","source":"osm"}},{"type":"Feature","geometry":{"type":"Point","coordinates":[72.84846,19.101322]},"properties":{"id":"osm:node/7043778826","name":"Parle Eye Hospital","category":"health","source":"osm","opening_hours":"24/7","healthcare":"hospital","healthcare:speciality":"ophthalmology"}},{"type":"Feature","geometry":{"type":"Point","coordinates":[72.906137,19.086765]},"properties":{"id":"osm:node/7043781581","name":"Dr. Vinod B Joshi Maternity Nursing Home","category":"health","source":"osm"}},{"type":"Feature","geometry":{"type":"Point","coordinates":[72.853406,19.308406]},"properties":{"id":"osm:node/7043784861","name":"Sudha Hospital and Polyclinic, Thane","category":"health","source":"osm"}},{"type":"Feature","geometry":{"type":"Point","coordinates":[72.929356,19.145724]},"properties":{"id":"osm:node/7043842002","name":"Dr.Bhatia's Ruby Hospital","category":"health","source":"osm"}},{"type":"Feature","geometry":{"type":"Point","coordinates":[72.854454,19.185796]},"properties":{"id":"osm:node/7043843797","name":"Megha Surgical Hospital","category":"health","source":"osm"}},{"type":"Feature","geometry":{"type":"Point","coordinates":[72.975516,19.235819]},"properties":{"id":"osm:node/7044011261","name":"Metro Hospital and Icu","category":"health","source":"osm","healthcare":"hospital"}},{"type":"Feature","geometry":{"type":"Point","coordinates":[72.85239,19.218779]},"properties":{"id":"osm:node/7044023272","name":"Shri Bala Hanuman Maternity & Surgical Hospital","category":"health","source":"osm","wheelchair":"yes","healthcare":"hospital"}},{"type":"Feature","geometry":{"type":"Point","coordinates":[72.848632,19.222048]},"properties":{"id":"osm:node/7044039703","name":"Seth Ent and Eye Clinic","category":"health","source":"osm"}},{"type":"Feature","geometry":{"type":"Point","coordinates":[72.849429,19.203914]},"properties":{"id":"osm:node/7044057691","name":"Shah Surgical Hospital and Maternity Home P. Ltd.","category":"health","source":"osm"}},{"type":"Feature","geometry":{"type":"Point","coordinates":[72.836898,19.024031]},"properties":{"id":"osm:node/7044064894","name":"Dr.Vaze Hospital","category":"health","source":"osm","healthcare":"hospital"}},{"type":"Feature","geometry":{"type":"Point","coordinates":[72.828379,19.013534]},"properties":{"id":"osm:node/7044071693","name":"Asha Surgical and Maternity Home","category":"health","source":"osm","healthcare":"hospital","phone":"09821662821"}},{"type":"Feature","geometry":{"type":"Point","coordinates":[73.016746,19.041814]},"properties":{"id":"osm:node/7044178724","name":"Ojas Nursing Home","category":"health","source":"osm"}},{"type":"Feature","geometry":{"type":"Point","coordinates":[72.976229,19.196423]},"properties":{"id":"osm:node/7044217369","name":"Janam Hospital","category":"health","source":"osm","wheelchair":"limited","healthcare":"hospital"}},{"type":"Feature","geometry":{"type":"Point","coordinates":[72.845018,19.125778]},"properties":{"id":"osm:node/7044248893","name":"Sushrut Clinic Orthosurgical Nursing Home","category":"health","source":"osm","healthcare":"clinic"}},{"type":"Feature","geometry":{"type":"Point","coordinates":[72.852873,19.188457]},"properties":{"id":"osm:node/7044282764","name":"Agrawal Clinic","category":"health","source":"osm"}},{"type":"Feature","geometry":{"type":"Point","coordinates":[73.005722,19.099426]},"properties":{"id":"osm:node/7044306897","name":"Archana Maternity & Nursing Home","category":"health","source":"osm"}},{"type":"Feature","geometry":{"type":"Point","coordinates":[72.850082,19.23189]},"properties":{"id":"osm:node/7044322978","name":"Apex Hospital, Mumbai","category":"health","source":"osm","wheelchair":"yes"}},{"type":"Feature","geometry":{"type":"Point","coordinates":[72.872127,19.11113]},"properties":{"id":"osm:node/7044344099","name":"Mukund Maternity and Surgical Nursing Home","category":"health","source":"osm","healthcare":"hospital"}},{"type":"Feature","geometry":{"type":"Point","coordinates":[72.849127,19.299052]},"properties":{"id":"osm:node/7044355530","name":"Salasar Nursing Home","category":"health","source":"osm"}},{"type":"Feature","geometry":{"type":"Point","coordinates":[72.953643,19.169912]},"properties":{"id":"osm:node/7044368551","name":"Aparna Hospital, Mulund (W)","category":"health","source":"osm"}},{"type":"Feature","geometry":{"type":"Point","coordinates":[72.97227,19.199802]},"properties":{"id":"osm:node/7044368883","name":"Shree Ramkrishna Netralaya","category":"health","source":"osm","healthcare":"hospital"}},{"type":"Feature","geometry":{"type":"Point","coordinates":[72.92074,19.062818]},"properties":{"id":"osm:node/7044376947","name":"Vikas Nursing Home, Mumbai","category":"health","source":"osm"}},{"type":"Feature","geometry":{"type":"Point","coordinates":[72.846277,19.081319]},"properties":{"id":"osm:node/7044389187","name":"Upadhyaya Nursing Home, Mumbai","category":"health","source":"osm","healthcare":"clinic"}},{"type":"Feature","geometry":{"type":"Point","coordinates":[72.908375,19.089865]},"properties":{"id":"osm:node/7044400150","name":"Shanti Nursing Home, Mumbai","category":"health","source":"osm"}},{"type":"Feature","geometry":{"type":"Point","coordinates":[72.847075,19.232231]},"properties":{"id":"osm:node/7044435707","name":"Ameya Maternity and Surgical Nursing Home, Borivali","category":"health","source":"osm"}},{"type":"Feature","geometry":{"type":"Point","coordinates":[72.824016,19.21471]},"properties":{"id":"osm:node/7044453360","name":"Shivam Nursing Home, Mumbai","category":"health","source":"osm"}},{"type":"Feature","geometry":{"type":"Point","coordinates":[72.821319,18.957682]},"properties":{"id":"osm:node/7044466685","name":"Dr. Yash Shah Total Eye Care","category":"health","source":"osm","healthcare":"hospital"}},{"type":"Feature","geometry":{"type":"Point","coordinates":[72.826503,19.139567]},"properties":{"id":"osm:node/7044466724","name":"Gandhi Nursing Home, Mumbai","category":"health","source":"osm","healthcare":"clinic"}},{"type":"Feature","geometry":{"type":"Point","coordinates":[72.853146,19.312849]},"properties":{"id":"osm:node/7044491593","name":"Sai Kripa Children's and Surgical Hospital","category":"health","source":"osm"}},{"type":"Feature","geometry":{"type":"Point","coordinates":[72.853389,19.223142]},"properties":{"id":"osm:node/7044521580","name":"Rhushabh Nursing Home & Laparoscopic Centre","category":"health","source":"osm"}},{"type":"Feature","geometry":{"type":"Point","coordinates":[72.848682,19.01966]},"properties":{"id":"osm:node/7044553386","name":"Krishna Cardiac Care Centre, Mumbai","category":"health","source":"osm"}},{"type":"Feature","geometry":{"type":"Point","coordinates":[72.879092,19.025168]},"properties":{"id":"osm:node/7044581247","name":"Chinmay Nursing Home, Wadala","category":"health","source":"osm","healthcare":"clinic"}},{"type":"Feature","geometry":{"type":"Point","coordinates":[72.867036,19.213646]},"properties":{"id":"osm:node/7044610739","name":"Shree Sai Hospital, Mumbai","category":"health","source":"osm","healthcare":"hospital"}},{"type":"Feature","geometry":{"type":"Point","coordinates":[72.904176,19.0811]},"properties":{"id":"osm:node/7044669599","name":"Dr. Prakash Doshis Fracture and Orthopaedic Nursing Home","category":"health","source":"osm"}},{"type":"Feature","geometry":{"type":"Point","coordinates":[72.903055,19.075759]},"properties":{"id":"osm:node/7044669600","name":"Tara Neo Surg Hospital","category":"health","source":"osm"}},{"type":"Feature","geometry":{"type":"Point","coordinates":[72.902154,19.079303]},"properties":{"id":"osm:node/7044692216","name":"The Eye Super Specialities","category":"health","source":"osm"}},{"type":"Feature","geometry":{"type":"Point","coordinates":[72.97235,19.188266]},"properties":{"id":"osm:node/7044723744","name":"Dr Wavikar Eye Hospital","category":"health","source":"osm","healthcare":"hospital"}},{"type":"Feature","geometry":{"type":"Point","coordinates":[72.978401,19.219257]},"properties":{"id":"osm:node/7044745237","name":"Dr Walvatkars Eye Care Center","category":"health","source":"osm"}},{"type":"Feature","geometry":{"type":"Point","coordinates":[72.903943,19.079153]},"properties":{"id":"osm:node/7044745238","name":"Advanced Orthopaedic and Super Speciality Center","category":"health","source":"osm"}},{"type":"Feature","geometry":{"type":"Point","coordinates":[72.831278,18.992628]},"properties":{"id":"osm:node/7044779630","name":"Dr Nerurkars Harish Nursing Home","category":"health","source":"osm","healthcare":"clinic"}},{"type":"Feature","geometry":{"type":"Point","coordinates":[72.863675,19.21339]},"properties":{"id":"osm:node/7044797317","name":"Surbhi Life Care Hospital","category":"health","source":"osm"}},{"type":"Feature","geometry":{"type":"Point","coordinates":[72.857889,19.305714]},"properties":{"id":"osm:node/7044798646","name":"Neel Orthopaedic Superspeciality Hospital","category":"health","source":"osm"}},{"type":"Feature","geometry":{"type":"Point","coordinates":[72.875349,19.296526]},"properties":{"id":"osm:node/7044828033","name":"Galaxy Hospital","category":"health","source":"osm"}},{"type":"Feature","geometry":{"type":"Point","coordinates":[72.881944,19.082932]},"properties":{"id":"osm:node/7044829632","name":"Sushila Hospital-Icu and Maternity","category":"health","source":"osm","healthcare":"hospital"}},{"type":"Feature","geometry":{"type":"Point","coordinates":[72.912448,19.092145]},"properties":{"id":"osm:node/7044842301","name":"Furia's Eye Clinic","category":"health","source":"osm"}},{"type":"Feature","geometry":{"type":"Point","coordinates":[72.966337,19.196266]},"properties":{"id":"osm:node/7044851836","name":"Dr Subodh Mehtas Advance Orthopedic and Joint Replacement Center","category":"health","source":"osm","healthcare":"hospital"}},{"type":"Feature","geometry":{"type":"Point","coordinates":[73.001563,19.142836]},"properties":{"id":"osm:node/7044863001","name":"Dr Manes Gawali Hospital","category":"health","source":"osm"}},{"type":"Feature","geometry":{"type":"Point","coordinates":[72.869037,19.110745]},"properties":{"id":"osm:node/7044972526","name":"Dadhich Nursing Home","category":"health","source":"osm","healthcare":"clinic"}},{"type":"Feature","geometry":{"type":"Point","coordinates":[72.839437,19.19378]},"properties":{"id":"osm:node/7044982117","name":"Adarsh Hospital, Mumbai","category":"health","source":"osm"}},{"type":"Feature","geometry":{"type":"Point","coordinates":[72.904014,19.08087]},"properties":{"id":"osm:node/7044986302","name":"Dewang Nursing Home Pvt. Ltd.","category":"health","source":"osm"}},{"type":"Feature","geometry":{"type":"Point","coordinates":[72.829852,19.060521]},"properties":{"id":"osm:node/7044986863","name":"Dr.Pattnaik's Hospital","category":"health","source":"osm","healthcare":"clinic"}},{"type":"Feature","geometry":{"type":"Point","coordinates":[72.881587,19.062706]},"properties":{"id":"osm:node/7045020590","name":"V Care Hospital and Icu","category":"health","source":"osm"}},{"type":"Feature","geometry":{"type":"Point","coordinates":[72.970861,19.195939]},"properties":{"id":"osm:node/7045048100","name":"Unnati Critical Care Unit and I.C.C.U","category":"health","source":"osm","healthcare":"hospital"}},{"type":"Feature","geometry":{"type":"Point","coordinates":[72.817721,18.952956]},"properties":{"id":"osm:node/7045065720","name":"Ursekar Laser and Microssurgery Eye Clinic","category":"health","source":"osm","healthcare":"clinic"}},{"type":"Feature","geometry":{"type":"Point","coordinates":[72.893694,19.043144]},"properties":{"id":"osm:node/7045155680","name":"Universal Eye Clinic and Surgical Centre","category":"health","source":"osm"}},{"type":"Feature","geometry":{"type":"Point","coordinates":[72.845003,19.081315]},"properties":{"id":"osm:node/7045164490","name":"Aastha Surgical Clinic","category":"health","source":"osm","healthcare":"clinic"}},{"type":"Feature","geometry":{"type":"Point","coordinates":[72.832831,19.07393]},"properties":{"id":"osm:node/7045255055","name":"Mahavir Medical Research Centre","category":"health","source":"osm","healthcare":"hospital"}},{"type":"Feature","geometry":{"type":"Point","coordinates":[72.823906,18.942473]},"properties":{"id":"osm:node/7045277900","name":"Shroff Eye Clinic","category":"health","source":"osm","healthcare":"clinic"}},{"type":"Feature","geometry":{"type":"Point","coordinates":[72.81844,19.130595]},"properties":{"id":"osm:node/7045282445","name":"Mahima Hospital and Polyclinic","category":"health","source":"osm"}},{"type":"Feature","geometry":{"type":"Point","coordinates":[72.840121,19.221306]},"properties":{"id":"osm:node/7045283817","name":"Niramay Mother-Care Centre (Maternity and Surgical)","category":"health","source":"osm"}},{"type":"Feature","geometry":{"type":"Point","coordinates":[72.852321,19.304693]},"properties":{"id":"osm:node/7045288764","name":"Ravi Surgical Nursing Home","category":"health","source":"osm"}},{"type":"Feature","geometry":{"type":"Point","coordinates":[72.832586,19.013959]},"properties":{"id":"osm:node/7045291440","name":"Siddivinayak Healthcare Pvt Ltd","category":"health","source":"osm","healthcare":"hospital"}},{"type":"Feature","geometry":{"type":"Point","coordinates":[72.824366,19.134409]},"properties":{"id":"osm:node/7045315311","name":"Indu Child Care Center","category":"health","source":"osm","healthcare":"hospital"}},{"type":"Feature","geometry":{"type":"Point","coordinates":[72.971049,19.193089]},"properties":{"id":"osm:node/7045315524","name":"Bodas Surgical and Maternity Home","category":"health","source":"osm","healthcare":"hospital"}},{"type":"Feature","geometry":{"type":"Point","coordinates":[72.850167,19.188806]},"properties":{"id":"osm:node/7045320931","name":"Suchak Hospital","category":"health","source":"osm"}},{"type":"Feature","geometry":{"type":"Point","coordinates":[72.882391,19.063008]},"properties":{"id":"osm:node/7045324038","name":"Aryan Hospital and Iccu - Kurla-Mumbai","category":"health","source":"osm"}},{"type":"Feature","geometry":{"type":"Point","coordinates":[72.930888,19.153261]},"properties":{"id":"osm:node/7045490278","name":"Dr Bothra's Hospital","category":"health","source":"osm"}},{"type":"Feature","geometry":{"type":"Point","coordinates":[72.85009,19.105645]},"properties":{"id":"osm:node/7045507621","name":"Dr. Kirits Nursing Home-Vile Parle","category":"health","source":"osm","healthcare":"clinic"}},{"type":"Feature","geometry":{"type":"Point","coordinates":[73.018028,19.182207]},"properties":{"id":"osm:node/7045516004","name":"Gautami Nursing Home","category":"health","source":"osm"}},{"type":"Feature","geometry":{"type":"Point","coordinates":[72.971914,19.202983]},"properties":{"id":"osm:node/7045681875","name":"Sahil Hospital, Thane","category":"health","source":"osm","healthcare":"hospital"}},{"type":"Feature","geometry":{"type":"Point","coordinates":[72.808258,18.955745]},"properties":{"id":"osm:node/7045681876","name":"Eye-Q Vision Care","category":"health","source":"osm","opening_hours":"Mo-Fr 09:00-17:00","operator":"Dr. Sanjeev Upadhyaya","healthcare":"doctor","healthcare:speciality":"ophthalmology","phone":"+91-22-23637745, +91-22-23637746"}},{"type":"Feature","geometry":{"type":"Point","coordinates":[72.829219,19.105106]},"properties":{"id":"osm:node/7045692380","name":"Dr.Daftarys Total Care Clinic","category":"health","source":"osm","healthcare":"clinic"}},{"type":"Feature","geometry":{"type":"Point","coordinates":[72.868711,19.214951]},"properties":{"id":"osm:node/7045701178","name":"Paramount Ganpati Health Care - Kandivali","category":"health","source":"osm"}},{"type":"Feature","geometry":{"type":"Point","coordinates":[72.851431,19.18444]},"properties":{"id":"osm:node/7045750046","name":"Anandpara Surgical and General Hospital","category":"health","source":"osm"}},{"type":"Feature","geometry":{"type":"Point","coordinates":[72.851085,19.228839]},"properties":{"id":"osm:node/7045750052","name":"Sanket Hospital","category":"health","source":"osm"}},{"type":"Feature","geometry":{"type":"Point","coordinates":[72.958843,19.170369]},"properties":{"id":"osm:node/7045821102","name":"Maher Maternity and Nursing Home, Mumbai","category":"health","source":"osm"}},{"type":"Feature","geometry":{"type":"Point","coordinates":[72.821547,19.197347]},"properties":{"id":"osm:node/7045823781","name":"Bahl Nursing Home - Malad (W)","category":"health","source":"osm"}},{"type":"Feature","geometry":{"type":"Point","coordinates":[72.879442,19.071039]},"properties":{"id":"osm:node/7045876787","name":"Hamidani Laser Vision Centre","category":"health","source":"osm","healthcare":"doctor","healthcare:speciality":"ophthalmology"}},{"type":"Feature","geometry":{"type":"Point","coordinates":[72.851267,19.125142]},"properties":{"id":"osm:node/7045980546","name":"Amardeep Nursing Home","category":"health","source":"osm","healthcare":"clinic"}},{"type":"Feature","geometry":{"type":"Point","coordinates":[72.992598,19.159769]},"properties":{"id":"osm:node/7045980559","name":"Avadhoot Hospital and Iccu","category":"health","source":"osm","healthcare":"hospital"}},{"type":"Feature","geometry":{"type":"Point","coordinates":[72.931586,19.147522]},"properties":{"id":"osm:node/7046096959","name":"Shri Bal Chikitsalaya","category":"health","source":"osm"}},{"type":"Feature","geometry":{"type":"Point","coordinates":[72.935671,19.1462]},"properties":{"id":"osm:node/7046096970","name":"I and Eye Dr Kolhes Eye Clinic","category":"health","source":"osm"}},{"type":"Feature","geometry":{"type":"Point","coordinates":[72.855281,19.237603]},"properties":{"id":"osm:node/7046267828","name":"Kini Nursing Home","category":"health","source":"osm","healthcare":"clinic"}},{"type":"Feature","geometry":{"type":"Point","coordinates":[72.84938,19.097283]},"properties":{"id":"osm:node/7046326222","name":"Navjivan Maternity and Surgical Nursing Home","category":"health","source":"osm"}},{"type":"Feature","geometry":{"type":"Point","coordinates":[72.901129,19.059882]},"properties":{"id":"osm:node/7046488275","name":"Kolekar Hospital & ICCU","category":"health","source":"osm"}},{"type":"Feature","geometry":{"type":"Point","coordinates":[72.952254,19.187762]},"properties":{"id":"osm:node/7046600689","name":"Dr.Priya's Sai Niwas Maternity and Infertility Nursing Home","category":"health","source":"osm"}},{"type":"Feature","geometry":{"type":"Point","coordinates":[72.887006,19.053555]},"properties":{"id":"osm:node/7046777602","name":"Surana Sethia Hospital And Research Centre","category":"health","source":"osm","healthcare":"hospital"}},{"type":"Feature","geometry":{"type":"Point","coordinates":[72.967067,19.198279]},"properties":{"id":"osm:node/7046929174","name":"Dr Uppal's ENT Hospital & Sonic Hearing & Speech Centre","category":"health","source":"osm"}},{"type":"Feature","geometry":{"type":"Point","coordinates":[72.899732,19.060831]},"properties":{"id":"osm:node/7047180160","name":"Kamran Nursing Home","category":"health","source":"osm","healthcare":"hospital"}},{"type":"Feature","geometry":{"type":"Point","coordinates":[72.973414,19.251482]},"properties":{"id":"osm:node/7047231699","name":"Manasi Maternity & General Hospital","category":"health","source":"osm"}},{"type":"Feature","geometry":{"type":"Point","coordinates":[72.999855,19.082372]},"properties":{"id":"osm:node/7047301433","name":"Uma Hospital","category":"health","source":"osm"}},{"type":"Feature","geometry":{"type":"Point","coordinates":[72.861384,19.174394]},"properties":{"id":"osm:node/7047423152","name":"Tushar Maternity and Surgical Nursing Home","category":"health","source":"osm"}},{"type":"Feature","geometry":{"type":"Point","coordinates":[72.860824,19.075849]},"properties":{"id":"osm:node/7047430578","name":"Durga Maternity and Surgical Nursing Home","category":"health","source":"osm"}},{"type":"Feature","geometry":{"type":"Point","coordinates":[72.862307,19.174582]},"properties":{"id":"osm:node/7047494525","name":"Suresh Eye Clinic","category":"health","source":"osm"}},{"type":"Feature","geometry":{"type":"Point","coordinates":[72.904748,19.084976]},"properties":{"id":"osm:node/7047508770","name":"Mahaveer Nursing Home, Mumbai","category":"health","source":"osm"}},{"type":"Feature","geometry":{"type":"Point","coordinates":[72.905306,19.085865]},"properties":{"id":"osm:node/7047542514","name":"Vatsalya Maternity and Surgical Nursing Home","category":"health","source":"osm"}},{"type":"Feature","geometry":{"type":"Point","coordinates":[72.904813,19.084493]},"properties":{"id":"osm:node/7047553990","name":"Shreeji Hospital, Ghatkopar","category":"health","source":"osm"}},{"type":"Feature","geometry":{"type":"Point","coordinates":[72.833237,18.935836]},"properties":{"id":"osm:node/7047557038","name":"Banaji Eyesurgery and Laser Center","category":"health","source":"osm","healthcare":"hospital"}},{"type":"Feature","geometry":{"type":"Point","coordinates":[72.873326,19.176251]},"properties":{"id":"osm:node/7047568211","name":"Shree Guru Maternity and Childrens Nursing Home - Mumbai","category":"health","source":"osm"}},{"type":"Feature","geometry":{"type":"Point","coordinates":[72.86485,19.277752]},"properties":{"id":"osm:node/7047581070","name":"Indra Maternity and Surgical Nursing Home","category":"health","source":"osm"}},{"type":"Feature","geometry":{"type":"Point","coordinates":[72.828857,19.215792]},"properties":{"id":"osm:node/7047596691","name":"Gyatri Maternity and Gynaec Clinc","category":"health","source":"osm"}},{"type":"Feature","geometry":{"type":"Point","coordinates":[72.830687,18.986894]},"properties":{"id":"osm:node/7047598027","name":"Nirmala Maternity and Surgical Hospital with Polyclinic","category":"health","source":"osm"}},{"type":"Feature","geometry":{"type":"Point","coordinates":[72.852761,19.301799]},"properties":{"id":"osm:node/7047681634","name":"Shri Siddhi Vinayak Orthopaedic Hospital","category":"health","source":"osm","healthcare":"hospital"}},{"type":"Feature","geometry":{"type":"Point","coordinates":[72.856658,19.016955]},"properties":{"id":"osm:node/7047683964","name":"CGHS Dispensary No.7, Wadala","category":"health","source":"osm","healthcare":"centre"}},{"type":"Feature","geometry":{"type":"Point","coordinates":[72.93391,19.151138]},"properties":{"id":"osm:node/7047684087","name":"Dr. Malwankar's Romeen Nursing Home","category":"health","source":"osm"}},{"type":"Feature","geometry":{"type":"Point","coordinates":[72.843392,19.188087]},"properties":{"id":"osm:node/7047690741","name":"Abhijit Hospital","category":"health","source":"osm"}},{"type":"Feature","geometry":{"type":"Point","coordinates":[72.831462,19.127407]},"properties":{"id":"osm:node/7047711117","name":"Siddhivinayak Surgical Centre","category":"health","source":"osm","healthcare":"hospital"}},{"type":"Feature","geometry":{"type":"Point","coordinates":[72.807201,18.963332]},"properties":{"id":"osm:node/7047712193","name":"Kapoor Eye Center","category":"health","source":"osm","healthcare":"clinic"}},{"type":"Feature","geometry":{"type":"Point","coordinates":[72.837096,19.070466]},"properties":{"id":"osm:node/7047794702","name":"Gopi Nursing Home","category":"health","source":"osm","healthcare":"clinic"}},{"type":"Feature","geometry":{"type":"Point","coordinates":[72.969653,19.196843]},"properties":{"id":"osm:node/7047810907","name":"Sushrut Nursing Home","category":"health","source":"osm","healthcare":"clinic"}},{"type":"Feature","geometry":{"type":"Point","coordinates":[72.863474,19.181326]},"properties":{"id":"osm:node/7047813835","name":"Suvidha Hospital and Iccu","category":"health","source":"osm"}},{"type":"Feature","geometry":{"type":"Point","coordinates":[72.955081,19.173939]},"properties":{"id":"osm:node/7047889769","name":"Netra Jyot Eye Care Centre","category":"health","source":"osm"}},{"type":"Feature","geometry":{"type":"Point","coordinates":[72.997767,19.156654]},"properties":{"id":"osm:node/7047919321","name":"Indravati Hospital","category":"health","source":"osm","healthcare":"hospital"}},{"type":"Feature","geometry":{"type":"Point","coordinates":[72.843818,19.060336]},"properties":{"id":"osm:node/7047925750","name":"Shakuntal- Chitra Nursing Home","category":"health","source":"osm","opening_hours":"Mo-Su 15:00-22:00","healthcare":"clinic"}},{"type":"Feature","geometry":{"type":"Point","coordinates":[72.841224,18.98986]},"properties":{"id":"osm:node/7047933154","name":"Aryan Hospital and Icu","category":"health","source":"osm"}},{"type":"Feature","geometry":{"type":"Point","coordinates":[72.810997,18.958508]},"properties":{"id":"osm:node/7047947069","name":"The Vascular Clinic","category":"health","source":"osm"}},{"type":"Feature","geometry":{"type":"Point","coordinates":[72.871437,19.200521]},"properties":{"id":"osm:node/7048041081","name":"DNA Multispeciality Hospital - Mumbai","category":"health","source":"osm"}},{"type":"Feature","geometry":{"type":"Point","coordinates":[72.81903,19.130104]},"properties":{"id":"osm:node/7048064038","name":"Divyajyoti Eye Clinic","category":"health","source":"osm","healthcare":"clinic"}},{"type":"Feature","geometry":{"type":"Point","coordinates":[72.840364,19.001085]},"properties":{"id":"osm:node/7048084564","name":"Dr Chetan Shetty- Birth & Beyond Clinic Clinic","category":"health","source":"osm"}},{"type":"Feature","geometry":{"type":"Point","coordinates":[72.936307,19.147331]},"properties":{"id":"osm:node/7048110383","name":"Sulochan Eye","category":"health","source":"osm"}},{"type":"Feature","geometry":{"type":"Point","coordinates":[72.998699,19.100608]},"properties":{"id":"osm:node/7048131891","name":"Vedaant Multispeciality Hospital","category":"health","source":"osm"}},{"type":"Feature","geometry":{"type":"Point","coordinates":[72.822122,19.129351]},"properties":{"id":"osm:node/7048131897","name":"Purandare Hospital, Mumbai","category":"health","source":"osm"}},{"type":"Feature","geometry":{"type":"Point","coordinates":[72.85147,19.220837]},"properties":{"id":"osm:node/7048131898","name":"Vibha Care Home","category":"health","source":"osm","wheelchair":"limited"}},{"type":"Feature","geometry":{"type":"Point","coordinates":[72.834487,19.105999]},"properties":{"id":"osm:node/7048172468","name":"Sunflower Nursing Home, Mumbai","category":"health","source":"osm","healthcare":"clinic"}},{"type":"Feature","geometry":{"type":"Point","coordinates":[72.859015,19.033861]},"properties":{"id":"osm:node/7048172474","name":"Vaishnav Seva Samaj","category":"health","source":"osm"}},{"type":"Feature","geometry":{"type":"Point","coordinates":[72.854931,19.226946]},"properties":{"id":"osm:node/7048261194","name":"Patel Nursing Home, Mumbai","category":"health","source":"osm","healthcare":"hospital"}},{"type":"Feature","geometry":{"type":"Point","coordinates":[72.890722,19.100678]},"properties":{"id":"osm:node/7048261227","name":"Priyanka Maternity and Surgical Nursing Home","category":"health","source":"osm"}},{"type":"Feature","geometry":{"type":"Point","coordinates":[72.946963,19.190247]},"properties":{"id":"osm:node/7048261246","name":"Shivani Maternity Home Thane","category":"health","source":"osm"}},{"type":"Feature","geometry":{"type":"Point","coordinates":[72.845744,19.098719]},"properties":{"id":"osm:node/7048433638","name":"Vasudev Eye Clinic","category":"health","source":"osm","healthcare":"clinic"}},{"type":"Feature","geometry":{"type":"Point","coordinates":[72.813386,18.956311]},"properties":{"id":"osm:node/7048433639","name":"Foresight Eye Center","category":"health","source":"osm","healthcare":"hospital"}},{"type":"Feature","geometry":{"type":"Point","coordinates":[72.852457,19.203358]},"properties":{"id":"osm:node/7048433640","name":"Dr. Masurkar Hospital","category":"health","source":"osm"}},{"type":"Feature","geometry":{"type":"Point","coordinates":[72.967446,19.185432]},"properties":{"id":"osm:node/7048433647","name":"OrthoSpine Clinic","category":"health","source":"osm","healthcare":"clinic","healthcare:speciality":"spine_surgery"}},{"type":"Feature","geometry":{"type":"Point","coordinates":[72.900036,19.094061]},"properties":{"id":"osm:node/7048433662","name":"Vivek Maternity and Nursing Home","category":"health","source":"osm"}},{"type":"Feature","geometry":{"type":"Point","coordinates":[72.824749,19.143754]},"properties":{"id":"osm:node/7048433668","name":"Benzer Nursing Home","category":"health","source":"osm","healthcare":"clinic"}},{"type":"Feature","geometry":{"type":"Point","coordinates":[72.83338,19.127861]},"properties":{"id":"osm:node/7048433674","name":"Sujata Medicare (Sujata Gyanaecology Clinic);Dhake Colony","category":"health","source":"osm"}},{"type":"Feature","geometry":{"type":"Point","coordinates":[72.998523,19.152502]},"properties":{"id":"osm:node/7048439600","name":"Aayush Multispeciality Hospital","category":"health","source":"osm"}},{"type":"Feature","geometry":{"type":"Point","coordinates":[72.865718,19.284228]},"properties":{"id":"osm:node/7048439606","name":"Life Care Hospital, Mira Road","category":"health","source":"osm"}},{"type":"Feature","geometry":{"type":"Point","coordinates":[72.847517,19.116503]},"properties":{"id":"osm:node/7048439607","name":"Kripa Eye Clinic","category":"health","source":"osm","healthcare":"clinic"}},{"type":"Feature","geometry":{"type":"Point","coordinates":[72.864085,19.255153]},"properties":{"id":"osm:node/7048439618","name":"Akshit Maternity Home","category":"health","source":"osm"}},{"type":"Feature","geometry":{"type":"Point","coordinates":[72.962786,19.199041]},"properties":{"id":"osm:node/7048489128","name":"Hi-Tech Urology Centre","category":"health","source":"osm"}},{"type":"Feature","geometry":{"type":"Point","coordinates":[72.881062,19.113127]},"properties":{"id":"osm:node/7048498776","name":"Dr. M.C.Desai Eye Clinic and Microsurgury Eye Centre","category":"health","source":"osm"}},{"type":"Feature","geometry":{"type":"Point","coordinates":[73.014902,19.041052]},"properties":{"id":"osm:node/7048504206","name":"Aryan Hospital","category":"health","source":"osm"}},{"type":"Feature","geometry":{"type":"Point","coordinates":[72.958054,19.171273]},"properties":{"id":"osm:node/7048529142","name":"Shushrusha Hospital and Icu","category":"health","source":"osm"}},{"type":"Feature","geometry":{"type":"Point","coordinates":[72.845944,19.17503]},"properties":{"id":"osm:node/7048562946","name":"Maa Nursing Home and Netra Jyoti Eye Care Center","category":"health","source":"osm"}},{"type":"Feature","geometry":{"type":"Point","coordinates":[72.844119,19.190137]},"properties":{"id":"osm:node/7048562947","name":"Vardhaman Iccu and Nursing Home","category":"health","source":"osm"}},{"type":"Feature","geometry":{"type":"Point","coordinates":[72.856476,19.199447]},"properties":{"id":"osm:node/7048562953","name":"Gulmohar Eye Clinic","category":"health","source":"osm"}},{"type":"Feature","geometry":{"type":"Point","coordinates":[72.844622,19.201881]},"properties":{"id":"osm:node/7048628811","name":"Sai Vilayatrai Charitable Polyclinc","category":"health","source":"osm"}},{"type":"Feature","geometry":{"type":"Point","coordinates":[72.837416,19.212619]},"properties":{"id":"osm:node/7048690782","name":"Medicenter Nursing Home","category":"health","source":"osm","healthcare":"clinic"}},{"type":"Feature","geometry":{"type":"Point","coordinates":[72.826116,19.137437]},"properties":{"id":"osm:node/7048690783","name":"Doctor J.K. Shah's Eye Clinic and Laser Centre","category":"health","source":"osm","healthcare":"clinic"}},{"type":"Feature","geometry":{"type":"Point","coordinates":[72.815355,19.215374]},"properties":{"id":"osm:node/7048747817","name":"Dr.Reena Mokal Nursing Home and Polyclinic","category":"health","source":"osm","phone":"9324385177,9323409140."}},{"type":"Feature","geometry":{"type":"Point","coordinates":[72.814064,19.135208]},"properties":{"id":"osm:node/7048747818","name":"Saket Maternity and Nursing Home","category":"health","source":"osm"}},{"type":"Feature","geometry":{"type":"Point","coordinates":[72.81167,18.959061]},"properties":{"id":"osm:node/7048777736","name":"Dr. Nisars Eye Care Centre","category":"health","source":"osm"}},{"type":"Feature","geometry":{"type":"Point","coordinates":[72.972888,19.261707]},"properties":{"id":"osm:node/7048859409","name":"Neeta Ambani Hospital","category":"health","source":"osm","operator":"Neeta Ambani","healthcare:speciality":"dermatology;orthopaedics;emergency"}},{"type":"Feature","geometry":{"type":"Point","coordinates":[72.898513,19.061032]},"properties":{"id":"osm:node/7048863374","name":"Varsha Parekh Maternity and Surgical Hospital","category":"health","source":"osm","healthcare":"hospital"}},{"type":"Feature","geometry":{"type":"Point","coordinates":[72.902334,19.087879]},"properties":{"id":"osm:node/7048872963","name":"Shree Sukh Shanti Hospital","category":"health","source":"osm"}},{"type":"Feature","geometry":{"type":"Point","coordinates":[72.855351,19.234773]},"properties":{"id":"osm:node/7048883830","name":"Divyadrashti Eye Care Centre","category":"health","source":"osm","wheelchair":"no"}},{"type":"Feature","geometry":{"type":"Point","coordinates":[72.840418,19.106617]},"properties":{"id":"osm:node/7048889798","name":"Dr. Sadiwalas Clinic and Nursing Home","category":"health","source":"osm","healthcare":"clinic"}},{"type":"Feature","geometry":{"type":"Point","coordinates":[72.831155,19.146894]},"properties":{"id":"osm:node/7048911653","name":"Vital Care Centre","category":"health","source":"osm","healthcare":"hospital"}},{"type":"Feature","geometry":{"type":"Point","coordinates":[72.977065,19.203761]},"properties":{"id":"osm:node/7048944239","name":"Akshaya Surgical and Maternity Home","category":"health","source":"osm","healthcare":"hospital"}},{"type":"Feature","geometry":{"type":"Point","coordinates":[72.930661,19.115469]},"properties":{"id":"osm:node/7048950247","name":"Modi General Hospital and Iccu","category":"health","source":"osm"}},{"type":"Feature","geometry":{"type":"Point","coordinates":[72.859982,19.188334]},"properties":{"id":"osm:node/7048954397","name":"Kairav Nursing Home","category":"health","source":"osm"}},{"type":"Feature","geometry":{"type":"Point","coordinates":[72.867143,19.214482]},"properties":{"id":"osm:node/7048956597","name":"Speciality Ear Nose Throat Hospital","category":"health","source":"osm","healthcare":"hospital"}},{"type":"Feature","geometry":{"type":"Point","coordinates":[72.904321,19.079996]},"properties":{"id":"osm:node/7048966028","name":"Saraswati Eye Hospital, Mumbai","category":"health","source":"osm"}},{"type":"Feature","geometry":{"type":"Point","coordinates":[72.854161,19.308965]},"properties":{"id":"osm:node/7048977912","name":"Saxena Children and General Hospital","category":"health","source":"osm"}},{"type":"Feature","geometry":{"type":"Point","coordinates":[72.977074,19.196767]},"properties":{"id":"osm:node/7049021406","name":"TMC C R Wadia Dispensary","category":"health","source":"osm","description":"dispensaries","healthcare":"centre"}},{"type":"Feature","geometry":{"type":"Point","coordinates":[72.905641,19.076179]},"properties":{"id":"osm:node/7049041346","name":"Ashirwad Heart Hospital","category":"health","source":"osm","healthcare":"hospital"}},{"type":"Feature","geometry":{"type":"Point","coordinates":[72.839209,19.194009]},"properties":{"id":"osm:node/7049047978","name":"Neon Critical Care","category":"health","source":"osm"}},{"type":"Feature","geometry":{"type":"Point","coordinates":[72.847589,19.195176]},"properties":{"id":"osm:node/7049051361","name":"Darshan Orthopaedic and Surgical Clinic - Malad (W)","category":"health","source":"osm"}},{"type":"Feature","geometry":{"type":"Point","coordinates":[72.853335,19.233708]},"properties":{"id":"osm:node/7049059260","name":"Dr. Alok Shahs Iccu and Nursing Home","category":"health","source":"osm","wheelchair":"no","healthcare":"hospital"}},{"type":"Feature","geometry":{"type":"Point","coordinates":[72.857368,19.306206]},"properties":{"id":"osm:node/7049059278","name":"Saibaba Hospital and Polyclinic","category":"health","source":"osm"}},{"type":"Feature","geometry":{"type":"Point","coordinates":[72.974138,19.203512]},"properties":{"id":"osm:node/7049068219","name":"Pioneer Health Care","category":"health","source":"osm","healthcare":"hospital"}},{"type":"Feature","geometry":{"type":"Point","coordinates":[72.971814,19.196828]},"properties":{"id":"osm:node/7049071219","name":"Dr.Nalavade Multispeciality Hospital","category":"health","source":"osm","healthcare":"hospital"}},{"type":"Feature","geometry":{"type":"Point","coordinates":[72.870183,19.300826]},"properties":{"id":"osm:node/7049108193","name":"Shalom Medicare Pvt. Ltd.","category":"health","source":"osm"}},{"type":"Feature","geometry":{"type":"Point","coordinates":[72.846573,19.189971]},"properties":{"id":"osm:node/7049108835","name":"Dr.Shyam Agrawal","category":"health","source":"osm"}},{"type":"Feature","geometry":{"type":"Point","coordinates":[72.838378,19.020467]},"properties":{"id":"osm:node/7049124019","name":"Shree Vardhaman Sthanakvasi Jain Shravak Sangh Dadar Sanchalit Navneet Jain Health Centre","category":"health","source":"osm","healthcare":"hospital"}},{"type":"Feature","geometry":{"type":"Point","coordinates":[72.934717,19.144955]},"properties":{"id":"osm:node/7049156092","name":"J. K. Child Health Care and Nicu","category":"health","source":"osm","healthcare":"hospital"}},{"type":"Feature","geometry":{"type":"Point","coordinates":[72.868116,19.174851]},"properties":{"id":"osm:node/7049156405","name":"Kanchi Nursing Home","category":"health","source":"osm"}},{"type":"Feature","geometry":{"type":"Point","coordinates":[72.997901,19.151149]},"properties":{"id":"osm:node/7049161132","name":"Suruchi Eye Centre","category":"health","source":"osm"}},{"type":"Feature","geometry":{"type":"Point","coordinates":[72.868933,19.280293]},"properties":{"id":"osm:node/7049167160","name":"Dr Suris Maternity and Surgical Nursing Home","category":"health","source":"osm","healthcare":"clinic"}},{"type":"Feature","geometry":{"type":"Point","coordinates":[72.912514,19.092629]},"properties":{"id":"osm:node/7049182746","name":"Amruta Surgical and Maternity Home","category":"health","source":"osm"}},{"type":"Feature","geometry":{"type":"Point","coordinates":[72.905048,19.082405]},"properties":{"id":"osm:node/7049188340","name":"Varun Cardiac Clinic","category":"health","source":"osm"}},{"type":"Feature","geometry":{"type":"Point","coordinates":[73.003027,19.08056]},"properties":{"id":"osm:node/7049253111","name":"Pkc Hospital","category":"health","source":"osm"}},{"type":"Feature","geometry":{"type":"Point","coordinates":[72.85076,19.166013]},"properties":{"id":"osm:node/7049291708","name":"Navjeevan Urology and Stone Care Centre","category":"health","source":"osm"}},{"type":"Feature","geometry":{"type":"Point","coordinates":[72.83533,19.115688]},"properties":{"id":"osm:node/7049336179","name":"Criticare Multispeciality Hospital and Research Centre","category":"health","source":"osm"}},{"type":"Feature","geometry":{"type":"Point","coordinates":[72.84272,19.143325]},"properties":{"id":"osm:node/7049344773","name":"Orbit Eye Hospital, Mumbai","category":"health","source":"osm","healthcare":"hospital"}},{"type":"Feature","geometry":{"type":"Point","coordinates":[72.835739,18.976211]},"properties":{"id":"osm:node/7049356179","name":"CGHS Dispensary No.11, Byculla","category":"health","source":"osm","healthcare":"centre"}},{"type":"Feature","geometry":{"type":"Point","coordinates":[72.864036,19.174553]},"properties":{"id":"osm:node/7049374148","name":"Enclave Maternity Home","category":"health","source":"osm"}},{"type":"Feature","geometry":{"type":"Point","coordinates":[72.970673,19.193409]},"properties":{"id":"osm:node/7049410769","name":"Aasha Cancer Hospital and Children First","category":"health","source":"osm","healthcare":"hospital"}},{"type":"Feature","geometry":{"type":"Point","coordinates":[72.852672,19.226296]},"properties":{"id":"osm:node/7049431620","name":"Sai Krupa E.N.T. Nursing Home","category":"health","source":"osm","healthcare:speciality":"ENT"}},{"type":"Feature","geometry":{"type":"Point","coordinates":[72.888,19.107906]},"properties":{"id":"osm:node/7049454051","name":"Balaji Speciality Hospital","category":"health","source":"osm"}},{"type":"Feature","geometry":{"type":"Point","coordinates":[72.83893,19.056499]},"properties":{"id":"osm:node/7049456375","name":"West Lake Speciality Clinic","category":"health","source":"osm","healthcare":"clinic"}},{"type":"Feature","geometry":{"type":"Point","coordinates":[72.966673,19.200063]},"properties":{"id":"osm:node/7049483334","name":"Kaushalya Medical Foundation Trust Hospital, Mumbai","category":"health","source":"osm"}},{"type":"Feature","geometry":{"type":"Point","coordinates":[72.951369,19.167632]},"properties":{"id":"osm:node/7049527159","name":"Holy Trinity Hospital","category":"health","source":"osm"}},{"type":"Feature","geometry":{"type":"Point","coordinates":[72.850791,19.217061]},"properties":{"id":"osm:node/7049558994","name":"Sanghvi Maternity and Surgical Hospital","category":"health","source":"osm","healthcare":"hospital","healthcare:speciality":"general;surgery"}},{"type":"Feature","geometry":{"type":"Point","coordinates":[72.832961,19.074076]},"properties":{"id":"osm:node/7049584815","name":"RG Stone Urology and Laparoscopy Hospital, Khar","category":"health","source":"osm","healthcare":"hospital","healthcare:speciality":"urology;clinical_pathology"}},{"type":"Feature","geometry":{"type":"Point","coordinates":[72.952628,19.174717]},"properties":{"id":"osm:node/7049588260","name":"Chetna Critical Care Unit","category":"health","source":"osm"}},{"type":"Feature","geometry":{"type":"Point","coordinates":[72.954107,19.170842]},"properties":{"id":"osm:node/7049595408","name":"Omkar Eye Care Center","category":"health","source":"osm"}},{"type":"Feature","geometry":{"type":"Point","coordinates":[73.009638,19.043248]},"properties":{"id":"osm:node/7049597126","name":"Sushrusha Heart Care Center and Speciality Hospital","category":"health","source":"osm"}},{"type":"Feature","geometry":{"type":"Point","coordinates":[72.938133,19.150356]},"properties":{"id":"osm:node/7049604152","name":"Dr.Badwaik's Maternity and General Hospital","category":"health","source":"osm"}},{"type":"Feature","geometry":{"type":"Point","coordinates":[72.848584,19.120009]},"properties":{"id":"osm:node/7049613221","name":"Saheli Clinic","category":"health","source":"osm","healthcare":"clinic"}},{"type":"Feature","geometry":{"type":"Point","coordinates":[72.817065,18.953446]},"properties":{"id":"osm:node/7049617511","name":"Bay View Clinic","category":"health","source":"osm","healthcare":"clinic"}},{"type":"Feature","geometry":{"type":"Point","coordinates":[72.860038,19.031047]},"properties":{"id":"osm:node/7049683148","name":"Shanmukhananda Jasubhai R k shah Medical Centre","category":"health","source":"osm"}},{"type":"Feature","geometry":{"type":"Point","coordinates":[72.864132,19.213488]},"properties":{"id":"osm:node/7049684094","name":"Aditi Hospital, Kandivali","category":"health","source":"osm"}},{"type":"Feature","geometry":{"type":"Point","coordinates":[73.014555,19.040954]},"properties":{"id":"osm:node/7049696525","name":"Sanjivani Hospital and Iccu","category":"health","source":"osm"}},{"type":"Feature","geometry":{"type":"Point","coordinates":[72.862396,19.292293]},"properties":{"id":"osm:node/7049698468","name":"Thunga Hospital","category":"health","source":"osm"}},{"type":"Feature","geometry":{"type":"Point","coordinates":[72.82463,19.131295]},"properties":{"id":"osm:node/7049712542","name":"Kokilaben Dhirubhai Ambani Hospital, Mumbai","category":"health","source":"osm","opening_hours":"24/7","operator":"sathya","healthcare":"hospital","healthcare:speciality":"general;chiropractic;gynaecology"}},{"type":"Feature","geometry":{"type":"Point","coordinates":[72.970456,19.203739]},"properties":{"id":"osm:node/7049728571","name":"Ajinkya Nursing Home, Thane","category":"health","source":"osm","healthcare":"clinic"}},{"type":"Feature","geometry":{"type":"Point","coordinates":[72.844533,19.20682]},"properties":{"id":"osm:node/7049743726","name":"Panorama Eye Clinic Superspeciality Eye Care","category":"health","source":"osm"}},{"type":"Feature","geometry":{"type":"Point","coordinates":[72.843332,19.118872]},"properties":{"id":"osm:node/7049755583","name":"Dr Telangs Dhanvantari Hospital","category":"health","source":"osm","healthcare":"hospital"}},{"type":"Feature","geometry":{"type":"Point","coordinates":[72.87997,19.121252]},"properties":{"id":"osm:node/7049756932","name":"Dr.Pintos Pathological Laboratory","category":"health","source":"osm"}},{"type":"Feature","geometry":{"type":"Point","coordinates":[72.999536,19.151101]},"properties":{"id":"osm:node/7049775833","name":"Gandhi Hospital - Navi Mumbai","category":"health","source":"osm"}},{"type":"Feature","geometry":{"type":"Point","coordinates":[72.836048,19.207855]},"properties":{"id":"osm:node/7049785373","name":"Raichura Prasuti Gruha","category":"health","source":"osm","healthcare":"hospital"}},{"type":"Feature","geometry":{"type":"Point","coordinates":[72.849319,19.181153]},"properties":{"id":"osm:node/7049792673","name":"Sudha Hospital and Polyclinic, Mumbai","category":"health","source":"osm"}},{"type":"Feature","geometry":{"type":"Point","coordinates":[72.864366,19.025964]},"properties":{"id":"osm:node/7049794749","name":"Jyoti Nursing Home","category":"health","source":"osm","healthcare":"clinic"}},{"type":"Feature","geometry":{"type":"Point","coordinates":[72.837673,19.080002]},"properties":{"id":"osm:node/7049798530","name":"Nagvekar Eye Clinic","category":"health","source":"osm","healthcare":"clinic"}},{"type":"Feature","geometry":{"type":"Point","coordinates":[72.861146,19.124449]},"properties":{"id":"osm:node/7049800769","name":"Dr.Sakhalkar's Maternity and Nursing Home","category":"health","source":"osm"}},{"type":"Feature","geometry":{"type":"Point","coordinates":[72.913152,19.093182]},"properties":{"id":"osm:node/7049803405","name":"Suyog Urology Centre","category":"health","source":"osm"}},{"type":"Feature","geometry":{"type":"Point","coordinates":[72.834345,19.01247]},"properties":{"id":"osm:node/7049812966","name":"Punamiya Hospital, Mumbai","category":"health","source":"osm","healthcare":"hospital"}},{"type":"Feature","geometry":{"type":"Point","coordinates":[72.842336,19.123593]},"properties":{"id":"osm:node/7049822998","name":"Patil Hospital, Mumbai","category":"health","source":"osm","healthcare":"hospital"}},{"type":"Feature","geometry":{"type":"Point","coordinates":[72.833412,19.114371]},"properties":{"id":"osm:node/7049847480","name":"Oculus Eye Hospital Pvt. Ltd","category":"health","source":"osm"}},{"type":"Feature","geometry":{"type":"Point","coordinates":[72.902448,19.081012]},"properties":{"id":"osm:node/7049886704","name":"Mehta Eye Clinic Pvt Ltd","category":"health","source":"osm"}},{"type":"Feature","geometry":{"type":"Point","coordinates":[72.859956,19.24559]},"properties":{"id":"osm:node/7049890629","name":"Navdurga Fracture and Accident Centre","category":"health","source":"osm"}},{"type":"Feature","geometry":{"type":"Point","coordinates":[72.859314,19.187962]},"properties":{"id":"osm:node/7049981401","name":"Sai Swayam MatandNur Home","category":"health","source":"osm"}},{"type":"Feature","geometry":{"type":"Point","coordinates":[72.857303,19.281584]},"properties":{"id":"osm:node/7050050302","name":"Tirupati Nursing Home","category":"health","source":"osm"}},{"type":"Feature","geometry":{"type":"Point","coordinates":[72.854295,19.228435]},"properties":{"id":"osm:node/7050094778","name":"Ashirwad Orthopaedic and Surgical Nursing Home","category":"health","source":"osm"}},{"type":"Feature","geometry":{"type":"Point","coordinates":[72.907144,19.089031]},"properties":{"id":"osm:node/7050167816","name":"Zynova Heart Hospital","category":"health","source":"osm"}},{"type":"Feature","geometry":{"type":"Point","coordinates":[72.905196,19.088584]},"properties":{"id":"osm:node/7050171092","name":"Kedia Nursing Home","category":"health","source":"osm"}},{"type":"Feature","geometry":{"type":"Point","coordinates":[73.005757,19.099475]},"properties":{"id":"osm:node/7050247346","name":"Vidhi Eye and Skin Care Centre","category":"health","source":"osm"}},{"type":"Feature","geometry":{"type":"Point","coordinates":[72.966039,19.188046]},"properties":{"id":"osm:node/7050253933","name":"Dr Milind Patils Revival Bone and Joint Hospital","category":"health","source":"osm","healthcare":"hospital"}},{"type":"Feature","geometry":{"type":"Point","coordinates":[72.850206,19.225109]},"properties":{"id":"osm:node/7050257823","name":"Shree Borivli Gujarati Seva Mandal","category":"health","source":"osm"}},{"type":"Feature","geometry":{"type":"Point","coordinates":[72.84847,19.13717]},"properties":{"id":"osm:node/7050264239","name":"Pooja Nursing Home, Mumbai","category":"health","source":"osm","healthcare":"clinic"}},{"type":"Feature","geometry":{"type":"Point","coordinates":[72.970219,19.228105]},"properties":{"id":"osm:node/7050315220","name":"Sparsh Maternity and Nursing Home","category":"health","source":"osm","healthcare":"hospital"}},{"type":"Feature","geometry":{"type":"Point","coordinates":[72.853927,19.185377]},"properties":{"id":"osm:node/7050319630","name":"Jeevan Maternity and General Hospital","category":"health","source":"osm"}},{"type":"Feature","geometry":{"type":"Point","coordinates":[73.015534,19.043415]},"properties":{"id":"osm:node/7050371648","name":"Kamlesh Mother and Child Hospital","category":"health","source":"osm"}},{"type":"Feature","geometry":{"type":"Point","coordinates":[72.85368,19.309378]},"properties":{"id":"osm:node/7050396643","name":"Netrakhushi Eye and Laser Centre","category":"health","source":"osm"}},{"type":"Feature","geometry":{"type":"Point","coordinates":[72.857369,19.181238]},"properties":{"id":"osm:node/7050410994","name":"Sai Krupa Hospital, Mumbai","category":"health","source":"osm"}},{"type":"Feature","geometry":{"type":"Point","coordinates":[72.844343,19.123362]},"properties":{"id":"osm:node/7050494092","name":"Kaveri Eye Care Centre","category":"health","source":"osm","healthcare":"clinic"}},{"type":"Feature","geometry":{"type":"Point","coordinates":[73.003228,19.105806]},"properties":{"id":"osm:node/7050494170","name":"Dr. Dive S Eye Clinic","category":"health","source":"osm"}},{"type":"Feature","geometry":{"type":"Point","coordinates":[72.845794,19.120857]},"properties":{"id":"osm:node/7050518138","name":"Vishal X-Ray Clinic","category":"health","source":"osm","healthcare":"clinic"}},{"type":"Feature","geometry":{"type":"Point","coordinates":[72.999306,19.073949]},"properties":{"id":"osm:node/7050525480","name":"Thanawala Maternity Home","category":"health","source":"osm"}},{"type":"Feature","geometry":{"type":"Point","coordinates":[72.836609,18.970777]},"properties":{"id":"osm:node/7050575276","name":"Prince Aly Khan Hospital","category":"health","source":"osm","healthcare":"hospital","healthcare:speciality":"general;gynaecology"}},{"type":"Feature","geometry":{"type":"Point","coordinates":[72.907685,19.084542]},"properties":{"id":"osm:node/7050581184","name":"Parekh Eye Clinic and Child Clinic","category":"health","source":"osm"}},{"type":"Feature","geometry":{"type":"Point","coordinates":[73.005607,19.098082]},"properties":{"id":"osm:node/7050593685","name":"Saraswati Skin and Eye Care Centre","category":"health","source":"osm"}},{"type":"Feature","geometry":{"type":"Point","coordinates":[72.93153,19.113436]},"properties":{"id":"osm:node/7050603512","name":"Laxmi Health Care Center and Iccu","category":"health","source":"osm"}},{"type":"Feature","geometry":{"type":"Point","coordinates":[72.91006,19.085204]},"properties":{"id":"osm:node/7050614446","name":"Khushal Hospital and Maternity Home","category":"health","source":"osm"}},{"type":"Feature","geometry":{"type":"Point","coordinates":[72.855674,19.311456]},"properties":{"id":"osm:node/7050847670","name":"Manav Kalyan Kendra Hospital","category":"health","source":"osm"}},{"type":"Feature","geometry":{"type":"Point","coordinates":[72.841596,19.234794]},"properties":{"id":"osm:node/7050847681","name":"Rajendra Maternity and Surgical Nursing Home","category":"health","source":"osm"}},{"type":"Feature","geometry":{"type":"Point","coordinates":[72.862551,19.293825]},"properties":{"id":"osm:node/7050863021","name":"Tanwar Hospital, Thane","category":"health","source":"osm"}},{"type":"Feature","geometry":{"type":"Point","coordinates":[72.870692,19.278702]},"properties":{"id":"osm:node/7050863022","name":"Aryan Child Healthcare Centre and Nursing Home","category":"health","source":"osm"}},{"type":"Feature","geometry":{"type":"Point","coordinates":[72.868483,19.279099]},"properties":{"id":"osm:node/7050863023","name":"Gayatri Maternity and Ear Nose Throat Hospital","category":"health","source":"osm"}},{"type":"Feature","geometry":{"type":"Point","coordinates":[72.859422,19.276579]},"properties":{"id":"osm:node/7050863024","name":"Sanjeevani Hospital For Women and Children","category":"health","source":"osm","healthcare":"doctor","healthcare:speciality":"gynaecology"}},{"type":"Feature","geometry":{"type":"Point","coordinates":[72.868809,19.281258]},"properties":{"id":"osm:node/7050863025","name":"Roshni Maternity and Nursing Home","category":"health","source":"osm"}},{"type":"Feature","geometry":{"type":"Point","coordinates":[72.950203,19.167442]},"properties":{"id":"osm:node/7050872487","name":"Pooja Nursing Home Pvt. Ltd.","category":"health","source":"osm"}},{"type":"Feature","geometry":{"type":"Point","coordinates":[72.853823,19.314356]},"properties":{"id":"osm:node/7050881531","name":"Ashirwad Maternity and General Hospital","category":"health","source":"osm"}},{"type":"Feature","geometry":{"type":"Point","coordinates":[72.905886,19.079808]},"properties":{"id":"osm:node/7050932259","name":"Hiren Mehta Eye Care Centre","category":"health","source":"osm","healthcare":"hospital"}},{"type":"Feature","geometry":{"type":"Point","coordinates":[72.840078,19.025071]},"properties":{"id":"osm:node/7051069996","name":"Dr Thakur Hospital","category":"health","source":"osm","healthcare":"hospital"}},{"type":"Feature","geometry":{"type":"Point","coordinates":[72.887781,19.106492]},"properties":{"id":"osm:node/7051069997","name":"Ashirwad Children and Surgical Hospital","category":"health","source":"osm"}},{"type":"Feature","geometry":{"type":"Point","coordinates":[72.874871,19.195154]},"properties":{"id":"osm:node/7051069998","name":"Medha Maternity and Nursing Home - Kandivali (E) Mumbai","category":"health","source":"osm"}},{"type":"Feature","geometry":{"type":"Point","coordinates":[72.963586,19.20691]},"properties":{"id":"osm:node/7051069999","name":"Apeksha Maternity and Surgical Nursing Home, Thane","category":"health","source":"osm"}},{"type":"Feature","geometry":{"type":"Point","coordinates":[72.82894,19.218337]},"properties":{"id":"osm:node/7051070001","name":"Jaydeep Eye and Physiotherapy Clinic - Kandivli","category":"health","source":"osm"}},{"type":"Feature","geometry":{"type":"Point","coordinates":[72.966896,19.194016]},"properties":{"id":"osm:node/7051070007","name":"Bapat Nursing Home","category":"health","source":"osm","healthcare":"clinic"}},{"type":"Feature","geometry":{"type":"Point","coordinates":[72.90604,19.08042]},"properties":{"id":"osm:node/7051070008","name":"Kamdar Nursing Home and Polyclinic Pvt. Ltd.","category":"health","source":"osm","healthcare":"clinic"}},{"type":"Feature","geometry":{"type":"Point","coordinates":[72.822556,19.005028]},"properties":{"id":"osm:node/7051070010","name":"Reliance Life Sciences Pvt. Ltd","category":"health","source":"osm"}},{"type":"Feature","geometry":{"type":"Point","coordinates":[72.880285,19.081291]},"properties":{"id":"osm:node/7051070836","name":"Sharada Nursing Home.","category":"health","source":"osm"}},{"type":"Feature","geometry":{"type":"Point","coordinates":[72.953225,19.170119]},"properties":{"id":"osm:node/7051070841","name":"Lakshmi Nursing Home, Mumbai","category":"health","source":"osm"}},{"type":"Feature","geometry":{"type":"Point","coordinates":[72.846665,19.137379]},"properties":{"id":"osm:node/7051070842","name":"Mallika Hospital and Envision Eye Centre","category":"health","source":"osm"}},{"type":"Feature","geometry":{"type":"Point","coordinates":[72.929214,19.145689]},"properties":{"id":"osm:node/7051103930","name":"Gaurav Maternity and Surgical Hospital","category":"health","source":"osm"}},{"type":"Feature","geometry":{"type":"Point","coordinates":[72.903668,19.08531]},"properties":{"id":"osm:node/7051137461","name":"Sanghavi Eye Clinic","category":"health","source":"osm"}},{"type":"Feature","geometry":{"type":"Point","coordinates":[72.972024,19.195137]},"properties":{"id":"osm:node/7051167336","name":"Shivneri Hospital Pvt. Ltd.","category":"health","source":"osm","healthcare":"hospital"}},{"type":"Feature","geometry":{"type":"Point","coordinates":[72.865545,19.10681]},"properties":{"id":"osm:node/7051176229","name":"Kiran Care and Cure Hospital","category":"health","source":"osm","operator":"Dr. Vaibhav Mistry","healthcare":"hospital"}},{"type":"Feature","geometry":{"type":"Point","coordinates":[72.829476,19.128856]},"properties":{"id":"osm:node/7051342865","name":"Doctor Pareek's Deafness Clinic and ENT Hospital","category":"health","source":"osm","healthcare":"hospital"}},{"type":"Feature","geometry":{"type":"Point","coordinates":[72.975679,19.20103]},"properties":{"id":"osm:node/7051342876","name":"Aishwarya Nursing Home - Thane","category":"health","source":"osm","healthcare":"clinic"}},{"type":"Feature","geometry":{"type":"Point","coordinates":[72.930727,19.147696]},"properties":{"id":"osm:node/7051342882","name":"Sas Health Care Pvt. Limited","category":"health","source":"osm"}},{"type":"Feature","geometry":{"type":"Point","coordinates":[72.863204,19.248522]},"properties":{"id":"osm:node/7051342883","name":"Rohit Nursing Home - Dahisar","category":"health","source":"osm"}},{"type":"Feature","geometry":{"type":"Point","coordinates":[73.003759,19.102421]},"properties":{"id":"osm:node/7051344976","name":"Om Gagangiri Hospital, Thane, NAVI MUMBAI","category":"health","source":"osm"}},{"type":"Feature","geometry":{"type":"Point","coordinates":[72.825747,19.210692]},"properties":{"id":"osm:node/7051345894","name":"Shakuntala Maternity Home","category":"health","source":"osm"}},{"type":"Feature","geometry":{"type":"Point","coordinates":[72.868655,19.052335]},"properties":{"id":"osm:node/7051345907","name":"Dr.Patrawala's Kalpana Nursing Home","category":"health","source":"osm"}},{"type":"Feature","geometry":{"type":"Point","coordinates":[72.85252,19.118403]},"properties":{"id":"osm:node/7051589819","name":"Patel Nursing Home andheri (E)","category":"health","source":"osm","healthcare":"clinic"}},{"type":"Feature","geometry":{"type":"Point","coordinates":[72.89054,19.056599]},"properties":{"id":"osm:node/7051595414","name":"Mangal Anand Hospital","category":"health","source":"osm"}},{"type":"Feature","geometry":{"type":"Point","coordinates":[72.832589,19.074747]},"properties":{"id":"osm:node/7051598695","name":"Kumar Clinic, Mumbai","category":"health","source":"osm","healthcare":"clinic"}},{"type":"Feature","geometry":{"type":"Point","coordinates":[72.86092,19.026584]},"properties":{"id":"osm:node/7051633651","name":"CGHS Polyclinic Koliwada","category":"health","source":"osm"}},{"type":"Feature","geometry":{"type":"Point","coordinates":[72.871322,19.116902]},"properties":{"id":"osm:node/7051650092","name":"Umang Maternity and Surgical Nursing Home","category":"health","source":"osm","healthcare":"hospital","phone":"+912228203041"}},{"type":"Feature","geometry":{"type":"Point","coordinates":[72.93483,19.130424]},"properties":{"id":"osm:node/7051668008","name":"Aniket Nursing Home","category":"health","source":"osm"}},{"type":"Feature","geometry":{"type":"Point","coordinates":[72.844087,19.206225]},"properties":{"id":"osm:node/7051688587","name":"Nidhi Nursing Home and Iccu","category":"health","source":"osm"}},{"type":"Feature","geometry":{"type":"Point","coordinates":[72.971776,19.19543]},"properties":{"id":"osm:node/7051739612","name":"More Eye Center","category":"health","source":"osm","healthcare":"hospital"}},{"type":"Feature","geometry":{"type":"Point","coordinates":[72.999709,19.073782]},"properties":{"id":"osm:node/7051759654","name":"Thanawalas Maternity Home & IVF Clinic","category":"health","source":"osm"}},{"type":"Feature","geometry":{"type":"Point","coordinates":[72.847378,19.299927]},"properties":{"id":"osm:node/7051759660","name":"Ramlok ENT Hospital","category":"health","source":"osm"}},{"type":"Feature","geometry":{"type":"Point","coordinates":[72.864721,19.257032]},"properties":{"id":"osm:node/7051809539","name":"Ashirwad Maternity and Nursing Home","category":"health","source":"osm"}},{"type":"Feature","geometry":{"type":"Point","coordinates":[72.839,19.025425]},"properties":{"id":"osm:node/7051819363","name":"Dnyan Geeta Nursing Home","category":"health","source":"osm","healthcare":"clinic"}},{"type":"Feature","geometry":{"type":"Point","coordinates":[72.882747,19.1172]},"properties":{"id":"osm:node/7051825616","name":"Sugun Hospital Multispeciality Diagnostic, Icu","category":"health","source":"osm"}},{"type":"Feature","geometry":{"type":"Point","coordinates":[72.846703,19.013017]},"properties":{"id":"osm:node/7051831014","name":"Dr. Karmarkar Hospital","category":"health","source":"osm","healthcare":"hospital"}},{"type":"Feature","geometry":{"type":"Point","coordinates":[72.865942,19.283171]},"properties":{"id":"osm:node/7051832702","name":"Vipassana Hospital","category":"health","source":"osm"}},{"type":"Feature","geometry":{"type":"Point","coordinates":[72.999947,19.150371]},"properties":{"id":"osm:node/7051853939","name":"Asha Hospital and Iccu","category":"health","source":"osm"}},{"type":"Feature","geometry":{"type":"Point","coordinates":[72.832462,19.13179]},"properties":{"id":"osm:node/7051908286","name":"Belle-Vue General Nursing Home","category":"health","source":"osm","healthcare":"clinic"}},{"type":"Feature","geometry":{"type":"Point","coordinates":[72.936842,19.150607]},"properties":{"id":"osm:node/7051919772","name":"Sanjeevan Nursing Home and Iccu","category":"health","source":"osm","opening_hours":"Mo-Su 09:00-21:00","healthcare":"clinic"}},{"type":"Feature","geometry":{"type":"Point","coordinates":[72.864848,19.077967]},"properties":{"id":"osm:node/7051950929","name":"Sai Deep Nursing Home","category":"health","source":"osm"}},{"type":"Feature","geometry":{"type":"Point","coordinates":[72.953559,19.176304]},"properties":{"id":"osm:node/7051961242","name":"Dhanwantary Hospital and ICCU","category":"health","source":"osm"}},{"type":"Feature","geometry":{"type":"Point","coordinates":[72.831935,19.195363]},"properties":{"id":"osm:node/7051973313","name":"Dr Pagruts Fracture Orthopaedic and Surgical Hospital","category":"health","source":"osm"}},{"type":"Feature","geometry":{"type":"Point","coordinates":[72.996607,19.081709]},"properties":{"id":"osm:node/7051990083","name":"Dr Yewale Multispeciality Hospital For Children","category":"health","source":"osm"}},{"type":"Feature","geometry":{"type":"Point","coordinates":[72.959447,19.168563]},"properties":{"id":"osm:node/7051992797","name":"Samarth Maternity and Nursing Home","category":"health","source":"osm"}},{"type":"Feature","geometry":{"type":"Point","coordinates":[72.852303,19.218579]},"properties":{"id":"osm:node/7051997345","name":"Shri Bala Hanuman Maternity and Surgical Hospital","category":"health","source":"osm","wheelchair":"yes"}},{"type":"Feature","geometry":{"type":"Point","coordinates":[72.853838,19.027928]},"properties":{"id":"osm:node/7052027524","name":"Jashem Eye Institute","category":"health","source":"osm"}},{"type":"Feature","geometry":{"type":"Point","coordinates":[72.870536,19.247126]},"properties":{"id":"osm:node/7052042089","name":"Vijay Polyclinic and Care Centre","category":"health","source":"osm"}},{"type":"Feature","geometry":{"type":"Point","coordinates":[72.898965,19.059751]},"properties":{"id":"osm:node/7052051938","name":"Aayush Eye Clinic & Aayush Lasik Centre","category":"health","source":"osm"}},{"type":"Feature","geometry":{"type":"Point","coordinates":[72.859189,19.034287]},"properties":{"id":"osm:node/7052058100","name":"Vyas' Surgery","category":"health","source":"osm"}},{"type":"Feature","geometry":{"type":"Point","coordinates":[72.830912,19.017154]},"properties":{"id":"osm:node/7052083192","name":"Shri Siddhivinayak Nursing Home","category":"health","source":"osm","healthcare":"clinic"}},{"type":"Feature","geometry":{"type":"Point","coordinates":[72.847461,19.193877]},"properties":{"id":"osm:node/7052124558","name":"Riddhivinayak Critical Care and Cardiac Centre","category":"health","source":"osm"}},{"type":"Feature","geometry":{"type":"Point","coordinates":[72.853478,19.247308]},"properties":{"id":"osm:node/7052136733","name":"Sohum Eyecare Centre","category":"health","source":"osm"}},{"type":"Feature","geometry":{"type":"Point","coordinates":[72.961216,19.169427]},"properties":{"id":"osm:node/7052180197","name":"Mulund Nursing Home","category":"health","source":"osm"}},{"type":"Feature","geometry":{"type":"Point","coordinates":[72.85462,19.039966]},"properties":{"id":"osm:node/7052181497","name":"Sai Hospital","category":"health","source":"osm","healthcare":"hospital"}},{"type":"Feature","geometry":{"type":"Point","coordinates":[72.952101,19.174563]},"properties":{"id":"osm:node/7052183599","name":"Drishti Eye Care Centre","category":"health","source":"osm"}},{"type":"Feature","geometry":{"type":"Point","coordinates":[72.834412,19.074446]},"properties":{"id":"osm:node/7052185493","name":"Khar Clinico-Pathology Laboratory","category":"health","source":"osm","healthcare":"hospital","healthcare:speciality":"pathology"}},{"type":"Feature","geometry":{"type":"Point","coordinates":[72.856767,19.20176]},"properties":{"id":"osm:node/7052220015","name":"Saibaba Maternity and Nursing Home","category":"health","source":"osm"}},{"type":"Feature","geometry":{"type":"Point","coordinates":[72.843788,19.191838]},"properties":{"id":"osm:node/7052285550","name":"Shree Surgical and Maternity Nursing Home","category":"health","source":"osm"}},{"type":"Feature","geometry":{"type":"Point","coordinates":[72.970902,19.193598]},"properties":{"id":"osm:node/7052286312","name":"Gunjotikar Nursing Home","category":"health","source":"osm","healthcare":"clinic"}},{"type":"Feature","geometry":{"type":"Point","coordinates":[72.960893,19.210702]},"properties":{"id":"osm:node/7052287516","name":"Maher Maternity Infertility and Surgical Nursing Home","category":"health","source":"osm"}},{"type":"Feature","geometry":{"type":"Point","coordinates":[72.909144,19.052147]},"properties":{"id":"osm:node/7052294540","name":"Ashirwad Hospital and Polyclinic","category":"health","source":"osm"}},{"type":"Feature","geometry":{"type":"Point","coordinates":[72.854523,19.079945]},"properties":{"id":"osm:node/7052303296","name":"Aseem Orthopaedic Hospital","category":"health","source":"osm","healthcare":"hospital","healthcare:speciality":"orthodontics"}},{"type":"Feature","geometry":{"type":"Point","coordinates":[72.940276,18.877287]},"properties":{"id":"osm:node/7052315629","name":"Palvi Hospital","category":"health","source":"osm"}},{"type":"Feature","geometry":{"type":"Point","coordinates":[72.864532,19.233759]},"properties":{"id":"osm:node/7052355305","name":"Mohit Hospital","category":"health","source":"osm"}},{"type":"Feature","geometry":{"type":"Point","coordinates":[72.81904,18.956803]},"properties":{"id":"osm:node/7052365607","name":"Brahman Sabha, Mhaskar Gruh and General Nursing Home","category":"health","source":"osm","healthcare":"hospital","healthcare:speciality":"general;gynaecology","phone":"+91 22 23871999"}},{"type":"Feature","geometry":{"type":"Point","coordinates":[72.843213,19.004984]},"properties":{"id":"osm:node/7052388277","name":"Tata Memorial Hospital","category":"health","source":"osm"}},{"type":"Feature","geometry":{"type":"Point","coordinates":[72.999828,19.149046]},"properties":{"id":"osm:node/7052398568","name":"Dr. Doke's Shraddha Hospital","category":"health","source":"osm"}},{"type":"Feature","geometry":{"type":"Point","coordinates":[72.864158,19.283655]},"properties":{"id":"osm:node/7052491973","name":"Sushrut Maternity and Surgical Nursing Home","category":"health","source":"osm"}},{"type":"Feature","geometry":{"type":"Point","coordinates":[72.852745,19.184575]},"properties":{"id":"osm:node/7052502073","name":"Sanjeevani Surgical and General Hospital","category":"health","source":"osm"}},{"type":"Feature","geometry":{"type":"Point","coordinates":[72.851026,19.184206]},"properties":{"id":"osm:node/7052502074","name":"Sanjeevani Chandrabhan Agrawal Charitable Trust Eye Hospital","category":"health","source":"osm"}},{"type":"Feature","geometry":{"type":"Point","coordinates":[73.012456,19.063412]},"properties":{"id":"osm:node/7052505337","name":"Sanpada General Hopital","category":"health","source":"osm"}},{"type":"Feature","geometry":{"type":"Point","coordinates":[72.8853,19.101253]},"properties":{"id":"osm:node/7052525501","name":"J.P Hospital, Mumbai","category":"health","source":"osm"}},{"type":"Feature","geometry":{"type":"Point","coordinates":[72.85446,19.237964]},"properties":{"id":"osm:node/7052724145","name":"Gandhi Nursing Home-Borivali-Mumbai","category":"health","source":"osm","healthcare":"clinic"}},{"type":"Feature","geometry":{"type":"Point","coordinates":[72.840569,19.186916]},"properties":{"id":"osm:node/7052744110","name":"The Laser Vision Centre","category":"health","source":"osm"}},{"type":"Feature","geometry":{"type":"Point","coordinates":[72.926494,19.10958]},"properties":{"id":"osm:node/7052767202","name":"Samarth Hospital, Mumbai","category":"health","source":"osm"}},{"type":"Feature","geometry":{"type":"Point","coordinates":[72.81344,18.961017]},"properties":{"id":"osm:node/7052771941","name":"Dr. Gala's Nursing Home","category":"health","source":"osm","healthcare":"clinic"}},{"type":"Feature","geometry":{"type":"Point","coordinates":[72.860621,19.246374]},"properties":{"id":"osm:node/7052779516","name":"Navneet Hi-Tech Hospital","category":"health","source":"osm"}},{"type":"Feature","geometry":{"type":"Point","coordinates":[72.907079,19.089012]},"properties":{"id":"osm:node/7052811704","name":"Navnirman Maternity and Surgical Hospital","category":"health","source":"osm"}},{"type":"Feature","geometry":{"type":"Point","coordinates":[72.831581,19.127359]},"properties":{"id":"osm:node/7052813761","name":"Dr. Vaidya Eye Hospital","category":"health","source":"osm","healthcare":"hospital"}},{"type":"Feature","geometry":{"type":"Point","coordinates":[72.858767,19.201461]},"properties":{"id":"osm:node/7052833529","name":"Sanchaiti Hospital","category":"health","source":"osm"}},{"type":"Feature","geometry":{"type":"Point","coordinates":[72.852764,19.301855]},"properties":{"id":"osm:node/7052845491","name":"Sanjeevani Children Hospital, Thane","category":"health","source":"osm"}},{"type":"Feature","geometry":{"type":"Point","coordinates":[72.845378,19.205692]},"properties":{"id":"osm:node/7052855546","name":"Paarth Hospital","category":"health","source":"osm"}},{"type":"Feature","geometry":{"type":"Point","coordinates":[72.846573,19.189838]},"properties":{"id":"osm:node/7052877579","name":"Saraogi Maternity and General Hospital","category":"health","source":"osm"}},{"type":"Feature","geometry":{"type":"Point","coordinates":[72.998814,19.161103]},"properties":{"id":"osm:node/7052895341","name":"Mody Hospital Iccu","category":"health","source":"osm","healthcare":"hospital"}},{"type":"Feature","geometry":{"type":"Point","coordinates":[72.861991,19.229971]},"properties":{"id":"osm:node/7052901204","name":"Sumeet Nursing Home","category":"health","source":"osm"}},{"type":"Feature","geometry":{"type":"Point","coordinates":[73.017892,19.043283]},"properties":{"id":"osm:node/7052946842","name":"Manak Healthcare Hospital","category":"health","source":"osm"}},{"type":"Feature","geometry":{"type":"Point","coordinates":[72.972376,19.187607]},"properties":{"id":"osm:node/7052958049","name":"Bhaskar Eye and Lens Implant Clinic","category":"health","source":"osm","healthcare":"clinic"}},{"type":"Feature","geometry":{"type":"Point","coordinates":[72.968489,19.187216]},"properties":{"id":"osm:node/7052961484","name":"Deodhar Hospitals Pvt. Ltd","category":"health","source":"osm","healthcare":"hospital"}},{"type":"Feature","geometry":{"type":"Point","coordinates":[72.831868,19.014688]},"properties":{"id":"osm:node/7052963441","name":"Dr.Palep's Priyank Maternity Nursing Home","category":"health","source":"osm","healthcare":"hospital","healthcare:speciality":"maternity;pathology"}},{"type":"Feature","geometry":{"type":"Point","coordinates":[72.966086,19.184974]},"properties":{"id":"osm:node/7052963442","name":"Dr.Paradkar Hospital","category":"health","source":"osm","healthcare":"hospital"}},{"type":"Feature","geometry":{"type":"Point","coordinates":[72.964436,19.189049]},"properties":{"id":"osm:node/7053008622","name":"Abhimaan Maternity and Surgical Hospital - Thane","category":"health","source":"osm","healthcare":"hospital"}},{"type":"Feature","geometry":{"type":"Point","coordinates":[72.844424,19.231955]},"properties":{"id":"osm:node/7053011788","name":"Dr.Mugdha Ranade Eye Clinic","category":"health","source":"osm"}},{"type":"Feature","geometry":{"type":"Point","coordinates":[72.905198,19.088102]},"properties":{"id":"osm:node/7053014921","name":"Nulife Hospital, Mumbai","category":"health","source":"osm"}},{"type":"Feature","geometry":{"type":"Point","coordinates":[72.905331,19.088256]},"properties":{"id":"osm:node/7053026376","name":"Jivdaya Hospital","category":"health","source":"osm"}},{"type":"Feature","geometry":{"type":"Point","coordinates":[72.905182,19.08815]},"properties":{"id":"osm:node/7053034034","name":"Shradha Heart Hospital","category":"health","source":"osm"}},{"type":"Feature","geometry":{"type":"Point","coordinates":[72.815854,19.129382]},"properties":{"id":"osm:node/7053184769","name":"Mamta Maternity and Nursing Home","category":"health","source":"osm"}},{"type":"Feature","geometry":{"type":"Point","coordinates":[72.976908,19.189596]},"properties":{"id":"osm:node/7053188944","name":"Kkasturi Medicare Pvt Ltd","category":"health","source":"osm","healthcare":"hospital"}},{"type":"Feature","geometry":{"type":"Point","coordinates":[72.851498,19.103515]},"properties":{"id":"osm:node/7053189597","name":"Dr.Satish G.Desai","category":"health","source":"osm","healthcare":"hospital"}},{"type":"Feature","geometry":{"type":"Point","coordinates":[72.833599,19.01544]},"properties":{"id":"osm:node/7053245833","name":"Dev Nursing Home","category":"health","source":"osm","healthcare":"hospital","healthcare:speciality":"general"}},{"type":"Feature","geometry":{"type":"Point","coordinates":[72.849961,19.022175]},"properties":{"id":"osm:node/7053247772","name":"Insight Eye Clinic","category":"health","source":"osm","healthcare":"clinic"}},{"type":"Feature","geometry":{"type":"Point","coordinates":[72.851049,19.022628]},"properties":{"id":"osm:node/7053248911","name":"Siddhamrut Clinic","category":"health","source":"osm"}},{"type":"Feature","geometry":{"type":"Point","coordinates":[72.844626,19.14004]},"properties":{"id":"osm:node/7053250902","name":"Dr Shah Piles Clinic","category":"health","source":"osm","healthcare":"clinic"}},{"type":"Feature","geometry":{"type":"Point","coordinates":[72.845106,19.013639]},"properties":{"id":"osm:node/7053265680","name":"Suprabha Surgicare","category":"health","source":"osm"}},{"type":"Feature","geometry":{"type":"Point","coordinates":[72.864093,19.041898]},"properties":{"id":"osm:node/7053266063","name":"Dr. Deosthaci's Eye Care Centre","category":"health","source":"osm"}},{"type":"Feature","geometry":{"type":"Point","coordinates":[72.906287,19.085295]},"properties":{"id":"osm:node/7053273298","name":"H.J. Doshi Ghatkopar Hindu Sabha Hospital","category":"health","source":"osm","healthcare:speciality":"dentist;physiotherapy;general"}},{"type":"Feature","geometry":{"type":"Point","coordinates":[72.853084,19.024018]},"properties":{"id":"osm:node/7053274344","name":"Dr V T Shah Diagnostic Centre and Clinic","category":"health","source":"osm"}},{"type":"Feature","geometry":{"type":"Point","coordinates":[72.852052,19.025323]},"properties":{"id":"osm:node/7053277891","name":"Dr.Chhatres Maternity and Surgical Nursing Home","category":"health","source":"osm"}},{"type":"Feature","geometry":{"type":"Point","coordinates":[72.862612,19.046444]},"properties":{"id":"osm:node/7053287483","name":"Ashirwad Nursing Home, Amravati","category":"health","source":"osm"}},{"type":"Feature","geometry":{"type":"Point","coordinates":[72.961645,19.209065]},"properties":{"id":"osm:node/7053317926","name":"Swami Health Care","category":"health","source":"osm"}},{"type":"Feature","geometry":{"type":"Point","coordinates":[72.839709,19.025993]},"properties":{"id":"osm:node/7053344161","name":"Ashvini Nursing and Maternity Home","category":"health","source":"osm","healthcare":"clinic"}},{"type":"Feature","geometry":{"type":"Point","coordinates":[72.837625,19.025301]},"properties":{"id":"osm:node/7053353247","name":"Dr.Patkars Surgical Nursing Home","category":"health","source":"osm","healthcare":"clinic"}},{"type":"Feature","geometry":{"type":"Point","coordinates":[72.838038,19.024178]},"properties":{"id":"osm:node/7053355770","name":"Well Spring Dr Avinash Phadke Pathlab Clinic","category":"health","source":"osm","healthcare":"hospital"}},{"type":"Feature","geometry":{"type":"Point","coordinates":[72.946921,19.163992]},"properties":{"id":"osm:node/7053517508","name":"Shree Sai Maternity and Surgical Nursing Home","category":"health","source":"osm"}},{"type":"Feature","geometry":{"type":"Point","coordinates":[72.852305,19.219057]},"properties":{"id":"osm:node/7053694033","name":"Eye Care Centre, Borivali","category":"health","source":"osm","healthcare:speciality":"ophthalmology"}},{"type":"Feature","geometry":{"type":"Point","coordinates":[73.019343,19.034161]},"properties":{"id":"osm:node/7053694049","name":"Raj Hospital, Mumbai","category":"health","source":"osm"}},{"type":"Feature","geometry":{"type":"Point","coordinates":[72.9309,19.144239]},"properties":{"id":"osm:node/7053694050","name":"Aashirwad Nursing Home","category":"health","source":"osm"}},{"type":"Feature","geometry":{"type":"Point","coordinates":[73.015935,19.014523]},"properties":{"id":"osm:node/7053702773","name":"Ashwini Nursing Home","category":"health","source":"osm"}},{"type":"Feature","geometry":{"type":"Point","coordinates":[72.838342,19.198802]},"properties":{"id":"osm:node/7053711443","name":"Surana Hospital and Research Centre, Mumbai","category":"health","source":"osm"}},{"type":"Feature","geometry":{"type":"Point","coordinates":[73.012236,19.096153]},"properties":{"id":"osm:node/7053711444","name":"Naik Nursing Home and Endoscopy Centre","category":"health","source":"osm"}},{"type":"Feature","geometry":{"type":"Point","coordinates":[72.932266,19.170229]},"properties":{"id":"osm:node/7053870878","name":"Ashirwad Maternity and Nursing Home, Mulund","category":"health","source":"osm"}},{"type":"Feature","geometry":{"type":"Point","coordinates":[72.866741,19.208863]},"properties":{"id":"osm:node/7053882287","name":"Omm Sai Nursing Home - Kandivali, Mumbai","category":"health","source":"osm"}},{"type":"Feature","geometry":{"type":"Point","coordinates":[72.841124,19.017591]},"properties":{"id":"osm:node/7053882288","name":"Nerkar Surgical Clinic","category":"health","source":"osm"}},{"type":"Feature","geometry":{"type":"Point","coordinates":[72.836793,19.084109]},"properties":{"id":"osm:node/7053914380","name":"The Ark Clinic","category":"health","source":"osm","healthcare":"clinic"}},{"type":"Feature","geometry":{"type":"Point","coordinates":[72.986229,19.1533]},"properties":{"id":"osm:node/7054096515","name":"National Burns Center","category":"health","source":"osm"}},{"type":"Feature","geometry":{"type":"Point","coordinates":[72.939337,18.878106]},"properties":{"id":"osm:node/7054135993","name":"Dake Hospital","category":"health","source":"osm"}},{"type":"Feature","geometry":{"type":"Point","coordinates":[72.856719,19.224822]},"properties":{"id":"osm:node/7054149581","name":"Utkarsh Nursing Home","category":"health","source":"osm"}},{"type":"Feature","geometry":{"type":"Point","coordinates":[72.933575,19.115237]},"properties":{"id":"osm:node/7054152139","name":"Yashwant Hospital, Mumbai","category":"health","source":"osm"}},{"type":"Feature","geometry":{"type":"Point","coordinates":[72.87477,19.281262]},"properties":{"id":"osm:node/7054153830","name":"Samartha Hospital","category":"health","source":"osm"}},{"type":"Feature","geometry":{"type":"Point","coordinates":[72.849841,19.183922]},"properties":{"id":"osm:node/7054166264","name":"Krishna Eye Care Centre","category":"health","source":"osm","operator":"private clinic","healthcare":"hospital","healthcare:speciality":"orthodontics;ophthalmology"}},{"type":"Feature","geometry":{"type":"Point","coordinates":[72.936481,19.147349]},"properties":{"id":"osm:node/7054170594","name":"Dr. Thakurs Ear Nose Throat Clinic and Hospital - Bhandup (W) Mumbai","category":"health","source":"osm"}},{"type":"Feature","geometry":{"type":"Point","coordinates":[72.781492,19.278536]},"properties":{"id":"osm:node/7054176419","name":"Possa Hospital and Polyclinic","category":"health","source":"osm"}},{"type":"Feature","geometry":{"type":"Point","coordinates":[72.854442,19.229715]},"properties":{"id":"osm:node/7054209607","name":"Dr. Khatavs Mother and Child Hospital","category":"health","source":"osm","healthcare":"hospital"}},{"type":"Feature","geometry":{"type":"Point","coordinates":[72.977884,19.20249]},"properties":{"id":"osm:node/7054297836","name":"Laxmi Jyot Eye Hospital, Thane","category":"health","source":"osm","healthcare":"hospital"}},{"type":"Feature","geometry":{"type":"Point","coordinates":[72.837343,19.113306]},"properties":{"id":"osm:node/7054316957","name":"Divya Eye Clinic and Day Care Centre, Juhu","category":"health","source":"osm"}},{"type":"Feature","geometry":{"type":"Point","coordinates":[72.848165,19.116661]},"properties":{"id":"osm:node/7054327917","name":"Laxmi Mirat Eye Clinic and Day Care Centre","category":"health","source":"osm","healthcare":"clinic"}},{"type":"Feature","geometry":{"type":"Point","coordinates":[72.822519,19.126368]},"properties":{"id":"osm:node/7054363306","name":"Dr.Patel's Nursing Home","category":"health","source":"osm"}},{"type":"Feature","geometry":{"type":"Point","coordinates":[72.860306,19.295648]},"properties":{"id":"osm:node/7054385780","name":"Chirayu Superspeciality Hospital","category":"health","source":"osm"}},{"type":"Feature","geometry":{"type":"Point","coordinates":[72.870278,19.28449]},"properties":{"id":"osm:node/7054394705","name":"A Care Orthopaedic and General Hospital","category":"health","source":"osm"}},{"type":"Feature","geometry":{"type":"Point","coordinates":[72.812839,18.974795]},"properties":{"id":"osm:node/7054423656","name":"Shetty Nursing Home (Shetty Health Services Pvt. Ltd.)","category":"health","source":"osm"}},{"type":"Feature","geometry":{"type":"Point","coordinates":[72.833784,18.952713]},"properties":{"id":"osm:node/7054447906","name":"Dholkawalla Maternity Home","category":"health","source":"osm","healthcare":"hospital","healthcare:speciality":"gynaecology"}},{"type":"Feature","geometry":{"type":"Point","coordinates":[72.844373,19.116968]},"properties":{"id":"osm:node/7054456795","name":"Vibha Maternity and Surgical Nursing Home","category":"health","source":"osm","healthcare":"hospital"}},{"type":"Feature","geometry":{"type":"Point","coordinates":[72.858563,19.234256]},"properties":{"id":"osm:node/7054513600","name":"Shri K V O Jain Manav Seva Kendra Navneet Hospital","category":"health","source":"osm","healthcare":"hospital"}},{"type":"Feature","geometry":{"type":"Point","coordinates":[72.841652,19.030722]},"properties":{"id":"osm:node/7054526793","name":"Surlata Hospital","category":"health","source":"osm","healthcare":"hospital"}},{"type":"Feature","geometry":{"type":"Point","coordinates":[72.836866,19.18094]},"properties":{"id":"osm:node/7054555638","name":"Saraswati Hospital, Mumbai","category":"health","source":"osm"}},{"type":"Feature","geometry":{"type":"Point","coordinates":[72.848553,19.200641]},"properties":{"id":"osm:node/7054594721","name":"Khm Medical Centre Shree Kandivli Hitwardhak Mandal Kandivali","category":"health","source":"osm"}},{"type":"Feature","geometry":{"type":"Point","coordinates":[72.852876,19.230048]},"properties":{"id":"osm:node/7054596733","name":"Doshi Maternity Nursing Home","category":"health","source":"osm"}},{"type":"Feature","geometry":{"type":"Point","coordinates":[72.843424,19.114688]},"properties":{"id":"osm:node/7054613485","name":"Sainath Polyclinic","category":"health","source":"osm"}},{"type":"Feature","geometry":{"type":"Point","coordinates":[72.852811,19.301622]},"properties":{"id":"osm:node/7054613676","name":"Kamla Eye Clinic","category":"health","source":"osm"}},{"type":"Feature","geometry":{"type":"Point","coordinates":[72.85035,19.136145]},"properties":{"id":"osm:node/7054625890","name":"Dr. Kamat's Hospital","category":"health","source":"osm","healthcare":"hospital"}},{"type":"Feature","geometry":{"type":"Point","coordinates":[72.836856,19.055927]},"properties":{"id":"osm:node/7054682098","name":"Mahatma Gandhi Seva Mandir","category":"health","source":"osm","healthcare":"hospital"}},{"type":"Feature","geometry":{"type":"Point","coordinates":[72.854387,19.229456]},"properties":{"id":"osm:node/7054692538","name":"Purohit Hospital","category":"health","source":"osm","healthcare":"hospital"}},{"type":"Feature","geometry":{"type":"Point","coordinates":[72.867375,19.107077]},"properties":{"id":"osm:node/7054725462","name":"Ameya Surgical and General Nursing Home","category":"health","source":"osm","healthcare":"hospital"}},{"type":"Feature","geometry":{"type":"Point","coordinates":[72.856203,19.08045]},"properties":{"id":"osm:node/7054746894","name":"Dr. Raut's Maternity and Surgical Nursing Home","category":"health","source":"osm","healthcare":"hospital"}},{"type":"Feature","geometry":{"type":"Point","coordinates":[72.901816,19.051268]},"properties":{"id":"osm:node/7054759108","name":"Oma Hospital","category":"health","source":"osm"}},{"type":"Feature","geometry":{"type":"Point","coordinates":[72.967882,19.187295]},"properties":{"id":"osm:node/7054760746","name":"Sai Ganesh Hospital, Thane","category":"health","source":"osm","healthcare":"hospital"}},{"type":"Feature","geometry":{"type":"Point","coordinates":[72.836309,19.055442]},"properties":{"id":"osm:node/7054772433","name":"Dr. Shetty's Nursing Home","category":"health","source":"osm","healthcare":"clinic"}},{"type":"Feature","geometry":{"type":"Point","coordinates":[72.850139,19.304276]},"properties":{"id":"osm:node/7054796438","name":"Seetabai Children Hospital","category":"health","source":"osm"}},{"type":"Feature","geometry":{"type":"Point","coordinates":[72.852008,19.13595]},"properties":{"id":"osm:node/7054797503","name":"Dr Kulkarni Hospital","category":"health","source":"osm","healthcare":"hospital"}},{"type":"Feature","geometry":{"type":"Point","coordinates":[72.866438,19.235271]},"properties":{"id":"osm:node/7054810984","name":"Shree Krishna Hospital, Mumbai","category":"health","source":"osm"}},{"type":"Feature","geometry":{"type":"Point","coordinates":[72.972527,19.203067]},"properties":{"id":"osm:node/7054818486","name":"Dr Manish Patankar's Nath Hospital","category":"health","source":"osm","healthcare":"hospital"}},{"type":"Feature","geometry":{"type":"Point","coordinates":[72.847125,19.185266]},"properties":{"id":"osm:node/7054831098","name":"Kumta Eye and Retina Clinic and Laser Center","category":"health","source":"osm"}},{"type":"Feature","geometry":{"type":"Point","coordinates":[72.865166,19.044428]},"properties":{"id":"osm:node/7054852418","name":"Krishna Eye Centre","category":"health","source":"osm"}},{"type":"Feature","geometry":{"type":"Point","coordinates":[72.856134,19.294713]},"properties":{"id":"osm:node/7054869824","name":"Shah Lifeline Hospital and Heart Institute Pvt. Ltd. - Thane","category":"health","source":"osm"}},{"type":"Feature","geometry":{"type":"Point","coordinates":[72.98,19.202805]},"properties":{"id":"osm:node/7054878679","name":"Sunjeevan Hospital and I C U","category":"health","source":"osm","healthcare":"hospital"}},{"type":"Feature","geometry":{"type":"Point","coordinates":[72.937443,19.150682]},"properties":{"id":"osm:node/7054913128","name":"Nadkarni Eye Care Centre","category":"health","source":"osm"}},{"type":"Feature","geometry":{"type":"Point","coordinates":[72.862862,19.226974]},"properties":{"id":"osm:node/7054927767","name":"Riddhi Eye Clinic","category":"health","source":"osm"}},{"type":"Feature","geometry":{"type":"Point","coordinates":[72.959279,19.169999]},"properties":{"id":"osm:node/7054939253","name":"Omkar Surgical and Maternity Home","category":"health","source":"osm"}},{"type":"Feature","geometry":{"type":"Point","coordinates":[72.850457,19.304904]},"properties":{"id":"osm:node/7054963068","name":"Bhanu Clinic","category":"health","source":"osm"}},{"type":"Feature","geometry":{"type":"Point","coordinates":[72.826634,19.207857]},"properties":{"id":"osm:node/7054965709","name":"Matushree Maternity, Surgical and General Nursing Home","category":"health","source":"osm"}},{"type":"Feature","geometry":{"type":"Point","coordinates":[72.982753,19.194538]},"properties":{"id":"osm:node/7054973627","name":"Samarth Nursing Home, Thane","category":"health","source":"osm","healthcare":"clinic"}},{"type":"Feature","geometry":{"type":"Point","coordinates":[72.998189,19.072576]},"properties":{"id":"osm:node/7055020533","name":"Surya Netralaya","category":"health","source":"osm","healthcare":"doctor","healthcare:speciality":"ophthalmology"}},{"type":"Feature","geometry":{"type":"Point","coordinates":[72.978404,19.219185]},"properties":{"id":"osm:node/7055027023","name":"Dr Jyotsna Jagtaps Ent Hospital and Hearing Aid Centre","category":"health","source":"osm"}},{"type":"Feature","geometry":{"type":"Point","coordinates":[73.002869,19.120693]},"properties":{"id":"osm:node/7055034735","name":"Divine Multispecialty Hospital and Research Centre","category":"health","source":"osm"}},{"type":"Feature","geometry":{"type":"Point","coordinates":[72.851767,19.303361]},"properties":{"id":"osm:node/7055036310","name":"Nakoda Hospital","category":"health","source":"osm"}},{"type":"Feature","geometry":{"type":"Point","coordinates":[72.825176,19.12915]},"properties":{"id":"osm:node/7055036505","name":"Sehgal Path Lab","category":"health","source":"osm","healthcare":"hospital"}},{"type":"Feature","geometry":{"type":"Point","coordinates":[72.900081,19.059445]},"properties":{"id":"osm:node/7055036574","name":"Rushabh Eye Hospital and Laser Centre","category":"health","source":"osm"}},{"type":"Feature","geometry":{"type":"Point","coordinates":[72.842119,19.030317]},"properties":{"id":"osm:node/7055056491","name":"North Bombay Clinic Surgical and Maternity Home","category":"health","source":"osm","healthcare":"clinic"}},{"type":"Feature","geometry":{"type":"Point","coordinates":[73.004712,19.089799]},"properties":{"id":"osm:node/7055082976","name":"Ashirwad Hospital Maternity Surgical and General","category":"health","source":"osm"}},{"type":"Feature","geometry":{"type":"Point","coordinates":[72.932346,19.147904]},"properties":{"id":"osm:node/7055103307","name":"Madhu Polyclinic and Nursing Home","category":"health","source":"osm"}},{"type":"Feature","geometry":{"type":"Point","coordinates":[72.97325,19.187047]},"properties":{"id":"osm:node/7055106537","name":"Dr. Narkhedes Advance Ent Centre","category":"health","source":"osm","healthcare":"hospital"}},{"type":"Feature","geometry":{"type":"Point","coordinates":[73.004627,19.101379]},"properties":{"id":"osm:node/7055110020","name":"Aakashdeep Hospital and I.C.U","category":"health","source":"osm"}},{"type":"Feature","geometry":{"type":"Point","coordinates":[72.936115,19.147335]},"properties":{"id":"osm:node/7055113661","name":"Srushti Orthotech Hospital","category":"health","source":"osm"}},{"type":"Feature","geometry":{"type":"Point","coordinates":[72.945663,19.189471]},"properties":{"id":"osm:node/7055122225","name":"Dr. Thakur's Shree Hospital","category":"health","source":"osm"}},{"type":"Feature","geometry":{"type":"Point","coordinates":[72.838611,19.089332]},"properties":{"id":"osm:node/7055132326","name":"Dr. Kamdars Nursing Home","category":"health","source":"osm"}},{"type":"Feature","geometry":{"type":"Point","coordinates":[72.836329,19.088093]},"properties":{"id":"osm:node/7055144633","name":"Malhaar Maternity and Nursing Home","category":"health","source":"osm","healthcare":"hospital"}},{"type":"Feature","geometry":{"type":"Point","coordinates":[72.880923,19.119188]},"properties":{"id":"osm:node/7055146206","name":"Chiranjeevi Nursing Home","category":"health","source":"osm"}},{"type":"Feature","geometry":{"type":"Point","coordinates":[72.90696,19.088305]},"properties":{"id":"osm:node/7055153115","name":"Medico Surgical Clinic and Hospital","category":"health","source":"osm"}},{"type":"Feature","geometry":{"type":"Point","coordinates":[72.973522,19.189497]},"properties":{"id":"osm:node/7055197055","name":"Dr Bedekars Hospital","category":"health","source":"osm","healthcare":"hospital"}},{"type":"Feature","geometry":{"type":"Point","coordinates":[72.929242,19.145657]},"properties":{"id":"osm:node/7055223581","name":"Shaha Children Hospital","category":"health","source":"osm"}},{"type":"Feature","geometry":{"type":"Point","coordinates":[72.884657,19.082509]},"properties":{"id":"osm:node/7055228102","name":"Dr Shehnaz Shaikh Clinic","category":"health","source":"osm","operator":"Dr. Shenaz shaikh","healthcare":"clinic"}},{"type":"Feature","geometry":{"type":"Point","coordinates":[72.851173,19.039982]},"properties":{"id":"osm:node/7055262419","name":"Dr Savlas Child Care Centre","category":"health","source":"osm"}},{"type":"Feature","geometry":{"type":"Point","coordinates":[72.862173,19.038565]},"properties":{"id":"osm:node/7055271740","name":"Iyers Polyclinic","category":"health","source":"osm"}},{"type":"Feature","geometry":{"type":"Point","coordinates":[72.843204,19.114807]},"properties":{"id":"osm:node/7055276698","name":"Doctor Eye Hospital","category":"health","source":"osm"}},{"type":"Feature","geometry":{"type":"Point","coordinates":[72.860059,19.030896]},"properties":{"id":"osm:node/7055279023","name":"Shanmukhananda Aditya Jyot Eye Institute","category":"health","source":"osm"}},{"type":"Feature","geometry":{"type":"Point","coordinates":[72.840914,19.111061]},"properties":{"id":"osm:node/7055291017","name":"Mediwavw Clinic","category":"health","source":"osm"}},{"type":"Feature","geometry":{"type":"Point","coordinates":[72.967399,19.188165]},"properties":{"id":"osm:node/7055293992","name":"Nirmiti Fertility and Ivf Centre","category":"health","source":"osm","healthcare":"hospital"}},{"type":"Feature","geometry":{"type":"Point","coordinates":[72.83214,19.138686]},"properties":{"id":"osm:node/7055330884","name":"Dr Eye Institute Pvt Ltd","category":"health","source":"osm","healthcare":"hospital"}},{"type":"Feature","geometry":{"type":"Point","coordinates":[72.813963,18.973172]},"properties":{"id":"osm:node/7055376041","name":"Aus Clinic and Lithotripsy Center","category":"health","source":"osm"}},{"type":"Feature","geometry":{"type":"Point","coordinates":[72.904344,19.080088]},"properties":{"id":"osm:node/7055419121","name":"Ashwini Maternity and Surgical Hospital,Ghatkopar(E)","category":"health","source":"osm"}},{"type":"Feature","geometry":{"type":"Point","coordinates":[72.824837,18.957344]},"properties":{"id":"osm:node/7055428168","name":"Yogeshwar Surgical Clinic and Nursing Home - Mumbai","category":"health","source":"osm"}},{"type":"Feature","geometry":{"type":"Point","coordinates":[72.975742,19.234696]},"properties":{"id":"osm:node/7055431560","name":"Orthonova Hospital","category":"health","source":"osm","healthcare":"hospital"}},{"type":"Feature","geometry":{"type":"Point","coordinates":[72.814269,18.956595]},"properties":{"id":"osm:node/7055432245","name":"Palshetkar Patil Nursing Home","category":"health","source":"osm","healthcare":"clinic"}},{"type":"Feature","geometry":{"type":"Point","coordinates":[72.837025,19.07045]},"properties":{"id":"osm:node/7055441837","name":"G.M.Medical Centre - Khar","category":"health","source":"osm","healthcare":"hospital"}},{"type":"Feature","geometry":{"type":"Point","coordinates":[72.932628,19.149369]},"properties":{"id":"osm:node/7055450290","name":"Mahek Nursing Home","category":"health","source":"osm"}},{"type":"Feature","geometry":{"type":"Point","coordinates":[72.831977,19.066032]},"properties":{"id":"osm:node/7055460057","name":"Tulip Womens Healthcare Centre - Khar (W)","category":"health","source":"osm","healthcare":"hospital"}},{"type":"Feature","geometry":{"type":"Point","coordinates":[72.870533,19.270015]},"properties":{"id":"osm:node/7055463124","name":"Bhaktivedanta Hospital","category":"health","source":"osm"}},{"type":"Feature","geometry":{"type":"Point","coordinates":[72.971019,19.197209]},"properties":{"id":"osm:node/7055471178","name":"Thane Eye Care Hospital","category":"health","source":"osm","healthcare":"hospital"}},{"type":"Feature","geometry":{"type":"Point","coordinates":[72.846815,19.130979]},"properties":{"id":"osm:node/7055476546","name":"Mother Care Maternity and Surgical Nursing Home - Mumbai","category":"health","source":"osm","healthcare":"hospital"}},{"type":"Feature","geometry":{"type":"Point","coordinates":[72.85263,19.124647]},"properties":{"id":"osm:node/7055480295","name":"Jain Nursing Home, Mumbai","category":"health","source":"osm"}},{"type":"Feature","geometry":{"type":"Point","coordinates":[72.847085,19.184934]},"properties":{"id":"osm:node/7055510642","name":"Manish Nursing Home, Mumbai","category":"health","source":"osm"}},{"type":"Feature","geometry":{"type":"Point","coordinates":[72.835726,19.055447]},"properties":{"id":"osm:node/7055590161","name":"Parekh Eye Hospital","category":"health","source":"osm","healthcare":"hospital"}},{"type":"Feature","geometry":{"type":"Point","coordinates":[72.863517,19.28515]},"properties":{"id":"osm:node/7055603466","name":"Sai Aashirwad Hospital","category":"health","source":"osm"}},{"type":"Feature","geometry":{"type":"Point","coordinates":[72.966818,19.198472]},"properties":{"id":"osm:node/7055723606","name":"Dhanvantri Childrens Hospital","category":"health","source":"osm"}},{"type":"Feature","geometry":{"type":"Point","coordinates":[72.85668,19.30641]},"properties":{"id":"osm:node/7055731643","name":"Mangal Murti Hospital and Polyclinic","category":"health","source":"osm"}},{"type":"Feature","geometry":{"type":"Point","coordinates":[72.823069,19.145351]},"properties":{"id":"osm:node/7055739367","name":"Pushpa Maternity Home","category":"health","source":"osm"}},{"type":"Feature","geometry":{"type":"Point","coordinates":[72.865421,19.133976]},"properties":{"id":"osm:node/7055749046","name":"Kokan Hospital","category":"health","source":"osm","healthcare":"hospital"}},{"type":"Feature","geometry":{"type":"Point","coordinates":[72.824335,18.992548]},"properties":{"id":"osm:node/7055759633","name":"Ipc Heart Care","category":"health","source":"osm","healthcare":"hospital"}},{"type":"Feature","geometry":{"type":"Point","coordinates":[72.97526,19.235926]},"properties":{"id":"osm:node/7055817020","name":"Dr. Amar's Karkhanis Super- Speciality Hospital","category":"health","source":"osm","healthcare":"hospital","healthcare:speciality":"ophthalmology"}},{"type":"Feature","geometry":{"type":"Point","coordinates":[72.938808,19.168178]},"properties":{"id":"osm:node/7059172358","name":"Anil Cancer Clinic","category":"health","source":"osm"}},{"type":"Feature","geometry":{"type":"Point","coordinates":[72.904319,19.079644]},"properties":{"id":"osm:node/7059172378","name":"Jain Eye Clinic","category":"health","source":"osm"}},{"type":"Feature","geometry":{"type":"Point","coordinates":[72.90572,19.074112]},"properties":{"id":"osm:node/7059192085","name":"Mandakini Nuclear Imaging Centre","category":"health","source":"osm"}},{"type":"Feature","geometry":{"type":"Point","coordinates":[72.833121,18.959598]},"properties":{"id":"osm:node/7059192086","name":"M.H. Saboo Siddique Maternity and General Hospital - Masjid","category":"health","source":"osm","healthcare":"hospital","healthcare:speciality":"gynaecology;general"}},{"type":"Feature","geometry":{"type":"Point","coordinates":[73.016934,19.042003]},"properties":{"id":"osm:node/7059215459","name":"Chaitanya Child Care Centre","category":"health","source":"osm"}},{"type":"Feature","geometry":{"type":"Point","coordinates":[72.837719,19.071378]},"properties":{"id":"osm:node/7062228611","name":"I Sight Eyecare and Surgery","category":"health","source":"osm"}},{"type":"Feature","geometry":{"type":"Point","coordinates":[72.998164,19.072919]},"properties":{"id":"osm:node/7062356523","name":"Dhrushti Eye Clinic and Microsourgery Centre","category":"health","source":"osm","healthcare":"doctor","healthcare:speciality":"ophthalmology"}},{"type":"Feature","geometry":{"type":"Point","coordinates":[72.934857,19.146701]},"properties":{"id":"osm:node/7062490980","name":"Saarthi Hospital, Mumbai","category":"health","source":"osm"}},{"type":"Feature","geometry":{"type":"Point","coordinates":[72.83845,19.206479]},"properties":{"id":"osm:node/7062490982","name":"Grace Maternity and Nursing Home - Kandivli (W)","category":"health","source":"osm","healthcare":"hospital"}},{"type":"Feature","geometry":{"type":"Point","coordinates":[72.845423,19.193538]},"properties":{"id":"osm:node/7062490983","name":"Akshar Eye Clinic","category":"health","source":"osm"}},{"type":"Feature","geometry":{"type":"Point","coordinates":[72.954155,19.182849]},"properties":{"id":"osm:node/7062497091","name":"Platinum Hospitals","category":"health","source":"osm"}},{"type":"Feature","geometry":{"type":"Point","coordinates":[72.990444,19.196476]},"properties":{"id":"osm:node/7062497092","name":"Ramanand Hospital and Iccu","category":"health","source":"osm","healthcare":"hospital"}},{"type":"Feature","geometry":{"type":"Point","coordinates":[72.847422,19.021223]},"properties":{"id":"osm:node/7062497112","name":"Shree Samarth Nursing Home","category":"health","source":"osm","healthcare":"clinic"}},{"type":"Feature","geometry":{"type":"Point","coordinates":[72.828393,19.148296]},"properties":{"id":"osm:node/7062497118","name":"Kulkarni Nursing Home and Polyclinic","category":"health","source":"osm","healthcare":"clinic"}},{"type":"Feature","geometry":{"type":"Point","coordinates":[72.930616,19.116155]},"properties":{"id":"osm:node/7062539947","name":"Priya Maternity Home","category":"health","source":"osm"}},{"type":"Feature","geometry":{"type":"Point","coordinates":[72.909953,19.090354]},"properties":{"id":"osm:node/7062539963","name":"CGHS Dispensary No.6, Ghatkopar","category":"health","source":"osm","healthcare":"centre"}},{"type":"Feature","geometry":{"type":"Point","coordinates":[72.847887,19.217603]},"properties":{"id":"osm:node/7062712061","name":"Sai Sparsh Maternity and Nursing Home","category":"health","source":"osm","wheelchair":"yes"}},{"type":"Feature","geometry":{"type":"Point","coordinates":[72.849344,19.099527]},"properties":{"id":"osm:node/7062712062","name":"Smt. Laxmiben Dharamsi Karsan Gala Eye Hospital","category":"health","source":"osm","healthcare":"hospital"}},{"type":"Feature","geometry":{"type":"Point","coordinates":[72.988293,19.196713]},"properties":{"id":"osm:node/7062712073","name":"Risk Care Hospital and Iccu, Thane","category":"health","source":"osm","healthcare":"hospital"}},{"type":"Feature","geometry":{"type":"Point","coordinates":[72.846088,19.186493]},"properties":{"id":"osm:node/7063077054","name":"Aditi Hospital, Mumbai","category":"health","source":"osm"}},{"type":"Feature","geometry":{"type":"Point","coordinates":[72.860116,19.129221]},"properties":{"id":"osm:node/7063077062","name":"Sunita Hospital, Mumbai","category":"health","source":"osm"}},{"type":"Feature","geometry":{"type":"Point","coordinates":[72.839746,19.037392]},"properties":{"id":"osm:node/7063077063","name":"Dr Haresh Shah Prabhat Maternity and Surgical Nursing Home","category":"health","source":"osm","healthcare":"hospital"}},{"type":"Feature","geometry":{"type":"Point","coordinates":[72.904719,19.083172]},"properties":{"id":"osm:node/7063077077","name":"Doshi Nursing Home","category":"health","source":"osm","opening_hours":"Mo-Su 09:00-21:00"}},{"type":"Feature","geometry":{"type":"Point","coordinates":[72.928281,19.147727]},"properties":{"id":"osm:node/7063805503","name":"Rathod Nursing Home and Iccu","category":"health","source":"osm"}},{"type":"Feature","geometry":{"type":"Point","coordinates":[72.864999,19.24837]},"properties":{"id":"osm:node/7063805504","name":"Sanghavi Eye and Diabetes Care Center","category":"health","source":"osm"}},{"type":"Feature","geometry":{"type":"Point","coordinates":[72.85597,19.237523]},"properties":{"id":"osm:node/7063805509","name":"Arihant Eye Care Centre, Borivali","category":"health","source":"osm"}},{"type":"Feature","geometry":{"type":"Point","coordinates":[72.934416,19.119071]},"properties":{"id":"osm:node/7063805560","name":"Atul - Lok Hospital","category":"health","source":"osm"}},{"type":"Feature","geometry":{"type":"Point","coordinates":[72.841749,19.030764]},"properties":{"id":"osm:node/7063805561","name":"Dr. Mathure's Surgical Clinic","category":"health","source":"osm","healthcare":"clinic"}},{"type":"Feature","geometry":{"type":"Point","coordinates":[72.843089,19.114288]},"properties":{"id":"osm:node/7063805570","name":"Unique Hospital and Polyclinic","category":"health","source":"osm"}},{"type":"Feature","geometry":{"type":"Point","coordinates":[72.840441,19.106671]},"properties":{"id":"osm:node/7063805576","name":"Irla Nursing Home and Polyclinic","category":"health","source":"osm","healthcare":"clinic"}},{"type":"Feature","geometry":{"type":"Point","coordinates":[72.833176,19.213758]},"properties":{"id":"osm:node/7063805578","name":"Aayush Nursing Home","category":"health","source":"osm"}},{"type":"Feature","geometry":{"type":"Point","coordinates":[72.834269,19.195072]},"properties":{"id":"osm:node/7063805583","name":"Zenith Hospital, Malad West","category":"health","source":"osm"}},{"type":"Feature","geometry":{"type":"Point","coordinates":[72.853579,19.025415]},"properties":{"id":"osm:node/7063808889","name":"Lions Club Of East Bombay","category":"health","source":"osm"}},{"type":"Feature","geometry":{"type":"Point","coordinates":[72.862144,19.208054]},"properties":{"id":"osm:node/7063808890","name":"Nupur Nursing Home - Kandivli","category":"health","source":"osm"}},{"type":"Feature","geometry":{"type":"Point","coordinates":[72.868289,19.218232]},"properties":{"id":"osm:node/7063808926","name":"Navkar Child Care Centre and Nursing Home","category":"health","source":"osm"}},{"type":"Feature","geometry":{"type":"Point","coordinates":[72.905329,19.088182]},"properties":{"id":"osm:node/7063899552","name":"Dr Sule's Vaibhav Polyclinic and Siddharth Nursing Home","category":"health","source":"osm"}},{"type":"Feature","geometry":{"type":"Point","coordinates":[72.864147,19.108141]},"properties":{"id":"osm:node/7063909920","name":"Rachana Maternity Paediatric and Surgical Nursing Home","category":"health","source":"osm","healthcare":"clinic"}},{"type":"Feature","geometry":{"type":"Point","coordinates":[72.8588,19.275948]},"properties":{"id":"osm:node/7063909935","name":"Hitankshi Nursing Home","category":"health","source":"osm"}},{"type":"Feature","geometry":{"type":"Point","coordinates":[72.829392,19.220313]},"properties":{"id":"osm:node/7064087335","name":"Saraswati Hospital(Kandivali)","category":"health","source":"osm"}},{"type":"Feature","geometry":{"type":"Point","coordinates":[72.982709,19.228872]},"properties":{"id":"osm:node/7064125733","name":"Navjeewan Hospital","category":"health","source":"osm"}},{"type":"Feature","geometry":{"type":"Point","coordinates":[72.859599,19.30908]},"properties":{"id":"osm:node/7064229645","name":"Sai Aashirwad Hospital Iccu and Polyclinic","category":"health","source":"osm"}},{"type":"Feature","geometry":{"type":"Point","coordinates":[72.997356,19.147598]},"properties":{"id":"osm:node/7064346350","name":"KRYPTON Heritage Health Care","category":"health","source":"osm"}},{"type":"Feature","geometry":{"type":"Point","coordinates":[72.998676,19.070562]},"properties":{"id":"osm:node/7064346355","name":"Navjeevan Hospital","category":"health","source":"osm","healthcare":"hospital"}},{"type":"Feature","geometry":{"type":"Point","coordinates":[72.906741,19.074831]},"properties":{"id":"osm:node/7064364261","name":"Dr Mehta Nursing Home","category":"health","source":"osm"}},{"type":"Feature","geometry":{"type":"Point","coordinates":[72.830061,19.060457]},"properties":{"id":"osm:node/7064364262","name":"Shruti Nursing Home","category":"health","source":"osm","healthcare":"clinic"}},{"type":"Feature","geometry":{"type":"Point","coordinates":[72.968812,19.187946]},"properties":{"id":"osm:node/7064364263","name":"International Institute Of Sleep Sciences","category":"health","source":"osm","healthcare":"hospital"}},{"type":"Feature","geometry":{"type":"Point","coordinates":[72.822586,19.012812]},"properties":{"id":"osm:node/7064364272","name":"Worli Hospital For Women","category":"health","source":"osm"}},{"type":"Feature","geometry":{"type":"Point","coordinates":[72.999923,19.071974]},"properties":{"id":"osm:node/7064400808","name":"Dr. Tilwe Maternity and Nursing Home","category":"health","source":"osm","healthcare":"hospital","healthcare:speciality":"maternity"}},{"type":"Feature","geometry":{"type":"Point","coordinates":[72.837663,19.071636]},"properties":{"id":"osm:node/7064405838","name":"Dr Gupte Lying-In Surgical Hospital","category":"health","source":"osm"}},{"type":"Feature","geometry":{"type":"Point","coordinates":[72.839307,19.103317]},"properties":{"id":"osm:node/7064656036","name":"Shruti Clinic","category":"health","source":"osm"}},{"type":"Feature","geometry":{"type":"Point","coordinates":[72.838838,19.197649]},"properties":{"id":"osm:node/7064683480","name":"Dr.Apte Maternity and Nursing Home","category":"health","source":"osm"}},{"type":"Feature","geometry":{"type":"Point","coordinates":[72.862577,19.127779]},"properties":{"id":"osm:node/7064716703","name":"Shakuntala Memorial Surgical Childerns and General Hospital","category":"health","source":"osm"}},{"type":"Feature","geometry":{"type":"Point","coordinates":[72.842555,19.031325]},"properties":{"id":"osm:node/7064774671","name":"Nadkarni Clinic","category":"health","source":"osm","healthcare":"clinic"}},{"type":"Feature","geometry":{"type":"Point","coordinates":[72.87786,19.066879]},"properties":{"id":"osm:node/7064825234","name":"Well Care Nursing Home","category":"health","source":"osm"}},{"type":"Feature","geometry":{"type":"Point","coordinates":[72.835268,19.079547]},"properties":{"id":"osm:node/7064828720","name":"Bhargava Nursing Home","category":"health","source":"osm"}},{"type":"Feature","geometry":{"type":"Point","coordinates":[72.92533,19.143294]},"properties":{"id":"osm:node/7064867148","name":"Sai Sparsh Hospital and Iccu","category":"health","source":"osm"}},{"type":"Feature","geometry":{"type":"Point","coordinates":[72.84023,19.003077]},"properties":{"id":"osm:node/7064867159","name":"K B Haji Bachooali Charitable Ophthalmic and E N T H","category":"health","source":"osm"}},{"type":"Feature","geometry":{"type":"Point","coordinates":[72.855113,19.232535]},"properties":{"id":"osm:node/7064893855","name":"Nanda Nursing Home","category":"health","source":"osm","healthcare":"clinic"}},{"type":"Feature","geometry":{"type":"Point","coordinates":[72.844135,19.235283]},"properties":{"id":"osm:node/7064918044","name":"Palkar Hospital","category":"health","source":"osm"}},{"type":"Feature","geometry":{"type":"Point","coordinates":[72.85341,19.222939]},"properties":{"id":"osm:node/7064921237","name":"Fracture Care Hospital and Diagnostic Centre","category":"health","source":"osm"}},{"type":"Feature","geometry":{"type":"Point","coordinates":[72.978109,19.22359]},"properties":{"id":"osm:node/7064930656","name":"Shri Gajanan Netralaya","category":"health","source":"osm"}},{"type":"Feature","geometry":{"type":"Point","coordinates":[72.855167,19.308101]},"properties":{"id":"osm:node/7065561504","name":"Shobhana Maternity and Surgical Home","category":"health","source":"osm"}},{"type":"Feature","geometry":{"type":"Point","coordinates":[72.827457,19.054492]},"properties":{"id":"osm:node/7065561511","name":"Kiddie Ville Clinic","category":"health","source":"osm","healthcare":"clinic"}},{"type":"Feature","geometry":{"type":"Point","coordinates":[72.824324,18.915789]},"properties":{"id":"osm:node/7065561513","name":"Indu Clinic","category":"health","source":"osm"}},{"type":"Feature","geometry":{"type":"Point","coordinates":[72.904769,19.069963]},"properties":{"id":"osm:node/7065561525","name":"Dr Chauhans Sanjeevani Hospital","category":"health","source":"osm","operator":"dr. vikram chauhan","description":"At Sanjeevani Hospital we are proud to offer world class service in:\nBullet  Maternity Care and Delive\nBullet  Gynecology\nBullet  Advanced Surgery\nBullet  Advanced Orthopedics\nBullet  Endoscopy\nBullet  Trauma Care\nBullet  X-Ra\nBullet  Sonography","healthcare":"hospital","healthcare:speciality":"ayurveda"}},{"type":"Feature","geometry":{"type":"Point","coordinates":[72.85864,19.275655]},"properties":{"id":"osm:node/7065561580","name":"Hitankshi Polyclinic and Nursing Home","category":"health","source":"osm"}},{"type":"Feature","geometry":{"type":"Point","coordinates":[72.842561,19.112605]},"properties":{"id":"osm:node/7065572990","name":"Dr. Joshi Surgical and Maternity Hospital","category":"health","source":"osm"}},{"type":"Feature","geometry":{"type":"Point","coordinates":[72.937353,19.150654]},"properties":{"id":"osm:node/7065573006","name":"Krishna Nursing Home, Mumbai","category":"health","source":"osm"}},{"type":"Feature","geometry":{"type":"Point","coordinates":[72.903907,19.080673]},"properties":{"id":"osm:node/7065817369","name":"Ami Drashti Eye Care Centre","category":"health","source":"osm"}},{"type":"Feature","geometry":{"type":"Point","coordinates":[73.004644,19.099044]},"properties":{"id":"osm:node/7065817370","name":"Satyam Multispeciality Hospital and Trauma Centre","category":"health","source":"osm"}},{"type":"Feature","geometry":{"type":"Point","coordinates":[72.836923,19.025051]},"properties":{"id":"osm:node/7065820603","name":"Nirmal Nursing Home, Mumbai","category":"health","source":"osm","healthcare":"clinic"}},{"type":"Feature","geometry":{"type":"Point","coordinates":[72.99849,19.157409]},"properties":{"id":"osm:node/7065820622","name":"Sanjivni Hospital, Thane","category":"health","source":"osm","healthcare":"hospital"}},{"type":"Feature","geometry":{"type":"Point","coordinates":[72.85539,19.189229]},"properties":{"id":"osm:node/7065820628","name":"Raj Nursing Home, Mumbai","category":"health","source":"osm"}},{"type":"Feature","geometry":{"type":"Point","coordinates":[72.818483,19.006096]},"properties":{"id":"osm:node/7065829191","name":"Bosco Nursing Home and Ent Research Centre","category":"health","source":"osm"}},{"type":"Feature","geometry":{"type":"Point","coordinates":[72.844947,19.005626]},"properties":{"id":"osm:node/7066371677","name":"Parel Institute Of Orthopaedic Specialities","category":"health","source":"osm"}},{"type":"Feature","geometry":{"type":"Point","coordinates":[72.906344,19.049437]},"properties":{"id":"osm:node/7066374601","name":"Narurkar Ent Hospital","category":"health","source":"osm"}},{"type":"Feature","geometry":{"type":"Point","coordinates":[72.859932,19.24375]},"properties":{"id":"osm:node/7066374638","name":"Dr Worlikar's Shree Surgical and General Nursing Home","category":"health","source":"osm"}},{"type":"Feature","geometry":{"type":"Point","coordinates":[72.864587,19.239429]},"properties":{"id":"osm:node/7066374648","name":"Elite Hospital - Mumbai - Borivali (W)","category":"health","source":"osm"}},{"type":"Feature","geometry":{"type":"Point","coordinates":[72.810058,18.977779]},"properties":{"id":"osm:node/7066374693","name":"Voras Nursing Home","category":"health","source":"osm"}},{"type":"Feature","geometry":{"type":"Point","coordinates":[72.824619,19.053611]},"properties":{"id":"osm:node/7066374709","name":"Sushama Patkar Maternity ( and Surgical) Home - Bandra","category":"health","source":"osm"}},{"type":"Feature","geometry":{"type":"Point","coordinates":[72.856122,19.237486]},"properties":{"id":"osm:node/7066374795","name":"Mandapeshwar Hospital and Clinics","category":"health","source":"osm","opening_hours":"24/7","healthcare:speciality":"general;eye_care_center"}},{"type":"Feature","geometry":{"type":"Point","coordinates":[72.939034,19.168405]},"properties":{"id":"osm:node/7066374806","name":"Shivaani Mother and Child Care Hospital","category":"health","source":"osm"}},{"type":"Feature","geometry":{"type":"Point","coordinates":[72.860766,19.236662]},"properties":{"id":"osm:node/7066374807","name":"Purnima Hospital","category":"health","source":"osm"}},{"type":"Feature","geometry":{"type":"Point","coordinates":[72.847575,19.059031]},"properties":{"id":"osm:node/7066374822","name":"Tejas Eye Clinic","category":"health","source":"osm","healthcare":"clinic"}},{"type":"Feature","geometry":{"type":"Point","coordinates":[72.942374,19.149694]},"properties":{"id":"osm:node/7066374828","name":"Diamond Maternity and General Hospital","category":"health","source":"osm"}},{"type":"Feature","geometry":{"type":"Point","coordinates":[72.833404,19.194686]},"properties":{"id":"osm:node/7066497775","name":"Vinayak Maternity and General Hospital","category":"health","source":"osm"}},{"type":"Feature","geometry":{"type":"Point","coordinates":[72.852264,19.211676]},"properties":{"id":"osm:node/7066497781","name":"Amar Nursing Home","category":"health","source":"osm"}},{"type":"Feature","geometry":{"type":"Point","coordinates":[72.849671,19.132282]},"properties":{"id":"osm:node/7066497782","name":"Parulekar Maternity and Surgical Nursing Home - Mumbai","category":"health","source":"osm","healthcare":"hospital"}},{"type":"Feature","geometry":{"type":"Point","coordinates":[72.905856,19.078271]},"properties":{"id":"osm:node/7066505685","name":"Dr. Trivedi's Maternity Nursing Home & Aakar IVF Test Tube Baby Centre","category":"health","source":"osm"}},{"type":"Feature","geometry":{"type":"Point","coordinates":[72.851656,19.230436]},"properties":{"id":"osm:node/7066505686","name":"Bathia Hospital and Eye Clinic","category":"health","source":"osm"}},{"type":"Feature","geometry":{"type":"Point","coordinates":[72.854611,19.313909]},"properties":{"id":"osm:node/7066505687","name":"Padamawati Maternity and Nursing Home","category":"health","source":"osm"}},{"type":"Feature","geometry":{"type":"Point","coordinates":[72.849642,19.231776]},"properties":{"id":"osm:node/7066505689","name":"Apex Hospital","category":"health","source":"osm","wheelchair":"yes"}},{"type":"Feature","geometry":{"type":"Point","coordinates":[72.833964,19.020267]},"properties":{"id":"osm:node/7066505690","name":"Ashtavinayak Maternity Surgical and Eye Hospital","category":"health","source":"osm","healthcare":"hospital"}},{"type":"Feature","geometry":{"type":"Point","coordinates":[72.847369,19.116508]},"properties":{"id":"osm:node/7066505692","name":"E N T Clinic and Deafness Center","category":"health","source":"osm","healthcare":"clinic"}},{"type":"Feature","geometry":{"type":"Point","coordinates":[72.990711,19.197173]},"properties":{"id":"osm:node/7066505693","name":"Pramila Hospital","category":"health","source":"osm","healthcare":"hospital"}},{"type":"Feature","geometry":{"type":"Point","coordinates":[72.809529,18.958037]},"properties":{"id":"osm:node/7066505700","name":"Bombay City Eye Institute and Research Centre","category":"health","source":"osm"}},{"type":"Feature","geometry":{"type":"Point","coordinates":[72.963055,19.200103]},"properties":{"id":"osm:node/7066505701","name":"Medicare Hospital, Thane","category":"health","source":"osm","wheelchair":"yes"}},{"type":"Feature","geometry":{"type":"Point","coordinates":[72.864099,19.253447]},"properties":{"id":"osm:node/7066505741","name":"Shraddha Hospital, Mumbai","category":"health","source":"osm"}},{"type":"Feature","geometry":{"type":"Point","coordinates":[72.84859,19.005134]},"properties":{"id":"osm:node/7066505743","name":"Asmi Arthroscopy and Sports Medicine Institute","category":"health","source":"osm"}},{"type":"Feature","geometry":{"type":"Point","coordinates":[72.842005,19.028357]},"properties":{"id":"osm:node/7066505744","name":"Rajvi Clinic","category":"health","source":"osm","healthcare":"clinic"}},{"type":"Feature","geometry":{"type":"Point","coordinates":[72.835211,19.206997]},"properties":{"id":"osm:node/7066505750","name":"Arya Womens Health Care Centre Surgical and Maternity Home","category":"health","source":"osm","healthcare":"hospital"}},{"type":"Feature","geometry":{"type":"Point","coordinates":[72.891801,19.054985]},"properties":{"id":"osm:node/7066505802","name":"L.C.Maneks Polyclinic and Nursing Home","category":"health","source":"osm"}},{"type":"Feature","geometry":{"type":"Point","coordinates":[72.818269,18.954713]},"properties":{"id":"osm:node/7066505804","name":"Beramjis Hospital","category":"health","source":"osm","healthcare":"hospital"}},{"type":"Feature","geometry":{"type":"Point","coordinates":[72.904528,19.087567]},"properties":{"id":"osm:node/7066505805","name":"Dr Sonagra Medical and Surgical Centre","category":"health","source":"osm"}},{"type":"Feature","geometry":{"type":"Point","coordinates":[72.84566,19.188066]},"properties":{"id":"osm:node/7066505823","name":"Ishita Nursing Home","category":"health","source":"osm"}},{"type":"Feature","geometry":{"type":"Point","coordinates":[72.845187,19.015612]},"properties":{"id":"osm:node/7066695543","name":"G S B S Medical Trust","category":"health","source":"osm","healthcare":"hospital"}},{"type":"Feature","geometry":{"type":"Point","coordinates":[72.842826,19.191197]},"properties":{"id":"osm:node/7066695544","name":"Ahura Nursing Home","category":"health","source":"osm"}},{"type":"Feature","geometry":{"type":"Point","coordinates":[72.84017,19.034684]},"properties":{"id":"osm:node/7066865609","name":"Gupte Maternity and Surgical Home","category":"health","source":"osm","healthcare":"hospital"}},{"type":"Feature","geometry":{"type":"Point","coordinates":[72.961544,19.209936]},"properties":{"id":"osm:node/7067046120","name":"Shri Uttam Hospital","category":"health","source":"osm"}},{"type":"Feature","geometry":{"type":"Point","coordinates":[72.854745,19.24071]},"properties":{"id":"osm:node/7067050967","name":"Ameya Orthopaedic Centre","category":"health","source":"osm"}},{"type":"Feature","geometry":{"type":"Point","coordinates":[72.854326,19.230742]},"properties":{"id":"osm:node/7067050968","name":"Netra Jyoti Eye Care Center","category":"health","source":"osm","healthcare":"clinic","healthcare:speciality":"ophthalmology"}},{"type":"Feature","geometry":{"type":"Point","coordinates":[72.906747,19.085372]},"properties":{"id":"osm:node/7067050974","name":"Jeevan ram Hospital","category":"health","source":"osm","opening_hours":"24/7","operator":"vimish"}},{"type":"Feature","geometry":{"type":"Point","coordinates":[72.848685,19.102255]},"properties":{"id":"osm:node/7067050981","name":"Vivek Pathology Laboratory","category":"health","source":"osm","healthcare":"hospital"}},{"type":"Feature","geometry":{"type":"Point","coordinates":[72.905214,19.088058]},"properties":{"id":"osm:node/7067070262","name":"Clear Vision Eye Center","category":"health","source":"osm"}},{"type":"Feature","geometry":{"type":"Point","coordinates":[72.972071,19.202767]},"properties":{"id":"osm:node/7067093655","name":"Shree Swami Samartha Netralaya","category":"health","source":"osm","healthcare":"hospital"}},{"type":"Feature","geometry":{"type":"Point","coordinates":[73.000558,19.08141]},"properties":{"id":"osm:node/7067113507","name":"Mohanlal Jivandas Hospital managed by Krishnai Hospital","category":"health","source":"osm"}},{"type":"Feature","geometry":{"type":"Point","coordinates":[72.845073,19.184935]},"properties":{"id":"osm:node/7067113516","name":"Jay Polyclinic Maternity Surgical Nursing Home and Eye Hospital","category":"health","source":"osm"}},{"type":"Feature","geometry":{"type":"Point","coordinates":[72.962006,19.199357]},"properties":{"id":"osm:node/7067113540","name":"Dr Gadgil Eye Clinic and Lasik Laser Centre","category":"health","source":"osm"}},{"type":"Feature","geometry":{"type":"Point","coordinates":[72.855439,19.026057]},"properties":{"id":"osm:node/7067113546","name":"Shah Nursing Home","category":"health","source":"osm"}},{"type":"Feature","geometry":{"type":"Point","coordinates":[72.930469,19.116327]},"properties":{"id":"osm:node/7067113547","name":"Shakuntala Nursing Home","category":"health","source":"osm"}},{"type":"Feature","geometry":{"type":"Point","coordinates":[72.848917,19.109618]},"properties":{"id":"osm:node/7067113558","name":"Saurabh Clinic Dr.Sanjanwalas Maternity and Gynacologist","category":"health","source":"osm","healthcare":"hospital"}},{"type":"Feature","geometry":{"type":"Point","coordinates":[72.840678,19.228777]},"properties":{"id":"osm:node/7067113594","name":"Neoplus Criticare Children Hospital","category":"health","source":"osm"}},{"type":"Feature","geometry":{"type":"Point","coordinates":[72.879007,19.269064]},"properties":{"id":"osm:node/7067158386","name":"Orbit Super Speciality Hospital","category":"health","source":"osm"}},{"type":"Feature","geometry":{"type":"Point","coordinates":[72.908548,19.075485]},"properties":{"id":"osm:node/7067231946","name":"Eye Essential Hospital","category":"health","source":"osm"}},{"type":"Feature","geometry":{"type":"Point","coordinates":[72.875106,19.070441]},"properties":{"id":"osm:node/7067373861","name":"Despande Nursing Home","category":"health","source":"osm","wheelchair":"no","healthcare":"hospital"}},{"type":"Feature","geometry":{"type":"Point","coordinates":[72.928464,19.147663]},"properties":{"id":"osm:node/7067434808","name":"Shanti Maternity Clinic","category":"health","source":"osm"}},{"type":"Feature","geometry":{"type":"Point","coordinates":[72.879487,19.121366]},"properties":{"id":"osm:node/7067540680","name":"Gokul Maternity & Surgical Home","category":"health","source":"osm","healthcare":"hospital"}},{"type":"Feature","geometry":{"type":"Point","coordinates":[72.839731,19.078685]},"properties":{"id":"osm:node/7067925881","name":"Saifee Polyclinic and Diagnostic Centre","category":"health","source":"osm","healthcare":"clinic"}},{"type":"Feature","geometry":{"type":"Point","coordinates":[72.840796,19.097186]},"properties":{"id":"osm:node/7067930269","name":"Eclat Polyclinic","category":"health","source":"osm","healthcare":"clinic"}},{"type":"Feature","geometry":{"type":"Point","coordinates":[72.82919,19.145513]},"properties":{"id":"osm:node/7067961276","name":"Doctor M.I. Doongerwala","category":"health","source":"osm","healthcare":"hospital"}},{"type":"Feature","geometry":{"type":"Point","coordinates":[72.940174,18.879326]},"properties":{"id":"osm:node/7068047593","name":"Gosavi Hospital","category":"health","source":"osm"}},{"type":"Feature","geometry":{"type":"Point","coordinates":[72.899638,19.060668]},"properties":{"id":"osm:node/7068096871","name":"Sai Kripa Childrens Hospital","category":"health","source":"osm"}},{"type":"Feature","geometry":{"type":"Point","coordinates":[72.854295,19.135292]},"properties":{"id":"osm:node/7068099987","name":"Piyush Hospital","category":"health","source":"osm","healthcare":"hospital"}},{"type":"Feature","geometry":{"type":"Point","coordinates":[72.81419,18.956522]},"properties":{"id":"osm:node/7068194935","name":"Narvekar Clinics","category":"health","source":"osm","healthcare":"clinic"}},{"type":"Feature","geometry":{"type":"Point","coordinates":[72.838385,19.198436]},"properties":{"id":"osm:node/7068194947","name":"Dwarkesh Nursing Home","category":"health","source":"osm"}},{"type":"Feature","geometry":{"type":"Point","coordinates":[72.836915,19.143253]},"properties":{"id":"osm:node/7068194948","name":"Linkway Nursing Home and Polyclinic","category":"health","source":"osm","healthcare":"clinic"}},{"type":"Feature","geometry":{"type":"Point","coordinates":[72.939442,18.877277]},"properties":{"id":"osm:node/7068194958","name":"Gade Hospital","category":"health","source":"osm"}},{"type":"Feature","geometry":{"type":"Point","coordinates":[72.862414,19.127861]},"properties":{"id":"osm:node/7068194959","name":"Indu Maternity and Surgical Nursing Home","category":"health","source":"osm"}},{"type":"Feature","geometry":{"type":"Point","coordinates":[72.954642,19.18682]},"properties":{"id":"osm:node/7068194982","name":"Manawata Hospital and Smt Nalinighag Maternity","category":"health","source":"osm"}},{"type":"Feature","geometry":{"type":"Point","coordinates":[72.827574,18.923141]},"properties":{"id":"osm:node/7068194983","name":"Spectrum Health Care","category":"health","source":"osm"}},{"type":"Feature","geometry":{"type":"Point","coordinates":[72.845283,19.030497]},"properties":{"id":"osm:node/7068218589","name":"Shree Saraswati Nursing Home","category":"health","source":"osm","healthcare":"clinic"}},{"type":"Feature","geometry":{"type":"Point","coordinates":[72.853196,19.120504]},"properties":{"id":"osm:node/7068218599","name":"Mangala Nursing Home","category":"health","source":"osm","healthcare":"clinic"}},{"type":"Feature","geometry":{"type":"Point","coordinates":[72.839055,19.08221]},"properties":{"id":"osm:node/7068218606","name":"Dr Jayant Doshi","category":"health","source":"osm","healthcare":"doctor"}},{"type":"Feature","geometry":{"type":"Point","coordinates":[72.967709,19.187282]},"properties":{"id":"osm:node/7068218607","name":"Horizon Hospital","category":"health","source":"osm","healthcare":"hospital"}},{"type":"Feature","geometry":{"type":"Point","coordinates":[72.962088,19.210135]},"properties":{"id":"osm:node/7068218612","name":"Swastik Maternity and Surgical Hospital","category":"health","source":"osm"}},{"type":"Feature","geometry":{"type":"Point","coordinates":[72.845019,19.119331]},"properties":{"id":"osm:node/7068429399","name":"Bses Mg Hospital (Managed By)Brahma Kumari Global Hospital and Res Center","category":"health","source":"osm","healthcare":"hospital"}},{"type":"Feature","geometry":{"type":"Point","coordinates":[72.936307,19.130945]},"properties":{"id":"osm:node/7069569114","name":"Ankur Maternity and Surgical Nursing Home","category":"health","source":"osm"}},{"type":"Feature","geometry":{"type":"Point","coordinates":[72.967146,19.198381]},"properties":{"id":"osm:node/7069569122","name":"Dr. Uppal's Ent Hospital, Thane","category":"health","source":"osm"}},{"type":"Feature","geometry":{"type":"Point","coordinates":[72.968752,19.192047]},"properties":{"id":"osm:node/7069569174","name":"Dr. Sapatnekar Hospital I.C.C.U and Polyclinic","category":"health","source":"osm","healthcare":"hospital"}},{"type":"Feature","geometry":{"type":"Point","coordinates":[72.849832,19.1881]},"properties":{"id":"osm:node/7069632819","name":"Devangi Hospital","category":"health","source":"osm"}},{"type":"Feature","geometry":{"type":"Point","coordinates":[72.953892,19.18697]},"properties":{"id":"osm:node/7069790982","name":"Dr. Muddebihalkar Hospital and Iccu","category":"health","source":"osm"}},{"type":"Feature","geometry":{"type":"Point","coordinates":[72.828604,18.968507]},"properties":{"id":"osm:node/7069814001","name":"Nagori Clinic and Nursing Home","category":"health","source":"osm","healthcare":"hospital"}},{"type":"Feature","geometry":{"type":"Point","coordinates":[72.845695,19.060538]},"properties":{"id":"osm:node/7069814015","name":"Nandini Eye Care Centre","category":"health","source":"osm","healthcare":"hospital"}},{"type":"Feature","geometry":{"type":"Point","coordinates":[72.808776,18.963497]},"properties":{"id":"osm:node/7069814052","name":"Cumbala Hill Hospital and Heart Institute","category":"health","source":"osm","healthcare":"hospital"}},{"type":"Feature","geometry":{"type":"Point","coordinates":[72.973135,19.203093]},"properties":{"id":"osm:node/7069927158","name":"Senses Eye and Ent Hospital","category":"health","source":"osm","healthcare":"hospital"}},{"type":"Feature","geometry":{"type":"Point","coordinates":[72.831372,19.127405]},"properties":{"id":"osm:node/7070050990","name":"Eva Medicare Center - andheri","category":"health","source":"osm","healthcare":"hospital"}},{"type":"Feature","geometry":{"type":"Point","coordinates":[72.84939,19.306319]},"properties":{"id":"osm:node/7070050991","name":"Agarwal Nursing Home","category":"health","source":"osm"}},{"type":"Feature","geometry":{"type":"Point","coordinates":[72.867199,19.11132]},"properties":{"id":"osm:node/7070050992","name":"Spectacles and Contact Lens Clinic","category":"health","source":"osm","healthcare":"hospital"}},{"type":"Feature","geometry":{"type":"Point","coordinates":[72.848596,18.977225]},"properties":{"id":"osm:node/7070054643","name":"Sai Raj Hospital","category":"health","source":"osm"}},{"type":"Feature","geometry":{"type":"Point","coordinates":[72.896094,19.035349]},"properties":{"id":"osm:node/7070054648","name":"Sai Baba Hospital, Mumbai","category":"health","source":"osm"}},{"type":"Feature","geometry":{"type":"Point","coordinates":[72.941395,18.879276]},"properties":{"id":"osm:node/7070136863","name":"Dr. Nakhwa Hospital Maternity Sugical Nursing Home","category":"health","source":"osm"}},{"type":"Feature","geometry":{"type":"Point","coordinates":[72.902269,19.088801]},"properties":{"id":"osm:node/7070139283","name":"Dr. Bhanushalis Nursing Home","category":"health","source":"osm"}},{"type":"Feature","geometry":{"type":"Point","coordinates":[72.861034,19.231269]},"properties":{"id":"osm:node/7070157912","name":"Shivam Eye Care Centre","category":"health","source":"osm"}},{"type":"Feature","geometry":{"type":"Point","coordinates":[72.845968,19.204785]},"properties":{"id":"osm:node/7070157927","name":"Vrindavan Nursing Home","category":"health","source":"osm"}},{"type":"Feature","geometry":{"type":"Point","coordinates":[72.961535,19.209034]},"properties":{"id":"osm:node/7070157951","name":"Vedant Multispeciality Hospital and Research Centre","category":"health","source":"osm"}},{"type":"Feature","geometry":{"type":"Point","coordinates":[72.897694,19.121385]},"properties":{"id":"osm:node/7070241554","name":"Powai Polyclinic and Hospital","category":"health","source":"osm"}},{"type":"Feature","geometry":{"type":"Point","coordinates":[72.965241,19.201713]},"properties":{"id":"osm:node/7070245120","name":"Criticare Superspeciality Hospital","category":"health","source":"osm"}},{"type":"Feature","geometry":{"type":"Point","coordinates":[72.983229,19.207922]},"properties":{"id":"osm:node/7070264519","name":"Shilotri Hospital","category":"health","source":"osm","healthcare":"hospital"}},{"type":"Feature","geometry":{"type":"Point","coordinates":[72.903852,19.079143]},"properties":{"id":"osm:node/7070354910","name":"Bakul Parekh Children Hospital","category":"health","source":"osm"}},{"type":"Feature","geometry":{"type":"Point","coordinates":[72.972386,19.193001]},"properties":{"id":"osm:node/7070532889","name":"Dr. Paranjpes Eye Clinic","category":"health","source":"osm","healthcare":"clinic"}},{"type":"Feature","geometry":{"type":"Point","coordinates":[72.833731,19.019608]},"properties":{"id":"osm:node/7070711758","name":"Shreedhar Hospital","category":"health","source":"osm","healthcare":"hospital"}},{"type":"Feature","geometry":{"type":"Point","coordinates":[72.847028,19.184699]},"properties":{"id":"osm:node/7070737920","name":"Elite Maternity Home and Polyclinic","category":"health","source":"osm"}},{"type":"Feature","geometry":{"type":"Point","coordinates":[72.999304,19.073858]},"properties":{"id":"osm:node/7070857457","name":"Dr. Parikhs Nursing Home and Iccu - Vashi","category":"health","source":"osm"}},{"type":"Feature","geometry":{"type":"Point","coordinates":[72.837998,19.089543]},"properties":{"id":"osm:node/7070857458","name":"Life Line Hospital and Diagnostics Pvt Ltd","category":"health","source":"osm"}},{"type":"Feature","geometry":{"type":"Point","coordinates":[72.819571,18.966181]},"properties":{"id":"osm:node/7070857459","name":"Sadhu-Kamal Eye Hospital","category":"health","source":"osm","healthcare":"hospital"}},{"type":"Feature","geometry":{"type":"Point","coordinates":[72.824212,18.924104]},"properties":{"id":"osm:node/7070857462","name":"Dr. Amins Clinic","category":"health","source":"osm","healthcare":"clinic"}},{"type":"Feature","geometry":{"type":"Point","coordinates":[72.889527,19.056534]},"properties":{"id":"osm:node/7070857468","name":"Daycare Angels","category":"health","source":"osm"}},{"type":"Feature","geometry":{"type":"Point","coordinates":[72.843056,19.143922]},"properties":{"id":"osm:node/7070857483","name":"Shivam Netram Eye Hospital","category":"health","source":"osm","healthcare":"hospital"}},{"type":"Feature","geometry":{"type":"Point","coordinates":[72.848421,19.10746]},"properties":{"id":"osm:node/7070859091","name":"Nityanand Iccu and Nursing Home","category":"health","source":"osm","healthcare":"hospital"}},{"type":"Feature","geometry":{"type":"Point","coordinates":[72.839223,19.103133]},"properties":{"id":"osm:node/7070859097","name":"Khandwala Eye Hospital and Polyclinic","category":"health","source":"osm"}},{"type":"Feature","geometry":{"type":"Point","coordinates":[72.842259,19.177083]},"properties":{"id":"osm:node/7070859099","name":"Rahul Eye Clinic","category":"health","source":"osm"}},{"type":"Feature","geometry":{"type":"Point","coordinates":[72.852758,19.038965]},"properties":{"id":"osm:node/7070859100","name":"Dhanwantari Nursing Home and Diagnostic Centre","category":"health","source":"osm"}},{"type":"Feature","geometry":{"type":"Point","coordinates":[72.836542,19.207992]},"properties":{"id":"osm:node/7070859101","name":"Parvatibai Chavan Charitable Trust","category":"health","source":"osm","healthcare":"hospital"}},{"type":"Feature","geometry":{"type":"Point","coordinates":[72.850385,19.187101]},"properties":{"id":"osm:node/7070859122","name":"Royal Health Care Pvt Ltd","category":"health","source":"osm"}},{"type":"Feature","geometry":{"type":"Point","coordinates":[72.837668,19.109554]},"properties":{"id":"osm:node/7070859138","name":"Life Care Iccu , Medical and Surgical Emergencies","category":"health","source":"osm","healthcare":"hospital"}},{"type":"Feature","geometry":{"type":"Point","coordinates":[72.849557,19.30559]},"properties":{"id":"osm:node/7070859149","name":"Poonam Manav Seva Kendra","category":"health","source":"osm"}},{"type":"Feature","geometry":{"type":"Point","coordinates":[72.823939,19.052392]},"properties":{"id":"osm:node/7072535181","name":"Dr Mukul Dabholkar","category":"health","source":"osm"}},{"type":"Feature","geometry":{"type":"Point","coordinates":[72.912431,19.092497]},"properties":{"id":"osm:node/7072535182","name":"Satyam Hospital","category":"health","source":"osm"}},{"type":"Feature","geometry":{"type":"Point","coordinates":[72.861526,19.231168]},"properties":{"id":"osm:node/7072544607","name":"National Hospital","category":"health","source":"osm"}},{"type":"Feature","geometry":{"type":"Point","coordinates":[73.006162,19.099566]},"properties":{"id":"osm:node/7072544639","name":"Rajpal Hospital and I.C.U.","category":"health","source":"osm"}},{"type":"Feature","geometry":{"type":"Point","coordinates":[72.99815,19.07977]},"properties":{"id":"osm:node/7072544640","name":"Global 5 Health Care Centre","category":"health","source":"osm"}},{"type":"Feature","geometry":{"type":"Point","coordinates":[72.858411,19.220497]},"properties":{"id":"osm:node/7072544642","name":"Navjivan Global Heart Centre","category":"health","source":"osm"}},{"type":"Feature","geometry":{"type":"Point","coordinates":[72.82812,18.935376]},"properties":{"id":"osm:node/7072544657","name":"CGHS Dispensary No.1, C.G.O.","category":"health","source":"osm","healthcare":"centre"}},{"type":"Feature","geometry":{"type":"Point","coordinates":[72.844242,19.200352]},"properties":{"id":"osm:node/7072544659","name":"Hi-Tech Urology Centre","category":"health","source":"osm"}},{"type":"Feature","geometry":{"type":"Point","coordinates":[72.865594,19.207392]},"properties":{"id":"osm:node/7072544660","name":"Kedar Nursing Home","category":"health","source":"osm"}},{"type":"Feature","geometry":{"type":"Point","coordinates":[72.827841,18.9415]},"properties":{"id":"osm:node/7072544668","name":"Zain Eye Care","category":"health","source":"osm","healthcare":"hospital"}},{"type":"Feature","geometry":{"type":"Point","coordinates":[72.833219,19.017835]},"properties":{"id":"osm:node/7072544674","name":"Dr. Gandhi's Nusing Home","category":"health","source":"osm","healthcare":"clinic"}},{"type":"Feature","geometry":{"type":"Point","coordinates":[72.851675,19.188241]},"properties":{"id":"osm:node/7072672458","name":"Shah Eye Clinic and Microsurgery Centre","category":"health","source":"osm"}},{"type":"Feature","geometry":{"type":"Point","coordinates":[72.836723,19.085733]},"properties":{"id":"osm:node/7072801164","name":"Sarla Hospital and Icu","category":"health","source":"osm"}},{"type":"Feature","geometry":{"type":"Point","coordinates":[72.947033,19.186407]},"properties":{"id":"osm:node/7072826463","name":"Anmmol Orthovision","category":"health","source":"osm"}},{"type":"Feature","geometry":{"type":"Point","coordinates":[72.835353,19.067905]},"properties":{"id":"osm:node/7072837154","name":"Hinduja Healthcare","category":"health","source":"osm","healthcare":"hospital"}},{"type":"Feature","geometry":{"type":"Point","coordinates":[72.843102,19.203788]},"properties":{"id":"osm:node/7072920702","name":"Paras Nursing Home","category":"health","source":"osm"}},{"type":"Feature","geometry":{"type":"Point","coordinates":[72.844615,19.112452]},"properties":{"id":"osm:node/7073052560","name":"Masrani Clinic For Women and Mimas","category":"health","source":"osm"}},{"type":"Feature","geometry":{"type":"Point","coordinates":[72.843501,19.139644]},"properties":{"id":"osm:node/7073099556","name":"Diamond Hospital","category":"health","source":"osm","healthcare":"hospital"}},{"type":"Feature","geometry":{"type":"Point","coordinates":[72.937452,18.879948]},"properties":{"id":"osm:node/7073438339","name":"Dr. Babres Hospital","category":"health","source":"osm"}},{"type":"Feature","geometry":{"type":"Point","coordinates":[72.839233,19.20637]},"properties":{"id":"osm:node/7073438341","name":"Noble Hospital, Mumbai","category":"health","source":"osm"}},{"type":"Feature","geometry":{"type":"Point","coordinates":[72.832366,19.055837]},"properties":{"id":"osm:node/7073438346","name":"Empire Centre","category":"health","source":"osm","healthcare":"clinic"}},{"type":"Feature","geometry":{"type":"Point","coordinates":[72.910277,19.055549]},"properties":{"id":"osm:node/7073438368","name":"Kolekar Nursing Home","category":"health","source":"osm"}},{"type":"Feature","geometry":{"type":"Point","coordinates":[72.864462,19.234987]},"properties":{"id":"osm:node/7073473539","name":"Anand Nursing Home, Borivali (E)","category":"health","source":"osm"}},{"type":"Feature","geometry":{"type":"Point","coordinates":[72.946775,19.182002]},"properties":{"id":"osm:node/7073537693","name":"Dr.Redkar's Maternity and Nursing Home","category":"health","source":"osm"}},{"type":"Feature","geometry":{"type":"Point","coordinates":[72.90701,19.088954]},"properties":{"id":"osm:node/7073537755","name":"The Metropolitan Heart Institute and Research Centre","category":"health","source":"osm"}},{"type":"Feature","geometry":{"type":"Point","coordinates":[72.851887,19.166855]},"properties":{"id":"osm:node/7073537767","name":"Vishwa Kripa Hospital","category":"health","source":"osm"}},{"type":"Feature","geometry":{"type":"Point","coordinates":[72.85719,19.124265]},"properties":{"id":"osm:node/7073537768","name":"Aditya Nursing Home","category":"health","source":"osm"}},{"type":"Feature","geometry":{"type":"Point","coordinates":[72.89783,19.052864]},"properties":{"id":"osm:node/7073537782","name":"Sunny Childrens Hospital","category":"health","source":"osm"}},{"type":"Feature","geometry":{"type":"Point","coordinates":[72.976528,19.195648]},"properties":{"id":"osm:node/7073560404","name":"Dr Malatibai Chitnis Clinic and Hospital","category":"health","source":"osm","healthcare":"clinic"}},{"type":"Feature","geometry":{"type":"Point","coordinates":[72.819095,19.130124]},"properties":{"id":"osm:node/7073651577","name":"Ashwini Laboratory","category":"health","source":"osm","healthcare":"clinic"}},{"type":"Feature","geometry":{"type":"Point","coordinates":[72.836422,19.136643]},"properties":{"id":"osm:node/7073651578","name":"Rg Stone Urology and Laparoscopy Hospital, Mumbai","category":"health","source":"osm","healthcare":"hospital"}},{"type":"Feature","geometry":{"type":"Point","coordinates":[72.822912,18.957191]},"properties":{"id":"osm:node/7073672865","name":"Dr.Pai Dhungat Maternity and Nursing Home","category":"health","source":"osm"}},{"type":"Feature","geometry":{"type":"Point","coordinates":[72.956111,19.206229]},"properties":{"id":"osm:node/7073700259","name":"Sai Dham Hospital","category":"health","source":"osm"}},{"type":"Feature","geometry":{"type":"Point","coordinates":[72.851314,19.228881]},"properties":{"id":"osm:node/7073731486","name":"Rose Petal Nursing Home","category":"health","source":"osm"}},{"type":"Feature","geometry":{"type":"Point","coordinates":[72.83585,19.062597]},"properties":{"id":"osm:node/7073765630","name":"Dr A K Chandiramani Hospital","category":"health","source":"osm","healthcare":"hospital"}},{"type":"Feature","geometry":{"type":"Point","coordinates":[72.862017,19.229941]},"properties":{"id":"osm:node/7073765631","name":"Parmar Hospital","category":"health","source":"osm"}},{"type":"Feature","geometry":{"type":"Point","coordinates":[72.977051,19.211278]},"properties":{"id":"osm:node/7073827666","name":"Param Hospital and Icu","category":"health","source":"osm","healthcare":"hospital"}},{"type":"Feature","geometry":{"type":"Point","coordinates":[72.951551,19.187424]},"properties":{"id":"osm:node/7073879390","name":"Om Children Maternity and Surgical Nursing Home","category":"health","source":"osm"}},{"type":"Feature","geometry":{"type":"Point","coordinates":[72.971879,19.196793]},"properties":{"id":"osm:node/7073888628","name":"Koshti Maternity and Surgical Hospital","category":"health","source":"osm","healthcare":"hospital"}},{"type":"Feature","geometry":{"type":"Point","coordinates":[72.946088,19.175527]},"properties":{"id":"osm:node/7073888629","name":"Anjali Maternity and Surgical Hospital - Mulund","category":"health","source":"osm"}},{"type":"Feature","geometry":{"type":"Point","coordinates":[72.835455,18.98695]},"properties":{"id":"osm:node/7073895608","name":"N S Optical Contact Lens Clinic Ghatkopar","category":"health","source":"osm"}},{"type":"Feature","geometry":{"type":"Point","coordinates":[72.826977,19.128572]},"properties":{"id":"osm:node/7073895614","name":"Akanksha Maternity and Surgical Hospital","category":"health","source":"osm","opening_hours":"24/7","healthcare":"hospital","healthcare:speciality":"gynaecology"}},{"type":"Feature","geometry":{"type":"Point","coordinates":[72.845606,19.188119]},"properties":{"id":"osm:node/7073944649","name":"Dr Panchals Ishita Nursing Home","category":"health","source":"osm"}},{"type":"Feature","geometry":{"type":"Point","coordinates":[73.001412,19.078782]},"properties":{"id":"osm:node/7073944650","name":"Lotus Multispeciality Hospital and Icu","category":"health","source":"osm"}},{"type":"Feature","geometry":{"type":"Point","coordinates":[72.820101,18.949842]},"properties":{"id":"osm:node/7073944671","name":"Smt. Kamladevi Gauridutt Mittal Ayurvedic Hospital","category":"health","source":"osm","healthcare":"hospital"}},{"type":"Feature","geometry":{"type":"Point","coordinates":[72.928788,19.148263]},"properties":{"id":"osm:node/7073944677","name":"Maauli Hospital","category":"health","source":"osm"}},{"type":"Feature","geometry":{"type":"Point","coordinates":[72.9726,19.251206]},"properties":{"id":"osm:node/7073949806","name":"K. M. C.Nursing Home and Polyclinic","category":"health","source":"osm"}},{"type":"Feature","geometry":{"type":"Point","coordinates":[72.829543,18.919008]},"properties":{"id":"osm:node/7073949831","name":"Kataria Eye Clinic","category":"health","source":"osm","healthcare":"clinic"}},{"type":"Feature","geometry":{"type":"Point","coordinates":[72.813349,18.956391]},"properties":{"id":"osm:node/7073949849","name":"Samyak Drishti Eye Centre","category":"health","source":"osm","healthcare":"hospital"}},{"type":"Feature","geometry":{"type":"Point","coordinates":[72.873158,19.252016]},"properties":{"id":"osm:node/7073949850","name":"Jai Ambe Poly Clinic Nursing Home and Maternity Hospital","category":"health","source":"osm"}},{"type":"Feature","geometry":{"type":"Point","coordinates":[72.961329,19.210227]},"properties":{"id":"osm:node/7073949856","name":"Shree Prathamesh Hospital","category":"health","source":"osm"}},{"type":"Feature","geometry":{"type":"Point","coordinates":[72.85535,19.202515]},"properties":{"id":"osm:node/7073949862","name":"Dhiraj Hospital","category":"health","source":"osm"}},{"type":"Feature","geometry":{"type":"Point","coordinates":[72.99507,19.148396]},"properties":{"id":"osm:node/7073949867","name":"Criti Care Iccu, Multispeciality and Trauma Centre","category":"health","source":"osm"}},{"type":"Feature","geometry":{"type":"Point","coordinates":[72.886899,19.103817]},"properties":{"id":"osm:node/7073949883","name":"Paramount General Hospital and ICU","category":"health","source":"osm","healthcare":"hospital"}},{"type":"Feature","geometry":{"type":"Point","coordinates":[72.836596,19.187896]},"properties":{"id":"osm:node/7073949902","name":"Apex Kidney Care Pvt. Ltd (Mira Road)","category":"health","source":"osm"}},{"type":"Feature","geometry":{"type":"Point","coordinates":[72.847501,19.214999]},"properties":{"id":"osm:node/7073949916","name":"Shreeji Kripa Surgical Center Icu and Nursing Home","category":"health","source":"osm","healthcare":"hospital"}},{"type":"Feature","geometry":{"type":"Point","coordinates":[72.837791,19.088215]},"properties":{"id":"osm:node/7073961698","name":"Maniar Clinic","category":"health","source":"osm"}},{"type":"Feature","geometry":{"type":"Point","coordinates":[72.900939,19.094263]},"properties":{"id":"osm:node/7073961718","name":"Abhishek Nursing Home","category":"health","source":"osm"}},{"type":"Feature","geometry":{"type":"Point","coordinates":[72.88704,19.103614]},"properties":{"id":"osm:node/7073961725","name":"Paramount General Hospital and ICCU","category":"health","source":"osm"}},{"type":"Feature","geometry":{"type":"Point","coordinates":[72.83136,18.98934]},"properties":{"id":"osm:node/7074541583","name":"Sankalp Eye Care Centre","category":"health","source":"osm"}},{"type":"Feature","geometry":{"type":"Point","coordinates":[72.854969,19.242043]},"properties":{"id":"osm:node/7074541584","name":"Netra Mandir","category":"health","source":"osm"}},{"type":"Feature","geometry":{"type":"Point","coordinates":[72.850185,19.136651]},"properties":{"id":"osm:node/7074576485","name":"Dr. Shindes Childrens Hospital and Nicu","category":"health","source":"osm","healthcare":"hospital"}},{"type":"Feature","geometry":{"type":"Point","coordinates":[72.905149,19.088563]},"properties":{"id":"osm:node/7074576497","name":"Dr. Savlas Stone Clinic And Endoscopy Centre","category":"health","source":"osm"}},{"type":"Feature","geometry":{"type":"Point","coordinates":[73.017321,19.051819]},"properties":{"id":"osm:node/7075571870","name":"Mangal Prabhu Nursing Home, Polyclinic and Diagnostic Center","category":"health","source":"osm","opening_hours":"24/7","wheelchair":"yes","operator":"Mangal Prabhu","healthcare":"clinic","healthcare:speciality":"paediatrics;paediatric_surgery;orthopaedics;surgery;oncology;urology;nephrology;child_psychiatry;general;gynaecology;haematology;blood_check;internal"}},{"type":"Feature","geometry":{"type":"Point","coordinates":[72.846017,19.199818]},"properties":{"id":"osm:node/7076367516","name":"Shree Krishna Hospital","category":"health","source":"osm"}},{"type":"Feature","geometry":{"type":"Point","coordinates":[72.861181,19.244714]},"properties":{"id":"osm:node/7076379913","name":"Namitha Polyclinic and Hospital","category":"health","source":"osm"}},{"type":"Feature","geometry":{"type":"Point","coordinates":[72.873617,19.11768]},"properties":{"id":"osm:node/7076379914","name":"SRL Diagnostics Andheri (MIDC)","category":"health","source":"osm"}},{"type":"Feature","geometry":{"type":"Point","coordinates":[72.862992,19.23045]},"properties":{"id":"osm:node/7076379938","name":"Narendra Hospital, Mumbai","category":"health","source":"osm"}},{"type":"Feature","geometry":{"type":"Point","coordinates":[72.854531,19.308104]},"properties":{"id":"osm:node/7076447162","name":"Gurukrupa Hospital and Polyclinic","category":"health","source":"osm"}},{"type":"Feature","geometry":{"type":"Point","coordinates":[72.854643,19.201857]},"properties":{"id":"osm:node/7076529384","name":"Laxmi Clinic - Kandivli - (Mumbai)","category":"health","source":"osm"}},{"type":"Feature","geometry":{"type":"Point","coordinates":[72.853079,19.233089]},"properties":{"id":"osm:node/7076557583","name":"Pandya Surgical and Maternity Hospital","category":"health","source":"osm","wheelchair":"limited"}},{"type":"Feature","geometry":{"type":"Point","coordinates":[72.933084,19.109443]},"properties":{"id":"osm:node/7076609414","name":"CGHS Dispensary No., Vikhroli","category":"health","source":"osm","healthcare":"centre"}},{"type":"Feature","geometry":{"type":"Point","coordinates":[72.844374,19.174305]},"properties":{"id":"osm:node/7076609444","name":"Life Line Medicare Hospital Pvt Ltd","category":"health","source":"osm"}},{"type":"Feature","geometry":{"type":"Point","coordinates":[72.974006,19.200861]},"properties":{"id":"osm:node/7076620107","name":"Renuka Nursing Home, Thane","category":"health","source":"osm","healthcare":"clinic"}},{"type":"Feature","geometry":{"type":"Point","coordinates":[72.849741,19.094253]},"properties":{"id":"osm:node/7079392099","name":"Dr. Rane hospital maternity & surgical","category":"health","source":"osm"}},{"type":"Feature","geometry":{"type":"Point","coordinates":[72.843862,19.123545]},"properties":{"id":"osm:node/7079392130","name":"Aastha Nursing Home, andheri","category":"health","source":"osm","healthcare":"clinic"}},{"type":"Feature","geometry":{"type":"Point","coordinates":[72.865114,19.21051]},"properties":{"id":"osm:node/7079392136","name":"Gokul Hospital, Mumbai","category":"health","source":"osm"}},{"type":"Feature","geometry":{"type":"Point","coordinates":[72.860474,19.298012]},"properties":{"id":"osm:node/7079392138","name":"Jugura Hospital - Thane","category":"health","source":"osm"}},{"type":"Feature","geometry":{"type":"Point","coordinates":[72.845645,19.059019]},"properties":{"id":"osm:node/7079411299","name":"Laxmi Surgical Clinic","category":"health","source":"osm","healthcare":"clinic"}},{"type":"Feature","geometry":{"type":"Point","coordinates":[72.857002,19.234037]},"properties":{"id":"osm:node/7079411349","name":"Bhagat Nursing Home","category":"health","source":"osm","healthcare":"clinic"}},{"type":"Feature","geometry":{"type":"Point","coordinates":[73.00162,19.145258]},"properties":{"id":"osm:node/7079411379","name":"Dr.Mahajan Hospital and Industrial Trauma Center","category":"health","source":"osm"}},{"type":"Feature","geometry":{"type":"Point","coordinates":[72.867645,19.244234]},"properties":{"id":"osm:node/7079411415","name":"Vishwanath Hospital, Mumbai","category":"health","source":"osm"}},{"type":"Feature","geometry":{"type":"Point","coordinates":[72.847811,19.020587]},"properties":{"id":"osm:node/7079411421","name":"Shrikhande Clinic, Mumbai","category":"health","source":"osm"}},{"type":"Feature","geometry":{"type":"Point","coordinates":[72.854969,19.012092]},"properties":{"id":"osm:node/7079665691","name":"Shobha Maternity and Surgical Home","category":"health","source":"osm"}},{"type":"Feature","geometry":{"type":"Point","coordinates":[72.848381,19.110726]},"properties":{"id":"osm:node/7079665692","name":"Sadanand Danait Hospital","category":"health","source":"osm","healthcare":"hospital"}},{"type":"Feature","geometry":{"type":"Point","coordinates":[72.971095,19.192987]},"properties":{"id":"osm:node/7079665763","name":"Vartak Nursing Home","category":"health","source":"osm","healthcare":"clinic"}},{"type":"Feature","geometry":{"type":"Point","coordinates":[72.836742,19.088007]},"properties":{"id":"osm:node/7079665770","name":"Netrapuja Research Centre","category":"health","source":"osm"}},{"type":"Feature","geometry":{"type":"Point","coordinates":[72.912369,19.092115]},"properties":{"id":"osm:node/7080141268","name":"Sapna Health Care Centre Pvt Ltd","category":"health","source":"osm"}},{"type":"Feature","geometry":{"type":"Point","coordinates":[72.838354,18.959242]},"properties":{"id":"osm:node/7080141269","name":"Smt.Laxmiben Dhanji Devshi Health Centre","category":"health","source":"osm"}},{"type":"Feature","geometry":{"type":"Point","coordinates":[72.905796,19.081415]},"properties":{"id":"osm:node/7080205211","name":"Cg Eye Foundaton and Shree Ghatkopar Brahman Samaj","category":"health","source":"osm"}},{"type":"Feature","geometry":{"type":"Point","coordinates":[72.807872,18.963995]},"properties":{"id":"osm:node/7080205222","name":"Gynaecworld","category":"health","source":"osm","healthcare":"hospital"}},{"type":"Feature","geometry":{"type":"Point","coordinates":[72.833144,19.195351]},"properties":{"id":"osm:node/7080205226","name":"Dr.Ronak Prakash Bhandari","category":"health","source":"osm"}},{"type":"Feature","geometry":{"type":"Point","coordinates":[72.854936,19.313262]},"properties":{"id":"osm:node/7080205259","name":"Shree krishna Hospital","category":"health","source":"osm"}},{"type":"Feature","geometry":{"type":"Point","coordinates":[72.848511,19.137326]},"properties":{"id":"osm:node/7080205265","name":"Dr Shah Hospital","category":"health","source":"osm","healthcare":"hospital"}},{"type":"Feature","geometry":{"type":"Point","coordinates":[73.014344,19.059901]},"properties":{"id":"osm:node/7080229647","name":"Millennium Life Line Hospital and Research Centre","category":"health","source":"osm"}},{"type":"Feature","geometry":{"type":"Point","coordinates":[72.834318,19.062624]},"properties":{"id":"osm:node/7080269609","name":"Mumbai Cancer Clinic","category":"health","source":"osm","healthcare":"clinic"}},{"type":"Feature","geometry":{"type":"Point","coordinates":[72.956729,19.19127]},"properties":{"id":"osm:node/7080269623","name":"Pooja Hospital, Thane","category":"health","source":"osm"}},{"type":"Feature","geometry":{"type":"Point","coordinates":[72.842734,19.03637]},"properties":{"id":"osm:node/7080269652","name":"Ashwini Accident Hospital and Poly Clinic","category":"health","source":"osm","healthcare":"hospital"}},{"type":"Feature","geometry":{"type":"Point","coordinates":[72.847386,19.09706]},"properties":{"id":"osm:node/7080269989","name":"Ashish Maternity and Nursing Home - Vile Parle (E)","category":"health","source":"osm","healthcare":"hospital"}},{"type":"Feature","geometry":{"type":"Point","coordinates":[72.899677,19.0597]},"properties":{"id":"osm:node/7080413752","name":"Tandon Hospital","category":"health","source":"osm","healthcare":"hospital"}},{"type":"Feature","geometry":{"type":"Point","coordinates":[72.93607,19.147092]},"properties":{"id":"osm:node/7080527252","name":"Dr Patanis Eye Clinic","category":"health","source":"osm","healthcare":"clinic"}},{"type":"Feature","geometry":{"type":"Point","coordinates":[72.837655,19.0829]},"properties":{"id":"osm:node/7080878125","name":"Radiance Laser Vision Centre","category":"health","source":"osm"}},{"type":"Feature","geometry":{"type":"Point","coordinates":[72.998039,19.156797]},"properties":{"id":"osm:node/7081093853","name":"Shree Eye Clinic","category":"health","source":"osm","healthcare":"clinic"}},{"type":"Feature","geometry":{"type":"Point","coordinates":[72.831265,18.991709]},"properties":{"id":"osm:node/7081227364","name":"Harish Nursing Home","category":"health","source":"osm"}},{"type":"Feature","geometry":{"type":"Point","coordinates":[72.823811,19.052044]},"properties":{"id":"osm:node/7081965757","name":"Vision Laser Surgery Centre","category":"health","source":"osm"}},{"type":"Feature","geometry":{"type":"Point","coordinates":[72.83618,19.060649]},"properties":{"id":"osm:node/7082352463","name":"CGHS Dispensary No.10, Bandra","category":"health","source":"osm","healthcare":"centre"}},{"type":"Feature","geometry":{"type":"Point","coordinates":[72.971431,19.197221]},"properties":{"id":"osm:node/7082352476","name":"Orhtocare Hospital","category":"health","source":"osm","healthcare":"hospital"}},{"type":"Feature","geometry":{"type":"Point","coordinates":[72.842719,19.014983]},"properties":{"id":"osm:node/7082370197","name":"Dr. Mahaveer Jangada Clinic, Dadar","category":"health","source":"osm"}},{"type":"Feature","geometry":{"type":"Point","coordinates":[72.835641,19.106917]},"properties":{"id":"osm:node/7082370226","name":"Dr Sanjay Soni Dental Clinic","category":"health","source":"osm","healthcare":"hospital"}},{"type":"Feature","geometry":{"type":"Point","coordinates":[72.813986,19.00336]},"properties":{"id":"osm:node/7082370227","name":"CGHS Dispensary No.3, Worli","category":"health","source":"osm","healthcare":"centre"}},{"type":"Feature","geometry":{"type":"Point","coordinates":[72.868325,19.247437]},"properties":{"id":"osm:node/7082370228","name":"Kumar Hospital and Polyclinic","category":"health","source":"osm"}},{"type":"Feature","geometry":{"type":"Point","coordinates":[72.833138,19.214985]},"properties":{"id":"osm:node/7082370249","name":"Anand Nursing Home","category":"health","source":"osm"}},{"type":"Feature","geometry":{"type":"Point","coordinates":[72.832253,19.128406]},"properties":{"id":"osm:node/7082370250","name":"Parijat Surgical and General Hospital","category":"health","source":"osm","healthcare":"hospital"}},{"type":"Feature","geometry":{"type":"Point","coordinates":[72.894845,19.037523]},"properties":{"id":"osm:node/7082370266","name":"Dr.Bhute Nursing Home","category":"health","source":"osm"}},{"type":"Feature","geometry":{"type":"Point","coordinates":[72.857509,19.224687]},"properties":{"id":"osm:node/7082499112","name":"Crystal Hospitals","category":"health","source":"osm"}},{"type":"Feature","geometry":{"type":"Point","coordinates":[72.976079,19.232235]},"properties":{"id":"osm:node/7082499140","name":"Shree Eye Hospital","category":"health","source":"osm","healthcare":"hospital"}},{"type":"Feature","geometry":{"type":"Point","coordinates":[72.843605,19.091819]},"properties":{"id":"osm:node/7082499146","name":"Shree Ramnath Eye Care","category":"health","source":"osm","healthcare":"hospital"}},{"type":"Feature","geometry":{"type":"Point","coordinates":[72.838181,19.135245]},"properties":{"id":"osm:node/7082518991","name":"Society Of The Helpers Of Mary Shraddha Vihar Hospital","category":"health","source":"osm","healthcare":"hospital"}},{"type":"Feature","geometry":{"type":"Point","coordinates":[72.94226,19.174865]},"properties":{"id":"osm:node/7082579559","name":"Veena Nagar Health Care Center and Hospital","category":"health","source":"osm"}},{"type":"Feature","geometry":{"type":"Point","coordinates":[72.907824,19.087967]},"properties":{"id":"osm:node/7082623478","name":"Matangi Nursing Home","category":"health","source":"osm"}},{"type":"Feature","geometry":{"type":"Point","coordinates":[72.844908,19.192142]},"properties":{"id":"osm:node/7082623483","name":"Shah Fracture-Orthopaedic Hospital","category":"health","source":"osm"}},{"type":"Feature","geometry":{"type":"Point","coordinates":[72.843068,19.085652]},"properties":{"id":"osm:node/7082626979","name":"Day Care Eye Clinic(Dr.S.V.Sharma Eye Clini)","category":"health","source":"osm","healthcare":"clinic"}},{"type":"Feature","geometry":{"type":"Point","coordinates":[72.863208,19.309058]},"properties":{"id":"osm:node/7082628639","name":"Asha Orthopaedic Hospital","category":"health","source":"osm"}},{"type":"Feature","geometry":{"type":"Point","coordinates":[72.95457,19.207391]},"properties":{"id":"osm:node/7082628640","name":"Dr. Simandhar's Eye Care Centre","category":"health","source":"osm"}},{"type":"Feature","geometry":{"type":"Point","coordinates":[72.940182,18.878134]},"properties":{"id":"osm:node/7082650582","name":"Sai Krupa Drushti Eye Hospital","category":"health","source":"osm"}},{"type":"Feature","geometry":{"type":"Point","coordinates":[72.905095,19.088733]},"properties":{"id":"osm:node/7082733154","name":"Nachiketa Health Care Center","category":"health","source":"osm"}},{"type":"Feature","geometry":{"type":"Point","coordinates":[72.970562,19.192994]},"properties":{"id":"osm:node/7082733163","name":"Shweta Nursing Home","category":"health","source":"osm","healthcare":"clinic"}},{"type":"Feature","geometry":{"type":"Point","coordinates":[72.940595,18.879146]},"properties":{"id":"osm:node/7082733170","name":"Shree Hospital","category":"health","source":"osm"}},{"type":"Feature","geometry":{"type":"Point","coordinates":[72.823077,19.145523]},"properties":{"id":"osm:node/7082733171","name":"Sanghvi Clinic","category":"health","source":"osm"}},{"type":"Feature","geometry":{"type":"Point","coordinates":[72.814558,18.973456]},"properties":{"id":"osm:node/7082733172","name":"Anudhiti Care","category":"health","source":"osm"}},{"type":"Feature","geometry":{"type":"Point","coordinates":[72.907477,19.088778]},"properties":{"id":"osm:node/7082738898","name":"Amar Jyot Eye Care Centre","category":"health","source":"osm"}},{"type":"Feature","geometry":{"type":"Point","coordinates":[73.001004,19.082744]},"properties":{"id":"osm:node/7082738899","name":"Dr. Shubha Rao","category":"health","source":"osm"}},{"type":"Feature","geometry":{"type":"Point","coordinates":[72.932192,19.147368]},"properties":{"id":"osm:node/7082738921","name":"M.S.Maternity and General Hospital","category":"health","source":"osm"}},{"type":"Feature","geometry":{"type":"Point","coordinates":[72.838826,19.165428]},"properties":{"id":"osm:node/7082738930","name":"Vardan Nursing Home Pvt.Ltd.","category":"health","source":"osm"}},{"type":"Feature","geometry":{"type":"Point","coordinates":[72.82755,18.923067]},"properties":{"id":"osm:node/7083190122","name":"Abhishek Day Care Institute and Medical Research Centre","category":"health","source":"osm"}},{"type":"Feature","geometry":{"type":"Point","coordinates":[72.855738,19.131394]},"properties":{"id":"osm:node/7083237478","name":"Shrishti Clinic and Microsurgery Centre","category":"health","source":"osm","healthcare":"clinic"}},{"type":"Feature","geometry":{"type":"Point","coordinates":[72.87022,19.129734]},"properties":{"id":"osm:node/7083324261","name":"Uma Maternity Nursing Home","category":"health","source":"osm"}},{"type":"Feature","geometry":{"type":"Point","coordinates":[72.972785,19.203558]},"properties":{"id":"osm:node/7083324267","name":"Dr.Kshirsagars Nursing Home","category":"health","source":"osm","healthcare":"clinic"}},{"type":"Feature","geometry":{"type":"Point","coordinates":[72.839252,19.033418]},"properties":{"id":"osm:node/7085383681","name":"Laxmi Clinic","category":"health","source":"osm","healthcare":"clinic"}},{"type":"Feature","geometry":{"type":"Point","coordinates":[72.937074,19.116695]},"properties":{"id":"osm:node/7085422788","name":"Sai Hospital, Mumbai","category":"health","source":"osm"}},{"type":"Feature","geometry":{"type":"Point","coordinates":[72.894872,19.061144]},"properties":{"id":"osm:node/7085422809","name":"Apex Kidney Care Pvt. Ltd.","category":"health","source":"osm"}},{"type":"Feature","geometry":{"type":"Point","coordinates":[72.905198,19.088126]},"properties":{"id":"osm:node/7085731347","name":"Jeevandeep Children Hospital, Mumbai","category":"health","source":"osm"}},{"type":"Feature","geometry":{"type":"Point","coordinates":[72.958148,18.88463]},"properties":{"id":"osm:node/7085731371","name":"Dr Taneja's CarePoint Hospital","category":"health","source":"osm"}},{"type":"Feature","geometry":{"type":"Point","coordinates":[72.834369,19.072145]},"properties":{"id":"osm:node/7085742085","name":"Zen Eye Center","category":"health","source":"osm"}},{"type":"Feature","geometry":{"type":"Point","coordinates":[72.972003,19.187582]},"properties":{"id":"osm:node/7085742096","name":"Snehal Hospital, Thane","category":"health","source":"osm","healthcare":"clinic"}},{"type":"Feature","geometry":{"type":"Point","coordinates":[72.959433,19.169136]},"properties":{"id":"osm:node/7085742097","name":"Aaditya Netralaya","category":"health","source":"osm"}},{"type":"Feature","geometry":{"type":"Point","coordinates":[72.855828,19.190732]},"properties":{"id":"osm:node/7085742119","name":"Shraddha Orthopedic and Surgical Hospital","category":"health","source":"osm"}},{"type":"Feature","geometry":{"type":"Point","coordinates":[72.835877,19.106973]},"properties":{"id":"osm:node/7085742120","name":"Iris Eye Center","category":"health","source":"osm","healthcare":"hospital"}},{"type":"Feature","geometry":{"type":"Point","coordinates":[72.918836,19.04501]},"properties":{"id":"osm:node/7085878722","name":"CGHS Dispensary No.15, Deonar","category":"health","source":"osm","healthcare":"centre"}},{"type":"Feature","geometry":{"type":"Point","coordinates":[72.8092,18.972074]},"properties":{"id":"osm:node/7085878723","name":"Dr Satish wadhwa","category":"health","source":"osm"}},{"type":"Feature","geometry":{"type":"Point","coordinates":[72.852477,19.218875]},"properties":{"id":"osm:node/7085878725","name":"Arihant Heart Clinic","category":"health","source":"osm","healthcare:speciality":"cardiology"}},{"type":"Feature","geometry":{"type":"Point","coordinates":[72.865042,19.234536]},"properties":{"id":"osm:node/7085988144","name":"Ashtavinayak Hospital & Swami Samarth Health Clinic","category":"health","source":"osm"}},{"type":"Feature","geometry":{"type":"Point","coordinates":[72.977964,19.213562]},"properties":{"id":"osm:node/7085988150","name":"Aditya Orthopedic Hospital","category":"health","source":"osm","healthcare":"hospital"}},{"type":"Feature","geometry":{"type":"Point","coordinates":[72.846656,19.193634]},"properties":{"id":"osm:node/7085988157","name":"Lifeline Hospital, Mumbai","category":"health","source":"osm"}},{"type":"Feature","geometry":{"type":"Point","coordinates":[72.847925,19.190108]},"properties":{"id":"osm:node/7085988158","name":"Lifeline Hospital, Mumbai","category":"health","source":"osm"}},{"type":"Feature","geometry":{"type":"Point","coordinates":[72.953742,19.173782]},"properties":{"id":"osm:node/7086092351","name":"Apex Kidney Care (Dialysisnetworks)","category":"health","source":"osm"}},{"type":"Feature","geometry":{"type":"Point","coordinates":[72.858905,19.29077]},"properties":{"id":"osm:node/7086092369","name":"Al-Falah Health Care","category":"health","source":"osm"}},{"type":"Feature","geometry":{"type":"Point","coordinates":[72.991909,19.196803]},"properties":{"id":"osm:node/7086092370","name":"Prakruti Hospital","category":"health","source":"osm","healthcare":"hospital"}},{"type":"Feature","geometry":{"type":"Point","coordinates":[72.837041,19.078892]},"properties":{"id":"osm:node/7086092383","name":"Dr. Sandeep S. Nagvekar","category":"health","source":"osm","healthcare":"doctor"}},{"type":"Feature","geometry":{"type":"Point","coordinates":[72.869669,19.132605]},"properties":{"id":"osm:node/7086283489","name":"Dr Phadkes Maternity and Surgical Hospital","category":"health","source":"osm","healthcare":"hospital"}},{"type":"Feature","geometry":{"type":"Point","coordinates":[72.827568,19.014672]},"properties":{"id":"osm:node/7086283490","name":"Varad Medical Centre","category":"health","source":"osm","healthcare":"hospital"}},{"type":"Feature","geometry":{"type":"Point","coordinates":[72.866369,19.235687]},"properties":{"id":"osm:node/7086409763","name":"Parijat Child Health Clinic","category":"health","source":"osm"}},{"type":"Feature","geometry":{"type":"Point","coordinates":[72.926842,19.051972]},"properties":{"id":"osm:node/7086409773","name":"New Life Clinic & Hijama Center","category":"health","source":"osm"}},{"type":"Feature","geometry":{"type":"Point","coordinates":[72.849831,19.023035]},"properties":{"id":"osm:node/7086409774","name":"Icon The Eye Consultants Eye and Laser Centre","category":"health","source":"osm"}},{"type":"Feature","geometry":{"type":"Point","coordinates":[72.942551,19.180973]},"properties":{"id":"osm:node/7086409775","name":"Vertex Hospital","category":"health","source":"osm"}},{"type":"Feature","geometry":{"type":"Point","coordinates":[72.857239,19.083476]},"properties":{"id":"osm:node/7086409776","name":"CGHS Dispensary No.14, Vakola","category":"health","source":"osm","healthcare":"centre"}},{"type":"Feature","geometry":{"type":"Point","coordinates":[72.84649,19.204755]},"properties":{"id":"osm:node/7086516366","name":"Aditya Eye Clinic, Kandivali","category":"health","source":"osm"}},{"type":"Feature","geometry":{"type":"Point","coordinates":[72.864867,19.242212]},"properties":{"id":"osm:node/7086516380","name":"Mauli Hospital, Mumbai","category":"health","source":"osm"}},{"type":"Feature","geometry":{"type":"Point","coordinates":[72.818614,18.998041]},"properties":{"id":"osm:node/7086516381","name":"Nirmal Clinic","category":"health","source":"osm"}},{"type":"Feature","geometry":{"type":"Point","coordinates":[72.846468,19.183692]},"properties":{"id":"osm:node/7086532343","name":"AR Hospital Orthopaedic & ICU","category":"health","source":"osm"}},{"type":"Feature","geometry":{"type":"Point","coordinates":[72.864211,19.110059]},"properties":{"id":"osm:node/7086532370","name":"Goel Hospital","category":"health","source":"osm","healthcare":"hospital"}},{"type":"Feature","geometry":{"type":"Point","coordinates":[72.945926,19.188852]},"properties":{"id":"osm:node/7086566892","name":"Modi Hospital - Thane","category":"health","source":"osm"}},{"type":"Feature","geometry":{"type":"Point","coordinates":[72.999746,19.073957]},"properties":{"id":"osm:node/7086576997","name":"Zaveri Eye Clinic","category":"health","source":"osm"}},{"type":"Feature","geometry":{"type":"Point","coordinates":[72.811624,18.965438]},"properties":{"id":"osm:node/7086734179","name":"Infiniti Eye Hospital","category":"health","source":"osm"}},{"type":"Feature","geometry":{"type":"Point","coordinates":[72.857498,19.046676]},"properties":{"id":"osm:node/7086758044","name":"Lifecare Hospital","category":"health","source":"osm"}},{"type":"Feature","geometry":{"type":"Point","coordinates":[72.837864,19.023809]},"properties":{"id":"osm:node/7086786149","name":"Dr Kiran Katar Clinic","category":"health","source":"osm","healthcare":"clinic"}},{"type":"Feature","geometry":{"type":"Point","coordinates":[72.862237,19.108487]},"properties":{"id":"osm:node/7087002893","name":"Veena Clinic","category":"health","source":"osm","healthcare":"clinic"}},{"type":"Feature","geometry":{"type":"Point","coordinates":[72.904984,19.082484]},"properties":{"id":"osm:node/7087131445","name":"Dr. Dipak Desai's Ear Nose and Throat Hospital","category":"health","source":"osm"}},{"type":"Feature","geometry":{"type":"Point","coordinates":[72.83957,19.024924]},"properties":{"id":"osm:node/7087131446","name":"Deccan Fertility Clinic and Keyhole Surgery Center","category":"health","source":"osm","healthcare":"clinic"}},{"type":"Feature","geometry":{"type":"Point","coordinates":[72.881615,19.06265]},"properties":{"id":"osm:node/7087131468","name":"Prarushi Healthcare Pvt Ltd / Kusumesh Chandra Maternity Hospital","category":"health","source":"osm"}},{"type":"Feature","geometry":{"type":"Point","coordinates":[72.85981,19.237565]},"properties":{"id":"osm:node/7087131476","name":"Dr. Mehta's Maternity Home","category":"health","source":"osm"}},{"type":"Feature","geometry":{"type":"Point","coordinates":[72.905949,19.086159]},"properties":{"id":"osm:node/7087131477","name":"Sanjeevani Nursing Home","category":"health","source":"osm"}},{"type":"Feature","geometry":{"type":"Point","coordinates":[72.932915,19.14946]},"properties":{"id":"osm:node/7087209689","name":"Amruta Maternity and Surgical Nursing Home","category":"health","source":"osm"}},{"type":"Feature","geometry":{"type":"Point","coordinates":[72.835114,19.163183]},"properties":{"id":"osm:node/7087491721","name":"Prarthana Hospital And ICU","category":"health","source":"osm"}},{"type":"Feature","geometry":{"type":"Point","coordinates":[72.831888,19.084423]},"properties":{"id":"osm:node/7087491733","name":"CGHS Sub-Dispensary, Juhu","category":"health","source":"osm","healthcare":"centre"}},{"type":"Feature","geometry":{"type":"Point","coordinates":[72.969574,19.226542]},"properties":{"id":"osm:node/7087491738","name":"Dr. Ravi's Clinic Nursing Home and New Born Centre","category":"health","source":"osm","healthcare":"clinic"}},{"type":"Feature","geometry":{"type":"Point","coordinates":[72.828753,19.215087]},"properties":{"id":"osm:node/7087636852","name":"Shree Nagesh Childrens Hospital","category":"health","source":"osm"}},{"type":"Feature","geometry":{"type":"Point","coordinates":[72.974437,19.191693]},"properties":{"id":"osm:node/7087636853","name":"Mokashi Nursing Home","category":"health","source":"osm","healthcare":"clinic"}},{"type":"Feature","geometry":{"type":"Point","coordinates":[72.848647,19.020609]},"properties":{"id":"osm:node/7087636854","name":"Laud Clinic","category":"health","source":"osm"}},{"type":"Feature","geometry":{"type":"Point","coordinates":[72.974379,19.203686]},"properties":{"id":"osm:node/7087636862","name":"Jyotimay Eye Hospital","category":"health","source":"osm","healthcare":"hospital","healthcare:speciality":"ophthalmology"}},{"type":"Feature","geometry":{"type":"Point","coordinates":[72.857795,19.228066]},"properties":{"id":"osm:node/7169085289","name":"Dr. Vaibhav Shah! Cosmetic Surgery & Hair Transplant","category":"health","source":"osm","opening_hours":"Mo-Sa 10:00-21:00","operator":"Valibhav Shah","description":"At Dr. Vaibhav Shah's clinic, we offer hair transplant and facial cosmetic surgery to our clients in Mumbai, India.","healthcare":"doctor","healthcare:speciality":"Cosmetic_Surgeon;Hair_Transplant;Dermal_Filler","phone":"+91 84510 68031"}},{"type":"Feature","geometry":{"type":"Point","coordinates":[72.828916,18.966643]},"properties":{"id":"osm:node/7206288300","name":"Dawood Multispeciality Nursing Home","category":"health","source":"osm","opening_hours":"09:30-22:30, We off","operator":"sabusiddique","healthcare":"hospital","healthcare:speciality":"gynaecology;surgery;paediatrics;orthopaedics;general","phone":"+91 22 23091413, +91 22 23051797"}},{"type":"Feature","geometry":{"type":"Point","coordinates":[72.830602,18.963756]},"properties":{"id":"osm:node/7206357770","name":"Municipality Clinic","category":"health","source":"osm","healthcare":"clinic","healthcare:speciality":"general"}},{"type":"Feature","geometry":{"type":"Point","coordinates":[72.828438,18.966675]},"properties":{"id":"osm:node/7207893889","name":"Tibbia Hospital","category":"health","source":"osm","healthcare":"clinic","healthcare:speciality":"general"}},{"type":"Feature","geometry":{"type":"Point","coordinates":[72.833461,18.953888]},"properties":{"id":"osm:node/7207893890","name":"Noor Hospital","category":"health","source":"osm","healthcare":"hospital","healthcare:speciality":"general;gynaecology"}},{"type":"Feature","geometry":{"type":"Point","coordinates":[72.834539,18.94561]},"properties":{"id":"osm:node/7207893891","name":null,"category":"health","source":"osm","healthcare":"laboratory","healthcare:speciality":"blood_check","phone":"+91 22 2344 8024"}},{"type":"Feature","geometry":{"type":"Point","coordinates":[72.821319,19.194103]},"properties":{"id":"osm:node/7210907978","name":"Mangalmurti Hospital","category":"health","source":"osm"}},{"type":"Feature","geometry":{"type":"Point","coordinates":[72.972227,19.202616]},"properties":{"id":"osm:node/7213475575","name":"Lifeline Hospital Thane","category":"health","source":"osm","healthcare":"hospital"}},{"type":"Feature","geometry":{"type":"Point","coordinates":[72.981258,19.194921]},"properties":{"id":"osm:node/7213516594","name":"Bhadkamkar Hospital","category":"health","source":"osm","healthcare":"hospital"}},{"type":"Feature","geometry":{"type":"Point","coordinates":[72.86302,19.078004]},"properties":{"id":"osm:node/7225067112","name":"Kalina Hospital","category":"health","source":"osm"}},{"type":"Feature","geometry":{"type":"Point","coordinates":[72.853687,19.010872]},"properties":{"id":"osm:node/7225067123","name":"Kidwai Nagr health Post & Dispensary","category":"health","source":"osm","description":"Dispensaries","healthcare":"centre"}},{"type":"Feature","geometry":{"type":"Point","coordinates":[72.855553,19.047686]},"properties":{"id":"osm:node/7225067134","name":"Piwala Bungalow Dispensary","category":"health","source":"osm","description":"dispensaries","healthcare":"centre"}},{"type":"Feature","geometry":{"type":"Point","coordinates":[72.830035,18.98419]},"properties":{"id":"osm:node/7225067144","name":"Kasturba Hospital","category":"health","source":"osm","description":"Civil Hospital/General Hospital"}},{"type":"Feature","geometry":{"type":"Point","coordinates":[72.846229,18.990923]},"properties":{"id":"osm:node/7225067147","name":"Abhyudaya Nagar Dispensary","category":"health","source":"osm","description":"dispensaries","healthcare":"centre"}},{"type":"Feature","geometry":{"type":"Point","coordinates":[72.901314,19.078683]},"properties":{"id":"osm:node/7225067148","name":null,"category":"health","source":"osm","description":"Sub District Hospital"}},{"type":"Feature","geometry":{"type":"Point","coordinates":[72.816903,19.001731]},"properties":{"id":"osm:node/7225067153","name":"ESIS Hospital WORLI","category":"health","source":"osm"}},{"type":"Feature","geometry":{"type":"Point","coordinates":[72.851755,19.172037]},"properties":{"id":"osm:node/7225067156","name":"Pandurangawadi Health Post","category":"health","source":"osm"}},{"type":"Feature","geometry":{"type":"Point","coordinates":[72.878159,19.110877]},"properties":{"id":"osm:node/7225067170","name":"Marol Maternity Home","category":"health","source":"osm"}},{"type":"Feature","geometry":{"type":"Point","coordinates":[72.894763,19.056203]},"properties":{"id":"osm:node/7225067179","name":"Matoshri Ramabai Ambedkar Maternity Hospital","category":"health","source":"osm"}},{"type":"Feature","geometry":{"type":"Point","coordinates":[72.816262,19.00228]},"properties":{"id":"osm:node/7225067192","name":"Poddar Hospital","category":"health","source":"osm"}},{"type":"Feature","geometry":{"type":"Point","coordinates":[72.851105,19.178433]},"properties":{"id":"osm:node/7225067194","name":"M.W. Desai Municipal General Hospital","category":"health","source":"osm"}},{"type":"Feature","geometry":{"type":"Point","coordinates":[72.851859,19.105457]},"properties":{"id":"osm:node/7225067197","name":"V N Shirodkar Hospital","category":"health","source":"osm","healthcare":"hospital"}},{"type":"Feature","geometry":{"type":"Point","coordinates":[72.988038,19.19344]},"properties":{"id":"osm:node/7225067201","name":"Rajiv Gandhi Medical College Thane","category":"health","source":"osm","description":"Medical Colleges Hospital"}},{"type":"Feature","geometry":{"type":"Point","coordinates":[72.846597,19.114359]},"properties":{"id":"osm:node/7225067203","name":"Sambhaji Nagar, Dispensary","category":"health","source":"osm","description":"dispensaries","healthcare":"centre"}},{"type":"Feature","geometry":{"type":"Point","coordinates":[72.820968,18.971194]},"properties":{"id":"osm:node/7225067213","name":"Nair Hospital Dental College","category":"health","source":"osm","description":"Medical Colleges Hospital","healthcare":"hospital"}},{"type":"Feature","geometry":{"type":"Point","coordinates":[72.997212,19.156543]},"properties":{"id":"osm:node/7225067218","name":"NMMC MCH Airoli","category":"health","source":"osm","healthcare":"hospital"}},{"type":"Feature","geometry":{"type":"Point","coordinates":[72.849471,19.176172]},"properties":{"id":"osm:node/7225067227","name":"Pahadi Health Post","category":"health","source":"osm"}},{"type":"Feature","geometry":{"type":"Point","coordinates":[72.876898,19.060045]},"properties":{"id":"osm:node/7225067244","name":"Kamgar Nagar Health Post and Qureshi Nagar Dispensary","category":"health","source":"osm","description":"Dispensaries","healthcare":"centre"}},{"type":"Feature","geometry":{"type":"Point","coordinates":[72.870817,19.219756]},"properties":{"id":"osm:node/7225067256","name":"BMC Maternity Hospital","category":"health","source":"osm"}},{"type":"Feature","geometry":{"type":"Point","coordinates":[72.951096,19.175324]},"properties":{"id":"osm:node/7225067258","name":"M.T. Agrawal Hospital","category":"health","source":"osm"}},{"type":"Feature","geometry":{"type":"Point","coordinates":[72.904147,19.098485]},"properties":{"id":"osm:node/7225067267","name":"Sant Muktabai Hospital","category":"health","source":"osm"}},{"type":"Feature","geometry":{"type":"Point","coordinates":[72.858205,19.036919]},"properties":{"id":"osm:node/7225067271","name":"L.T.Muncipal Medical College and Sion Hospital","category":"health","source":"osm","description":"Medical Colleges Hospital","healthcare":"hospital"}},{"type":"Feature","geometry":{"type":"Point","coordinates":[72.939475,19.118004]},"properties":{"id":"osm:node/7225067275","name":"Krantiveer Mahatma Jyotiba Phule Hospital, Vikhroli","category":"health","source":"osm","description":"Sub District Hospital"}},{"type":"Feature","geometry":{"type":"Point","coordinates":[72.837984,19.207197]},"properties":{"id":"osm:node/7225067276","name":"Dhanukar Wadi Dispensary","category":"health","source":"osm","description":"Dispensaries","healthcare":"centre"}},{"type":"Feature","geometry":{"type":"Point","coordinates":[72.821919,18.974215]},"properties":{"id":"osm:node/7225067284","name":"BYL Nair hospital","category":"health","source":"osm","description":"Medical Colleges Hospital","healthcare":"hospital"}},{"type":"Feature","geometry":{"type":"Point","coordinates":[72.838827,18.95168]},"properties":{"id":"osm:node/7226727393","name":"General Hospital, Janabai Rokade","category":"health","source":"osm","healthcare":"hospital"}},{"type":"Feature","geometry":{"type":"Point","coordinates":[72.827977,18.965648]},"properties":{"id":"osm:node/7226727399","name":"Gaurabai Dispensary","category":"health","source":"osm","description":"Dispensaries","healthcare":"centre"}},{"type":"Feature","geometry":{"type":"Point","coordinates":[72.834091,18.954007]},"properties":{"id":"osm:node/7433481437","name":"The Muslim Ambulance Society Diagnostic Center","category":"health","source":"osm","healthcare":"hospital"}},{"type":"Feature","geometry":{"type":"Point","coordinates":[72.836805,18.959695]},"properties":{"id":"osm:node/7433481438","name":"Habib Hospital","category":"health","source":"osm","healthcare":"hospital","healthcare:speciality":"general;paediatrics;gynaecology;orthopaedics","phone":"+91-22-23788100"}},{"type":"Feature","geometry":{"type":"Point","coordinates":[72.831912,18.966061]},"properties":{"id":"osm:node/7433682214","name":"Nagpada Police Hospital","category":"health","source":"osm","healthcare":"hospital"}},{"type":"Feature","geometry":{"type":"Point","coordinates":[72.835751,18.972422]},"properties":{"id":"osm:node/7433749757","name":"Rajshree Maternity","category":"health","source":"osm","healthcare":"hospital","healthcare:speciality":"gynaecology"}},{"type":"Feature","geometry":{"type":"Point","coordinates":[72.835737,18.974954]},"properties":{"id":"osm:node/7433829905","name":"Masina Cancer Center","category":"health","source":"osm","healthcare":"hospital","healthcare:speciality":"oncology"}},{"type":"Feature","geometry":{"type":"Point","coordinates":[72.830247,18.965386]},"properties":{"id":"osm:node/7565260156","name":"Dr. Abbas F. Merchant","category":"health","source":"osm","healthcare":"doctor","healthcare:speciality":"general;paediatrics"}},{"type":"Feature","geometry":{"type":"Point","coordinates":[72.952696,19.175152]},"properties":{"id":"osm:node/7604673842","name":"Government Hospital, Mulund","category":"health","source":"osm","healthcare":"hospital"}},{"type":"Feature","geometry":{"type":"Point","coordinates":[72.934551,19.14627]},"properties":{"id":"osm:node/7604724839","name":"Savitribai Jyotiba Phule Maternity Home Bhandup","category":"health","source":"osm"}},{"type":"Feature","geometry":{"type":"Point","coordinates":[72.82651,18.961983]},"properties":{"id":"osm:node/7607557871","name":"BMC Eye Hospital ,Kamathipura","category":"health","source":"osm","healthcare":"hospital"}},{"type":"Feature","geometry":{"type":"Point","coordinates":[72.91038,19.096091]},"properties":{"id":"osm:node/7607578889","name":"Matoshree Ramabai Maternity BMC Hospital","category":"health","source":"osm"}},{"type":"Feature","geometry":{"type":"Point","coordinates":[72.92321,19.053627]},"properties":{"id":"osm:node/7607631740","name":"Deonar Maternity Home","category":"health","source":"osm"}},{"type":"Feature","geometry":{"type":"Point","coordinates":[72.812875,18.978585]},"properties":{"id":"osm:node/7607886540","name":"All India Institute of Physical Medicine and Rehabilitation","category":"health","source":"osm"}},{"type":"Feature","geometry":{"type":"Point","coordinates":[72.824485,19.203768]},"properties":{"id":"osm:node/7622282442","name":"BMC Hospital","category":"health","source":"osm"}},{"type":"Feature","geometry":{"type":"Point","coordinates":[72.872438,19.177753]},"properties":{"id":"osm:node/7628258688","name":"Savitri Bai Phule BMC Hospital ,Malad East","category":"health","source":"osm"}},{"type":"Feature","geometry":{"type":"Point","coordinates":[72.939203,18.878216]},"properties":{"id":"osm:node/7656617368","name":"Sathe Hospital","category":"health","source":"osm"}},{"type":"Feature","geometry":{"type":"Point","coordinates":[72.94022,18.878537]},"properties":{"id":"osm:node/7656617396","name":"Aayush Hospital","category":"health","source":"osm"}},{"type":"Feature","geometry":{"type":"Point","coordinates":[72.939636,18.875757]},"properties":{"id":"osm:node/7656617403","name":"More Children Hospital","category":"health","source":"osm"}},{"type":"Feature","geometry":{"type":"Point","coordinates":[72.934386,18.881303]},"properties":{"id":"osm:node/7656617427","name":"Indira Gandhi Hospital","category":"health","source":"osm"}},{"type":"Feature","geometry":{"type":"Point","coordinates":[72.940285,18.873346]},"properties":{"id":"osm:node/7656617436","name":"Veer Hospital","category":"health","source":"osm"}},{"type":"Feature","geometry":{"type":"Point","coordinates":[72.975395,18.901209]},"properties":{"id":"osm:node/7656617455","name":"Jawaharlal Nehru Port Trust Hospital","category":"health","source":"osm"}},{"type":"Feature","geometry":{"type":"Point","coordinates":[72.940111,18.877894]},"properties":{"id":"osm:node/7656617464","name":"Giri Child Hospital","category":"health","source":"osm"}},{"type":"Feature","geometry":{"type":"Point","coordinates":[72.848309,19.297548]},"properties":{"id":"osm:node/7663684010","name":"Tembha Hospital","category":"health","source":"osm","healthcare":"hospital"}},{"type":"Feature","geometry":{"type":"Point","coordinates":[72.967635,19.186801]},"properties":{"id":"osm:node/7663684012","name":"Horizon Hospital","category":"health","source":"osm","healthcare":"hospital"}},{"type":"Feature","geometry":{"type":"Point","coordinates":[72.996454,19.297061]},"properties":{"id":"osm:node/7663684018","name":"Global Hospital","category":"health","source":"osm"}},{"type":"Feature","geometry":{"type":"Point","coordinates":[72.858351,19.303875]},"properties":{"id":"osm:node/7663684021","name":"Bhayandar Criticare Hospital","category":"health","source":"osm"}},{"type":"Feature","geometry":{"type":"Point","coordinates":[72.990569,19.218418]},"properties":{"id":"osm:node/7663684023","name":"Mauli Hospital","category":"health","source":"osm","healthcare":"hospital"}},{"type":"Feature","geometry":{"type":"Point","coordinates":[72.982338,19.203863]},"properties":{"id":"osm:node/7663684024","name":"Suleman Mulla Hospital","category":"health","source":"osm","healthcare":"hospital"}},{"type":"Feature","geometry":{"type":"Point","coordinates":[72.871897,19.300703]},"properties":{"id":"osm:node/7663684027","name":"Ansh Hospital","category":"health","source":"osm"}},{"type":"Feature","geometry":{"type":"Point","coordinates":[72.970388,19.259228]},"properties":{"id":"osm:node/7663684028","name":"Maheshwari Multispeciality Hospital","category":"health","source":"osm"}},{"type":"Feature","geometry":{"type":"Point","coordinates":[72.854099,19.304756]},"properties":{"id":"osm:node/7663684029","name":"Sai Vedant Multi Speciality Hospital","category":"health","source":"osm"}},{"type":"Feature","geometry":{"type":"Point","coordinates":[73.007176,19.20437]},"properties":{"id":"osm:node/7663684031","name":"Parsik Hospital","category":"health","source":"osm","healthcare":"hospital"}},{"type":"Feature","geometry":{"type":"Point","coordinates":[72.850425,19.30855]},"properties":{"id":"osm:node/7663684033","name":"Rathi Hospital","category":"health","source":"osm"}},{"type":"Feature","geometry":{"type":"Point","coordinates":[72.965369,19.270491]},"properties":{"id":"osm:node/7663684036","name":"Dr. Maheshwari Hospital","category":"health","source":"osm"}},{"type":"Feature","geometry":{"type":"Point","coordinates":[72.967176,19.27026]},"properties":{"id":"osm:node/7663684039","name":"Janani Nursing Home & Hospital","category":"health","source":"osm"}},{"type":"Feature","geometry":{"type":"Point","coordinates":[72.967356,19.187879]},"properties":{"id":"osm:node/7663684040","name":"Jeevan Jyot Hospital","category":"health","source":"osm","healthcare":"hospital"}},{"type":"Feature","geometry":{"type":"Point","coordinates":[72.972172,19.216611]},"properties":{"id":"osm:node/7663684042","name":"Care and Cure Clinic","category":"health","source":"osm","healthcare":"clinic"}},{"type":"Feature","geometry":{"type":"Point","coordinates":[72.851043,19.299792]},"properties":{"id":"osm:node/7663684044","name":"Kasturi Hospital","category":"health","source":"osm"}},{"type":"Feature","geometry":{"type":"Point","coordinates":[72.963454,19.196372]},"properties":{"id":"osm:node/7663684046","name":"Aadhar Hospital","category":"health","source":"osm"}},{"type":"Feature","geometry":{"type":"Point","coordinates":[72.858214,19.28336]},"properties":{"id":"osm:node/7663684047","name":"Dr. Farids Hospital","category":"health","source":"osm"}},{"type":"Feature","geometry":{"type":"Point","coordinates":[72.979982,19.235043]},"properties":{"id":"osm:node/7663684048","name":"Tirupati Hospital","category":"health","source":"osm","healthcare":"hospital"}},{"type":"Feature","geometry":{"type":"Point","coordinates":[72.966582,19.271287]},"properties":{"id":"osm:node/7663684049","name":"Dr. Darandale","category":"health","source":"osm"}},{"type":"Feature","geometry":{"type":"Point","coordinates":[72.977836,19.20469]},"properties":{"id":"osm:node/7663684054","name":"Royal Hospital","category":"health","source":"osm","healthcare":"hospital"}},{"type":"Feature","geometry":{"type":"Point","coordinates":[72.980195,19.205935]},"properties":{"id":"osm:node/7663684055","name":"Aarambh Hospital","category":"health","source":"osm","healthcare":"hospital"}},{"type":"Feature","geometry":{"type":"Point","coordinates":[72.853413,19.312775]},"properties":{"id":"osm:node/7663684057","name":"Sai Krupa Hospital","category":"health","source":"osm"}},{"type":"Feature","geometry":{"type":"Point","coordinates":[72.976922,19.213515]},"properties":{"id":"osm:node/7663684060","name":"Sai Ashutosh Hospital","category":"health","source":"osm","healthcare":"hospital"}},{"type":"Feature","geometry":{"type":"Point","coordinates":[72.979072,19.211178]},"properties":{"id":"osm:node/7663684065","name":"Ekta Hospital","category":"health","source":"osm","healthcare":"hospital"}},{"type":"Feature","geometry":{"type":"Point","coordinates":[73.003901,19.203188]},"properties":{"id":"osm:node/7663684072","name":"Sapphire Hospitals","category":"health","source":"osm","healthcare":"hospital"}},{"type":"Feature","geometry":{"type":"Point","coordinates":[72.959981,19.276344]},"properties":{"id":"osm:node/7663684073","name":"Shree Ram Hospital","category":"health","source":"osm"}},{"type":"Feature","geometry":{"type":"Point","coordinates":[72.846186,19.228103]},"properties":{"id":"osm:node/7663833078","name":"Siddhivinayak Nurshing Home","category":"health","source":"osm"}},{"type":"Feature","geometry":{"type":"Point","coordinates":[72.846337,19.163103]},"properties":{"id":"osm:node/7663833079","name":"Singhi Hospital","category":"health","source":"osm"}},{"type":"Feature","geometry":{"type":"Point","coordinates":[72.872072,19.172169]},"properties":{"id":"osm:node/7663833080","name":"Happy Solutions Clinic","category":"health","source":"osm"}},{"type":"Feature","geometry":{"type":"Point","coordinates":[72.849622,19.23131]},"properties":{"id":"osm:node/7663833081","name":"Apex Hospitals","category":"health","source":"osm"}},{"type":"Feature","geometry":{"type":"Point","coordinates":[72.85398,19.235452]},"properties":{"id":"osm:node/7663833082","name":"Dr. Usha Hospital","category":"health","source":"osm","healthcare":"hospital"}},{"type":"Feature","geometry":{"type":"Point","coordinates":[72.844247,19.234847]},"properties":{"id":"osm:node/7663833083","name":"Jivanand Clinic","category":"health","source":"osm"}},{"type":"Feature","geometry":{"type":"Point","coordinates":[72.879702,19.172622]},"properties":{"id":"osm:node/7663833084","name":"Neetas Day Care Clinic","category":"health","source":"osm"}},{"type":"Feature","geometry":{"type":"Point","coordinates":[72.844995,19.1698]},"properties":{"id":"osm:node/7663833085","name":"Dr. Pravin","category":"health","source":"osm"}},{"type":"Feature","geometry":{"type":"Point","coordinates":[72.842829,19.178818]},"properties":{"id":"osm:node/7663833086","name":"Vivanta Multispeciality Hospital","category":"health","source":"osm"}},{"type":"Feature","geometry":{"type":"Point","coordinates":[72.8466,19.229335]},"properties":{"id":"osm:node/7663833087","name":"Apex Superspeciality Hospitals","category":"health","source":"osm"}},{"type":"Feature","geometry":{"type":"Point","coordinates":[72.835036,19.163211]},"properties":{"id":"osm:node/7663833088","name":"Vivanta Hospital","category":"health","source":"osm"}},{"type":"Feature","geometry":{"type":"Point","coordinates":[72.873669,19.194124]},"properties":{"id":"osm:node/7663833089","name":"Sai Siddhi Hospital","category":"health","source":"osm"}},{"type":"Feature","geometry":{"type":"Point","coordinates":[72.855248,19.188923]},"properties":{"id":"osm:node/7663833090","name":"Dr. Sharik's Asha Maternity & General Hospital","category":"health","source":"osm"}},{"type":"Feature","geometry":{"type":"Point","coordinates":[72.850987,19.165029]},"properties":{"id":"osm:node/7663833091","name":"Dr. Monappa Moolya","category":"health","source":"osm"}},{"type":"Feature","geometry":{"type":"Point","coordinates":[72.850075,19.206932]},"properties":{"id":"osm:node/7663833092","name":"Jobanputra Clinic","category":"health","source":"osm"}},{"type":"Feature","geometry":{"type":"Point","coordinates":[72.837464,19.175631]},"properties":{"id":"osm:node/7663833093","name":"Cloud Nine Children's Hospital","category":"health","source":"osm"}},{"type":"Feature","geometry":{"type":"Point","coordinates":[72.868019,19.172692]},"properties":{"id":"osm:node/7663833094","name":"Dr. Nitin Pandit's Family Clinic","category":"health","source":"osm"}},{"type":"Feature","geometry":{"type":"Point","coordinates":[72.844045,19.167498]},"properties":{"id":"osm:node/7663833095","name":"Tanay Clinic","category":"health","source":"osm"}},{"type":"Feature","geometry":{"type":"Point","coordinates":[72.867113,19.17407]},"properties":{"id":"osm:node/7663833096","name":"Dr. Nirmal Clinic","category":"health","source":"osm"}},{"type":"Feature","geometry":{"type":"Point","coordinates":[72.858293,19.234669]},"properties":{"id":"osm:node/7663833097","name":"Shishubharti Hospital;Nandini Hospital","category":"health","source":"osm"}},{"type":"Feature","geometry":{"type":"Point","coordinates":[72.846742,19.181674]},"properties":{"id":"osm:node/7663833098","name":"L. M Patel Eye Hospital","category":"health","source":"osm"}},{"type":"Feature","geometry":{"type":"Point","coordinates":[72.869453,19.178084]},"properties":{"id":"osm:node/7663833099","name":"Shree Sai Clinic","category":"health","source":"osm"}},{"type":"Feature","geometry":{"type":"Point","coordinates":[72.877897,19.176019]},"properties":{"id":"osm:node/7663833100","name":"Indira Clinic","category":"health","source":"osm"}},{"type":"Feature","geometry":{"type":"Point","coordinates":[72.840121,19.231233]},"properties":{"id":"osm:node/7663833101","name":"Ganatra's Riddhi Nursing Home","category":"health","source":"osm"}},{"type":"Feature","geometry":{"type":"Point","coordinates":[72.861197,19.231639]},"properties":{"id":"osm:node/7663833102","name":"Omkareshwar Nursing Home","category":"health","source":"osm"}},{"type":"Feature","geometry":{"type":"Point","coordinates":[72.85233,19.228504]},"properties":{"id":"osm:node/7663833103","name":"MIB Super Speciality Hospital","category":"health","source":"osm"}},{"type":"Feature","geometry":{"type":"Point","coordinates":[72.873931,19.172552]},"properties":{"id":"osm:node/7663833104","name":"Radha Krishna Hospital","category":"health","source":"osm"}},{"type":"Feature","geometry":{"type":"Point","coordinates":[72.852871,19.163566]},"properties":{"id":"osm:node/7663833106","name":"Pristine Eye Clinic","category":"health","source":"osm"}},{"type":"Feature","geometry":{"type":"Point","coordinates":[72.850557,19.166096]},"properties":{"id":"osm:node/7663833107","name":"Dr. Rajiv S Tungare","category":"health","source":"osm"}},{"type":"Feature","geometry":{"type":"Point","coordinates":[72.845208,19.166031]},"properties":{"id":"osm:node/7663833108","name":"Soham Clinic","category":"health","source":"osm"}},{"type":"Feature","geometry":{"type":"Point","coordinates":[72.849474,19.230572]},"properties":{"id":"osm:node/7663833110","name":"Gala Clinic","category":"health","source":"osm"}},{"type":"Feature","geometry":{"type":"Point","coordinates":[72.837723,19.163608]},"properties":{"id":"osm:node/7663833111","name":"Jain Hospital","category":"health","source":"osm"}},{"type":"Feature","geometry":{"type":"Point","coordinates":[72.834907,19.190395]},"properties":{"id":"osm:node/7663833113","name":"The Children's Hospital Mumbai - Best child specialist in Mumbai","category":"health","source":"osm","opening_hours":"24/7","phone":"+91 9324394702"}},{"type":"Feature","geometry":{"type":"Point","coordinates":[72.85083,19.216129]},"properties":{"id":"osm:node/7663833115","name":"Punit Orthopaedic Hospital","category":"health","source":"osm","healthcare:speciality":"orthopaedics"}},{"type":"Feature","geometry":{"type":"Point","coordinates":[72.859749,19.180023]},"properties":{"id":"osm:node/7663833116","name":"Bittoo Clinic","category":"health","source":"osm"}},{"type":"Feature","geometry":{"type":"Point","coordinates":[72.840181,19.161227]},"properties":{"id":"osm:node/7663833117","name":"Matushree Gomati Hospital","category":"health","source":"osm"}},{"type":"Feature","geometry":{"type":"Point","coordinates":[72.846198,19.195237]},"properties":{"id":"osm:node/7663833118","name":"Thunga Hospital","category":"health","source":"osm"}},{"type":"Feature","geometry":{"type":"Point","coordinates":[72.870829,19.175753]},"properties":{"id":"osm:node/7663833119","name":"Quest Multispeciality Clinic","category":"health","source":"osm"}},{"type":"Feature","geometry":{"type":"Point","coordinates":[72.855817,19.159344]},"properties":{"id":"osm:node/7663833120","name":"Krishna Clinic","category":"health","source":"osm"}},{"type":"Feature","geometry":{"type":"Point","coordinates":[72.877625,19.171207]},"properties":{"id":"osm:node/7663833121","name":"Dattatray Clinic","category":"health","source":"osm"}},{"type":"Feature","geometry":{"type":"Point","coordinates":[72.877849,19.175116]},"properties":{"id":"osm:node/7663833122","name":"Hospital Vedant","category":"health","source":"osm"}},{"type":"Feature","geometry":{"type":"Point","coordinates":[72.832844,19.22166]},"properties":{"id":"osm:node/7663833123","name":"Sai Care Clinic","category":"health","source":"osm"}},{"type":"Feature","geometry":{"type":"Point","coordinates":[72.841749,19.183312]},"properties":{"id":"osm:node/7663833124","name":"Lodha Clinic","category":"health","source":"osm"}},{"type":"Feature","geometry":{"type":"Point","coordinates":[72.86068,19.179496]},"properties":{"id":"osm:node/7663833125","name":"New Nari Hospital","category":"health","source":"osm"}},{"type":"Feature","geometry":{"type":"Point","coordinates":[72.849742,19.232267]},"properties":{"id":"osm:node/7663833127","name":"Om Sai Hospital","category":"health","source":"osm"}},{"type":"Feature","geometry":{"type":"Point","coordinates":[72.833852,19.175494]},"properties":{"id":"osm:node/7663833129","name":"Sage Hospital","category":"health","source":"osm"}},{"type":"Feature","geometry":{"type":"Point","coordinates":[72.865954,19.243269]},"properties":{"id":"osm:node/7663833130","name":"Ashok Hospital","category":"health","source":"osm"}},{"type":"Feature","geometry":{"type":"Point","coordinates":[72.856724,19.182718]},"properties":{"id":"osm:node/7663833131","name":"Balajee Hospital","category":"health","source":"osm"}},{"type":"Feature","geometry":{"type":"Point","coordinates":[72.845944,19.228197]},"properties":{"id":"osm:node/7663833132","name":"Shree Ganesha Hospital","category":"health","source":"osm"}},{"type":"Feature","geometry":{"type":"Point","coordinates":[72.854538,19.239156]},"properties":{"id":"osm:node/7663833133","name":"Neerja Children's Hospital","category":"health","source":"osm"}},{"type":"Feature","geometry":{"type":"Point","coordinates":[72.851364,19.167116]},"properties":{"id":"osm:node/7663833134","name":"Dr. Sabnis Hospital","category":"health","source":"osm"}},{"type":"Feature","geometry":{"type":"Point","coordinates":[72.874332,19.194526]},"properties":{"id":"osm:node/7663833135","name":"Jeevan Jyoti Hospital","category":"health","source":"osm"}},{"type":"Feature","geometry":{"type":"Point","coordinates":[72.863637,19.242229]},"properties":{"id":"osm:node/7663833136","name":"Sai Kripa Pediatric Hospital","category":"health","source":"osm"}},{"type":"Feature","geometry":{"type":"Point","coordinates":[72.865925,19.243198]},"properties":{"id":"osm:node/7663833137","name":"Chiranjeev Childrens Hospital","category":"health","source":"osm"}},{"type":"Feature","geometry":{"type":"Point","coordinates":[72.879325,19.172793]},"properties":{"id":"osm:node/7663833139","name":"Kamal Jyoti Clinic","category":"health","source":"osm"}},{"type":"Feature","geometry":{"type":"Point","coordinates":[72.862857,19.220425]},"properties":{"id":"osm:node/7663833141","name":"Apex Multispeciality Hospitals","category":"health","source":"osm"}},{"type":"Feature","geometry":{"type":"Point","coordinates":[72.836429,19.195545]},"properties":{"id":"osm:node/7663833142","name":"Gosalia Hospital","category":"health","source":"osm"}},{"type":"Feature","geometry":{"type":"Point","coordinates":[72.864334,19.181414]},"properties":{"id":"osm:node/7663833143","name":"Aastha Maternity","category":"health","source":"osm"}},{"type":"Feature","geometry":{"type":"Point","coordinates":[72.849802,19.169983]},"properties":{"id":"osm:node/7663833144","name":"Shree Clinic","category":"health","source":"osm"}},{"type":"Feature","geometry":{"type":"Point","coordinates":[72.865829,19.185653]},"properties":{"id":"osm:node/7663833145","name":"Shree Ram Shyam Clinic","category":"health","source":"osm"}},{"type":"Feature","geometry":{"type":"Point","coordinates":[72.84983,19.204151]},"properties":{"id":"osm:node/7663833146","name":"Dalvi Hospital","category":"health","source":"osm"}},{"type":"Feature","geometry":{"type":"Point","coordinates":[72.843752,19.167227]},"properties":{"id":"osm:node/7663833147","name":"Dr. Patil's IVF and Fertility Clinic","category":"health","source":"osm"}},{"type":"Feature","geometry":{"type":"Point","coordinates":[72.850115,19.217434]},"properties":{"id":"osm:node/7663833148","name":"Navjivan Hospital","category":"health","source":"osm","healthcare":"hospital"}},{"type":"Feature","geometry":{"type":"Point","coordinates":[72.856244,19.160433]},"properties":{"id":"osm:node/7663833151","name":"Trauma Hospital","category":"health","source":"osm"}},{"type":"Feature","geometry":{"type":"Point","coordinates":[72.871924,19.172239]},"properties":{"id":"osm:node/7663833152","name":"Dr. Mrs. Shaila Pailoor","category":"health","source":"osm"}},{"type":"Feature","geometry":{"type":"Point","coordinates":[72.855001,19.225163]},"properties":{"id":"osm:node/7663833153","name":"Anand Nursing Home","category":"health","source":"osm"}},{"type":"Feature","geometry":{"type":"Point","coordinates":[72.870689,19.175132]},"properties":{"id":"osm:node/7663833154","name":"Vidya Hospital","category":"health","source":"osm"}},{"type":"Feature","geometry":{"type":"Point","coordinates":[72.880026,19.168801]},"properties":{"id":"osm:node/7663833155","name":"Anash Clinic","category":"health","source":"osm"}},{"type":"Feature","geometry":{"type":"Point","coordinates":[72.845308,19.163239]},"properties":{"id":"osm:node/7663833156","name":"Dr. Bhatt's Hospital","category":"health","source":"osm"}},{"type":"Feature","geometry":{"type":"Point","coordinates":[72.86824,19.17209]},"properties":{"id":"osm:node/7663833157","name":"Dr. Fulia's Homoeopathic Clinic","category":"health","source":"osm"}},{"type":"Feature","geometry":{"type":"Point","coordinates":[72.844752,19.168307]},"properties":{"id":"osm:node/7663833158","name":"Shree Sai Clinic","category":"health","source":"osm"}},{"type":"Feature","geometry":{"type":"Point","coordinates":[72.878466,19.170783]},"properties":{"id":"osm:node/7663833159","name":"Dr. Sudhir Patil Sai Siddhi Clinic","category":"health","source":"osm"}},{"type":"Feature","geometry":{"type":"Point","coordinates":[72.850621,19.165164]},"properties":{"id":"osm:node/7663833160","name":"Glint Clinic","category":"health","source":"osm"}},{"type":"Feature","geometry":{"type":"Point","coordinates":[72.847381,19.200971]},"properties":{"id":"osm:node/7663833161","name":"Usha Maternity Home","category":"health","source":"osm"}},{"type":"Feature","geometry":{"type":"Point","coordinates":[72.848443,19.197905]},"properties":{"id":"osm:node/7663833162","name":"Namaha Hospital","category":"health","source":"osm"}},{"type":"Feature","geometry":{"type":"Point","coordinates":[72.877844,19.169512]},"properties":{"id":"osm:node/7663833163","name":"Shree Siddhivinayak Clinic","category":"health","source":"osm"}},{"type":"Feature","geometry":{"type":"Point","coordinates":[72.844352,19.191427]},"properties":{"id":"osm:node/7663833165","name":"Choksi Nursing Home","category":"health","source":"osm"}},{"type":"Feature","geometry":{"type":"Point","coordinates":[72.871135,19.179338]},"properties":{"id":"osm:node/7663833167","name":"Sai Clinic and Day Care Centre","category":"health","source":"osm"}},{"type":"Feature","geometry":{"type":"Point","coordinates":[72.857353,19.242916]},"properties":{"id":"osm:node/7663833168","name":"Meeti Lifeline Hospital","category":"health","source":"osm"}},{"type":"Feature","geometry":{"type":"Point","coordinates":[72.834065,19.1929]},"properties":{"id":"osm:node/7663833169","name":"Evershine Ortho & Surgical Hospital","category":"health","source":"osm"}},{"type":"Feature","geometry":{"type":"Point","coordinates":[72.866563,19.2495]},"properties":{"id":"osm:node/7663833170","name":"Aashapuri Hospital","category":"health","source":"osm"}},{"type":"Feature","geometry":{"type":"Point","coordinates":[72.846343,19.190514]},"properties":{"id":"osm:node/7663833171","name":"Sun Hospital","category":"health","source":"osm"}},{"type":"Feature","geometry":{"type":"Point","coordinates":[72.845028,19.18438]},"properties":{"id":"osm:node/7663833172","name":"Savla Hospital","category":"health","source":"osm"}},{"type":"Feature","geometry":{"type":"Point","coordinates":[72.876904,19.172736]},"properties":{"id":"osm:node/7663833173","name":"Shree Clinic","category":"health","source":"osm"}},{"type":"Feature","geometry":{"type":"Point","coordinates":[72.851597,19.211703]},"properties":{"id":"osm:node/7663833174","name":"Vardann Multi Speciality Hospital","category":"health","source":"osm","healthcare":"hospital"}},{"type":"Feature","geometry":{"type":"Point","coordinates":[72.850761,19.245905]},"properties":{"id":"osm:node/7663833175","name":"Chandra Maternity Hospital","category":"health","source":"osm"}},{"type":"Feature","geometry":{"type":"Point","coordinates":[72.82763,19.10982]},"properties":{"id":"osm:node/7663961397","name":"Lotus Eye Hospital","category":"health","source":"osm"}},{"type":"Feature","geometry":{"type":"Point","coordinates":[72.916991,19.060585]},"properties":{"id":"osm:node/7663961398","name":"Dr. Ashfaque Shah's City Hospital","category":"health","source":"osm"}},{"type":"Feature","geometry":{"type":"Point","coordinates":[72.872901,19.116828]},"properties":{"id":"osm:node/7663961399","name":"Dr. F. F. Pardiwala","category":"health","source":"osm"}},{"type":"Feature","geometry":{"type":"Point","coordinates":[72.882691,19.150214]},"properties":{"id":"osm:node/7663961400","name":"Upadhya Clinic","category":"health","source":"osm"}},{"type":"Feature","geometry":{"type":"Point","coordinates":[72.91527,19.076394]},"properties":{"id":"osm:node/7663961401","name":"Dadasaheb Gaikwad BMC Hospital","category":"health","source":"osm"}},{"type":"Feature","geometry":{"type":"Point","coordinates":[72.877743,19.108448]},"properties":{"id":"osm:node/7663961402","name":"Medicare Hospital","category":"health","source":"osm"}},{"type":"Feature","geometry":{"type":"Point","coordinates":[72.894166,19.042245]},"properties":{"id":"osm:node/7663961403","name":"Chandra Maternity Hospital","category":"health","source":"osm"}},{"type":"Feature","geometry":{"type":"Point","coordinates":[72.850552,19.11808]},"properties":{"id":"osm:node/7663961404","name":"CritiCare Hospital","category":"health","source":"osm","healthcare":"hospital"}},{"type":"Feature","geometry":{"type":"Point","coordinates":[72.902901,19.079207]},"properties":{"id":"osm:node/7663961405","name":"Vikas Fracture Clinic and Nursing Home","category":"health","source":"osm"}},{"type":"Feature","geometry":{"type":"Point","coordinates":[72.848124,19.105497]},"properties":{"id":"osm:node/7663961406","name":"Dr. Sanjanwala Hospital","category":"health","source":"osm","healthcare":"hospital"}},{"type":"Feature","geometry":{"type":"Point","coordinates":[72.864096,19.133754]},"properties":{"id":"osm:node/7663961407","name":"Revati Clinic","category":"health","source":"osm","healthcare":"clinic"}},{"type":"Feature","geometry":{"type":"Point","coordinates":[72.945899,19.151744]},"properties":{"id":"osm:node/7663961408","name":"Mrudula Hospital","category":"health","source":"osm"}},{"type":"Feature","geometry":{"type":"Point","coordinates":[72.838324,19.084253]},"properties":{"id":"osm:node/7663961409","name":"Dr. Jayant P Gandhi","category":"health","source":"osm"}},{"type":"Feature","geometry":{"type":"Point","coordinates":[72.859228,19.135504]},"properties":{"id":"osm:node/7663961410","name":"Shifa Clinic","category":"health","source":"osm","healthcare":"clinic"}},{"type":"Feature","geometry":{"type":"Point","coordinates":[72.875251,19.138965]},"properties":{"id":"osm:node/7663961412","name":"Dr. Rajiv R. Bhanse Clinic","category":"health","source":"osm","healthcare":"clinic"}},{"type":"Feature","geometry":{"type":"Point","coordinates":[72.916753,19.07815]},"properties":{"id":"osm:node/7663961413","name":"Sona Maternity and Surgical Nursing Home","category":"health","source":"osm"}},{"type":"Feature","geometry":{"type":"Point","coordinates":[72.843133,19.143317]},"properties":{"id":"osm:node/7663961414","name":"City Hospital","category":"health","source":"osm","healthcare":"hospital"}},{"type":"Feature","geometry":{"type":"Point","coordinates":[72.881698,19.082699]},"properties":{"id":"osm:node/7663961415","name":"Subhash Hospital","category":"health","source":"osm"}},{"type":"Feature","geometry":{"type":"Point","coordinates":[72.872554,19.061542]},"properties":{"id":"osm:node/7663961416","name":"Lions Club Medical Centre General Hospital","category":"health","source":"osm","healthcare":"hospital"}},{"type":"Feature","geometry":{"type":"Point","coordinates":[72.882718,19.079786]},"properties":{"id":"osm:node/7663961417","name":"Buddh Colony BMC Hospital","category":"health","source":"osm"}},{"type":"Feature","geometry":{"type":"Point","coordinates":[72.875631,19.132143]},"properties":{"id":"osm:node/7663961418","name":"Shukh Aayu Clinic","category":"health","source":"osm"}},{"type":"Feature","geometry":{"type":"Point","coordinates":[72.835138,19.064667]},"properties":{"id":"osm:node/7663961419","name":"Kohinoor Hospital","category":"health","source":"osm","healthcare":"hospital"}},{"type":"Feature","geometry":{"type":"Point","coordinates":[72.849615,19.109592]},"properties":{"id":"osm:node/7663961420","name":"Keep Fit Clinic","category":"health","source":"osm","healthcare":"clinic"}},{"type":"Feature","geometry":{"type":"Point","coordinates":[72.832583,19.116255]},"properties":{"id":"osm:node/7663961421","name":"Dr. Deepika Shetty Skin Clinic","category":"health","source":"osm","healthcare":"clinic"}},{"type":"Feature","geometry":{"type":"Point","coordinates":[72.875403,19.131955]},"properties":{"id":"osm:node/7663961422","name":"Matrichhaya Clinic","category":"health","source":"osm"}},{"type":"Feature","geometry":{"type":"Point","coordinates":[72.893154,19.107299]},"properties":{"id":"osm:node/7663961423","name":"Zobiya Hospital Maternity Home","category":"health","source":"osm"}},{"type":"Feature","geometry":{"type":"Point","coordinates":[72.867908,19.12764]},"properties":{"id":"osm:node/7663961424","name":"Diabetes and Wellness Clinic","category":"health","source":"osm"}},{"type":"Feature","geometry":{"type":"Point","coordinates":[72.844619,19.135875]},"properties":{"id":"osm:node/7663961426","name":"Jogeshwari Hospital","category":"health","source":"osm","healthcare":"hospital"}},{"type":"Feature","geometry":{"type":"Point","coordinates":[72.857134,19.135057]},"properties":{"id":"osm:node/7663961427","name":"Dr. Suresh Na. Purandare Clinic","category":"health","source":"osm","healthcare":"clinic"}},{"type":"Feature","geometry":{"type":"Point","coordinates":[72.901948,19.068348]},"properties":{"id":"osm:node/7663961428","name":"Kankal Hospital Child Specialist","category":"health","source":"osm","healthcare":"hospital"}},{"type":"Feature","geometry":{"type":"Point","coordinates":[72.868573,19.135868]},"properties":{"id":"osm:node/7663961429","name":"Usha Healthcare Clinic","category":"health","source":"osm","healthcare":"clinic"}},{"type":"Feature","geometry":{"type":"Point","coordinates":[72.893489,19.102619]},"properties":{"id":"osm:node/7663961430","name":"Sapna Maternity and General Hospital","category":"health","source":"osm"}},{"type":"Feature","geometry":{"type":"Point","coordinates":[72.884597,19.153116]},"properties":{"id":"osm:node/7663961431","name":"Rathi Clinic","category":"health","source":"osm"}},{"type":"Feature","geometry":{"type":"Point","coordinates":[72.891458,19.10238]},"properties":{"id":"osm:node/7663961433","name":"Dr. Chhajed Surgerical & Maternity Hospital","category":"health","source":"osm"}},{"type":"Feature","geometry":{"type":"Point","coordinates":[72.891364,19.054452]},"properties":{"id":"osm:node/7663961434","name":"Sai Hospital","category":"health","source":"osm"}},{"type":"Feature","geometry":{"type":"Point","coordinates":[72.880408,19.078367]},"properties":{"id":"osm:node/7663961436","name":"Muskaan Hospital","category":"health","source":"osm","healthcare":"hospital"}},{"type":"Feature","geometry":{"type":"Point","coordinates":[72.86523,19.134129]},"properties":{"id":"osm:node/7663961437","name":"Shree Clinic","category":"health","source":"osm","healthcare":"clinic"}},{"type":"Feature","geometry":{"type":"Point","coordinates":[72.859691,19.139418]},"properties":{"id":"osm:node/7663961438","name":"DNA Hospital","category":"health","source":"osm","healthcare":"hospital"}},{"type":"Feature","geometry":{"type":"Point","coordinates":[72.869894,19.134638]},"properties":{"id":"osm:node/7663961439","name":"Dr. Alpa Jain Clinic","category":"health","source":"osm","healthcare":"clinic"}},{"type":"Feature","geometry":{"type":"Point","coordinates":[72.903873,19.092921]},"properties":{"id":"osm:node/7663961440","name":"Pasaydan Hospital and Trust","category":"health","source":"osm"}},{"type":"Feature","geometry":{"type":"Point","coordinates":[72.906051,19.049242]},"properties":{"id":"osm:node/7663961441","name":"Amarnath Multidisciplinary Children's Hospital","category":"health","source":"osm"}},{"type":"Feature","geometry":{"type":"Point","coordinates":[72.884186,19.117342]},"properties":{"id":"osm:node/7663961442","name":"Cuddles N Care Pediatric Hospital","category":"health","source":"osm"}},{"type":"Feature","geometry":{"type":"Point","coordinates":[72.880101,19.078247]},"properties":{"id":"osm:node/7663961443","name":"Habib Hospital","category":"health","source":"osm","healthcare":"hospital"}},{"type":"Feature","geometry":{"type":"Point","coordinates":[72.894087,19.04119]},"properties":{"id":"osm:node/7663961444","name":"Shiv Hospital","category":"health","source":"osm"}},{"type":"Feature","geometry":{"type":"Point","coordinates":[72.931802,19.116499]},"properties":{"id":"osm:node/7663961445","name":"Ruby Hospital","category":"health","source":"osm"}},{"type":"Feature","geometry":{"type":"Point","coordinates":[72.897252,19.040567]},"properties":{"id":"osm:node/7663961446","name":"RCF Hospital","category":"health","source":"osm"}},{"type":"Feature","geometry":{"type":"Point","coordinates":[72.849605,19.102788]},"properties":{"id":"osm:node/7663961448","name":"Vatsalya Clinic","category":"health","source":"osm","healthcare":"clinic"}},{"type":"Feature","geometry":{"type":"Point","coordinates":[72.87013,19.137603]},"properties":{"id":"osm:node/7663961449","name":"Ramuna Clinic","category":"health","source":"osm","healthcare":"clinic"}},{"type":"Feature","geometry":{"type":"Point","coordinates":[72.887051,19.094566]},"properties":{"id":"osm:node/7663961450","name":"Uma Hospital","category":"health","source":"osm"}},{"type":"Feature","geometry":{"type":"Point","coordinates":[72.866249,19.133898]},"properties":{"id":"osm:node/7663961452","name":"Dr. Pragati Ghosalkar Clinic","category":"health","source":"osm","healthcare":"clinic"}},{"type":"Feature","geometry":{"type":"Point","coordinates":[72.82865,19.146584]},"properties":{"id":"osm:node/7663961453","name":"Looks Clinic","category":"health","source":"osm","healthcare":"clinic"}},{"type":"Feature","geometry":{"type":"Point","coordinates":[72.871065,19.072612]},"properties":{"id":"osm:node/7663961454","name":"Alphine Life Solutions General Hospital","category":"health","source":"osm"}},{"type":"Feature","geometry":{"type":"Point","coordinates":[72.865918,19.139676]},"properties":{"id":"osm:node/7663961455","name":"Salpra Clinic","category":"health","source":"osm","healthcare":"clinic"}},{"type":"Feature","geometry":{"type":"Point","coordinates":[72.85768,19.134063]},"properties":{"id":"osm:node/7663961456","name":"Nirmal Clinic","category":"health","source":"osm","healthcare":"clinic"}},{"type":"Feature","geometry":{"type":"Point","coordinates":[72.919795,19.063212]},"properties":{"id":"osm:node/7663961457","name":"Mahavir Hospital","category":"health","source":"osm"}},{"type":"Feature","geometry":{"type":"Point","coordinates":[72.932499,19.112361]},"properties":{"id":"osm:node/7663961458","name":"Dr. Gujar and Doctor Pandey","category":"health","source":"osm"}},{"type":"Feature","geometry":{"type":"Point","coordinates":[72.839501,19.083466]},"properties":{"id":"osm:node/7663961459","name":"Mangal Multispeciality Hospital","category":"health","source":"osm","healthcare":"hospital"}},{"type":"Feature","geometry":{"type":"Point","coordinates":[72.849227,19.158991]},"properties":{"id":"osm:node/7663961460","name":"SRV Hospital","category":"health","source":"osm"}},{"type":"Feature","geometry":{"type":"Point","coordinates":[72.846661,19.156635]},"properties":{"id":"osm:node/7663961461","name":"Suvidha Hospital & PolyClinic","category":"health","source":"osm"}},{"type":"Feature","geometry":{"type":"Point","coordinates":[72.848999,19.101669]},"properties":{"id":"osm:node/7663961462","name":"Dr. Wagh Maternity Hospital","category":"health","source":"osm","healthcare":"hospital"}},{"type":"Feature","geometry":{"type":"Point","coordinates":[72.876813,19.053227]},"properties":{"id":"osm:node/7663961463","name":"Santrupti Hospital","category":"health","source":"osm"}},{"type":"Feature","geometry":{"type":"Point","coordinates":[72.925483,19.132448]},"properties":{"id":"osm:node/7663961464","name":"Naval Hospital","category":"health","source":"osm"}},{"type":"Feature","geometry":{"type":"Point","coordinates":[72.834862,19.103219]},"properties":{"id":"osm:node/7663961465","name":"Sunridges Speciality Hospital","category":"health","source":"osm","operator":"Private","healthcare":"hospital"}},{"type":"Feature","geometry":{"type":"Point","coordinates":[72.882106,19.081844]},"properties":{"id":"osm:node/7663961467","name":"Masoom Child Hospital","category":"health","source":"osm"}},{"type":"Feature","geometry":{"type":"Point","coordinates":[72.856459,19.136917]},"properties":{"id":"osm:node/7663961468","name":"Balthakra Sahara Jogeshwari Hospital","category":"health","source":"osm","healthcare":"hospital"}},{"type":"Feature","geometry":{"type":"Point","coordinates":[72.885448,19.154522]},"properties":{"id":"osm:node/7663961469","name":"Sparsh Poly Clinic","category":"health","source":"osm"}},{"type":"Feature","geometry":{"type":"Point","coordinates":[72.896965,19.055935]},"properties":{"id":"osm:node/7663961471","name":"Zen Multi Speciality Hospital","category":"health","source":"osm"}},{"type":"Feature","geometry":{"type":"Point","coordinates":[72.896719,19.061992]},"properties":{"id":"osm:node/7663961472","name":"Shrimati Diwaliben Mohanlal Mehta Maa Sarvasadharan Rugnalay Hospital","category":"health","source":"osm"}},{"type":"Feature","geometry":{"type":"Point","coordinates":[72.843112,19.144771]},"properties":{"id":"osm:node/7663961473","name":"Ruby Hospital","category":"health","source":"osm","healthcare":"hospital"}},{"type":"Feature","geometry":{"type":"Point","coordinates":[72.823896,19.14469]},"properties":{"id":"osm:node/7663961475","name":"Dr. Neeta Sanghvi Homeopathy Clinic","category":"health","source":"osm","healthcare":"clinic"}},{"type":"Feature","geometry":{"type":"Point","coordinates":[72.894743,19.041382]},"properties":{"id":"osm:node/7663961476","name":"Chandra Hospital","category":"health","source":"osm"}},{"type":"Feature","geometry":{"type":"Point","coordinates":[72.842636,19.143712]},"properties":{"id":"osm:node/7663961477","name":"Noor Nursing Home","category":"health","source":"osm","healthcare":"hospital"}},{"type":"Feature","geometry":{"type":"Point","coordinates":[72.900096,19.060533]},"properties":{"id":"osm:node/7663961478","name":"Shree Hospital","category":"health","source":"osm","healthcare":"hospital"}},{"type":"Feature","geometry":{"type":"Point","coordinates":[72.87496,19.052772]},"properties":{"id":"osm:node/7663961479","name":"Prathamesh Hospital","category":"health","source":"osm"}},{"type":"Feature","geometry":{"type":"Point","coordinates":[72.844684,19.123785]},"properties":{"id":"osm:node/7663961480","name":"Dr. Dev Clinic","category":"health","source":"osm","healthcare":"clinic"}},{"type":"Feature","geometry":{"type":"Point","coordinates":[72.860664,19.135272]},"properties":{"id":"osm:node/7663961481","name":"Mrudupal Clinic","category":"health","source":"osm","healthcare":"clinic"}},{"type":"Feature","geometry":{"type":"Point","coordinates":[72.882998,19.100297]},"properties":{"id":"osm:node/7663961482","name":"Central Hospital & Child Care Centre","category":"health","source":"osm"}},{"type":"Feature","geometry":{"type":"Point","coordinates":[72.890054,19.12262]},"properties":{"id":"osm:node/7663961483","name":"People's Clinic & Vaccinations Centre","category":"health","source":"osm"}},{"type":"Feature","geometry":{"type":"Point","coordinates":[72.891648,19.099487]},"properties":{"id":"osm:node/7663961484","name":"Apex Multi Speciality Hospital","category":"health","source":"osm"}},{"type":"Feature","geometry":{"type":"Point","coordinates":[72.892138,19.097922]},"properties":{"id":"osm:node/7663961486","name":"Mohili Village Municipal Hospital","category":"health","source":"osm"}},{"type":"Feature","geometry":{"type":"Point","coordinates":[72.884286,19.152769]},"properties":{"id":"osm:node/7663961487","name":"Singh Poly Clinic","category":"health","source":"osm"}},{"type":"Feature","geometry":{"type":"Point","coordinates":[72.854152,19.137293]},"properties":{"id":"osm:node/7663961488","name":"Shalyak Hospital","category":"health","source":"osm"}},{"type":"Feature","geometry":{"type":"Point","coordinates":[72.853012,19.129543]},"properties":{"id":"osm:node/7663961489","name":"Hajari Hospital","category":"health","source":"osm"}},{"type":"Feature","geometry":{"type":"Point","coordinates":[72.84365,19.14505]},"properties":{"id":"osm:node/7663961490","name":"Fathima Children Hospital & Criticare Centre","category":"health","source":"osm","healthcare":"hospital"}},{"type":"Feature","geometry":{"type":"Point","coordinates":[72.928357,19.1404]},"properties":{"id":"osm:node/7663961491","name":"Devaki Hospital","category":"health","source":"osm"}},{"type":"Feature","geometry":{"type":"Point","coordinates":[72.892075,19.107066]},"properties":{"id":"osm:node/7663961492","name":"Asmira Hospital","category":"health","source":"osm"}},{"type":"Feature","geometry":{"type":"Point","coordinates":[72.901475,19.061966]},"properties":{"id":"osm:node/7663961493","name":"Shashikant Hospital","category":"health","source":"osm"}},{"type":"Feature","geometry":{"type":"Point","coordinates":[72.937063,19.143808]},"properties":{"id":"osm:node/7663961494","name":"Shrenik Hospital and Maternity House","category":"health","source":"osm"}},{"type":"Feature","geometry":{"type":"Point","coordinates":[72.919959,19.063681]},"properties":{"id":"osm:node/7663961495","name":"Jeevan Jyot Hospital and Nursing Home","category":"health","source":"osm"}},{"type":"Feature","geometry":{"type":"Point","coordinates":[72.823862,18.959185]},"properties":{"id":"osm:node/7664032187","name":"Dr. Sanjay Shah Hospital","category":"health","source":"osm","healthcare":"hospital"}},{"type":"Feature","geometry":{"type":"Point","coordinates":[72.82365,18.951385]},"properties":{"id":"osm:node/7664032188","name":"Suryakant Wagal Maternity Hospital","category":"health","source":"osm","healthcare":"hospital"}},{"type":"Feature","geometry":{"type":"Point","coordinates":[72.854704,19.006575]},"properties":{"id":"osm:node/7664032189","name":"Dr. Khatri's Hina Clinic","category":"health","source":"osm"}},{"type":"Feature","geometry":{"type":"Point","coordinates":[72.805384,18.967089]},"properties":{"id":"osm:node/7664032190","name":"Zarah Medical & Comestic Skin Clinic","category":"health","source":"osm"}},{"type":"Feature","geometry":{"type":"Point","coordinates":[72.851102,19.00554]},"properties":{"id":"osm:node/7664032191","name":"Matoshree Clinic","category":"health","source":"osm"}},{"type":"Feature","geometry":{"type":"Point","coordinates":[72.835058,19.012455]},"properties":{"id":"osm:node/7664032192","name":"Gorai Naka Nalasopara Zoya Hospital","category":"health","source":"osm","healthcare":"hospital"}},{"type":"Feature","geometry":{"type":"Point","coordinates":[72.832811,18.923038]},"properties":{"id":"osm:node/7664032193","name":"Kalajot Hospital","category":"health","source":"osm"}},{"type":"Feature","geometry":{"type":"Point","coordinates":[72.810691,18.911962]},"properties":{"id":"osm:node/7664032194","name":"Family Clinic","category":"health","source":"osm"}},{"type":"Feature","geometry":{"type":"Point","coordinates":[72.814186,18.964553]},"properties":{"id":"osm:node/7664032195","name":"Dr. Nitin Gupta ENT Specialist","category":"health","source":"osm","healthcare":"doctor"}},{"type":"Feature","geometry":{"type":"Point","coordinates":[72.823037,18.988777]},"properties":{"id":"osm:node/7664032196","name":"Anand Niketan Hospital","category":"health","source":"osm","opening_hours":"24/7"}},{"type":"Feature","geometry":{"type":"Point","coordinates":[72.807685,18.956001]},"properties":{"id":"osm:node/7664032197","name":"Desa's Hospital","category":"health","source":"osm"}},{"type":"Feature","geometry":{"type":"Point","coordinates":[72.822367,18.912124]},"properties":{"id":"osm:node/7664032198","name":"Malpani Infertility Clinic","category":"health","source":"osm"}},{"type":"Feature","geometry":{"type":"Point","coordinates":[72.811414,18.958418]},"properties":{"id":"osm:node/7664032199","name":"Ria Clinic","category":"health","source":"osm"}},{"type":"Feature","geometry":{"type":"Point","coordinates":[72.811597,18.957096]},"properties":{"id":"osm:node/7664032200","name":"Dolby Hospital","category":"health","source":"osm"}},{"type":"Feature","geometry":{"type":"Point","coordinates":[72.842484,19.014609]},"properties":{"id":"osm:node/7664032202","name":"Ashvini Nursing Home","category":"health","source":"osm"}},{"type":"Feature","geometry":{"type":"Point","coordinates":[72.838751,18.967509]},"properties":{"id":"osm:node/7664032203","name":"Dr. Shantilal Oza Hospital","category":"health","source":"osm"}},{"type":"Feature","geometry":{"type":"Point","coordinates":[72.855298,19.040361]},"properties":{"id":"osm:node/7664032204","name":"Khan's Clinic","category":"health","source":"osm","healthcare":"clinic"}},{"type":"Feature","geometry":{"type":"Point","coordinates":[72.805654,18.96436]},"properties":{"id":"osm:node/7664032205","name":"Cheers Child Care Clinic","category":"health","source":"osm","healthcare":"clinic"}},{"type":"Feature","geometry":{"type":"Point","coordinates":[72.807013,18.964265]},"properties":{"id":"osm:node/7664032206","name":"Dr. Nilen Shah's Clinic","category":"health","source":"osm","healthcare":"clinic"}},{"type":"Feature","geometry":{"type":"Point","coordinates":[72.813668,18.958637]},"properties":{"id":"osm:node/7664032207","name":"Cods Clinic","category":"health","source":"osm","healthcare":"clinic"}},{"type":"Feature","geometry":{"type":"Point","coordinates":[72.853439,19.016195]},"properties":{"id":"osm:node/7664032208","name":"Junaid Clinic","category":"health","source":"osm"}},{"type":"Feature","geometry":{"type":"Point","coordinates":[72.854633,19.040411]},"properties":{"id":"osm:node/7664032209","name":"Janani Hospital","category":"health","source":"osm","healthcare":"hospital"}},{"type":"Feature","geometry":{"type":"Point","coordinates":[72.851851,19.012095]},"properties":{"id":"osm:node/7664032210","name":"Supraja Clinic","category":"health","source":"osm"}},{"type":"Feature","geometry":{"type":"Point","coordinates":[72.835476,19.008175]},"properties":{"id":"osm:node/7664032211","name":"Laxmi Niwas General Hospital","category":"health","source":"osm"}},{"type":"Feature","geometry":{"type":"Point","coordinates":[72.859634,19.045633]},"properties":{"id":"osm:node/7664032212","name":"Resham Hospital","category":"health","source":"osm","healthcare":"hospital"}},{"type":"Feature","geometry":{"type":"Point","coordinates":[72.838602,19.03586]},"properties":{"id":"osm:node/7664032213","name":"New Ratna Hospital","category":"health","source":"osm","healthcare":"hospital"}},{"type":"Feature","geometry":{"type":"Point","coordinates":[72.810282,18.958287]},"properties":{"id":"osm:node/7664032214","name":"Smt. Motiben B. Dalvi Hospital","category":"health","source":"osm"}},{"type":"Feature","geometry":{"type":"Point","coordinates":[72.833644,19.012145]},"properties":{"id":"osm:node/7664032215","name":"Punamiya Hospital","category":"health","source":"osm","healthcare":"hospital"}},{"type":"Feature","geometry":{"type":"Point","coordinates":[72.795241,18.945931]},"properties":{"id":"osm:node/7664032217","name":"Khimji Jeeva Sanitorium Hospital","category":"health","source":"osm"}},{"type":"Feature","geometry":{"type":"Point","coordinates":[72.837693,18.988149]},"properties":{"id":"osm:node/7664032218","name":"Astha Nursing Home","category":"health","source":"osm"}},{"type":"Feature","geometry":{"type":"Point","coordinates":[72.826177,19.015443]},"properties":{"id":"osm:node/7664032219","name":"BMC Hospital","category":"health","source":"osm","healthcare":"hospital","healthcare:speciality":"general"}},{"type":"Feature","geometry":{"type":"Point","coordinates":[72.807333,18.957089]},"properties":{"id":"osm:node/7664032220","name":"Hospital For Women Care","category":"health","source":"osm"}},{"type":"Feature","geometry":{"type":"Point","coordinates":[72.84134,19.047153]},"properties":{"id":"osm:node/7664032222","name":"Mahim Police Hospital","category":"health","source":"osm"}},{"type":"Feature","geometry":{"type":"Point","coordinates":[72.840027,19.03978]},"properties":{"id":"osm:node/7664032224","name":"Welkarwadi BMC Hospital","category":"health","source":"osm","healthcare":"hospital"}},{"type":"Feature","geometry":{"type":"Point","coordinates":[72.808408,18.955978]},"properties":{"id":"osm:node/7664032225","name":"Dr. Nadeem Rais Endocrinologist","category":"health","source":"osm"}},{"type":"Feature","geometry":{"type":"Point","coordinates":[72.837948,18.936972]},"properties":{"id":"osm:node/7664032228","name":"Sun Clinic","category":"health","source":"osm"}},{"type":"Feature","geometry":{"type":"Point","coordinates":[72.831908,18.923164]},"properties":{"id":"osm:node/7664032229","name":"R&R Eye Care Clinic","category":"health","source":"osm","healthcare":"clinic"}},{"type":"Feature","geometry":{"type":"Point","coordinates":[72.840036,19.036338]},"properties":{"id":"osm:node/7664032231","name":"Raj Ratan Hospital","category":"health","source":"osm","healthcare":"hospital"}},{"type":"Feature","geometry":{"type":"Point","coordinates":[72.859866,19.036381]},"properties":{"id":"osm:node/7664032232","name":"Sion Hospital","category":"health","source":"osm","healthcare":"hospital"}},{"type":"Feature","geometry":{"type":"Point","coordinates":[72.840342,18.936811]},"properties":{"id":"osm:node/7664032233","name":"Reliance Health Ventures Limited Hospital","category":"health","source":"osm"}},{"type":"Feature","geometry":{"type":"Point","coordinates":[72.854515,19.005459]},"properties":{"id":"osm:node/7664032235","name":"Dr. Tabassum Clinic","category":"health","source":"osm"}},{"type":"Feature","geometry":{"type":"Point","coordinates":[72.821913,18.973022]},"properties":{"id":"osm:node/7664032237","name":"Nair Hospital","category":"health","source":"osm","healthcare":"hospital"}},{"type":"Feature","geometry":{"type":"Point","coordinates":[72.854326,19.005978]},"properties":{"id":"osm:node/7664032238","name":"Simeen Clinic","category":"health","source":"osm"}},{"type":"Feature","geometry":{"type":"Point","coordinates":[72.816093,18.965948]},"properties":{"id":"osm:node/7664032239","name":"Dr. A G Kamat","category":"health","source":"osm"}},{"type":"Feature","geometry":{"type":"Point","coordinates":[72.855322,19.04033]},"properties":{"id":"osm:node/7664032240","name":"Lelavati Hospital","category":"health","source":"osm","healthcare":"hospital"}},{"type":"Feature","geometry":{"type":"Point","coordinates":[72.854812,19.040315]},"properties":{"id":"osm:node/7664032241","name":"Aayush Hospital","category":"health","source":"osm","healthcare":"hospital"}},{"type":"Feature","geometry":{"type":"Point","coordinates":[72.857919,19.047933]},"properties":{"id":"osm:node/7664032243","name":"Lifecare Hospital","category":"health","source":"osm"}},{"type":"Feature","geometry":{"type":"Point","coordinates":[72.829435,18.992198]},"properties":{"id":"osm:node/7664032244","name":"Mhaskar Hospital","category":"health","source":"osm","healthcare":"hospital"}},{"type":"Feature","geometry":{"type":"Point","coordinates":[72.834865,18.986535]},"properties":{"id":"osm:node/7869383739","name":"Om Shanti Churchgate J.D.F Mumbai Medical Centre Trust","category":"health","source":"osm","opening_hours":"Mo-Sa 08:00-19:00","healthcare":"clinic","healthcare:speciality":"general;gynaecology;ophthalmology;paediatrics;dentist;physiotherapy;community;clinic;dermatology;cardiology;optometry;surgery;urology;acupuncture","phone":"+912223778175 +912223635780"}},{"type":"Feature","geometry":{"type":"Point","coordinates":[72.852898,19.233808]},"properties":{"id":"osm:node/8246927260","name":"Kiara's Neurology, Rheumatology and Arthritis Clinic","category":"health","source":"osm","operator":"Dr. Isha Sood","healthcare":"clinic","healthcare:speciality":"rheumatology;nephrology;Arthritis"}},{"type":"Feature","geometry":{"type":"Point","coordinates":[72.839568,19.024833]},"properties":{"id":"osm:node/8256911628","name":"Dr. Shreedhar Archik","category":"health","source":"osm","healthcare":"clinic","healthcare:speciality":"Orthopedics;Pediatric_Orthopedics_and_Joint_Replacement;Joint_Replacement;Sports_Injuries_Treatment;Achilles_Tendon_Injuries_Treatment;Radiculopathy_Treatment"}},{"type":"Feature","geometry":{"type":"Point","coordinates":[72.823544,19.213003]},"properties":{"id":"osm:node/8260890189","name":"Oscar hospital charkop naka","category":"health","source":"osm","opening_hours":"24/7","healthcare":"hospital","healthcare:speciality":"general;orthopaedics;physician;diabetologist"}},{"type":"Feature","geometry":{"type":"Point","coordinates":[72.869476,19.274892]},"properties":{"id":"osm:node/8261036632","name":"Dr.Singh's Advanced Homeopathy FOR CANCER KIDNEY AND DIABETES","category":"health","source":"osm","healthcare":"clinic","healthcare:speciality":"HOMEOPATH_PHYSICIAN"}},{"type":"Feature","geometry":{"type":"Point","coordinates":[72.964793,19.269963]},"properties":{"id":"osm:node/8261403277","name":"Shiv Drushti Eye & Dental Hospital Clinic","category":"health","source":"osm","healthcare":"clinic","healthcare:speciality":"Ophthalmologist"}},{"type":"Feature","geometry":{"type":"Point","coordinates":[72.849268,19.118809]},"properties":{"id":"osm:node/8261417275","name":"DR. ANUJ SINGH'S HIP & KNEE CENTRE","category":"health","source":"osm","healthcare":"clinic","healthcare:speciality":"Joint_Replacement_&_Trauma_Surgery"}},{"type":"Feature","geometry":{"type":"Point","coordinates":[72.820427,18.968689]},"properties":{"id":"osm:node/8261466698","name":"MUMBAI SPINE CARE CLINIC","category":"health","source":"osm","healthcare":"clinic","healthcare:speciality":"ORTHOPEDIC;surgery"}},{"type":"Feature","geometry":{"type":"Point","coordinates":[72.83721,19.051634]},"properties":{"id":"osm:node/8261653338","name":"Shanti Nursing Home","category":"health","source":"osm","healthcare":"clinic","healthcare:speciality":"Orthopedic_Surgery"}},{"type":"Feature","geometry":{"type":"Point","coordinates":[72.838583,19.176475]},"properties":{"id":"osm:node/8273713441","name":"Dr. Amit Jain renowned Spine specialist in mumbai","category":"health","source":"osm","healthcare":"clinic","healthcare:speciality":"Orthopedic;Spine_Surgery_and_Joint_Replacement"}},{"type":"Feature","geometry":{"type":"Point","coordinates":[72.841342,19.029004]},"properties":{"id":"osm:node/8277185744","name":"DR ANOOP DHAMANGOANKAR","category":"health","source":"osm","opening_hours":"Mo-Sa 09:00-20:00","operator":"MR. ANOOP C. DHAMANGOANKAR","healthcare":"clinic","healthcare:speciality":"Complex_Primary_and_Re-do_Joint_Replacement_Surgeries;orthopaedics;general"}},{"type":"Feature","geometry":{"type":"Point","coordinates":[72.837361,18.988393]},"properties":{"id":"osm:node/8633083017","name":"Samadhan Diagnostic Centre","category":"health","source":"osm","opening_hours":"Mo-Sa 08:30-21:00; Su 09:00-12:00","healthcare":"clinic","phone":"+912224701238"}},{"type":"Feature","geometry":{"type":"Point","coordinates":[72.854022,19.188474]},"properties":{"id":"osm:node/8796959391","name":"S.K.Patil Hospital","category":"health","source":"osm"}},{"type":"Feature","geometry":{"type":"Point","coordinates":[72.830932,19.215567]},"properties":{"id":"osm:node/8796982088","name":"Charkop Maternity Home","category":"health","source":"osm"}},{"type":"Feature","geometry":{"type":"Point","coordinates":[72.939928,19.152203]},"properties":{"id":"osm:node/8797077000","name":"Dr Bhatia’s Hospital, Bhandup","category":"health","source":"osm","operator":"Dr. Bhatia","healthcare":"hospital","healthcare:speciality":"general;orthopaedics;otolaryngology;vaccination"}},{"type":"Feature","geometry":{"type":"Point","coordinates":[72.841609,18.976476]},"properties":{"id":"osm:node/8797105668","name":null,"category":"health","source":"osm"}},{"type":"Feature","geometry":{"type":"Point","coordinates":[72.842786,19.140182]},"properties":{"id":"osm:node/8797130860","name":"Millat Dialysis Center","category":"health","source":"osm","healthcare":"hospital"}},{"type":"Feature","geometry":{"type":"Point","coordinates":[72.883653,19.084642]},"properties":{"id":"osm:node/8797139771","name":"Sapna Health Care Centre Pvt Ltd","category":"health","source":"osm"}},{"type":"Feature","geometry":{"type":"Point","coordinates":[72.846651,19.235234]},"properties":{"id":"osm:node/8797148830","name":"Sushrut Hospital","category":"health","source":"osm"}},{"type":"Feature","geometry":{"type":"Point","coordinates":[72.856498,19.137235]},"properties":{"id":"osm:node/8797161232","name":"matoshri umabai RANE hospital","category":"health","source":"osm","healthcare":"hospital"}},{"type":"Feature","geometry":{"type":"Point","coordinates":[72.913706,19.095277]},"properties":{"id":"osm:node/8797173216","name":"Shantiniketan Hospital","category":"health","source":"osm"}},{"type":"Feature","geometry":{"type":"Point","coordinates":[72.873212,19.052686]},"properties":{"id":"osm:node/8797197801","name":"Dalvi Nursing Home","category":"health","source":"osm"}},{"type":"Feature","geometry":{"type":"Point","coordinates":[72.827921,19.203492]},"properties":{"id":"osm:node/8797247003","name":"Oscar Hospital","category":"health","source":"osm"}},{"type":"Feature","geometry":{"type":"Point","coordinates":[72.936993,19.146303]},"properties":{"id":"osm:node/8797353176","name":"Sunrise Hospital","category":"health","source":"osm"}},{"type":"Feature","geometry":{"type":"Point","coordinates":[72.958611,19.171072]},"properties":{"id":"osm:node/8797394208","name":"Ashirwad Critical Care Unit & Multi speciality","category":"health","source":"osm"}},{"type":"Feature","geometry":{"type":"Point","coordinates":[72.950835,19.172123]},"properties":{"id":"osm:node/8797408854","name":"Zen Hospital","category":"health","source":"osm"}},{"type":"Feature","geometry":{"type":"Point","coordinates":[72.877233,19.207663]},"properties":{"id":"osm:node/8797441441","name":"Akurli Maternity Home","category":"health","source":"osm"}},{"type":"Feature","geometry":{"type":"Point","coordinates":[72.876976,19.20718]},"properties":{"id":"osm:node/8797549260","name":"ESIC Hospital","category":"health","source":"osm"}},{"type":"Feature","geometry":{"type":"Point","coordinates":[72.846014,19.011577]},"properties":{"id":"osm:node/8797726541","name":"Naigaon Municipal Maternity Home","category":"health","source":"osm","healthcare":"hospital"}},{"type":"Feature","geometry":{"type":"Point","coordinates":[72.87208,19.130484]},"properties":{"id":"osm:node/8797904410","name":"BMC arogya Kendra","category":"health","source":"osm","healthcare":"hospital"}},{"type":"Feature","geometry":{"type":"Point","coordinates":[72.887139,19.105346]},"properties":{"id":"osm:node/8798069854","name":"Axon Hospital & Dialysis Center","category":"health","source":"osm"}},{"type":"Feature","geometry":{"type":"Point","coordinates":[72.837668,19.089954]},"properties":{"id":"osm:node/8798161108","name":"Surya Hospital","category":"health","source":"osm"}},{"type":"Feature","geometry":{"type":"Point","coordinates":[72.846349,19.099722]},"properties":{"id":"osm:node/8801598781","name":"Babasaheb Gawde Hospital","category":"health","source":"osm"}},{"type":"Feature","geometry":{"type":"Point","coordinates":[72.817949,19.188038]},"properties":{"id":"osm:node/8802125729","name":"Government Hospital, Malvani","category":"health","source":"osm"}},{"type":"Feature","geometry":{"type":"Point","coordinates":[72.977705,19.193073]},"properties":{"id":"osm:node/8816362890","name":"Apollo Hospital","category":"health","source":"osm","healthcare":"hospital"}},{"type":"Feature","geometry":{"type":"Point","coordinates":[72.977401,19.199191]},"properties":{"id":"osm:node/8816407650","name":"Civil Hospital ,Thane","category":"health","source":"osm","healthcare":"hospital"}},{"type":"Feature","geometry":{"type":"Point","coordinates":[73.003704,19.104378]},"properties":{"id":"osm:node/8816437186","name":"Mathadi Hospital KK","category":"health","source":"osm"}},{"type":"Feature","geometry":{"type":"Point","coordinates":[72.793184,19.277387]},"properties":{"id":"osm:node/8816476054","name":"Stella Maris Hospital","category":"health","source":"osm"}},{"type":"Feature","geometry":{"type":"Point","coordinates":[72.864481,19.296684]},"properties":{"id":"osm:node/8816493843","name":"Family Care Hospitals","category":"health","source":"osm"}},{"type":"Feature","geometry":{"type":"Point","coordinates":[72.850461,19.117281]},"properties":{"id":"osm:node/8816508984","name":"CritiCare Hospital","category":"health","source":"osm"}},{"type":"Feature","geometry":{"type":"Point","coordinates":[73.003079,19.087501]},"properties":{"id":"osm:node/8816579299","name":"Vinamra Swaraj Hospital","category":"health","source":"osm"}},{"type":"Feature","geometry":{"type":"Point","coordinates":[72.975722,19.24818]},"properties":{"id":"osm:node/8816683705","name":"Horizon Prime Hospital","category":"health","source":"osm"}},{"type":"Feature","geometry":{"type":"Point","coordinates":[72.960398,19.208752]},"properties":{"id":"osm:node/8816731696","name":"Siddhivinayak Hospital","category":"health","source":"osm"}},{"type":"Feature","geometry":{"type":"Point","coordinates":[73.005262,19.147508]},"properties":{"id":"osm:node/8816957255","name":"NMMC Hospitals","category":"health","source":"osm"}},{"type":"Feature","geometry":{"type":"Point","coordinates":[72.82376,18.97523]},"properties":{"id":"osm:node/8817020641","name":"Dr Mudit Khanna","category":"health","source":"osm","healthcare":"hospital","healthcare:speciality":"Arthroplasty;Arthroscopy;Hip_Replacement;Knee_Replacement;Trauma"}},{"type":"Feature","geometry":{"type":"Point","coordinates":[72.921592,19.062128]},"properties":{"id":"osm:node/8817571670","name":"S.N. Hospital","category":"health","source":"osm"}},{"type":"Feature","geometry":{"type":"Point","coordinates":[72.821947,18.958577]},"properties":{"id":"osm:node/8839119222","name":"Mumbai Clinic","category":"health","source":"osm","healthcare":"clinic"}},{"type":"Feature","geometry":{"type":"Point","coordinates":[72.973353,19.186997]},"properties":{"id":"osm:node/8925493488","name":"Dr Vaisya Eye Center","category":"health","source":"osm","operator":"Dr Vaidy","healthcare":"hospital"}},{"type":"Feature","geometry":{"type":"Point","coordinates":[72.869613,19.211852]},"properties":{"id":"osm:node/8959220642","name":"Sanjeevani Endoscopy Centre","category":"health","source":"osm","healthcare":"clinic","healthcare:speciality":"endoscopy;gynaecological"}},{"type":"Feature","geometry":{"type":"Point","coordinates":[72.974934,19.182955]},"properties":{"id":"osm:node/9027663699","name":"Radhakrishna Hospital","category":"health","source":"osm","healthcare":"hospital","healthcare:speciality":"gynaecology;paediatrics;dermatology;orthopaedics;otolaryngology"}},{"type":"Feature","geometry":{"type":"Point","coordinates":[72.967588,19.177332]},"properties":{"id":"osm:node/9094324655","name":"Anant Seva Hospital","category":"health","source":"osm","operator":"Dr Vishwas Wasnik","healthcare":"hospital"}},{"type":"Feature","geometry":{"type":"Point","coordinates":[72.972877,19.233088]},"properties":{"id":"osm:node/9188261858","name":"Derma Villa","category":"health","source":"osm","healthcare":"doctor","healthcare:speciality":"dermatology"}},{"type":"Feature","geometry":{"type":"Point","coordinates":[72.963288,19.167318]},"properties":{"id":"osm:node/9215422051","name":"Gomathi Eye & Cornea Centre","category":"health","source":"osm","description":"Private Hospital"}},{"type":"Feature","geometry":{"type":"Point","coordinates":[72.827378,19.136289]},"properties":{"id":"osm:node/9215424189","name":"Axis Orthopaedic Hospital","category":"health","source":"osm","description":"Private Hospital","healthcare":"hospital"}},{"type":"Feature","geometry":{"type":"Point","coordinates":[72.812238,19.136067]},"properties":{"id":"osm:node/9215451400","name":"AL Kaleskar Hospital","category":"health","source":"osm","description":"Private Hospital"}},{"type":"Feature","geometry":{"type":"Point","coordinates":[72.878112,19.070846]},"properties":{"id":"osm:node/9215480148","name":"Bhabha Hospital","category":"health","source":"osm","description":"Private Hospital"}},{"type":"Feature","geometry":{"type":"Point","coordinates":[72.833546,19.190899]},"properties":{"id":"osm:node/9215501855","name":"Navkar Skin Hair And Laser Clinic","category":"health","source":"osm","description":"SubCentre"}},{"type":"Feature","geometry":{"type":"Point","coordinates":[72.84193,19.020782]},"properties":{"id":"osm:node/9215659357","name":"Thyrocare Aarogyam Center - Dadar West","category":"health","source":"osm","description":"Private Hospital"}},{"type":"Feature","geometry":{"type":"Point","coordinates":[72.829265,19.146938]},"properties":{"id":"osm:node/9215979185","name":"Clear Vision Eye Care","category":"health","source":"osm","healthcare":"hospital"}},{"type":"Feature","geometry":{"type":"Point","coordinates":[72.980587,19.212401]},"properties":{"id":"osm:node/9216095818","name":"Infinity Medisurge Centre Speciality Hospital","category":"health","source":"osm"}},{"type":"Feature","geometry":{"type":"Point","coordinates":[72.856699,19.191926]},"properties":{"id":"osm:node/9357684924","name":"Shukla Diagnostic and Healthcare Centre","category":"health","source":"osm","opening_hours":"24/7","operator":"Novosalus","healthcare":"clinic","healthcare:speciality":"pathology"}},{"type":"Feature","geometry":{"type":"Point","coordinates":[72.827148,19.055448]},"properties":{"id":"osm:node/9441680530","name":null,"category":"health","source":"osm","healthcare":"hospital"}},{"type":"Feature","geometry":{"type":"Point","coordinates":[72.894684,19.051942]},"properties":{"id":"osm:node/9470829702","name":"Satvic Hospital","category":"health","source":"osm","healthcare":"hospital"}},{"type":"Feature","geometry":{"type":"Point","coordinates":[72.824559,19.131246]},"properties":{"id":"osm:node/9533834652","name":"Kokilaben Dhirubhai Ambani Hospital","category":"health","source":"osm","healthcare":"hospital"}},{"type":"Feature","geometry":{"type":"Point","coordinates":[72.829789,19.215569]},"properties":{"id":"osm:node/9655289898","name":"Cutis Skin Care Clinic","category":"health","source":"osm","opening_hours":"Mo-Sa 10:00-15:00","operator":"Dr. Reshma Bhivgade","healthcare":"clinic","healthcare:speciality":"dermatology"}},{"type":"Feature","geometry":{"type":"Point","coordinates":[72.987762,19.146417]},"properties":{"id":"osm:node/9795175655","name":"Vaishali Hospital","category":"health","source":"osm","healthcare":"hospital","healthcare:speciality":"general"}},{"type":"Feature","geometry":{"type":"Point","coordinates":[72.997566,19.149972]},"properties":{"id":"osm:node/9840796324","name":"Dr Hemant Anarthe Clinic","category":"health","source":"osm","healthcare":"doctor"}},{"type":"Feature","geometry":{"type":"Point","coordinates":[72.825889,19.129567]},"properties":{"id":"osm:node/9841035970","name":"Dr Satish Savant","category":"health","source":"osm","healthcare":"clinic"}},{"type":"Feature","geometry":{"type":"Point","coordinates":[72.946485,19.160481]},"properties":{"id":"osm:node/9889730981","name":"Dr. Kaushal Malhan","category":"health","source":"osm","opening_hours":"Available on call","operator":"Novosalus","healthcare":"clinic","healthcare:speciality":"orthopaedic_surgeon"}},{"type":"Feature","geometry":{"type":"Point","coordinates":[72.973786,19.187098]},"properties":{"id":"osm:node/9890980259","name":"Medivision Sonography Centre","category":"health","source":"osm","healthcare":"clinic"}},{"type":"Feature","geometry":{"type":"Point","coordinates":[72.837829,19.06787]},"properties":{"id":"osm:node/9935399723","name":"Bijlani Clinic","category":"health","source":"osm","healthcare":"clinic"}},{"type":"Feature","geometry":{"type":"Point","coordinates":[72.835422,19.067425]},"properties":{"id":"osm:node/9935441396","name":"Dr Govind Jadhwani","category":"health","source":"osm","healthcare":"doctor"}},{"type":"Feature","geometry":{"type":"Point","coordinates":[72.809919,18.963051]},"properties":{"id":"osm:node/9990028713","name":"Shri Gowalia Tank Shankheswara Parshwanath Jain Medical Centre & Kankutara Diagnostic Medical Centre","category":"health","source":"osm","opening_hours":"Mo-Sa 08:00-20:00","healthcare":"clinic","healthcare:speciality":"ophthalmology;gynaecology;dentist;general;paediatrics;orthopaedics;dermatology;physiotherapy;radiology;diagnostic_radiology;vaccination;obstetrics","phone":"+91-22-23823583, +91-22-23823584, +91-22-23823531, +91-22-23823532, +91-8282825836, +91-8282825837, +91-8282821926, +91-8282821927"}},{"type":"Feature","geometry":{"type":"Point","coordinates":[72.9951,19.144444]},"properties":{"id":"osm:node/10042422219","name":"apple hospital","category":"health","source":"osm","operator":"dr.bean","healthcare":"hospital","healthcare:speciality":"surgery;neurology;chiropractic;dermatology"}},{"type":"Feature","geometry":{"type":"Point","coordinates":[72.851879,19.242436]},"properties":{"id":"osm:node/10170631384","name":"Mamta Maternity Hospital","category":"health","source":"osm","healthcare":"clinic"}},{"type":"Feature","geometry":{"type":"Point","coordinates":[72.873177,19.062779]},"properties":{"id":"osm:node/10172914421","name":"Fauziya hospital","category":"health","source":"osm","healthcare":"hospital"}},{"type":"Feature","geometry":{"type":"Point","coordinates":[72.878113,19.070872]},"properties":{"id":"osm:node/10172914423","name":"bhabha hospital","category":"health","source":"osm","healthcare":"hospital"}},{"type":"Feature","geometry":{"type":"Point","coordinates":[72.871052,19.072649]},"properties":{"id":"osm:node/10172914425","name":"Alphine life solutions general hospital","category":"health","source":"osm","healthcare":"hospital"}},{"type":"Feature","geometry":{"type":"Point","coordinates":[72.873218,19.052727]},"properties":{"id":"osm:node/10172914426","name":"Dalvi nursing home","category":"health","source":"osm","healthcare":"hospital"}},{"type":"Feature","geometry":{"type":"Point","coordinates":[72.87496,19.0528]},"properties":{"id":"osm:node/10172914427","name":"Prathamesh hospital","category":"health","source":"osm","healthcare":"hospital"}},{"type":"Feature","geometry":{"type":"Point","coordinates":[72.875186,19.053289]},"properties":{"id":"osm:node/10172914428","name":"Brihanmumbai mucipality Hospital","category":"health","source":"osm","healthcare":"hospital"}},{"type":"Feature","geometry":{"type":"Point","coordinates":[72.876812,19.053224]},"properties":{"id":"osm:node/10172914429","name":"Santrupti hospital","category":"health","source":"osm","healthcare":"hospital"}},{"type":"Feature","geometry":{"type":"Point","coordinates":[72.897311,19.05903]},"properties":{"id":"osm:node/10172914433","name":"Dr.Sanjay sonar laparoscopy and scopy centre","category":"health","source":"osm","healthcare":"hospital"}},{"type":"Feature","geometry":{"type":"Point","coordinates":[72.899724,19.062253]},"properties":{"id":"osm:node/10172914443","name":"Amita Patil Nursing Home","category":"health","source":"osm","healthcare":"hospital"}},{"type":"Feature","geometry":{"type":"Point","coordinates":[72.894154,19.042268]},"properties":{"id":"osm:node/10172914444","name":"Chandra maternity Hospital","category":"health","source":"osm","healthcare":"hospital"}},{"type":"Feature","geometry":{"type":"Point","coordinates":[72.902499,19.045681]},"properties":{"id":"osm:node/10172914448","name":"Nayak medicare -chembur","category":"health","source":"osm","healthcare":"hospital"}},{"type":"Feature","geometry":{"type":"Point","coordinates":[72.896414,19.046654]},"properties":{"id":"osm:node/10172914449","name":"Inlaska Hospital","category":"health","source":"osm","healthcare":"hospital"}},{"type":"Feature","geometry":{"type":"Point","coordinates":[72.859043,19.038215]},"properties":{"id":"osm:node/10293132822","name":"Magnum Diagnostic Centre","category":"health","source":"osm","opening_hours":"24/7","operator":"Novosalus","healthcare":"clinic","healthcare:speciality":"diagnostic_radiology"}},{"type":"Feature","geometry":{"type":"Point","coordinates":[72.856993,19.081451]},"properties":{"id":"osm:node/10607816273","name":null,"category":"health","source":"osm","healthcare":"hospital"}},{"type":"Feature","geometry":{"type":"Point","coordinates":[72.833689,19.057844]},"properties":{"id":"osm:node/10608361193","name":"Shivam Diagnostic Center","category":"health","source":"osm","healthcare":"clinic","healthcare:speciality":"blood_check;sonography","phone":"+91 97025 75501;022 6267 9298"}},{"type":"Feature","geometry":{"type":"Point","coordinates":[72.827114,18.978336]},"properties":{"id":"osm:node/10616180012","name":null,"category":"health","source":"osm","healthcare":"hospital"}},{"type":"Feature","geometry":{"type":"Point","coordinates":[72.995665,19.144783]},"properties":{"id":"osm:node/10956680145","name":"Spandan Healthcare center","category":"health","source":"osm","operator":"Novosalus","healthcare":"clinic"}},{"type":"Feature","geometry":{"type":"Point","coordinates":[73.016339,19.031529]},"properties":{"id":"osm:node/11050854563","name":"Dr Ninad Tamboli- Urologist at Terna Hospital, Terna Speciality Hospital and research center","category":"health","source":"osm","wheelchair":"yes","operator":"Novosalus Technology","healthcare":"hospital","healthcare:speciality":"urology"}},{"type":"Feature","geometry":{"type":"Point","coordinates":[72.914034,19.053512]},"properties":{"id":"osm:node/11055172449","name":"Dr Kamat","category":"health","source":"osm","opening_hours":"Mo-Su 16:00-19:00","healthcare":"doctor","healthcare:speciality":"paediatrics"}},{"type":"Feature","geometry":{"type":"Point","coordinates":[72.869028,19.110816]},"properties":{"id":"osm:node/11192643417","name":"Nursing Home","category":"health","source":"osm","healthcare":"hospital","healthcare:speciality":"vaccination"}},{"type":"Feature","geometry":{"type":"Point","coordinates":[72.961643,19.169328]},"properties":{"id":"osm:node/11227622412","name":"Orthomax Super Speciality Center","category":"health","source":"osm","opening_hours":"Mo-Sa 18:30-21:50","description":"Orthospeciality"}},{"type":"Feature","geometry":{"type":"Point","coordinates":[72.912107,19.101585]},"properties":{"id":"osm:node/11263873540","name":"Adarsh Hospital","category":"health","source":"osm","phone":"022 2500 7853"}},{"type":"Feature","geometry":{"type":"Point","coordinates":[72.951047,19.167862]},"properties":{"id":"osm:node/11271586499","name":"BMC Health Centre","category":"health","source":"osm","healthcare":"clinic"}},{"type":"Feature","geometry":{"type":"Point","coordinates":[72.846076,19.117919]},"properties":{"id":"osm:node/11275619443","name":"Anuvansh Fertility & Women's Clinic","category":"health","source":"osm","opening_hours":"Mo-Sa 09:00-19:00","wheelchair":"no","operator":"Anuvansh","description":"Integrative Medicine Clinic focused on Fertility & Women's Health.","healthcare":"clinic","healthcare:speciality":"paediatrics;gynaecology;fertility;integrative_medicine"}},{"type":"Feature","geometry":{"type":"Point","coordinates":[72.832286,19.062233]},"properties":{"id":"osm:node/11298645431","name":"Agarwal Nursing Home","category":"health","source":"osm","healthcare":"clinic","healthcare:speciality":"fertility"}},{"type":"Feature","geometry":{"type":"Point","coordinates":[72.858627,19.07919]},"properties":{"id":"osm:node/11299762955","name":"Bone & Beyond Orthopedic Speciality Clinic","category":"health","source":"osm","opening_hours":"Mo-Su 10:00-20:00","operator":"Novosalus Technology","healthcare":"clinic","healthcare:speciality":"orthopaedics"}},{"type":"Feature","geometry":{"type":"Point","coordinates":[72.81969,18.953633]},"properties":{"id":"osm:node/11341062473","name":"Dr Pandit's Ayurveda and Panchakarma Clinic","category":"health","source":"osm","opening_hours":"mo-sa 11.30-6.30","operator":"Dr Mohit Pandit","healthcare":"clinic","healthcare:speciality":"ayurveda"}},{"type":"Feature","geometry":{"type":"Point","coordinates":[72.841851,19.031442]},"properties":{"id":"osm:node/11384605331","name":"The Good Health Clinic","category":"health","source":"osm","operator":"Dr. Yatin Gadgil","healthcare":"doctor","healthcare:speciality":"general"}},{"type":"Feature","geometry":{"type":"Point","coordinates":[72.976595,19.188741]},"properties":{"id":"osm:node/11424101550","name":"Bhanushali Hospital","category":"health","source":"osm","healthcare":"hospital"}},{"type":"Feature","geometry":{"type":"Point","coordinates":[72.976123,19.188282]},"properties":{"id":"osm:node/11424101551","name":"Bhanushali hospital","category":"health","source":"osm","operator":"Bhanushali","healthcare":"hospital"}},{"type":"Feature","geometry":{"type":"Point","coordinates":[72.840863,19.107919]},"properties":{"id":"osm:node/11426731276","name":"KLS Memorial Hospital","category":"health","source":"osm"}},{"type":"Feature","geometry":{"type":"Point","coordinates":[72.840928,19.105947]},"properties":{"id":"osm:node/11426734334","name":"Dr Surbhi Trivedi","category":"health","source":"osm"}},{"type":"Feature","geometry":{"type":"Point","coordinates":[72.902258,19.07712]},"properties":{"id":"osm:node/11430465717","name":"Noble chemist","category":"health","source":"osm","operator":"Noble pharmaceuticals","healthcare":"hospital","healthcare:speciality":"homeopathy"}},{"type":"Feature","geometry":{"type":"Point","coordinates":[72.841077,19.098888]},"properties":{"id":"osm:node/11443424195","name":"Anuvansh Clinic","category":"health","source":"osm","opening_hours":"Mo-Sa 09:00-20:30","operator":"Anuvansh Clinic","description":"Anuvansh pioneers diverse approaches to fertility treatment, leveraging integrative medicine's power. Discover our holistic solutions for fertility challenges and embark on a unique path to parenthood with Anuvansh Clinic.","healthcare":"clinic","healthcare:speciality":"fertility;gynaecology;paediatrics"}},{"type":"Feature","geometry":{"type":"Point","coordinates":[72.858391,19.220463]},"properties":{"id":"osm:node/11590822909","name":"Navjeevan","category":"health","source":"osm","operator":"unknown","healthcare":"hospital","healthcare:speciality":"general;neurology"}},{"type":"Feature","geometry":{"type":"Point","coordinates":[72.850297,19.253245]},"properties":{"id":"osm:node/11593466811","name":"battlefield","category":"health","source":"osm","description":"it is an entertainment zone","healthcare":"hospital"}},{"type":"Feature","geometry":{"type":"Point","coordinates":[72.865056,19.206619]},"properties":{"id":"osm:node/11613055038","name":"tirupathi metarnal and general hospital","category":"health","source":"osm","opening_hours":"Mo-Su 10:00-22:00","operator":"tirupathi private limited","healthcare":"hospital","healthcare:speciality":"abortion;fertility"}},{"type":"Feature","geometry":{"type":"Point","coordinates":[72.916043,19.124526]},"properties":{"id":"osm:node/11617868277","name":"dr.anjali's hospital","category":"health","source":"osm","opening_hours":"Mo-Su 09:00-21:00","operator":"dr.anjali","healthcare":"hospital","healthcare:speciality":"otolaryngology"}},{"type":"Feature","geometry":{"type":"Point","coordinates":[72.929858,19.0325]},"properties":{"id":"osm:node/11716428194","name":"Dr Rashmi Singh","category":"health","source":"osm","healthcare":"clinic"}},{"type":"Feature","geometry":{"type":"Point","coordinates":[73.016712,19.041778]},"properties":{"id":"osm:node/11771037212","name":"Rahul Jagtap, Orthopedics Surgeon","category":"health","source":"osm","operator":"Novosalus Technology","healthcare":"clinic","healthcare:speciality":"orthopaedics"}},{"type":"Feature","geometry":{"type":"Point","coordinates":[72.858476,19.253599]},"properties":{"id":"osm:node/11886262058","name":"Aadyayurveda","category":"health","source":"osm","operator":"Novosalus Technology","healthcare":"clinic","healthcare:speciality":"ayurved_medicine"}},{"type":"Feature","geometry":{"type":"Point","coordinates":[72.833936,19.060371]},"properties":{"id":"osm:node/11893334891","name":"Belfer Bandra X-ray Clinic","category":"health","source":"osm","healthcare":"clinic"}},{"type":"Feature","geometry":{"type":"Point","coordinates":[72.810815,19.134559]},"properties":{"id":"osm:node/11919699008","name":"Dr Momin’s Clinic","category":"health","source":"osm","healthcare":"doctor"}},{"type":"Feature","geometry":{"type":"Point","coordinates":[72.932452,19.115224]},"properties":{"id":"osm:node/12119816053","name":"Tisekar Clinic","category":"health","source":"osm","operator":"dr.tisekar","healthcare":"clinic"}},{"type":"Feature","geometry":{"type":"Point","coordinates":[72.848007,19.058884]},"properties":{"id":"osm:node/12150771601","name":"Agarwal Children's Hospital","category":"health","source":"osm","healthcare":"hospital"}},{"type":"Feature","geometry":{"type":"Point","coordinates":[72.846041,19.145588]},"properties":{"id":"osm:node/12290060214","name":"Walk In care","category":"health","source":"osm","wheelchair":"no","description":"Deitician, Cosmetologist, Tricologist, Hijama, Pathology","healthcare":"clinic","healthcare:speciality":"diet;cosmetics;tricology;pathology","phone":"+91 77385 05906; +91 92244 12662; +91 97689 02660"}},{"type":"Feature","geometry":{"type":"Point","coordinates":[73.019045,19.03756]},"properties":{"id":"osm:node/12307080607","name":"Sai Asha Hospital","category":"health","source":"osm","healthcare":"hospital","healthcare:speciality":"general;dentist;internal;physiotherapy;fertility","level":"1"}},{"type":"Feature","geometry":{"type":"Point","coordinates":[72.907615,19.084546]},"properties":{"id":"osm:node/12311758511","name":"Parakh Hospital and Research Centre - Ghatkopar","category":"health","source":"osm"}},{"type":"Feature","geometry":{"type":"Point","coordinates":[72.852188,19.10738]},"properties":{"id":"osm:node/12325431830","name":"Dr Siddhant Naik","category":"health","source":"osm","operator":"Novosalus Technology","healthcare":"clinic","healthcare:speciality":"orthopaedics"}},{"type":"Feature","geometry":{"type":"Point","coordinates":[72.857778,19.228063]},"properties":{"id":"osm:node/12325703786","name":"Sankalp Hospital","category":"health","source":"osm","operator":"Novosalus technology","healthcare":"clinic","healthcare:speciality":"infertilty;radiologist"}},{"type":"Feature","geometry":{"type":"Point","coordinates":[72.832497,19.054054]},"properties":{"id":"osm:node/12346531464","name":"Jain Clinic","category":"health","source":"osm","healthcare":"clinic"}},{"type":"Feature","geometry":{"type":"Point","coordinates":[72.845836,19.118381]},"properties":{"id":"osm:node/12350609084","name":"Dr Jignesh Manshibhai Gala Eye Clinic","category":"health","source":"osm","opening_hours":"Mo-Su 09:00-21:00","operator":"Dr Jignesh Gala","healthcare":"clinic","healthcare:speciality":"ophthalmology"}},{"type":"Feature","geometry":{"type":"Point","coordinates":[72.835498,19.059503]},"properties":{"id":"osm:node/12353886188","name":"Mandar Nursing Home","category":"health","source":"osm","healthcare":"doctor","healthcare:speciality":"gynaecology"}},{"type":"Feature","geometry":{"type":"Point","coordinates":[73.016657,19.034008]},"properties":{"id":"osm:node/12355475459","name":"Suyash Clinic","category":"health","source":"osm","opening_hours":"Mo-Su 09:00-10:00, 17:00-21:00","healthcare":"doctor","healthcare:speciality":"paediatrics;general"}},{"type":"Feature","geometry":{"type":"Point","coordinates":[72.841101,19.098882]},"properties":{"id":"osm:node/12389405268","name":"24byMe Diabetes Treatment Clinic","category":"health","source":"osm","opening_hours":"Mo-Sa 09:00-20:00","wheelchair":"yes","operator":"Anuvansh Clinic","description":"We are a Diabetes Treatment and Lifestyle Clinic located in juhu Vile Parle West, Mumbai. At 24byMe Center, we specialize in treating diabetes, weight loss, PCOD, and PCOS with personalized care plans tailored to each individual’s needs.","healthcare":"clinic","healthcare:speciality":"diabetology;integrative_medicine","level":"0"}},{"type":"Feature","geometry":{"type":"Point","coordinates":[72.823661,19.144996]},"properties":{"id":"osm:node/12411907710","name":"Meraki","category":"health","source":"osm","opening_hours":"Tu-Su 10:00-18:00","healthcare":"doctor","healthcare:speciality":"dermatology","level":"1"}},{"type":"Feature","geometry":{"type":"Point","coordinates":[72.82365,19.145031]},"properties":{"id":"osm:node/12411907717","name":"Katalystt","category":"health","source":"osm","healthcare":"doctor","healthcare:speciality":"psychiatry","level":"1"}},{"type":"Feature","geometry":{"type":"Point","coordinates":[72.845004,19.072249]},"properties":{"id":"osm:node/12413297718","name":null,"category":"health","source":"osm","healthcare":"hospital"}},{"type":"Feature","geometry":{"type":"Point","coordinates":[72.844391,19.072649]},"properties":{"id":"osm:node/12415386367","name":"sanjivani hospital","category":"health","source":"osm","opening_hours":"24/7","healthcare":"hospital"}},{"type":"Feature","geometry":{"type":"Point","coordinates":[72.824734,19.143779]},"properties":{"id":"osm:node/12423272470","name":"Create","category":"health","source":"osm","healthcare":"clinic","healthcare:speciality":"fertility"}},{"type":"Feature","geometry":{"type":"Point","coordinates":[72.828819,18.966699]},"properties":{"id":"osm:node/12555159227","name":"siddiqui","category":"health","source":"osm","opening_hours":"Mo-Su 09:00-21:00","operator":"iffat","healthcare":"hospital","healthcare:speciality":"dentist;ophthalmology;orthodontics;dermatology;biology;gynaecology;radiology;otolaryngology;orthopaedics;internal;osteopathy;plastic_surgery;chiropractic;physiotherapy;urology;general;cardiology;surgery;neurology;emergency;psychiatry;traditional_chinese_m"}},{"type":"Feature","geometry":{"type":"Point","coordinates":[72.831386,18.923267]},"properties":{"id":"osm:node/12560946824","name":"Apollo Hospitals","category":"health","source":"osm","operator":"Apollo Hospitals","healthcare":"hospital"}},{"type":"Feature","geometry":{"type":"Point","coordinates":[72.827499,18.923143]},"properties":{"id":"osm:node/12573856473","name":"Indian Cancer Society","category":"health","source":"osm","healthcare":"hospital"}},{"type":"Feature","geometry":{"type":"Point","coordinates":[72.975681,19.235091]},"properties":{"id":"osm:node/12591894395","name":"Shree Sai Hospital","category":"health","source":"osm","healthcare":"hospital"}},{"type":"Feature","geometry":{"type":"Point","coordinates":[72.9705,19.226944]},"properties":{"id":"osm:node/12593809441","name":"VARDHAN TEST TUBE CENTRE","category":"health","source":"osm","healthcare":"hospital"}},{"type":"Feature","geometry":{"type":"Point","coordinates":[72.975491,19.235914]},"properties":{"id":"osm:node/12595485524","name":"Titan","category":"health","source":"osm","healthcare":"hospital"}},{"type":"Feature","geometry":{"type":"Point","coordinates":[72.841476,18.989919]},"properties":{"id":"osm:node/12603333590","name":"Sattva Pediatric - Dr. Rishabh K. Shah","category":"health","source":"osm","operator":"Dr. Rishabh K. Shah","healthcare":"hospital","healthcare:speciality":"paediatrics;vaccination;neonatology;child_psychiatry","level":"0"}},{"type":"Feature","geometry":{"type":"Point","coordinates":[72.812588,19.133313]},"properties":{"id":"osm:node/12620686135","name":"Aabhaar Multispeciality Clinic","category":"health","source":"osm","healthcare":"clinic"}},{"type":"Feature","geometry":{"type":"Point","coordinates":[72.841474,19.105973]},"properties":{"id":"osm:node/12688155437","name":"Auro Skin Clinic","category":"health","source":"osm","opening_hours":"Mo-Sa 10:00-18:00","operator":"Dr Avina Jain","description":"Centre for Dermatology & Lasers","healthcare":"hospital","healthcare:speciality":"dermatology;dermatovenereology","level":"2"}},{"type":"Feature","geometry":{"type":"Point","coordinates":[72.826032,19.049202]},"properties":{"id":"osm:node/12695023189","name":"Dr Madhav and Abha Thombre","category":"health","source":"osm","opening_hours":"Mo-Su 10:30-13:30,18:00-21:00","operator":"Madhav and Abha Thombre","healthcare":"doctor","healthcare:speciality":"general"}},{"type":"Feature","geometry":{"type":"Point","coordinates":[72.801848,18.958676]},"properties":{"id":"osm:node/12709327836","name":"Naavya Eye Care","category":"health","source":"osm","opening_hours":"Mo-Sa 10:30-20:00","operator":"Dr. Chandni Kotak","description":"74, Ground floor, E Block","healthcare":"doctor","healthcare:speciality":"ophthalmology"}},{"type":"Feature","geometry":{"type":"Point","coordinates":[72.850667,19.02326]},"properties":{"id":"osm:node/12765526766","name":"UBM Institute","category":"health","source":"osm","opening_hours":"Mo-Fr 09:30-18:00","operator":"Dr. Deepak Bhatt, Dr.Kalpana Bhatt","healthcare":"doctor","healthcare:speciality":"radiology"}},{"type":"Feature","geometry":{"type":"Point","coordinates":[72.855819,19.02624]},"properties":{"id":"osm:node/12770276646","name":"Sobti Hospital","category":"health","source":"osm","healthcare":"clinic"}},{"type":"Feature","geometry":{"type":"Point","coordinates":[72.863915,19.301347]},"properties":{"id":"osm:node/12772070991","name":"Indralok Multispeciality Hospital","category":"health","source":"osm","healthcare":"hospital"}},{"type":"Feature","geometry":{"type":"Point","coordinates":[72.862195,19.284254]},"properties":{"id":"osm:node/12777819069","name":"Wockhardt Hospital","category":"health","source":"osm","healthcare":"hospital"}},{"type":"Feature","geometry":{"type":"Point","coordinates":[72.847915,19.05963]},"properties":{"id":"osm:node/12784254799","name":"Mahatma Gandhi Seva Kendra","category":"health","source":"osm","healthcare":"clinic"}},{"type":"Feature","geometry":{"type":"Point","coordinates":[72.848195,19.059569]},"properties":{"id":"osm:node/12784277507","name":"Surabhi Clinic","category":"health","source":"osm","opening_hours":"Mo-Su 11:00-13:00,19:30-21:00","operator":"Dr. G. K. Deshpande","healthcare":"clinic"}},{"type":"Feature","geometry":{"type":"Point","coordinates":[72.864867,19.29697]},"properties":{"id":"osm:node/12786048113","name":"Jain Multispeciality Hospital","category":"health","source":"osm","healthcare":"hospital"}},{"type":"Feature","geometry":{"type":"Point","coordinates":[72.864465,19.296423]},"properties":{"id":"osm:node/12828257699","name":"Ideal Park Aarogya Kendra","category":"health","source":"osm","wheelchair":"limited","operator":"MBMC","healthcare":"clinic","level":"0"}},{"type":"Feature","geometry":{"type":"Point","coordinates":[72.85999,19.309288]},"properties":{"id":"osm:node/12840200167","name":"Sneha Hospital","category":"health","source":"osm","healthcare":"clinic","healthcare:speciality":"orthopaedics"}},{"type":"Feature","geometry":{"type":"Point","coordinates":[72.81902,18.956395]},"properties":{"id":"osm:node/12843656848","name":"Shree Chandraprabh Jain Medical Centre","category":"health","source":"osm","opening_hours":"Mo-Sa 09:00-20:00","healthcare":"clinic","healthcare:speciality":"general;ophthalmology;gynaecology;paediatrics;dentist;dermatology;psychiatry;otolaryngology;radiology;physiotherapy;urology;blood_check;child_psychiatry;pathology","phone":"+91-9324292935, +91-22-23804129"}},{"type":"Feature","geometry":{"type":"Point","coordinates":[72.830635,19.062942]},"properties":{"id":"osm:node/12923020630","name":"Slim N Grow Clinic","category":"health","source":"osm","healthcare":"doctor","healthcare:speciality":"dermatology","phone":"+91 98336 47836;+91 75060 75752"}},{"type":"Feature","geometry":{"type":"Point","coordinates":[72.836491,19.05989]},"properties":{"id":"osm:node/12926036225","name":"Shifffa Welness","category":"health","source":"osm","healthcare":"clinic","healthcare:speciality":"dermatology"}},{"type":"Feature","geometry":{"type":"Point","coordinates":[72.85998,19.296672]},"properties":{"id":"osm:node/12946747203","name":"Dr. Tiwari's Dental, Face, Implant Clinic","category":"health","source":"osm","healthcare":"clinic"}},{"type":"Feature","geometry":{"type":"Point","coordinates":[72.86398,19.299596]},"properties":{"id":"osm:node/12985444717","name":"Radhika Homoepathic Clinic","category":"health","source":"osm"}},{"type":"Feature","geometry":{"type":"Point","coordinates":[72.86361,19.298647]},"properties":{"id":"osm:node/13001722827","name":"Gayatri Clinic Skin and Aesthetic clinic","category":"health","source":"osm","healthcare":"clinic"}},{"type":"Feature","geometry":{"type":"Point","coordinates":[72.863625,19.298675]},"properties":{"id":"osm:node/13001722829","name":"Modern Therapy Clinic","category":"health","source":"osm","healthcare":"clinic"}},{"type":"Feature","geometry":{"type":"Point","coordinates":[72.838012,19.023292]},"properties":{"id":"osm:node/13078348801","name":"Dr. Akash Dhuru - Cancer Specialist Surgeon","category":"health","source":"osm","opening_hours":"Mo-Sa 18:00-20:00","phone":"9930000553"}},{"type":"Feature","geometry":{"type":"Point","coordinates":[72.842716,19.046239]},"properties":{"id":"osm:node/13078399302","name":"Dr. Akash Dhuru - Cancer Specialist Surgeon","category":"health","source":"osm","opening_hours":"Mo-Sa 16:00-18:00","phone":"9930000553"}},{"type":"Feature","geometry":{"type":"Point","coordinates":[72.840721,19.02393]},"properties":{"id":"osm:node/13078403502","name":"Dr. Akash Dhuru - Cancer Specialist Surgeon","category":"health","source":"osm","opening_hours":"Mo-Sa 17:00-18:00","phone":"9930000553"}},{"type":"Feature","geometry":{"type":"Point","coordinates":[72.862476,19.292299]},"properties":{"id":"osm:node/13078404802","name":"Dr. Akash Dhuru - Cancer Specialist Surgeon","category":"health","source":"osm","opening_hours":"24/7","phone":"9930000553"}},{"type":"Feature","geometry":{"type":"Point","coordinates":[72.844512,19.040175]},"properties":{"id":"osm:node/13078411201","name":"Dr. Akash Dhuru - Cancer Specialist Surgeon","category":"health","source":"osm","opening_hours":"Mo-Sa 19:00-21:00","phone":"9930000553"}},{"type":"Feature","geometry":{"type":"Point","coordinates":[72.850576,19.118117]},"properties":{"id":"osm:node/13078411301","name":"Dr. Akash Dhuru - Cancer Specialist Surgeon","category":"health","source":"osm","opening_hours":"Tu, Fr 16:00-18:00","phone":"9930000553"}},{"type":"Feature","geometry":{"type":"Point","coordinates":[72.833503,19.194647]},"properties":{"id":"osm:node/13078411501","name":"Dr. Akash Dhuru - Cancer Specialist Surgeon","category":"health","source":"osm","opening_hours":"24/7","phone":"9930000553"}},{"type":"Feature","geometry":{"type":"Point","coordinates":[72.850333,19.292717]},"properties":{"id":"osm:node/13078411601","name":"Dr. Akash Dhuru - Cancer Specialist Surgeon","category":"health","source":"osm","opening_hours":"Mo-Sa 10:00-16:00","phone":"9930000553"}},{"type":"Feature","geometry":{"type":"Point","coordinates":[72.850391,19.292742]},"properties":{"id":"osm:node/13078411701","name":"MIRA Cancer Superspeciality Hospital","category":"health","source":"osm","opening_hours":"24/7","phone":"9029089998"}},{"type":"Feature","geometry":{"type":"Point","coordinates":[72.823038,18.998118]},"properties":{"id":"osm:node/13078412401","name":"Dr. Akash Dhuru - Cancer Specialist Surgeon (Siddhachal Hospital)","category":"health","source":"osm","opening_hours":"24/7","phone":"9930000553"}},{"type":"Feature","geometry":{"type":"Point","coordinates":[72.864216,19.110093]},"properties":{"id":"osm:node/13088720350","name":"goel hospital","category":"health","source":"osm","healthcare":"hospital"}},{"type":"Feature","geometry":{"type":"Point","coordinates":[72.971379,19.197239]},"properties":{"id":"osm:node/13089116837","name":"Pinnacle Hospital","category":"health","source":"osm"}},{"type":"Feature","geometry":{"type":"Point","coordinates":[72.861934,19.237207]},"properties":{"id":"osm:node/13239425002","name":"Borivali Surgical Hospital LLP","category":"health","source":"osm","opening_hours":"24/7","phone":"07977317163"}},{"type":"Feature","geometry":{"type":"Point","coordinates":[72.823037,19.12969]},"properties":{"id":"osm:node/13240639335","name":"Sai Clinic","category":"health","source":"osm","wheelchair":"no","healthcare":"doctor"}},{"type":"Feature","geometry":{"type":"Point","coordinates":[72.822901,19.130168]},"properties":{"id":"osm:node/13240668618","name":"Sai Radiology Centre","category":"health","source":"osm","healthcare":"clinic","healthcare:speciality":"radiology","level":"0"}},{"type":"Feature","geometry":{"type":"Point","coordinates":[72.822705,19.129822]},"properties":{"id":"osm:node/13240691502","name":"Omkar Speech and Hearing Clinic","category":"health","source":"osm","opening_hours":"Mo-Sa 10:00-19:00","operator":"Devangi Patel","healthcare":"clinic","phone":"+91 79775 41220"}},{"type":"Feature","geometry":{"type":"Point","coordinates":[72.822891,19.130173]},"properties":{"id":"osm:node/13240709967","name":"Ashwini Laboratory & Polyclinic","category":"health","source":"osm","operator":"NM Medical","healthcare":"clinic","phone":"+91 98203 06601;+91 98203 57101;+91 93203 06757","level":"0"}},{"type":"Feature","geometry":{"type":"Point","coordinates":[72.823848,19.144819]},"properties":{"id":"osm:node/13247358611","name":"Doctor Sunil C. Ullal","category":"health","source":"osm","opening_hours":"Mo-Sa 18:00-21:00","wheelchair":"limited","healthcare":"doctor","healthcare:speciality":"general","level":"1"}},{"type":"Feature","geometry":{"type":"Point","coordinates":[72.818512,19.206892]},"properties":{"id":"osm:node/13294133382","name":"Sirvi Medical","category":"health","source":"osm","operator":"Suresh","healthcare":"hospital","healthcare:speciality":"community"}},{"type":"Feature","geometry":{"type":"Point","coordinates":[72.861942,19.077213]},"properties":{"id":"osm:node/13331187701","name":"Visual Eyez Centre for Advanced Eye Care","category":"health","source":"osm"}},{"type":"Feature","geometry":{"type":"Point","coordinates":[72.829615,18.919226]},"properties":{"id":"osm:node/13377774440","name":"Kataria eye clinic","category":"health","source":"osm","operator":"Mr. Kataria","healthcare":"hospital","healthcare:speciality":"ophthalmology"}},{"type":"Feature","geometry":{"type":"Point","coordinates":[72.847653,19.016988]},"properties":{"id":"osm:node/13388495692","name":"B.N.D. Onco Centre","category":"health","source":"osm","opening_hours":"Mo-Sa 10:00-21:00","healthcare":"clinic"}},{"type":"Feature","geometry":{"type":"Point","coordinates":[72.84859,19.01935]},"properties":{"id":"osm:node/13388584583","name":"Pulse Cardiac Center and Speciality Clinic","category":"health","source":"osm","healthcare":"clinic","healthcare:speciality":"cardiology","level":"0"}},{"type":"Feature","geometry":{"type":"Point","coordinates":[72.848542,19.019283]},"properties":{"id":"osm:node/13388584584","name":"Hematology Day-Care Centre","category":"health","source":"osm","healthcare":"clinic","healthcare:speciality":"hematology","level":"0"}},{"type":"Feature","geometry":{"type":"Point","coordinates":[72.83451,19.162408]},"properties":{"id":"osm:node/13430184140","name":"GDHGDHGF","category":"health","source":"osm","healthcare":"hospital"}},{"type":"Feature","geometry":{"type":"Point","coordinates":[72.826006,18.934064]},"properties":{"id":"osm:node/13470129569","name":"Mira Physiotherapy Center","category":"health","source":"osm","healthcare":"clinic","healthcare:speciality":"physiotherapy"}},{"type":"Feature","geometry":{"type":"Point","coordinates":[72.85114,19.178395]},"properties":{"id":"osm:node/13500782695","name":"M.W. Desai Municipal Genreal Hospital","category":"health","source":"osm","healthcare":"hospital","healthcare:speciality":"otolaryngology"}},{"type":"Feature","geometry":{"type":"Point","coordinates":[72.823504,19.145294]},"properties":{"id":"osm:node/13589529383","name":"MedSlim Clinic","category":"health","source":"osm","healthcare":"clinic"}},{"type":"Feature","geometry":{"type":"Point","coordinates":[72.866988,19.211972]},"properties":{"id":"osm:node/13616879101","name":"Seven Star Multispeciality Hospital","category":"health","source":"osm","opening_hours":"24/7","healthcare":"hospital","phone":"+91 9137798431"}},{"type":"Feature","geometry":{"type":"Point","coordinates":[72.848279,19.204716]},"properties":{"id":"osm:node/13622551928","name":"Warrier clinic","category":"health","source":"osm","healthcare":"clinic","healthcare:speciality":"neurology;psychiatry"}},{"type":"Feature","geometry":{"type":"Point","coordinates":[72.83869,19.000942]},"properties":{"id":"osm:node/13633845989","name":"M J Speciality Clinic - Dr Manoj Jain","category":"health","source":"osm","healthcare":"hospital","healthcare:speciality":"orthopaedic_and_spine_surgeon"}},{"type":"Feature","geometry":{"type":"Point","coordinates":[72.85928,19.281766]},"properties":{"id":"osm:node/13686369400","name":"LARZ Hair & Clinic","category":"health","source":"osm","healthcare":"clinic","healthcare:speciality":"dermatology","level":"1"}},{"type":"Feature","geometry":{"type":"Point","coordinates":[72.858524,19.281247]},"properties":{"id":"osm:node/13686405121","name":"Shreeji Eye Clinic","category":"health","source":"osm","healthcare":"doctor","healthcare:speciality":"ophthalmology;general"}},{"type":"Feature","geometry":{"type":"Point","coordinates":[72.857137,19.281044]},"properties":{"id":"osm:node/13686430035","name":"Gayatri Hospital","category":"health","source":"osm","healthcare":"hospital"}},{"type":"Feature","geometry":{"type":"Point","coordinates":[72.852268,19.218724]},"properties":{"id":"osm:node/13757858632","name":"Dr Gargi Pal","category":"health","source":"osm","opening_hours":"24/7","description":"Dr. Gargi Pal is a trusted women’s healthcare specialist dedicated to providing compassionate and personalized care for every stage of life. \n\nFrom routine check-ups and pregnancy care to fertility guidance, PCOS management, menstrual concerns, and advanc","healthcare":"hospital","healthcare:speciality":"gynaecology"}},{"type":"Feature","geometry":{"type":"Point","coordinates":[72.941451,19.172368]},"properties":{"id":"osm:node/13760622004","name":"Metamorphosis","category":"health","source":"osm","healthcare":"doctor","healthcare:speciality":"dermatology"}},{"type":"Feature","geometry":{"type":"Point","coordinates":[72.943906,19.175586]},"properties":{"id":"osm:node/13760655343","name":"SHIC Facial Co","category":"health","source":"osm","wheelchair":"yes","healthcare":"clinic"}},{"type":"Feature","geometry":{"type":"Point","coordinates":[72.829143,19.145659]},"properties":{"id":"osm:node/13785164475","name":"Aum ENT Clinic","category":"health","source":"osm","healthcare":"clinic","healthcare:speciality":"otolaryngology","level":"5"}},{"type":"Feature","geometry":{"type":"Point","coordinates":[72.829167,19.050975]},"properties":{"id":"osm:way/31144296","name":"Lilavati Hospital and Research Centre","category":"health","source":"osm","operator":"Lilavati Kirtilal Mehta Medical Trust","healthcare":"hospital","healthcare:speciality":"cardiology;oncology;psychiatry;paediatrics;emergency;surgery;dermatology;neurology;rheumatology;endocrinology;nephrology;gastroenterology","phone":"+91226666666"}},{"type":"Feature","geometry":{"type":"Point","coordinates":[72.82714,19.055501]},"properties":{"id":"osm:way/31213763","name":"Holy Family Hospital, Mumbai","category":"health","source":"osm","opening_hours":"Mo-Fr 08:00-17:00","healthcare":"hospital","phone":"(022 30610555 )"}},{"type":"Feature","geometry":{"type":"Point","coordinates":[72.804314,18.972595]},"properties":{"id":"osm:way/39223162","name":"ब्रीच कँडी हॉस्पिटल","category":"health","source":"osm","healthcare":"hospital"}},{"type":"Feature","geometry":{"type":"Point","coordinates":[72.809274,18.957731]},"properties":{"id":"osm:way/39838498","name":"Ruxmani Lying in Hospital","category":"health","source":"osm"}},{"type":"Feature","geometry":{"type":"Point","coordinates":[72.85313,19.24121]},"properties":{"id":"osm:way/46269216","name":"Karuna Hospital","category":"health","source":"osm","healthcare":"hospital"}},{"type":"Feature","geometry":{"type":"Point","coordinates":[72.82792,18.940782]},"properties":{"id":"osm:way/46715024","name":"Bombay Hospital","category":"health","source":"osm","healthcare":"hospital"}},{"type":"Feature","geometry":{"type":"Point","coordinates":[72.859214,19.036358]},"properties":{"id":"osm:way/49681498","name":"Lokmanya Tilak Hospital","category":"health","source":"osm","healthcare":"hospital"}},{"type":"Feature","geometry":{"type":"Point","coordinates":[72.837882,18.940693]},"properties":{"id":"osm:way/50884815","name":"St George Hospital","category":"health","source":"osm","healthcare":"hospital"}},{"type":"Feature","geometry":{"type":"Point","coordinates":[72.818183,18.952537]},"properties":{"id":"osm:way/56199740","name":"Saifee Hospital","category":"health","source":"osm","healthcare":"hospital","healthcare:speciality":"general;gynaecology;cardiology;surgery"}},{"type":"Feature","geometry":{"type":"Point","coordinates":[72.83805,18.94171]},"properties":{"id":"osm:way/107441511","name":"St George Hospital","category":"health","source":"osm","healthcare":"hospital"}},{"type":"Feature","geometry":{"type":"Point","coordinates":[72.858746,19.020088]},"properties":{"id":"osm:way/112781797","name":"Acworth Leper Asylum","category":"health","source":"osm","healthcare":"hospital"}},{"type":"Feature","geometry":{"type":"Point","coordinates":[72.842076,18.997025]},"properties":{"id":"osm:way/113561019","name":"Mahatma Gandhi Memorial Hospital","category":"health","source":"osm","healthcare":"hospital"}},{"type":"Feature","geometry":{"type":"Point","coordinates":[72.843062,19.005639]},"properties":{"id":"osm:way/113570522","name":"Tata Memorial Cancer Hospital","category":"health","source":"osm","healthcare":"hospital","healthcare:speciality":"radiology"}},{"type":"Feature","geometry":{"type":"Point","coordinates":[72.845411,19.002441]},"properties":{"id":"osm:way/113576203","name":"Haffkine Institute For Training, Research & Testing","category":"health","source":"osm","healthcare":"hospital"}},{"type":"Feature","geometry":{"type":"Point","coordinates":[72.839098,19.033073]},"properties":{"id":"osm:way/113716576","name":"Hinduja Clinic","category":"health","source":"osm","healthcare":"hospital"}},{"type":"Feature","geometry":{"type":"Point","coordinates":[72.838172,19.033229]},"properties":{"id":"osm:way/113716578","name":"Hinduja Hospital","category":"health","source":"osm","healthcare":"hospital"}},{"type":"Feature","geometry":{"type":"Point","coordinates":[72.859139,19.021215]},"properties":{"id":"osm:way/116342799","name":"Aditya Jyot Eye Hospital","category":"health","source":"osm","healthcare:speciality":"ophthalmology"}},{"type":"Feature","geometry":{"type":"Point","coordinates":[72.84698,19.103238]},"properties":{"id":"osm:way/143950812","name":"Karbhari","category":"health","source":"osm","healthcare":"hospital"}},{"type":"Feature","geometry":{"type":"Point","coordinates":[72.809942,18.971553]},"properties":{"id":"osm:way/150485811","name":"Jaslok Hospital and Research Centre","category":"health","source":"osm","healthcare":"hospital"}},{"type":"Feature","geometry":{"type":"Point","coordinates":[72.824474,19.131214]},"properties":{"id":"osm:way/150491113","name":"sathya udaiyar","category":"health","source":"osm","operator":"sathya","healthcare":"hospital"}},{"type":"Feature","geometry":{"type":"Point","coordinates":[72.839623,19.031934]},"properties":{"id":"osm:way/151806615","name":"Lalita Girdhar (Hinduja Hospital)","category":"health","source":"osm","healthcare":"hospital"}},{"type":"Feature","geometry":{"type":"Point","coordinates":[72.96203,19.180721]},"properties":{"id":"osm:way/151861276","name":"Mental Hospital","category":"health","source":"osm","healthcare":"hospital"}},{"type":"Feature","geometry":{"type":"Point","coordinates":[72.986655,19.192261]},"properties":{"id":"osm:way/152206203","name":"Chhatrapati Shivaji Hospital","category":"health","source":"osm"}},{"type":"Feature","geometry":{"type":"Point","coordinates":[72.861474,19.012957]},"properties":{"id":"osm:way/152244251","name":"BPT Hospital","category":"health","source":"osm"}},{"type":"Feature","geometry":{"type":"Point","coordinates":[72.866205,19.12833]},"properties":{"id":"osm:way/152357350","name":"Holy Spirit Hospital","category":"health","source":"osm"}},{"type":"Feature","geometry":{"type":"Point","coordinates":[72.858464,19.077033]},"properties":{"id":"osm:way/154837118","name":"Niron Hospital and Research Center","category":"health","source":"osm"}},{"type":"Feature","geometry":{"type":"Point","coordinates":[72.828465,19.146577]},"properties":{"id":"osm:way/202552260","name":"The AgeLess Clinic Lokhandwala","category":"health","source":"osm","healthcare":"clinic","healthcare:speciality":"clinic;skin"}},{"type":"Feature","geometry":{"type":"Point","coordinates":[72.842497,19.046414]},"properties":{"id":"osm:way/202918725","name":"S.L. Raheja Hospital","category":"health","source":"osm","healthcare":"hospital"}},{"type":"Feature","geometry":{"type":"Point","coordinates":[72.8752,19.053269]},"properties":{"id":"osm:way/203215801","name":"Brihanmumbai Municipalty Hospital","category":"health","source":"osm"}},{"type":"Feature","geometry":{"type":"Point","coordinates":[72.809484,19.137808]},"properties":{"id":"osm:way/204886718","name":"Vimala Dermatological Centra","category":"health","source":"osm"}},{"type":"Feature","geometry":{"type":"Point","coordinates":[72.831343,18.934803]},"properties":{"id":"osm:way/206806614","name":"Atmasingh Jassasingh Bankebihar Municipal ENT Hospital","category":"health","source":"osm","healthcare":"hospital"}},{"type":"Feature","geometry":{"type":"Point","coordinates":[72.829824,18.942804]},"properties":{"id":"osm:way/207319558","name":"Willingdon","category":"health","source":"osm","healthcare":"hospital"}},{"type":"Feature","geometry":{"type":"Point","coordinates":[72.827425,18.941011]},"properties":{"id":"osm:way/207324961","name":"Bombay Hospital and Medical Research Center","category":"health","source":"osm","healthcare":"hospital"}},{"type":"Feature","geometry":{"type":"Point","coordinates":[72.832108,18.942364]},"properties":{"id":"osm:way/207376648","name":"Cama Hospital","category":"health","source":"osm","healthcare":"hospital"}},{"type":"Feature","geometry":{"type":"Point","coordinates":[72.831714,18.944742]},"properties":{"id":"osm:way/207376654","name":"गोकुळदास तेजपाल रुग्णालय","category":"health","source":"osm","healthcare":"hospital"}},{"type":"Feature","geometry":{"type":"Point","coordinates":[72.851961,19.040017]},"properties":{"id":"osm:way/229636994","name":"Dharavi Hospital","category":"health","source":"osm","healthcare":"hospital"}},{"type":"Feature","geometry":{"type":"Point","coordinates":[72.996027,19.083035]},"properties":{"id":"osm:way/257479165","name":"L H Fortis Hospital","category":"health","source":"osm"}},{"type":"Feature","geometry":{"type":"Point","coordinates":[72.886137,19.076011]},"properties":{"id":"osm:way/260786332","name":"Crtiti Care Asia Hospital","category":"health","source":"osm","healthcare":"hospital"}},{"type":"Feature","geometry":{"type":"Point","coordinates":[72.821097,18.954746]},"properties":{"id":"osm:way/288426702","name":"Conwest And Manjula S. Badani Jain Hospital","category":"health","source":"osm","healthcare":"hospital","healthcare:speciality":"general"}},{"type":"Feature","geometry":{"type":"Point","coordinates":[72.820048,18.958771]},"properties":{"id":"osm:way/288446227","name":"Sir H. N. Hospital & Research Centre;Sir H.N Reliance foundation hospital","category":"health","source":"osm","healthcare":"hospital"}},{"type":"Feature","geometry":{"type":"Point","coordinates":[72.921782,19.041756]},"properties":{"id":"osm:way/314402996","name":"Deonar Dispensary (W)","category":"health","source":"osm","opening_hours":"Mo-Fr 08:00-19:00; Sa 08:00-14:00","healthcare":"clinic"}},{"type":"Feature","geometry":{"type":"Point","coordinates":[72.922211,19.0691]},"properties":{"id":"osm:way/315448033","name":"Rajeev Gandhi Medical Centre","category":"health","source":"osm","operator":"GOVT Dr"}},{"type":"Feature","geometry":{"type":"Point","coordinates":[72.896497,19.061983]},"properties":{"id":"osm:way/315510913","name":"Maa General Hospital","category":"health","source":"osm","healthcare":"hospital","phone":"+91 22 25220333"}},{"type":"Feature","geometry":{"type":"Point","coordinates":[72.897324,19.053627]},"properties":{"id":"osm:way/346412417","name":"sandu ayurvedik center","category":"health","source":"osm"}},{"type":"Feature","geometry":{"type":"Point","coordinates":[72.980106,19.252597]},"properties":{"id":"osm:way/352774599","name":"Hiranandani Hospital","category":"health","source":"osm"}},{"type":"Feature","geometry":{"type":"Point","coordinates":[72.865385,19.289309]},"properties":{"id":"osm:way/352780597","name":"Riddhi Siddhi Hospital, Thane","category":"health","source":"osm","healthcare":"hospital"}},{"type":"Feature","geometry":{"type":"Point","coordinates":[72.838108,19.219523]},"properties":{"id":"osm:way/352788940","name":"Phoenix Hospital","category":"health","source":"osm","healthcare":"hospital"}},{"type":"Feature","geometry":{"type":"Point","coordinates":[72.862237,19.261148]},"properties":{"id":"osm:way/352921869","name":null,"category":"health","source":"osm","healthcare":"hospital"}},{"type":"Feature","geometry":{"type":"Point","coordinates":[72.917051,19.120279]},"properties":{"id":"osm:way/353139106","name":"Dr. L. H. Hiranandani Hospital","category":"health","source":"osm","opening_hours":"24/7","healthcare":"hospital"}},{"type":"Feature","geometry":{"type":"Point","coordinates":[72.881965,19.081041]},"properties":{"id":"osm:way/353174274","name":"City Hospital and Reserch Centre","category":"health","source":"osm","healthcare":"hospital"}},{"type":"Feature","geometry":{"type":"Point","coordinates":[72.933376,19.039161]},"properties":{"id":"osm:way/353198966","name":"Dispensary (Mandala)","category":"health","source":"osm","opening_hours":"Mo-Fr 08:00-19:00; Sa 08:00-14:00","healthcare":"clinic"}},{"type":"Feature","geometry":{"type":"Point","coordinates":[72.925416,19.038104]},"properties":{"id":"osm:way/353199111","name":"Dispensary (Deonar West)","category":"health","source":"osm","opening_hours":"Mo-Fr 08:00-19:00","healthcare":"clinic"}},{"type":"Feature","geometry":{"type":"Point","coordinates":[72.814618,18.970348]},"properties":{"id":"osm:way/353353382","name":"Apollo Spectra Hospitals","category":"health","source":"osm","healthcare":"hospital"}},{"type":"Feature","geometry":{"type":"Point","coordinates":[72.868293,19.027796]},"properties":{"id":"osm:way/353378830","name":"Sanjeevni hospital","category":"health","source":"osm","healthcare":"hospital"}},{"type":"Feature","geometry":{"type":"Point","coordinates":[72.850313,19.248644]},"properties":{"id":"osm:way/353382920","name":"M. M Medicial Clinic and OPD","category":"health","source":"osm","healthcare":"hospital"}},{"type":"Feature","geometry":{"type":"Point","coordinates":[72.840214,19.079899]},"properties":{"id":"osm:way/353418036","name":null,"category":"health","source":"osm","healthcare":"hospital"}},{"type":"Feature","geometry":{"type":"Point","coordinates":[72.853114,19.181805]},"properties":{"id":"osm:way/353426775","name":"Ashoka General Hospital I.C.C.U and Maternity Home","category":"health","source":"osm"}},{"type":"Feature","geometry":{"type":"Point","coordinates":[73.015743,19.01106]},"properties":{"id":"osm:way/353770780","name":"Seawoods Hospital","category":"health","source":"osm","healthcare":"hospital"}},{"type":"Feature","geometry":{"type":"Point","coordinates":[72.837024,18.998298]},"properties":{"id":"osm:way/353772277","name":"Maru Hospital","category":"health","source":"osm","healthcare":"hospital"}},{"type":"Feature","geometry":{"type":"Point","coordinates":[72.998357,19.073176]},"properties":{"id":"osm:way/353789941","name":"Jaydish Nursing Home","category":"health","source":"osm"}},{"type":"Feature","geometry":{"type":"Point","coordinates":[72.835354,18.977237]},"properties":{"id":"osm:way/353799754","name":"Balaji Hospital","category":"health","source":"osm"}},{"type":"Feature","geometry":{"type":"Point","coordinates":[72.842496,19.184455]},"properties":{"id":"osm:way/353815190","name":"janhavi nursing home","category":"health","source":"osm","healthcare":"hospital"}},{"type":"Feature","geometry":{"type":"Point","coordinates":[72.855006,19.078411]},"properties":{"id":"osm:way/353981991","name":"Kaizen Quro","category":"health","source":"osm","healthcare":"hospital","healthcare:speciality":"general"}},{"type":"Feature","geometry":{"type":"Point","coordinates":[72.976116,19.188268]},"properties":{"id":"osm:way/354226836","name":"The Vein Center Thane","category":"health","source":"osm","operator":"Dr Bhanushali Hospital LLP","healthcare":"hospital","healthcare:speciality":"vascular_surgery;pulmonology;general;dentistry;orthodontics;orthopaedics;intensive"}},{"type":"Feature","geometry":{"type":"Point","coordinates":[72.99932,19.081631]},"properties":{"id":"osm:way/356004559","name":"Dr. Pol's Smileline Dental Clinic","category":"health","source":"osm","opening_hours":"Mo-Sa 10:00-20:30","wheelchair":"no","operator":"Dr. Pol's","description":"Dr. Pol’s Smileline Dental Clinic in Vashi offers expert orthodontic and cosmetic care, including root canals, implants, braces, and aligners. With advanced technology and personalized treatment, we create healthy, confident smiles for all ages.","healthcare":"hospital","healthcare:speciality":"dentistry"}},{"type":"Feature","geometry":{"type":"Point","coordinates":[72.836587,18.961394]},"properties":{"id":"osm:way/356207236","name":"umerkhadi hospital","category":"health","source":"osm","healthcare":"hospital","healthcare:speciality":"gynaecology;radiology;orthodontics;emergency;maternity"}},{"type":"Feature","geometry":{"type":"Point","coordinates":[72.87948,19.121341]},"properties":{"id":"osm:way/356531751","name":"Gokul maternity and Surgical home","category":"health","source":"osm","healthcare":"hospital"}},{"type":"Feature","geometry":{"type":"Point","coordinates":[72.879413,19.120667]},"properties":{"id":"osm:way/356531771","name":"The Vein Center Andheri","category":"health","source":"osm","operator":"Dr Joshi Vein Center LLP","description":"The Vein Center is a chain vascular clinic located in Mumbai, India that specializes in the diagnosis and treatment of varicose vein related disorders. As a vascular interventional radiology center, it offers a range of services for the non-surgical treat","healthcare":"hospital","healthcare:speciality":"vascular_surgery","phone":"+918080866266"}},{"type":"Feature","geometry":{"type":"Point","coordinates":[72.843996,19.031417]},"properties":{"id":"osm:way/357360289","name":"smriti narvekar","category":"health","source":"osm","opening_hours":"Mo-Fr 08:00-17:00","healthcare":"hospital","healthcare:speciality":"general"}},{"type":"Feature","geometry":{"type":"Point","coordinates":[72.837027,19.068566]},"properties":{"id":"osm:way/357472226","name":"The Vein Center Mumbai","category":"health","source":"osm","operator":"Dr Joshi Vein Center LLP","description":"The Vein Center is a chain vascular clinic located in Mumbai, India that specializes in the diagnosis and treatment of varicose vein related disorders. As a vascular interventional radiology center, it offers a range of services for the non-surgical treat","healthcare":"hospital","healthcare:speciality":"vascular_surgery","phone":"+91 8080866266"}},{"type":"Feature","geometry":{"type":"Point","coordinates":[72.863006,19.220476]},"properties":{"id":"osm:way/359075839","name":null,"category":"health","source":"osm","healthcare":"hospital"}},{"type":"Feature","geometry":{"type":"Point","coordinates":[72.826941,19.121112]},"properties":{"id":"osm:way/395048290","name":"Thunga","category":"health","source":"osm","healthcare":"hospital"}},{"type":"Feature","geometry":{"type":"Point","coordinates":[72.911128,19.049569]},"properties":{"id":"osm:way/411617420","name":"Shatabdi Hospital","category":"health","source":"osm","operator":"Municipal Corporation of Greater Mumbai","healthcare":"hospital","phone":"+912225564069, +912225564070"}},{"type":"Feature","geometry":{"type":"Point","coordinates":[73.009422,19.100261]},"properties":{"id":"osm:way/415784678","name":"Dr Ajayan's Multispeciality Hospital","category":"health","source":"osm","healthcare":"hospital"}},{"type":"Feature","geometry":{"type":"Point","coordinates":[73.014134,19.062164]},"properties":{"id":"osm:way/415791203","name":"General Clinic","category":"health","source":"osm","healthcare":"clinic"}},{"type":"Feature","geometry":{"type":"Point","coordinates":[72.917833,18.882962]},"properties":{"id":"osm:way/416402984","name":"well care hospital","category":"health","source":"osm","operator":"multipurpose","healthcare":"hospital","healthcare:speciality":"community;ophthalmology;dermatology;physiatry"}},{"type":"Feature","geometry":{"type":"Point","coordinates":[72.840467,19.002333]},"properties":{"id":"osm:way/430029987","name":"K B H B Charitable Ophthalmic and E.N.T Hospital","category":"health","source":"osm"}},{"type":"Feature","geometry":{"type":"Point","coordinates":[72.833581,18.980147]},"properties":{"id":"osm:way/430223744","name":"Dr. Babasaheb Ambedkar Memorial Central Railway Hospital","category":"health","source":"osm","wheelchair":"yes","description":"Civil Hospital/General Hospital","healthcare":"hospital"}},{"type":"Feature","geometry":{"type":"Point","coordinates":[72.860912,19.06525]},"properties":{"id":"osm:way/430418378","name":"Asian Heart Institute","category":"health","source":"osm","healthcare":"hospital","healthcare:speciality":"cardiology"}},{"type":"Feature","geometry":{"type":"Point","coordinates":[72.927885,19.104161]},"properties":{"id":"osm:way/436606769","name":"Godrej Memorial Hospital, Mumbai","category":"health","source":"osm","healthcare":"hospital"}},{"type":"Feature","geometry":{"type":"Point","coordinates":[72.993874,19.072647]},"properties":{"id":"osm:way/488981959","name":"Mahatma Gandhi Mission's New Bombay Hospital","category":"health","source":"osm","healthcare":"hospital"}},{"type":"Feature","geometry":{"type":"Point","coordinates":[72.961356,19.274137]},"properties":{"id":"osm:way/549692990","name":"Bhaskar EyeCare","category":"health","source":"osm","operator":"Bhaskar Eyecare","healthcare":"hospital","healthcare:speciality":"ophthalmology"}},{"type":"Feature","geometry":{"type":"Point","coordinates":[72.85367,19.140934]},"properties":{"id":"osm:way/554967613","name":"Hindu Hruday Samrat Balasaheb Thackerey Trauma Care Municipal Hospital","category":"health","source":"osm","opening_hours":"Mo-Su 07:00-23:00","healthcare":"hospital","healthcare:speciality":"trauma"}},{"type":"Feature","geometry":{"type":"Point","coordinates":[73.017275,19.016288]},"properties":{"id":"osm:way/555700628","name":"Savla Hospital","category":"health","source":"osm","healthcare":"hospital"}},{"type":"Feature","geometry":{"type":"Point","coordinates":[72.989793,19.074413]},"properties":{"id":"osm:way/572046185","name":"ESIC Hospital","category":"health","source":"osm","healthcare":"hospital"}},{"type":"Feature","geometry":{"type":"Point","coordinates":[73.016139,19.011451]},"properties":{"id":"osm:way/576734402","name":"NMMC Hospital","category":"health","source":"osm","operator":"NMMC","healthcare":"hospital"}},{"type":"Feature","geometry":{"type":"Point","coordinates":[73.009721,19.036311]},"properties":{"id":"osm:way/578325215","name":"Sunshine Hospital","category":"health","source":"osm","healthcare":"hospital"}},{"type":"Feature","geometry":{"type":"Point","coordinates":[72.842373,19.003605]},"properties":{"id":"osm:way/618791586","name":"Nowrosjee Wadia Maternity Hospital","category":"health","source":"osm","healthcare":"hospital","healthcare:speciality":"paediatrics"}},{"type":"Feature","geometry":{"type":"Point","coordinates":[72.956301,19.203871]},"properties":{"id":"osm:way/627539064","name":"ESIC Hospital","category":"health","source":"osm","healthcare":"hospital"}},{"type":"Feature","geometry":{"type":"Point","coordinates":[72.941654,19.161642]},"properties":{"id":"osm:way/627628780","name":"Fortis Hospitals","category":"health","source":"osm"}},{"type":"Feature","geometry":{"type":"Point","coordinates":[72.944012,19.180138]},"properties":{"id":"osm:way/627628785","name":"ESIS Hospital","category":"health","source":"osm","healthcare":"hospital"}},{"type":"Feature","geometry":{"type":"Point","coordinates":[72.875933,19.147482]},"properties":{"id":"osm:way/628890939","name":"Aarey Hospital","category":"health","source":"osm"}},{"type":"Feature","geometry":{"type":"Point","coordinates":[72.960367,19.171689]},"properties":{"id":"osm:way/632266782","name":"V.D. SAWARKAR HOSPITAL","category":"health","source":"osm","opening_hours":"24/7","description":"Sub District Hospital","healthcare":"hospital"}},{"type":"Feature","geometry":{"type":"Point","coordinates":[72.978202,19.198512]},"properties":{"id":"osm:way/636938965","name":"Civil Hospital","category":"health","source":"osm","healthcare":"hospital"}},{"type":"Feature","geometry":{"type":"Point","coordinates":[73.012696,19.104974]},"properties":{"id":"osm:way/661924838","name":"Reliance Hospital","category":"health","source":"osm","healthcare":"hospital"}},{"type":"Feature","geometry":{"type":"Point","coordinates":[72.833448,19.057384]},"properties":{"id":"osm:way/665481038","name":"K B Bhabha Municipal General Hospital","category":"health","source":"osm","healthcare":"hospital","phone":"+912226422775"}},{"type":"Feature","geometry":{"type":"Point","coordinates":[72.948659,19.171939]},"properties":{"id":"osm:way/665670055","name":"Aditi Hospital","category":"health","source":"osm"}},{"type":"Feature","geometry":{"type":"Point","coordinates":[72.95022,19.170925]},"properties":{"id":"osm:way/665670056","name":"Hira-Mongi Navneet Hospital","category":"health","source":"osm"}},{"type":"Feature","geometry":{"type":"Point","coordinates":[72.976884,19.184161]},"properties":{"id":"osm:way/680690375","name":"Aarogyam Multispeciality Hospital, Thane","category":"health","source":"osm","healthcare":"hospital"}},{"type":"Feature","geometry":{"type":"Point","coordinates":[72.97429,19.184912]},"properties":{"id":"osm:way/681030493","name":"Ankur Hospital","category":"health","source":"osm","healthcare":"hospital"}},{"type":"Feature","geometry":{"type":"Point","coordinates":[72.973319,19.180862]},"properties":{"id":"osm:way/682033023","name":"Ma Vaishnavi","category":"health","source":"osm","healthcare":"hospital"}},{"type":"Feature","geometry":{"type":"Point","coordinates":[72.974677,19.195167]},"properties":{"id":"osm:way/685841718","name":"Ashwini Maternity and Nursing Home","category":"health","source":"osm","healthcare":"hospital"}},{"type":"Feature","geometry":{"type":"Point","coordinates":[72.91424,19.130755]},"properties":{"id":"osm:way/723323008","name":"IIT Hospital","category":"health","source":"osm","healthcare":"hospital"}},{"type":"Feature","geometry":{"type":"Point","coordinates":[72.834781,18.963828]},"properties":{"id":"osm:way/803325198","name":"J. J. Hospital","category":"health","source":"osm","healthcare":"hospital","phone":"+912223735555"}},{"type":"Feature","geometry":{"type":"Point","coordinates":[73.015085,19.021456]},"properties":{"id":"osm:way/818665088","name":"Neurogen Hospital","category":"health","source":"osm","healthcare":"hospital"}},{"type":"Feature","geometry":{"type":"Point","coordinates":[72.813903,18.899433]},"properties":{"id":"osm:way/820951209","name":"School of Medical Assistants","category":"health","source":"osm","healthcare":"hospital"}},{"type":"Feature","geometry":{"type":"Point","coordinates":[72.83877,18.967537]},"properties":{"id":"osm:way/851756494","name":null,"category":"health","source":"osm","healthcare":"hospital"}},{"type":"Feature","geometry":{"type":"Point","coordinates":[72.97241,19.209587]},"properties":{"id":"osm:way/898024674","name":"Jupiter Hospital","category":"health","source":"osm","healthcare":"hospital"}},{"type":"Feature","geometry":{"type":"Point","coordinates":[72.961898,19.219922]},"properties":{"id":"osm:way/921285425","name":"Bethany Hospital","category":"health","source":"osm","healthcare":"hospital"}},{"type":"Feature","geometry":{"type":"Point","coordinates":[72.854358,19.166203]},"properties":{"id":"osm:way/924798584","name":"Yashada Maternity and Nursing Home","category":"health","source":"osm","healthcare":"hospital","healthcare:speciality":"maternity"}},{"type":"Feature","geometry":{"type":"Point","coordinates":[72.959648,19.211878]},"properties":{"id":"osm:way/928814532","name":null,"category":"health","source":"osm","healthcare":"hospital"}},{"type":"Feature","geometry":{"type":"Point","coordinates":[72.971547,19.229845]},"properties":{"id":"osm:way/930357881","name":null,"category":"health","source":"osm","healthcare":"hospital"}},{"type":"Feature","geometry":{"type":"Point","coordinates":[72.993617,19.21294]},"properties":{"id":"osm:way/946542572","name":"Thane COVID Hospital","category":"health","source":"osm","healthcare":"hospital"}},{"type":"Feature","geometry":{"type":"Point","coordinates":[72.962949,19.27174]},"properties":{"id":"osm:way/957214449","name":"Tieten Medicity","category":"health","source":"osm","healthcare":"hospital","healthcare:speciality":"general;chiropractic;psychiatry;emergency;cardiology;radiology;fertility"}},{"type":"Feature","geometry":{"type":"Point","coordinates":[72.891439,19.121167]},"properties":{"id":"osm:way/959572919","name":"Nirali A M Naik Charitable Health-Care Facility","category":"health","source":"osm"}},{"type":"Feature","geometry":{"type":"Point","coordinates":[72.957297,19.209594]},"properties":{"id":"osm:way/961924137","name":"TMC Lokmanya Kores Health Centre","category":"health","source":"osm","description":"Urban Health Centre","healthcare":"centre"}},{"type":"Feature","geometry":{"type":"Point","coordinates":[72.996815,19.201415]},"properties":{"id":"osm:way/965185608","name":null,"category":"health","source":"osm"}},{"type":"Feature","geometry":{"type":"Point","coordinates":[72.966186,19.224409]},"properties":{"id":"osm:way/996699754","name":"Prachi Hospital","category":"health","source":"osm"}},{"type":"Feature","geometry":{"type":"Point","coordinates":[72.965467,19.225942]},"properties":{"id":"osm:way/996699755","name":"Thane Ultrasound Centre","category":"health","source":"osm","healthcare":"hospital"}},{"type":"Feature","geometry":{"type":"Point","coordinates":[72.911156,19.047207]},"properties":{"id":"osm:way/1009229724","name":"Apollo Spectra Hospital","category":"health","source":"osm"}},{"type":"Feature","geometry":{"type":"Point","coordinates":[72.979607,19.223859]},"properties":{"id":"osm:way/1013529991","name":"Highland Speciality Hospital","category":"health","source":"osm"}},{"type":"Feature","geometry":{"type":"Point","coordinates":[72.874927,19.047085]},"properties":{"id":"osm:way/1052052198","name":"K.J. Somaiya Hospital and Research Centre","category":"health","source":"osm","healthcare":"hospital"}},{"type":"Feature","geometry":{"type":"Point","coordinates":[73.010544,19.093174]},"properties":{"id":"osm:way/1079698802","name":null,"category":"health","source":"osm","healthcare":"hospital"}},{"type":"Feature","geometry":{"type":"Point","coordinates":[72.852361,19.006805]},"properties":{"id":"osm:way/1120060026","name":"Municipal TB Hospital","category":"health","source":"osm"}},{"type":"Feature","geometry":{"type":"Point","coordinates":[72.863165,19.242299]},"properties":{"id":"osm:way/1120066176","name":null,"category":"health","source":"osm","healthcare":"hospital"}},{"type":"Feature","geometry":{"type":"Point","coordinates":[72.824078,18.970431]},"properties":{"id":"osm:way/1121494180","name":"Jagjivan Ram Hospital","category":"health","source":"osm","healthcare":"hospital","phone":"+91 22 6764 3224"}},{"type":"Feature","geometry":{"type":"Point","coordinates":[72.835378,19.11937]},"properties":{"id":"osm:way/1123412924","name":"Khubchandani Hospital","category":"health","source":"osm"}},{"type":"Feature","geometry":{"type":"Point","coordinates":[72.934618,19.112127]},"properties":{"id":"osm:way/1123726002","name":"Shushrusha Hospital","category":"health","source":"osm"}},{"type":"Feature","geometry":{"type":"Point","coordinates":[72.889446,19.056571]},"properties":{"id":"osm:way/1126997792","name":"Sushrut Hospital and Research Centre","category":"health","source":"osm"}},{"type":"Feature","geometry":{"type":"Point","coordinates":[72.919015,19.062998]},"properties":{"id":"osm:way/1127318871","name":"Shivaji Nagar Muncipal Hospital","category":"health","source":"osm"}},{"type":"Feature","geometry":{"type":"Point","coordinates":[72.852677,19.05949]},"properties":{"id":"osm:way/1149824759","name":"Guru Nanak Hospital","category":"health","source":"osm","healthcare":"hospital"}},{"type":"Feature","geometry":{"type":"Point","coordinates":[72.997483,19.15657]},"properties":{"id":"osm:way/1153426971","name":null,"category":"health","source":"osm","healthcare":"hospital"}},{"type":"Feature","geometry":{"type":"Point","coordinates":[72.862899,19.309481]},"properties":{"id":"osm:way/1153427364","name":null,"category":"health","source":"osm","healthcare":"hospital"}},{"type":"Feature","geometry":{"type":"Point","coordinates":[72.986268,19.153443]},"properties":{"id":"osm:way/1153427862","name":null,"category":"health","source":"osm","healthcare":"hospital"}},{"type":"Feature","geometry":{"type":"Point","coordinates":[72.965525,19.188143]},"properties":{"id":"osm:way/1153428142","name":null,"category":"health","source":"osm","healthcare":"hospital"}},{"type":"Feature","geometry":{"type":"Point","coordinates":[72.805623,18.968823]},"properties":{"id":"osm:way/1159753733","name":"The B.D.Petit Parsee General Hospital","category":"health","source":"osm","healthcare":"hospital"}},{"type":"Feature","geometry":{"type":"Point","coordinates":[72.851597,19.208659]},"properties":{"id":"osm:way/1170399169","name":"Dr.Babasaheb Ambedkar Bmc General Hospital","category":"health","source":"osm","healthcare":"hospital"}},{"type":"Feature","geometry":{"type":"Point","coordinates":[72.84984,19.043434]},"properties":{"id":"osm:way/1186783958","name":"Ayurseva Hospital","category":"health","source":"osm"}},{"type":"Feature","geometry":{"type":"Point","coordinates":[72.818197,19.207133]},"properties":{"id":"osm:way/1219694090","name":"Lifelline","category":"health","source":"osm","healthcare":"hospital"}},{"type":"Feature","geometry":{"type":"Point","coordinates":[72.868549,19.278933]},"properties":{"id":"osm:way/1223708198","name":null,"category":"health","source":"osm","healthcare":"hospital"}},{"type":"Feature","geometry":{"type":"Point","coordinates":[72.830653,19.069402]},"properties":{"id":"osm:way/1227680040","name":"Women's Hospital","category":"health","source":"osm","operator":"Dr. Rakesh Sinha","healthcare":"hospital"}},{"type":"Feature","geometry":{"type":"Point","coordinates":[72.921586,19.079542]},"properties":{"id":"osm:way/1247980197","name":"jansava hospital","category":"health","source":"osm","healthcare":"hospital","healthcare:speciality":"emergency"}},{"type":"Feature","geometry":{"type":"Point","coordinates":[72.814935,18.900289]},"properties":{"id":"osm:way/1288781456","name":"INHS Asvini Naval Hospital","category":"health","source":"osm","healthcare":"hospital"}},{"type":"Feature","geometry":{"type":"Point","coordinates":[72.835579,18.974605]},"properties":{"id":"osm:way/1289053364","name":"Masina Hospital","category":"health","source":"osm","healthcare":"hospital","healthcare:speciality":"gynaecology;orthopaedics;plastic_surgery;psychiatry;paediatrics;oncology"}},{"type":"Feature","geometry":{"type":"Point","coordinates":[72.823965,18.97521]},"properties":{"id":"osm:way/1289063015","name":"Wockhardt Hospitals, South Mumbai","category":"health","source":"osm","healthcare":"hospital"}},{"type":"Feature","geometry":{"type":"Point","coordinates":[72.812798,18.979096]},"properties":{"id":"osm:way/1289073489","name":"NH SRCC Children's Hospital","category":"health","source":"osm"}},{"type":"Feature","geometry":{"type":"Point","coordinates":[72.90677,19.090163]},"properties":{"id":"osm:way/1291729684","name":"Sarvodaya Hospital","category":"health","source":"osm","healthcare":"hospital"}},{"type":"Feature","geometry":{"type":"Point","coordinates":[72.845704,18.970277]},"properties":{"id":"osm:way/1329415478","name":"Head And Neck Cancer Institute Of India","category":"health","source":"osm","healthcare":"hospital"}},{"type":"Feature","geometry":{"type":"Point","coordinates":[72.819154,19.185437]},"properties":{"id":"osm:way/1349894554","name":"Government Hospita","category":"health","source":"osm","healthcare":"hospital"}},{"type":"Feature","geometry":{"type":"Point","coordinates":[73.000342,19.087218]},"properties":{"id":"osm:way/1360696541","name":"JUHUGAON NMMC","category":"health","source":"osm","healthcare":"hospital"}},{"type":"Feature","geometry":{"type":"Point","coordinates":[72.942471,19.174553]},"properties":{"id":"osm:way/1378841925","name":"Upasani Super Speciality Hospital","category":"health","source":"osm","opening_hours":"Mo-Sa 12:00-13:30,18:00-19:00","wheelchair":"no","phone":"+91 74004 00914"}},{"type":"Feature","geometry":{"type":"Point","coordinates":[72.900901,19.08321]},"properties":{"id":"osm:way/1389644043","name":"Dr. Dadia's Office","category":"health","source":"osm","operator":"Dr. Arvind A. Dadia","healthcare":"doctor"}},{"type":"Feature","geometry":{"type":"Point","coordinates":[72.860912,19.06525]},"properties":{"id":"osm:way/1410330978","name":"Asian","category":"health","source":"osm","healthcare":"hospital"}},{"type":"Feature","geometry":{"type":"Point","coordinates":[72.823198,18.988639]},"properties":{"id":"osm:way/1411712168","name":"King George V Infimary","category":"health","source":"osm","healthcare":"hospital"}},{"type":"Feature","geometry":{"type":"Point","coordinates":[72.858231,19.034845]},"properties":{"id":"osm:way/1413471846","name":"Sion Hospital","category":"health","source":"osm","healthcare":"hospital"}},{"type":"Feature","geometry":{"type":"Point","coordinates":[72.845098,19.078736]},"properties":{"id":"osm:way/1442093565","name":"V.N. Desai Hospital","category":"health","source":"osm","operator":"BMC","healthcare":"hospital"}},{"type":"Feature","geometry":{"type":"Point","coordinates":[72.839498,19.083444]},"properties":{"id":"osm:way/1447315313","name":"Mangal nursing home","category":"health","source":"osm","description":"it is a nursing home","healthcare":"hospital","healthcare:speciality":"general"}},{"type":"Feature","geometry":{"type":"Point","coordinates":[72.842043,19.110518]},"properties":{"id":"osm:way/1451543691","name":"hehehe","category":"health","source":"osm","operator":"wert","healthcare":"hospital","healthcare:speciality":"general;psychiatry"}},{"type":"Feature","geometry":{"type":"Point","coordinates":[72.916705,19.063664]},"properties":{"id":"osm:way/1457969601","name":null,"category":"health","source":"osm","healthcare":"clinic"}},{"type":"Feature","geometry":{"type":"Point","coordinates":[72.864525,19.278265]},"properties":{"id":"osm:way/1459813923","name":"Sheth P.V. Doshi Hospital","category":"health","source":"osm","operator":"BhaktiVedanta","healthcare":"hospital","healthcare:speciality":"paediatrics;gynaecology;physiatry;dental_oral_maxillo_facial_surgery;dermatology;ophthalmology;orthopaedics;dentistry;ayurveda;homeopathy;urology;pain_specialist;pathology;x-ray;sonography"}},{"type":"Feature","geometry":{"type":"Point","coordinates":[72.837817,19.023357]},"properties":{"id":"osm:way/1471965392","name":"Shushrusha Citizens Co-Op Hospital Ltd.","category":"health","source":"osm","healthcare":"hospital"}}]}