{"type":"FeatureCollection","attribution":"© OpenStreetMap contributors (ODbL) · MCGM public toilet data via data.opencity.in (public domain)","generated":"2026-09-16T10:42:18.586Z","bbox":"18.87,72.77,19.32,73.02","features":[{"type":"Feature","geometry":{"type":"Point","coordinates":[72.912069,19.069875]},"properties":{"id":"osm:node/2930715743","name":"NANA-NANI PARK","category":"park","subtype":"leisure=park","source":"osm"}},{"type":"Feature","geometry":{"type":"Point","coordinates":[72.911519,19.043018]},"properties":{"id":"osm:node/2930724471","name":"drd park","category":"park","subtype":"leisure=park","source":"osm"}},{"type":"Feature","geometry":{"type":"Point","coordinates":[72.8299,18.951225]},"properties":{"id":"osm:node/2930734687","name":"green park","category":"park","subtype":"leisure=park","source":"osm"}},{"type":"Feature","geometry":{"type":"Point","coordinates":[72.839742,18.949838]},"properties":{"id":"osm:node/3202779969","name":"SK Nizam Park","category":"park","subtype":"leisure=park","source":"osm"}},{"type":"Feature","geometry":{"type":"Point","coordinates":[72.862809,19.019633]},"properties":{"id":"osm:node/3202928822","name":"santi park","category":"park","subtype":"leisure=park","source":"osm"}},{"type":"Feature","geometry":{"type":"Point","coordinates":[72.946651,19.040096]},"properties":{"id":"osm:node/3204193998","name":"sam","category":"park","subtype":"leisure=park","source":"osm"}},{"type":"Feature","geometry":{"type":"Point","coordinates":[72.913994,19.078687]},"properties":{"id":"osm:node/3205959678","name":"children park","category":"park","subtype":"leisure=park","source":"osm"}},{"type":"Feature","geometry":{"type":"Point","coordinates":[72.933657,19.04504]},"properties":{"id":"osm:node/3213753014","name":"unity park","category":"park","subtype":"leisure=park","source":"osm"}},{"type":"Feature","geometry":{"type":"Point","coordinates":[72.891464,19.050341]},"properties":{"id":"osm:node/3213866932","name":"sng paark","category":"park","subtype":"leisure=park","source":"osm"}},{"type":"Feature","geometry":{"type":"Point","coordinates":[72.814562,18.967142]},"properties":{"id":"osm:node/3420965905","name":null,"category":"park","subtype":"leisure=park","source":"osm"}},{"type":"Feature","geometry":{"type":"Point","coordinates":[72.867605,19.172638]},"properties":{"id":"osm:node/3469153682","name":"Ganesh Maidan","category":"park","subtype":"leisure=park","source":"osm"}},{"type":"Feature","geometry":{"type":"Point","coordinates":[72.817777,19.216252]},"properties":{"id":"osm:node/3670196832","name":"Joggers Park","category":"park","subtype":"leisure=park","source":"osm"}},{"type":"Feature","geometry":{"type":"Point","coordinates":[72.863634,19.171596]},"properties":{"id":"osm:node/4607431886","name":"oberoi exquisite garden","category":"park","subtype":"leisure=garden","source":"osm","access":"permissive"}},{"type":"Feature","geometry":{"type":"Point","coordinates":[72.849708,19.298735]},"properties":{"id":"osm:node/4634267531","name":null,"category":"park","subtype":"leisure=park","source":"osm"}},{"type":"Feature","geometry":{"type":"Point","coordinates":[73.015363,19.003877]},"properties":{"id":"osm:node/4637508138","name":"Entrance Point to Park","category":"park","subtype":"leisure=park","source":"osm"}},{"type":"Feature","geometry":{"type":"Point","coordinates":[73.016626,19.006053]},"properties":{"id":"osm:node/4957102447","name":"Entrance","category":"park","subtype":"leisure=garden","source":"osm"}},{"type":"Feature","geometry":{"type":"Point","coordinates":[73.016768,19.005738]},"properties":{"id":"osm:node/4957109572","name":"Entrance","category":"park","subtype":"leisure=garden","source":"osm"}},{"type":"Feature","geometry":{"type":"Point","coordinates":[72.965114,19.236941]},"properties":{"id":"osm:node/5076462729","name":"Butterfly Garden बटरफ्लाय गार्डन","category":"park","subtype":"leisure=garden","source":"osm","fee":"no","access":"yes","operator":"TMC"}},{"type":"Feature","geometry":{"type":"Point","coordinates":[72.963858,19.238071]},"properties":{"id":"osm:node/5076468682","name":"Manpada Forest Bird Watching Zone","category":"park","subtype":"leisure=garden","source":"osm"}},{"type":"Feature","geometry":{"type":"Point","coordinates":[72.830477,18.924655]},"properties":{"id":"osm:node/5330860952","name":"Sabina Chandrashekhar Memorial Municipal Garden and Playground","category":"park","subtype":"leisure=park","source":"osm"}},{"type":"Feature","geometry":{"type":"Point","coordinates":[72.975574,19.202469]},"properties":{"id":"osm:node/5394830056","name":"Bramhala Lake Garden","category":"park","subtype":"leisure=garden","source":"osm"}},{"type":"Feature","geometry":{"type":"Point","coordinates":[72.878231,19.275396]},"properties":{"id":"osm:node/5571944588","name":"PV Park","category":"park","subtype":"leisure=park","source":"osm"}},{"type":"Feature","geometry":{"type":"Point","coordinates":[72.848145,19.135202]},"properties":{"id":"osm:node/6881057802","name":"Manas Serological Institute Blood Bank","category":"park","subtype":"leisure=park","source":"osm","opening_hours":"24/7"}},{"type":"Feature","geometry":{"type":"Point","coordinates":[72.950308,19.166501]},"properties":{"id":"osm:node/7053336613","name":"Suyog Hospital and Iccu","category":"park","subtype":"leisure=park","source":"osm"}},{"type":"Feature","geometry":{"type":"Point","coordinates":[72.94113,19.153119]},"properties":{"id":"osm:node/7072544641","name":"Lotus Multispeciality Hospital","category":"park","subtype":"leisure=park","source":"osm","healthcare:speciality":"multi"}},{"type":"Feature","geometry":{"type":"Point","coordinates":[72.869612,19.210032]},"properties":{"id":"osm:node/7429146813","name":"Main Garden","category":"park","subtype":"leisure=park","source":"osm"}},{"type":"Feature","geometry":{"type":"Point","coordinates":[72.875634,19.198382]},"properties":{"id":"osm:node/7577104296","name":"Vilasrao  Deshmukh Park","category":"park","subtype":"leisure=park","source":"osm"}},{"type":"Feature","geometry":{"type":"Point","coordinates":[72.843248,19.218009]},"properties":{"id":"osm:node/7667165182","name":"BMC Park","category":"park","subtype":"leisure=park","source":"osm","opening_hours":"24/7"}},{"type":"Feature","geometry":{"type":"Point","coordinates":[72.842205,19.133388]},"properties":{"id":"osm:node/7883866558","name":null,"category":"park","subtype":"leisure=park","source":"osm"}},{"type":"Feature","geometry":{"type":"Point","coordinates":[72.910715,19.080733]},"properties":{"id":"osm:node/8036002541","name":"Odeon Garden","category":"park","subtype":"leisure=park","source":"osm","opening_hours":"Mo-Su 06:30-11:30,16:00-23:00"}},{"type":"Feature","geometry":{"type":"Point","coordinates":[72.861415,19.080562]},"properties":{"id":"osm:node/8202732141","name":"Kalina University Campus Park","category":"park","subtype":"leisure=park","source":"osm","opening_hours":"Mo-Sa 08:00-18:00","operator":"Mumbai University"}},{"type":"Feature","geometry":{"type":"Point","coordinates":[72.857037,19.189328]},"properties":{"id":"osm:node/8451880901","name":"pradhnya ground","category":"park","subtype":"leisure=park","source":"osm","opening_hours":"24/7"}},{"type":"Feature","geometry":{"type":"Point","coordinates":[72.982431,19.182095]},"properties":{"id":"osm:node/8845749488","name":null,"category":"park","subtype":"leisure=park","source":"osm","description":"Dead tree"}},{"type":"Feature","geometry":{"type":"Point","coordinates":[72.853448,19.175751]},"properties":{"id":"osm:node/8938995268","name":"Giri pushpa Park","category":"park","subtype":"leisure=park","source":"osm"}},{"type":"Feature","geometry":{"type":"Point","coordinates":[72.886279,19.152646]},"properties":{"id":"osm:node/9027183278","name":"Ruby Isle Garden","category":"park","subtype":"leisure=park","source":"osm","opening_hours":"Mo-Su 09:00-21:00","operator":"Ruby Isle CHS"}},{"type":"Feature","geometry":{"type":"Point","coordinates":[72.97151,19.18842]},"properties":{"id":"osm:node/9263972962","name":"Green Park","category":"park","subtype":"leisure=park","source":"osm","opening_hours":"Mo-Su 09:00-21:00","phone":"+91 7711807070"}},{"type":"Feature","geometry":{"type":"Point","coordinates":[72.841109,19.223268]},"properties":{"id":"osm:node/9352651127","name":null,"category":"park","subtype":"leisure=park","source":"osm"}},{"type":"Feature","geometry":{"type":"Point","coordinates":[72.864726,19.244013]},"properties":{"id":"osm:node/9387704852","name":"aditya thakrey","category":"park","subtype":"leisure=park","source":"osm","operator":"udhesh patekar"}},{"type":"Feature","geometry":{"type":"Point","coordinates":[72.855391,19.3136]},"properties":{"id":"osm:node/9443681097","name":"pramod mahajan park","category":"park","subtype":"leisure=park","source":"osm"}},{"type":"Feature","geometry":{"type":"Point","coordinates":[72.847179,19.165181]},"properties":{"id":"osm:node/9510034192","name":"B.R. Ambedkar park","category":"park","subtype":"leisure=park","source":"osm","opening_hours":"Mo-Su 09:00-21:00","operator":"BMC"}},{"type":"Feature","geometry":{"type":"Point","coordinates":[72.97403,19.19023]},"properties":{"id":"osm:node/9520849507","name":null,"category":"park","subtype":"leisure=park","source":"osm","opening_hours":"Mo-Su 09:00-21:00"}},{"type":"Feature","geometry":{"type":"Point","coordinates":[72.866148,19.077362]},"properties":{"id":"osm:node/9543574917","name":"Sunder Nagar Garden","category":"park","subtype":"leisure=park","source":"osm","opening_hours":"2hrs","description":"Garden"}},{"type":"Feature","geometry":{"type":"Point","coordinates":[72.945713,19.229217]},"properties":{"id":"osm:node/9634917442","name":null,"category":"park","subtype":"leisure=park","source":"osm"}},{"type":"Feature","geometry":{"type":"Point","coordinates":[72.855631,19.026898]},"properties":{"id":"osm:node/9715925017","name":"Kings Circle","category":"park","subtype":"leisure=garden","source":"osm"}},{"type":"Feature","geometry":{"type":"Point","coordinates":[72.865253,19.02277]},"properties":{"id":"osm:node/9863208551","name":null,"category":"park","subtype":"leisure=park","source":"osm"}},{"type":"Feature","geometry":{"type":"Point","coordinates":[72.82727,18.955585]},"properties":{"id":"osm:node/9918840782","name":null,"category":"park","subtype":"leisure=park","source":"osm"}},{"type":"Feature","geometry":{"type":"Point","coordinates":[72.872556,19.149235]},"properties":{"id":"osm:node/10199162870","name":null,"category":"park","subtype":"leisure=park","source":"osm"}},{"type":"Feature","geometry":{"type":"Point","coordinates":[72.856027,19.135873]},"properties":{"id":"osm:node/10268915662","name":"rajaram garden","category":"park","subtype":"leisure=park","source":"osm"}},{"type":"Feature","geometry":{"type":"Point","coordinates":[72.989497,19.126805]},"properties":{"id":"osm:node/10273652281","name":null,"category":"park","subtype":"leisure=park","source":"osm"}},{"type":"Feature","geometry":{"type":"Point","coordinates":[72.859851,19.2602]},"properties":{"id":"osm:node/10282425056","name":"western park","category":"park","subtype":"leisure=park","source":"osm","opening_hours":"10:00-22:00","operator":"shrinarayan pal","description":"this park  only  for  child and their  parents. Student  are  not  alloewd  in this  park."}},{"type":"Feature","geometry":{"type":"Point","coordinates":[72.857502,19.309156]},"properties":{"id":"osm:node/10566668320","name":"muncipal park","category":"park","subtype":"leisure=park","source":"osm"}},{"type":"Feature","geometry":{"type":"Point","coordinates":[72.840422,19.226246]},"properties":{"id":"osm:node/10604226971","name":null,"category":"park","subtype":"leisure=garden","source":"osm"}},{"type":"Feature","geometry":{"type":"Point","coordinates":[72.856497,19.307472]},"properties":{"id":"osm:node/10656736175","name":"JP GROUND","category":"park","subtype":"leisure=park","source":"osm"}},{"type":"Feature","geometry":{"type":"Point","coordinates":[72.983455,19.276634]},"properties":{"id":"osm:node/10666159793","name":"hiranandani nana nani park","category":"park","subtype":"leisure=park","source":"osm","opening_hours":"Mo-Sa 08:00-18:00","operator":"kaushal"}},{"type":"Feature","geometry":{"type":"Point","coordinates":[72.989913,19.16038]},"properties":{"id":"osm:node/10951466307","name":"Airoli Sector 19-20 Garden","category":"park","subtype":"leisure=park","source":"osm","opening_hours":"24/7"}},{"type":"Feature","geometry":{"type":"Point","coordinates":[72.983633,19.24472]},"properties":{"id":"osm:node/11039995019","name":"Bramhand Phase 5","category":"park","subtype":"leisure=park","source":"osm","opening_hours":"24/7","operator":"TMC"}},{"type":"Feature","geometry":{"type":"Point","coordinates":[73.004484,19.115098]},"properties":{"id":"osm:node/11095249383","name":"Gandhi Park","category":"park","subtype":"leisure=park","source":"osm","opening_hours":"Mo-Su 09:00-23:00"}},{"type":"Feature","geometry":{"type":"Point","coordinates":[72.817397,19.023352]},"properties":{"id":"osm:node/11145832790","name":null,"category":"park","subtype":"leisure=park","source":"osm"}},{"type":"Feature","geometry":{"type":"Point","coordinates":[72.86394,19.107091]},"properties":{"id":"osm:node/11176138118","name":"sbi","category":"park","subtype":"leisure=park","source":"osm"}},{"type":"Feature","geometry":{"type":"Point","coordinates":[72.863956,19.106756]},"properties":{"id":"osm:node/11182699703","name":"nana nani park","category":"park","subtype":"leisure=park","source":"osm","operator":"altaf"}},{"type":"Feature","geometry":{"type":"Point","coordinates":[72.88312,19.092454]},"properties":{"id":"osm:node/11217402650","name":"bialbazzar","category":"park","subtype":"leisure=park","source":"osm","opening_hours":"Mo-Fr 09:00-18:00","access":"yes","operator":"bustop","description":"sid"}},{"type":"Feature","geometry":{"type":"Point","coordinates":[72.870865,19.274581]},"properties":{"id":"osm:node/11350364145","name":null,"category":"park","subtype":"leisure=park","source":"osm"}},{"type":"Feature","geometry":{"type":"Point","coordinates":[72.850995,19.12163]},"properties":{"id":"osm:node/11389401162","name":"chanai park","category":"park","subtype":"leisure=park","source":"osm"}},{"type":"Feature","geometry":{"type":"Point","coordinates":[72.834918,19.195149]},"properties":{"id":"osm:node/11389441847","name":"FR.JUSTIN DSOUZA GROUND","category":"park","subtype":"leisure=park","source":"osm"}},{"type":"Feature","geometry":{"type":"Point","coordinates":[72.841521,19.194279]},"properties":{"id":"osm:node/11389455768","name":"FR.JUSTIN DSOUZA GROUND","category":"park","subtype":"leisure=park","source":"osm"}},{"type":"Feature","geometry":{"type":"Point","coordinates":[72.807147,18.969623]},"properties":{"id":"osm:node/11394085300","name":"Central Lawn","category":"park","subtype":"leisure=park","source":"osm","opening_hours":"Mo-Su 09:00-21:00","operator":"Sophia College"}},{"type":"Feature","geometry":{"type":"Point","coordinates":[72.973052,19.240376]},"properties":{"id":"osm:node/11402213905","name":null,"category":"park","subtype":"leisure=park","source":"osm","opening_hours":"24/7","access":"permissive"}},{"type":"Feature","geometry":{"type":"Point","coordinates":[72.995989,19.070369]},"properties":{"id":"osm:node/11422181453","name":null,"category":"park","subtype":"leisure=park","source":"osm"}},{"type":"Feature","geometry":{"type":"Point","coordinates":[72.996045,19.070435]},"properties":{"id":"osm:node/11422181454","name":"jijamata udyan","category":"park","subtype":"leisure=park","source":"osm","opening_hours":"Mo-Su 10:00-21:00","operator":"ilsa"}},{"type":"Feature","geometry":{"type":"Point","coordinates":[72.836669,19.026769]},"properties":{"id":"osm:node/11430420743","name":"Shivaji Park","category":"park","subtype":"leisure=park","source":"osm","opening_hours":"Mo-Sa 08:00-18:00","access":"yes","operator":"BMC"}},{"type":"Feature","geometry":{"type":"Point","coordinates":[72.826118,19.134037]},"properties":{"id":"osm:node/11430476639","name":"svp garden","category":"park","subtype":"leisure=park","source":"osm","opening_hours":"Mo-Su 09:00-21:00","access":"yes","operator":"bmc"}},{"type":"Feature","geometry":{"type":"Point","coordinates":[72.83538,19.026634]},"properties":{"id":"osm:node/11451948926","name":"Veer Baji Prabhu Udyan","category":"park","subtype":"leisure=park","source":"osm"}},{"type":"Feature","geometry":{"type":"Point","coordinates":[72.845971,19.218561]},"properties":{"id":"osm:node/11545738331","name":"sai garden","category":"park","subtype":"leisure=park","source":"osm","opening_hours":"Mo-Su 09:00-21:00"}},{"type":"Feature","geometry":{"type":"Point","coordinates":[72.887456,19.097697]},"properties":{"id":"osm:node/11580475271","name":"gandi park","category":"park","subtype":"leisure=park","source":"osm"}},{"type":"Feature","geometry":{"type":"Point","coordinates":[72.860991,19.283627]},"properties":{"id":"osm:node/11593546305","name":"green garedne","category":"park","subtype":"leisure=park","source":"osm","opening_hours":"Mo-Su 08:00-22:00","operator":"naya nagar palika"}},{"type":"Feature","geometry":{"type":"Point","coordinates":[72.918545,19.124554]},"properties":{"id":"osm:node/11617192265","name":"sharma park","category":"park","subtype":"leisure=park","source":"osm"}},{"type":"Feature","geometry":{"type":"Point","coordinates":[72.913202,19.119148]},"properties":{"id":"osm:node/11617862179","name":"olympia gardern","category":"park","subtype":"leisure=garden","source":"osm","opening_hours":"Mo-Fr 09:00-17:00","fee":"no","access":"private","operator":"yerevan heights"}},{"type":"Feature","geometry":{"type":"Point","coordinates":[72.903349,19.119804]},"properties":{"id":"osm:node/11697785011","name":"Powai Lake Garden","category":"park","subtype":"leisure=garden","source":"osm"}},{"type":"Feature","geometry":{"type":"Point","coordinates":[72.902975,19.117108]},"properties":{"id":"osm:node/11698035536","name":"Powai Vihar Park","category":"park","subtype":"leisure=park","source":"osm"}},{"type":"Feature","geometry":{"type":"Point","coordinates":[72.896101,19.11288]},"properties":{"id":"osm:node/11698040029","name":"Chandivali Mhada MCGM Garden","category":"park","subtype":"leisure=garden","source":"osm"}},{"type":"Feature","geometry":{"type":"Point","coordinates":[72.89652,19.113654]},"properties":{"id":"osm:node/11698050929","name":"Elder's Park","category":"park","subtype":"leisure=park","source":"osm"}},{"type":"Feature","geometry":{"type":"Point","coordinates":[72.911816,19.122422]},"properties":{"id":"osm:node/11698053163","name":"Nirvana Park","category":"park","subtype":"leisure=park","source":"osm"}},{"type":"Feature","geometry":{"type":"Point","coordinates":[72.911558,19.122574]},"properties":{"id":"osm:node/11698053164","name":"Calisthenics Park","category":"park","subtype":"leisure=park","source":"osm"}},{"type":"Feature","geometry":{"type":"Point","coordinates":[72.906548,19.119439]},"properties":{"id":"osm:node/11698060710","name":"Hiranandani Gardens","category":"park","subtype":"leisure=garden","source":"osm"}},{"type":"Feature","geometry":{"type":"Point","coordinates":[72.927981,19.030644]},"properties":{"id":"osm:node/11716428198","name":null,"category":"park","subtype":"leisure=park","source":"osm"}},{"type":"Feature","geometry":{"type":"Point","coordinates":[72.930134,19.036166]},"properties":{"id":"osm:node/11716428201","name":null,"category":"park","subtype":"leisure=park","source":"osm"}},{"type":"Feature","geometry":{"type":"Point","coordinates":[72.919207,19.038357]},"properties":{"id":"osm:node/11716428215","name":"Kailash Park","category":"park","subtype":"leisure=park","source":"osm"}},{"type":"Feature","geometry":{"type":"Point","coordinates":[72.918407,19.039306]},"properties":{"id":"osm:node/11716428219","name":"Mandakini parks","category":"park","subtype":"leisure=park","source":"osm"}},{"type":"Feature","geometry":{"type":"Point","coordinates":[72.918424,19.039939]},"properties":{"id":"osm:node/11716428221","name":null,"category":"park","subtype":"leisure=park","source":"osm"}},{"type":"Feature","geometry":{"type":"Point","coordinates":[72.916073,19.039421]},"properties":{"id":"osm:node/11716428229","name":null,"category":"park","subtype":"leisure=park","source":"osm"}},{"type":"Feature","geometry":{"type":"Point","coordinates":[72.914972,19.040368]},"properties":{"id":"osm:node/11716428231","name":null,"category":"park","subtype":"leisure=park","source":"osm"}},{"type":"Feature","geometry":{"type":"Point","coordinates":[72.915704,19.040681]},"properties":{"id":"osm:node/11716428232","name":null,"category":"park","subtype":"leisure=park","source":"osm"}},{"type":"Feature","geometry":{"type":"Point","coordinates":[72.914201,19.040112]},"properties":{"id":"osm:node/11716428234","name":null,"category":"park","subtype":"leisure=park","source":"osm"}},{"type":"Feature","geometry":{"type":"Point","coordinates":[72.86323,19.177716]},"properties":{"id":"osm:node/11915121006","name":"Pathanwadi Muncipal Park","category":"park","subtype":"leisure=park","source":"osm"}},{"type":"Feature","geometry":{"type":"Point","coordinates":[72.907435,19.298392]},"properties":{"id":"osm:node/12118365999","name":"SGNP: Nagla Block","category":"park","subtype":"leisure=park","source":"osm","opening_hours":"Mo-Su 05:00-19:00","operator":"Maharashtra Forest Department","description":"Below 12yo - 50 INR\nAbove 12yo - 94 INR"}},{"type":"Feature","geometry":{"type":"Point","coordinates":[72.827136,18.97578]},"properties":{"id":"osm:node/12129177281","name":null,"category":"park","subtype":"leisure=park","source":"osm"}},{"type":"Feature","geometry":{"type":"Point","coordinates":[72.822884,18.969782]},"properties":{"id":"osm:node/12129177282","name":null,"category":"park","subtype":"leisure=park","source":"osm"}},{"type":"Feature","geometry":{"type":"Point","coordinates":[72.886451,19.10158]},"properties":{"id":"osm:node/12222194221","name":null,"category":"park","subtype":"leisure=park","source":"osm","opening_hours":"Mo-Su 09:00-21:00","operator":"FOREST"}},{"type":"Feature","geometry":{"type":"Point","coordinates":[72.984596,19.256989]},"properties":{"id":"osm:node/12238341882","name":"Children's Garden","category":"park","subtype":"leisure=park","source":"osm","opening_hours":"Mo-Su 09:00-18:00"}},{"type":"Feature","geometry":{"type":"Point","coordinates":[72.862433,19.145173]},"properties":{"id":"osm:node/12394169110","name":"Indian School of Calisthenics Park","category":"park","subtype":"leisure=park","source":"osm","opening_hours":"06:00 am- 10:00 am, 05:00 pm -10:00 pm (Monday to Saturday)","operator":"ISC","description":"Indian School of Calisthenics (ISC) in Goregaon, Mumbai – your gateway to innovative Calisthenics and Fitness training.","phone":"7710944547"}},{"type":"Feature","geometry":{"type":"Point","coordinates":[72.839876,19.22524]},"properties":{"id":"osm:node/12400166321","name":"butterfly garden","category":"park","subtype":"leisure=park","source":"osm","opening_hours":"Mo-Su 09:00-21:00","access":"yes"}},{"type":"Feature","geometry":{"type":"Point","coordinates":[72.842984,19.074843]},"properties":{"id":"osm:node/12415461271","name":"NSm park","category":"park","subtype":"leisure=park","source":"osm","opening_hours":"Mo-Sa 08:00-18:00"}},{"type":"Feature","geometry":{"type":"Point","coordinates":[72.826861,18.967833]},"properties":{"id":"osm:node/12483993342","name":"sadiya","category":"park","subtype":"leisure=park","source":"osm"}},{"type":"Feature","geometry":{"type":"Point","coordinates":[72.826674,18.96782]},"properties":{"id":"osm:node/12535576373","name":null,"category":"park","subtype":"leisure=park","source":"osm"}},{"type":"Feature","geometry":{"type":"Point","coordinates":[72.847434,19.134966]},"properties":{"id":"osm:node/12536558507","name":"jogeshwari park","category":"park","subtype":"leisure=park","source":"osm"}},{"type":"Feature","geometry":{"type":"Point","coordinates":[72.848048,19.134271]},"properties":{"id":"osm:node/12536558508","name":"jogeshwari park","category":"park","subtype":"leisure=park","source":"osm"}},{"type":"Feature","geometry":{"type":"Point","coordinates":[72.855383,19.304437]},"properties":{"id":"osm:node/12545681152","name":"Park","category":"park","subtype":"leisure=park","source":"osm","operator":"local"}},{"type":"Feature","geometry":{"type":"Point","coordinates":[72.854226,19.308155]},"properties":{"id":"osm:node/12545700253","name":"Veer savarker garden","category":"park","subtype":"leisure=park","source":"osm","operator":"local"}},{"type":"Feature","geometry":{"type":"Point","coordinates":[72.97934,19.258548]},"properties":{"id":"osm:node/12548067913","name":null,"category":"park","subtype":"leisure=park","source":"osm"}},{"type":"Feature","geometry":{"type":"Point","coordinates":[72.984041,19.256499]},"properties":{"id":"osm:node/12548067914","name":"Reserved Park next to Fortuna","category":"park","subtype":"leisure=park","source":"osm","opening_hours":"Mo-Fr 08:00-18:00"}},{"type":"Feature","geometry":{"type":"Point","coordinates":[72.853942,19.308189]},"properties":{"id":"osm:node/12549082344","name":"Garden","category":"park","subtype":"leisure=park","source":"osm","operator":"local"}},{"type":"Feature","geometry":{"type":"Point","coordinates":[72.862576,19.211112]},"properties":{"id":"osm:node/12551160030","name":"KGG","category":"park","subtype":"leisure=park","source":"osm"}},{"type":"Feature","geometry":{"type":"Point","coordinates":[72.933593,19.24673]},"properties":{"id":"osm:node/12553306857","name":"village park","category":"park","subtype":"leisure=park","source":"osm","opening_hours":"Mo-Su 09:00-21:00"}},{"type":"Feature","geometry":{"type":"Point","coordinates":[72.84816,18.998408]},"properties":{"id":"osm:node/12555154639","name":null,"category":"park","subtype":"leisure=park","source":"osm"}},{"type":"Feature","geometry":{"type":"Point","coordinates":[72.824627,18.972147]},"properties":{"id":"osm:node/12555158943","name":"YMCA Ground","category":"park","subtype":"leisure=park","source":"osm","opening_hours":"Mo-Su 09:00-21:00","access":"permissive","operator":"rakesh"}},{"type":"Feature","geometry":{"type":"Point","coordinates":[72.839251,19.202608]},"properties":{"id":"osm:node/12556903121","name":null,"category":"park","subtype":"leisure=park","source":"osm"}},{"type":"Feature","geometry":{"type":"Point","coordinates":[72.839008,19.202918]},"properties":{"id":"osm:node/12556903122","name":"Vijay Park","category":"park","subtype":"leisure=park","source":"osm","opening_hours":"Mo-Sa 08:00-18:00"}},{"type":"Feature","geometry":{"type":"Point","coordinates":[72.872361,19.060706]},"properties":{"id":"osm:node/12558331702","name":"sasuri aden park","category":"park","subtype":"leisure=park","source":"osm","opening_hours":"Mo-Fr 09:00-17:00","operator":"play ground"}},{"type":"Feature","geometry":{"type":"Point","coordinates":[72.820525,18.969718]},"properties":{"id":"osm:node/12564732270","name":"kalingana park","category":"park","subtype":"leisure=park","source":"osm","opening_hours":"Mo-Su 09:00-21:00","operator":"execersice place"}},{"type":"Feature","geometry":{"type":"Point","coordinates":[72.91484,19.050766]},"properties":{"id":"osm:node/12593015179","name":null,"category":"park","subtype":"leisure=park","source":"osm"}},{"type":"Feature","geometry":{"type":"Point","coordinates":[72.97463,19.233194]},"properties":{"id":"osm:node/12593492544","name":"Samarth Garden","category":"park","subtype":"leisure=garden","source":"osm"}},{"type":"Feature","geometry":{"type":"Point","coordinates":[72.913488,19.050108]},"properties":{"id":"osm:node/12593646435","name":null,"category":"park","subtype":"leisure=park","source":"osm"}},{"type":"Feature","geometry":{"type":"Point","coordinates":[72.995546,19.083516]},"properties":{"id":"osm:node/12596275799","name":"LION STATUE","category":"park","subtype":"leisure=park","source":"osm"}},{"type":"Feature","geometry":{"type":"Point","coordinates":[72.995585,19.083531]},"properties":{"id":"osm:node/12596290690","name":"YULU E BIKE PARKING","category":"park","subtype":"leisure=park","source":"osm"}},{"type":"Feature","geometry":{"type":"Point","coordinates":[73.007571,19.096512]},"properties":{"id":"osm:node/12596331941","name":"ELEPHANT SLIDE","category":"park","subtype":"leisure=park","source":"osm"}},{"type":"Feature","geometry":{"type":"Point","coordinates":[73.007597,19.096335]},"properties":{"id":"osm:node/12596333396","name":"OPEN GYMNASIUM","category":"park","subtype":"leisure=park","source":"osm"}},{"type":"Feature","geometry":{"type":"Point","coordinates":[73.007597,19.096313]},"properties":{"id":"osm:node/12596333397","name":"REST PLACE SHED","category":"park","subtype":"leisure=park","source":"osm"}},{"type":"Feature","geometry":{"type":"Point","coordinates":[72.854075,19.047574]},"properties":{"id":"osm:node/12811625891","name":"Laal Otta","category":"park","subtype":"leisure=garden","source":"osm"}},{"type":"Feature","geometry":{"type":"Point","coordinates":[72.853965,19.047976]},"properties":{"id":"osm:node/12811681070","name":"Jai Machindranath Mitra Mandal","category":"park","subtype":"leisure=garden","source":"osm"}},{"type":"Feature","geometry":{"type":"Point","coordinates":[72.898021,19.072316]},"properties":{"id":"osm:node/12866540575","name":"Nakshatra Garden","category":"park","subtype":"leisure=garden","source":"osm","fee":"no","operator":"Somaiya Vidyavihar"}},{"type":"Feature","geometry":{"type":"Point","coordinates":[72.863118,19.242538]},"properties":{"id":"osm:node/13041186602","name":"Meenatai Thackrey Garden","category":"park","subtype":"leisure=park","source":"osm","opening_hours":"Mo-Su 05:00-13:00, 16:00-21:00"}},{"type":"Feature","geometry":{"type":"Point","coordinates":[72.861862,19.109954]},"properties":{"id":"osm:node/13088720351","name":"park","category":"park","subtype":"leisure=park","source":"osm","opening_hours":"Mo-Su 09:00-21:00"}},{"type":"Feature","geometry":{"type":"Point","coordinates":[72.838794,19.160548]},"properties":{"id":"osm:node/13094272850","name":"Guru Nanak Park","category":"park","subtype":"leisure=park","source":"osm"}},{"type":"Feature","geometry":{"type":"Point","coordinates":[73.005433,19.087076]},"properties":{"id":"osm:node/13277208460","name":"rajiv gandhi udyan","category":"park","subtype":"leisure=park","source":"osm"}},{"type":"Feature","geometry":{"type":"Point","coordinates":[72.854533,19.136109]},"properties":{"id":"osm:node/13352965912","name":"Rajaram Garden","category":"park","subtype":"leisure=park","source":"osm","opening_hours":"Mo-Su 06:00-10:00AM Mo-Su 06:00-10:00PM","access":"yes"}},{"type":"Feature","geometry":{"type":"Point","coordinates":[72.95913,19.216622]},"properties":{"id":"osm:node/13354934206","name":"CosnosParadiseGarden","category":"park","subtype":"leisure=garden","source":"osm","access":"private"}},{"type":"Feature","geometry":{"type":"Point","coordinates":[72.98146,19.260558]},"properties":{"id":"osm:node/13382704050","name":"Orion Park","category":"park","subtype":"leisure=park","source":"osm","access":"yes","operator":"Vijay Orion"}},{"type":"Feature","geometry":{"type":"Point","coordinates":[72.846226,19.248717]},"properties":{"id":"osm:node/13426728737","name":"Fish Park","category":"park","subtype":"leisure=park","source":"osm","opening_hours":"Mo-Su 06:00-22:00"}},{"type":"Feature","geometry":{"type":"Point","coordinates":[72.813648,19.007219]},"properties":{"id":"osm:node/13506262075","name":"Worli Dome","category":"park","subtype":"leisure=park","source":"osm"}},{"type":"Feature","geometry":{"type":"Point","coordinates":[72.901572,19.113402]},"properties":{"id":"osm:node/13520508080","name":"nm","category":"park","subtype":"leisure=garden","source":"osm","opening_hours":"24/7","access":"yes"}},{"type":"Feature","geometry":{"type":"Point","coordinates":[72.940714,19.156204]},"properties":{"id":"osm:node/13971018327","name":null,"category":"park","subtype":"leisure=park","source":"osm"}},{"type":"Feature","geometry":{"type":"Point","coordinates":[72.940742,19.156224]},"properties":{"id":"osm:node/13971018329","name":"Srishti Walk Track","category":"park","subtype":"leisure=park","source":"osm","opening_hours":"24/7","operator":"Srishti Pride"}},{"type":"Feature","geometry":{"type":"Point","coordinates":[72.980622,19.180884]},"properties":{"id":"osm:node/14078158363","name":"Annabhau Sathe Udyan","category":"park","subtype":"leisure=park","source":"osm"}},{"type":"Feature","geometry":{"type":"Point","coordinates":[72.835949,18.931354]},"properties":{"id":"osm:node/14101276027","name":null,"category":"park","subtype":"leisure=garden","source":"osm"}},{"type":"Feature","geometry":{"type":"Point","coordinates":[72.981028,19.18226]},"properties":{"id":"osm:node/14107788586","name":null,"category":"park","subtype":"leisure=garden","source":"osm"}},{"type":"Feature","geometry":{"type":"Point","coordinates":[72.982008,19.181912]},"properties":{"id":"osm:node/14107788596","name":null,"category":"park","subtype":"leisure=garden","source":"osm"}},{"type":"Feature","geometry":{"type":"Point","coordinates":[72.895873,19.119977]},"properties":{"id":"osm:node/14162957100","name":"MCGM PARK RAHEJA VIHAR","category":"park","subtype":"leisure=park","source":"osm"}},{"type":"Feature","geometry":{"type":"Point","coordinates":[72.937441,19.048947]},"properties":{"id":"osm:node/14172771960","name":null,"category":"park","subtype":"leisure=park","source":"osm"}},{"type":"Feature","geometry":{"type":"Point","coordinates":[72.900492,19.053167]},"properties":{"id":"osm:way/22906436","name":"Diamond Garden","category":"park","subtype":"leisure=park","source":"osm","opening_hours":"Mo-Su 06:00-13:00, 16:00-21:30"}},{"type":"Feature","geometry":{"type":"Point","coordinates":[72.821364,19.059462]},"properties":{"id":"osm:way/31144254","name":"Joggers' Park","category":"park","subtype":"leisure=park","source":"osm"}},{"type":"Feature","geometry":{"type":"Point","coordinates":[72.795759,18.948306]},"properties":{"id":"osm:way/38718166","name":"Joshi Ground","category":"park","subtype":"leisure=park","source":"osm"}},{"type":"Feature","geometry":{"type":"Point","coordinates":[72.793064,18.951456]},"properties":{"id":"osm:way/38731826","name":"Aditya Birla Park","category":"park","subtype":"leisure=park","source":"osm"}},{"type":"Feature","geometry":{"type":"Point","coordinates":[72.799056,18.957876]},"properties":{"id":"osm:way/38757942","name":"Priyadarshini Park","category":"park","subtype":"leisure=park","source":"osm","description":"Park with jogging/walking tracks, tennis courts, gym/yoga studio, football field, children play area and running track."}},{"type":"Feature","geometry":{"type":"Point","coordinates":[72.802206,18.969499]},"properties":{"id":"osm:way/38833383","name":"Amarson's Park","category":"park","subtype":"leisure=park","source":"osm"}},{"type":"Feature","geometry":{"type":"Point","coordinates":[72.80482,18.956606]},"properties":{"id":"osm:way/38883141","name":"Pherozeshah Mehta Gardens (Hanging Gardens)","category":"park","subtype":"leisure=park","source":"osm","opening_hours":"Mo-Su 05:00-21:00"}},{"type":"Feature","geometry":{"type":"Point","coordinates":[72.813988,18.99888]},"properties":{"id":"osm:way/38913637","name":"Lal Bahadur Shastri Udyan","category":"park","subtype":"leisure=park","source":"osm"}},{"type":"Feature","geometry":{"type":"Point","coordinates":[72.80466,18.955233]},"properties":{"id":"osm:way/39112636","name":null,"category":"park","subtype":"leisure=park","source":"osm"}},{"type":"Feature","geometry":{"type":"Point","coordinates":[72.803674,18.958026]},"properties":{"id":"osm:way/39163544","name":"Shantivan Garden","category":"park","subtype":"leisure=garden","source":"osm"}},{"type":"Feature","geometry":{"type":"Point","coordinates":[72.804542,18.954553]},"properties":{"id":"osm:way/39165551","name":null,"category":"park","subtype":"leisure=garden","source":"osm"}},{"type":"Feature","geometry":{"type":"Point","coordinates":[72.805185,18.954869]},"properties":{"id":"osm:way/39165552","name":null,"category":"park","subtype":"leisure=garden","source":"osm"}},{"type":"Feature","geometry":{"type":"Point","coordinates":[72.797257,18.952556]},"properties":{"id":"osm:way/39170299","name":null,"category":"park","subtype":"leisure=garden","source":"osm","access":"no"}},{"type":"Feature","geometry":{"type":"Point","coordinates":[72.804877,18.95502]},"properties":{"id":"osm:way/39181022","name":"Kamala Nehru Park","category":"park","subtype":"leisure=park","source":"osm","opening_hours":"05:00-21:00"}},{"type":"Feature","geometry":{"type":"Point","coordinates":[72.801359,18.957837]},"properties":{"id":"osm:way/39223006","name":null,"category":"park","subtype":"leisure=park","source":"osm","access":"no"}},{"type":"Feature","geometry":{"type":"Point","coordinates":[72.803111,18.957735]},"properties":{"id":"osm:way/39223009","name":null,"category":"park","subtype":"leisure=park","source":"osm","access":"no"}},{"type":"Feature","geometry":{"type":"Point","coordinates":[72.793171,18.939932]},"properties":{"id":"osm:way/39229119","name":null,"category":"park","subtype":"leisure=garden","source":"osm"}},{"type":"Feature","geometry":{"type":"Point","coordinates":[72.844573,19.037765]},"properties":{"id":"osm:way/39487489","name":"Desai Park","category":"park","subtype":"leisure=park","source":"osm"}},{"type":"Feature","geometry":{"type":"Point","coordinates":[72.818944,19.042462]},"properties":{"id":"osm:way/39490158","name":null,"category":"park","subtype":"leisure=park","source":"osm"}},{"type":"Feature","geometry":{"type":"Point","coordinates":[72.808584,18.956414]},"properties":{"id":"osm:way/39838821","name":null,"category":"park","subtype":"leisure=park","source":"osm"}},{"type":"Feature","geometry":{"type":"Point","coordinates":[72.822289,18.915422]},"properties":{"id":"osm:way/40291467","name":"CPRA Greens","category":"park","subtype":"leisure=park","source":"osm"}},{"type":"Feature","geometry":{"type":"Point","coordinates":[72.831125,18.91943]},"properties":{"id":"osm:way/40300452","name":null,"category":"park","subtype":"leisure=garden","source":"osm"}},{"type":"Feature","geometry":{"type":"Point","coordinates":[72.832609,18.925061]},"properties":{"id":"osm:way/40433485","name":null,"category":"park","subtype":"leisure=garden","source":"osm"}},{"type":"Feature","geometry":{"type":"Point","coordinates":[72.832228,18.924851]},"properties":{"id":"osm:way/40433488","name":null,"category":"park","subtype":"leisure=garden","source":"osm"}},{"type":"Feature","geometry":{"type":"Point","coordinates":[72.810548,18.962902]},"properties":{"id":"osm:way/40444670","name":null,"category":"park","subtype":"leisure=garden","source":"osm"}},{"type":"Feature","geometry":{"type":"Point","coordinates":[72.82401,18.973274]},"properties":{"id":"osm:way/40729880","name":"Baby Garden","category":"park","subtype":"leisure=park","source":"osm","opening_hours":"Mo-Fr 08:00-17:00","operator":"xyz"}},{"type":"Feature","geometry":{"type":"Point","coordinates":[72.835022,18.931977]},"properties":{"id":"osm:way/40743182","name":"Horniman Circle Garden","category":"park","subtype":"leisure=park","source":"osm","opening_hours":"sunrise-sunset"}},{"type":"Feature","geometry":{"type":"Point","coordinates":[72.81021,18.96231]},"properties":{"id":"osm:way/40748778","name":"August Kranti Maidan","category":"park","subtype":"leisure=park","source":"osm"}},{"type":"Feature","geometry":{"type":"Point","coordinates":[72.793288,18.944999]},"properties":{"id":"osm:way/41388321","name":"Banganga Garden","category":"park","subtype":"leisure=park","source":"osm"}},{"type":"Feature","geometry":{"type":"Point","coordinates":[72.818417,18.970828]},"properties":{"id":"osm:way/42321798","name":null,"category":"park","subtype":"leisure=garden","source":"osm"}},{"type":"Feature","geometry":{"type":"Point","coordinates":[72.834795,18.929877]},"properties":{"id":"osm:way/42350479","name":null,"category":"park","subtype":"leisure=garden","source":"osm"}},{"type":"Feature","geometry":{"type":"Point","coordinates":[72.814324,18.989245]},"properties":{"id":"osm:way/42441795","name":"Nehru Planetarium Garden","category":"park","subtype":"leisure=garden","source":"osm"}},{"type":"Feature","geometry":{"type":"Point","coordinates":[72.814677,18.980973]},"properties":{"id":"osm:way/42448433","name":null,"category":"park","subtype":"leisure=park","source":"osm"}},{"type":"Feature","geometry":{"type":"Point","coordinates":[72.838953,18.999752]},"properties":{"id":"osm:way/46722125","name":"Nare Park","category":"park","subtype":"leisure=park","source":"osm"}},{"type":"Feature","geometry":{"type":"Point","coordinates":[72.839347,19.001061]},"properties":{"id":"osm:way/46722126","name":null,"category":"park","subtype":"leisure=park","source":"osm"}},{"type":"Feature","geometry":{"type":"Point","coordinates":[72.805338,18.968843]},"properties":{"id":"osm:way/48052290","name":null,"category":"park","subtype":"leisure=garden","source":"osm"}},{"type":"Feature","geometry":{"type":"Point","coordinates":[72.805949,18.974727]},"properties":{"id":"osm:way/48055336","name":"Johnson & Johnson Garden","category":"park","subtype":"leisure=park","source":"osm"}},{"type":"Feature","geometry":{"type":"Point","coordinates":[72.817064,18.967494]},"properties":{"id":"osm:way/48749227","name":null,"category":"park","subtype":"leisure=garden","source":"osm"}},{"type":"Feature","geometry":{"type":"Point","coordinates":[72.81843,18.972258]},"properties":{"id":"osm:way/48758957","name":"Vasant Dada Patil Udyan","category":"park","subtype":"leisure=park","source":"osm"}},{"type":"Feature","geometry":{"type":"Point","coordinates":[72.81396,18.96394]},"properties":{"id":"osm:way/48803406","name":"Adenwala Baugh","category":"park","subtype":"leisure=garden","source":"osm","access":"private"}},{"type":"Feature","geometry":{"type":"Point","coordinates":[72.821146,18.96654]},"properties":{"id":"osm:way/48807842","name":null,"category":"park","subtype":"leisure=park","source":"osm"}},{"type":"Feature","geometry":{"type":"Point","coordinates":[72.820379,18.964907]},"properties":{"id":"osm:way/48808175","name":"Jaysinghbhai P Solanki Garden","category":"park","subtype":"leisure=garden","source":"osm"}},{"type":"Feature","geometry":{"type":"Point","coordinates":[72.824374,18.972055]},"properties":{"id":"osm:way/48865103","name":"YMCA Ground","category":"park","subtype":"leisure=park","source":"osm","operator":"swaiba"}},{"type":"Feature","geometry":{"type":"Point","coordinates":[72.861556,19.080728]},"properties":{"id":"osm:way/49014347","name":"kalina university","category":"park","subtype":"leisure=park","source":"osm"}},{"type":"Feature","geometry":{"type":"Point","coordinates":[72.823988,18.910624]},"properties":{"id":"osm:way/49176399","name":"Mumbai Port Trust Garden","category":"park","subtype":"leisure=park","source":"osm","opening_hours":"Mo-Su 06:00-22:00","access":"yes"}},{"type":"Feature","geometry":{"type":"Point","coordinates":[72.85817,19.037819]},"properties":{"id":"osm:way/49681502","name":"J.R Mehta Udyan","category":"park","subtype":"leisure=park","source":"osm"}},{"type":"Feature","geometry":{"type":"Point","coordinates":[72.86309,19.04408]},"properties":{"id":"osm:way/49681509","name":"BEST Garden","category":"park","subtype":"leisure=park","source":"osm"}},{"type":"Feature","geometry":{"type":"Point","coordinates":[72.867654,19.046308]},"properties":{"id":"osm:way/49681810","name":"P. Jawaharlal Nehru Park","category":"park","subtype":"leisure=park","source":"osm"}},{"type":"Feature","geometry":{"type":"Point","coordinates":[72.861463,19.052525]},"properties":{"id":"osm:way/49682798","name":"Maharashtra Nature Park","category":"park","subtype":"leisure=park","source":"osm","operator":"Maharashtra Nature Park Society"}},{"type":"Feature","geometry":{"type":"Point","coordinates":[72.837218,18.935616]},"properties":{"id":"osm:way/51937447","name":"Ruttonsee Mujee Fountain","category":"park","subtype":"leisure=garden","source":"osm"}},{"type":"Feature","geometry":{"type":"Point","coordinates":[72.831501,18.932491]},"properties":{"id":"osm:way/54224946","name":"Flora Fountain","category":"park","subtype":"leisure=garden","source":"osm"}},{"type":"Feature","geometry":{"type":"Point","coordinates":[72.827657,18.953175]},"properties":{"id":"osm:way/57672665","name":"Kabutarkhana","category":"park","subtype":"leisure=park","source":"osm"}},{"type":"Feature","geometry":{"type":"Point","coordinates":[72.821995,18.998282]},"properties":{"id":"osm:way/61652000","name":null,"category":"park","subtype":"leisure=garden","source":"osm"}},{"type":"Feature","geometry":{"type":"Point","coordinates":[72.822588,18.98905]},"properties":{"id":"osm:way/61652769","name":null,"category":"park","subtype":"leisure=garden","source":"osm"}},{"type":"Feature","geometry":{"type":"Point","coordinates":[72.828136,18.958078]},"properties":{"id":"osm:way/72241443","name":"Shreeman Kherajbhai Ladiwala Chowk","category":"park","subtype":"leisure=park","source":"osm"}},{"type":"Feature","geometry":{"type":"Point","coordinates":[72.837952,18.961632]},"properties":{"id":"osm:way/72547777","name":"Sitaram Shinoy Garden","category":"park","subtype":"leisure=park","source":"osm"}},{"type":"Feature","geometry":{"type":"Point","coordinates":[72.829624,18.963128]},"properties":{"id":"osm:way/72557158","name":null,"category":"park","subtype":"leisure=garden","source":"osm"}},{"type":"Feature","geometry":{"type":"Point","coordinates":[72.833296,18.963053]},"properties":{"id":"osm:way/72570780","name":null,"category":"park","subtype":"leisure=garden","source":"osm"}},{"type":"Feature","geometry":{"type":"Point","coordinates":[72.833268,19.113112]},"properties":{"id":"osm:way/72880065","name":"Tilak Udyan","category":"park","subtype":"leisure=park","source":"osm"}},{"type":"Feature","geometry":{"type":"Point","coordinates":[72.833418,19.112367]},"properties":{"id":"osm:way/72880066","name":"Ecole Mondial Ground","category":"park","subtype":"leisure=park","source":"osm"}},{"type":"Feature","geometry":{"type":"Point","coordinates":[72.835888,19.112531]},"properties":{"id":"osm:way/72880067","name":null,"category":"park","subtype":"leisure=park","source":"osm"}},{"type":"Feature","geometry":{"type":"Point","coordinates":[72.832592,19.115325]},"properties":{"id":"osm:way/72880068","name":null,"category":"park","subtype":"leisure=park","source":"osm"}},{"type":"Feature","geometry":{"type":"Point","coordinates":[72.831517,19.112566]},"properties":{"id":"osm:way/72880313","name":null,"category":"park","subtype":"leisure=park","source":"osm"}},{"type":"Feature","geometry":{"type":"Point","coordinates":[72.83238,19.111633]},"properties":{"id":"osm:way/72880316","name":null,"category":"park","subtype":"leisure=garden","source":"osm"}},{"type":"Feature","geometry":{"type":"Point","coordinates":[72.832647,19.114303]},"properties":{"id":"osm:way/72880462","name":null,"category":"park","subtype":"leisure=park","source":"osm"}},{"type":"Feature","geometry":{"type":"Point","coordinates":[72.832273,19.104084]},"properties":{"id":"osm:way/73052811","name":"Pushpa Narsee Park","category":"park","subtype":"leisure=garden","source":"osm"}},{"type":"Feature","geometry":{"type":"Point","coordinates":[72.830635,19.104789]},"properties":{"id":"osm:way/73052812","name":"Pushpa Narsee Park","category":"park","subtype":"leisure=park","source":"osm"}},{"type":"Feature","geometry":{"type":"Point","coordinates":[72.829766,19.103839]},"properties":{"id":"osm:way/73052814","name":null,"category":"park","subtype":"leisure=park","source":"osm"}},{"type":"Feature","geometry":{"type":"Point","coordinates":[72.83137,19.104722]},"properties":{"id":"osm:way/73052817","name":"OPEN GARDENAL SPACES","category":"park","subtype":"leisure=park","source":"osm"}},{"type":"Feature","geometry":{"type":"Point","coordinates":[72.821251,19.136967]},"properties":{"id":"osm:way/74860283","name":"Bharatratna Doctor Babasaheb Ambedkar Kridangan","category":"park","subtype":"leisure=park","source":"osm"}},{"type":"Feature","geometry":{"type":"Point","coordinates":[72.823295,19.13571]},"properties":{"id":"osm:way/74860284","name":null,"category":"park","subtype":"leisure=park","source":"osm"}},{"type":"Feature","geometry":{"type":"Point","coordinates":[72.825585,19.139673]},"properties":{"id":"osm:way/74861548","name":null,"category":"park","subtype":"leisure=garden","source":"osm"}},{"type":"Feature","geometry":{"type":"Point","coordinates":[72.82883,19.146975]},"properties":{"id":"osm:way/74864964","name":null,"category":"park","subtype":"leisure=garden","source":"osm"}},{"type":"Feature","geometry":{"type":"Point","coordinates":[72.822966,19.147642]},"properties":{"id":"osm:way/74864970","name":null,"category":"park","subtype":"leisure=garden","source":"osm"}},{"type":"Feature","geometry":{"type":"Point","coordinates":[72.828928,19.146501]},"properties":{"id":"osm:way/74877082","name":null,"category":"park","subtype":"leisure=garden","source":"osm"}},{"type":"Feature","geometry":{"type":"Point","coordinates":[72.829157,19.152956]},"properties":{"id":"osm:way/74877091","name":"Kamalakarpant Walawalkar Udyan","category":"park","subtype":"leisure=park","source":"osm","operator":"Public"}},{"type":"Feature","geometry":{"type":"Point","coordinates":[72.83318,18.947034]},"properties":{"id":"osm:way/89185604","name":null,"category":"park","subtype":"leisure=garden","source":"osm"}},{"type":"Feature","geometry":{"type":"Point","coordinates":[72.850435,19.043103]},"properties":{"id":"osm:way/95967089","name":null,"category":"park","subtype":"leisure=park","source":"osm"}},{"type":"Feature","geometry":{"type":"Point","coordinates":[72.827564,18.942473]},"properties":{"id":"osm:way/97372644","name":"Walter De Souza Park","category":"park","subtype":"leisure=park","source":"osm","description":"Green Park"}},{"type":"Feature","geometry":{"type":"Point","coordinates":[72.852412,19.172025]},"properties":{"id":"osm:way/101139513","name":"Vishwanath Guruji Park","category":"park","subtype":"leisure=park","source":"osm"}},{"type":"Feature","geometry":{"type":"Point","coordinates":[72.979853,19.257306]},"properties":{"id":"osm:way/102388308","name":"Central Park","category":"park","subtype":"leisure=park","source":"osm"}},{"type":"Feature","geometry":{"type":"Point","coordinates":[72.87317,19.16236]},"properties":{"id":"osm:way/102519589","name":"Observation Post (Chotta Kashmir)","category":"park","subtype":"leisure=park","source":"osm"}},{"type":"Feature","geometry":{"type":"Point","coordinates":[72.897869,19.069258]},"properties":{"id":"osm:way/107213234","name":"Tilak Nagar Municipal Ground/ Sahyadri Garden","category":"park","subtype":"leisure=park","source":"osm"}},{"type":"Feature","geometry":{"type":"Point","coordinates":[72.853841,19.020125]},"properties":{"id":"osm:way/112675802","name":"Garden E, Five Gardens","category":"park","subtype":"leisure=park","source":"osm"}},{"type":"Feature","geometry":{"type":"Point","coordinates":[72.835133,18.989353]},"properties":{"id":"osm:way/113472641","name":"Mahatma Gandhi Udyan","category":"park","subtype":"leisure=park","source":"osm","operator":"MCGM,Mumbai"}},{"type":"Feature","geometry":{"type":"Point","coordinates":[72.836058,18.990754]},"properties":{"id":"osm:way/113472644","name":"GaramKhada Maidan","category":"park","subtype":"leisure=park","source":"osm"}},{"type":"Feature","geometry":{"type":"Point","coordinates":[72.828281,18.979701]},"properties":{"id":"osm:way/113476290","name":null,"category":"park","subtype":"leisure=park","source":"osm"}},{"type":"Feature","geometry":{"type":"Point","coordinates":[72.844266,18.988992]},"properties":{"id":"osm:way/113561022","name":"poonam park","category":"park","subtype":"leisure=park","source":"osm","opening_hours":"03:00-07:00"}},{"type":"Feature","geometry":{"type":"Point","coordinates":[72.847821,19.017818]},"properties":{"id":"osm:way/113566067","name":"Khodadad Circle","category":"park","subtype":"leisure=garden","source":"osm"}},{"type":"Feature","geometry":{"type":"Point","coordinates":[72.846933,19.021502]},"properties":{"id":"osm:way/113586098","name":null,"category":"park","subtype":"leisure=park","source":"osm","opening_hours":"Mo-Su 06:00-22:00"}},{"type":"Feature","geometry":{"type":"Point","coordinates":[72.842461,19.021381]},"properties":{"id":"osm:way/113696486","name":"Veer Kotwal Udyan","category":"park","subtype":"leisure=park","source":"osm"}},{"type":"Feature","geometry":{"type":"Point","coordinates":[72.885728,19.123132]},"properties":{"id":"osm:way/113700140","name":"Bharatvan","category":"park","subtype":"leisure=park","source":"osm"}},{"type":"Feature","geometry":{"type":"Point","coordinates":[72.838188,19.027282]},"properties":{"id":"osm:way/113711205","name":"Shivaji Park","category":"park","subtype":"leisure=park","source":"osm","operator":"Municipal Corporation of Greater Mumbai"}},{"type":"Feature","geometry":{"type":"Point","coordinates":[72.853522,19.026921]},"properties":{"id":"osm:way/115840000","name":"Kedarnath Guruju Udyan","category":"park","subtype":"leisure=park","source":"osm","operator":"Brihanmumbai Mahanagarpalika"}},{"type":"Feature","geometry":{"type":"Point","coordinates":[72.858359,19.022044]},"properties":{"id":"osm:way/116342814","name":"Bhuva Garden","category":"park","subtype":"leisure=park","source":"osm"}},{"type":"Feature","geometry":{"type":"Point","coordinates":[72.85816,19.018318]},"properties":{"id":"osm:way/118555660","name":"Maharshi Karve Park","category":"park","subtype":"leisure=park","source":"osm"}},{"type":"Feature","geometry":{"type":"Point","coordinates":[72.857911,19.029293]},"properties":{"id":"osm:way/118560081","name":null,"category":"park","subtype":"leisure=park","source":"osm"}},{"type":"Feature","geometry":{"type":"Point","coordinates":[72.841514,19.187856]},"properties":{"id":"osm:way/120134956","name":"Liberty Garden","category":"park","subtype":"leisure=park","source":"osm"}},{"type":"Feature","geometry":{"type":"Point","coordinates":[72.850125,19.227257]},"properties":{"id":"osm:way/120521742","name":"Veer Savarkar Udyan","category":"park","subtype":"leisure=park","source":"osm","opening_hours":"Mo-Su 05:30-22:00"}},{"type":"Feature","geometry":{"type":"Point","coordinates":[72.845554,19.211192]},"properties":{"id":"osm:way/120779437","name":"Poisar Gymkhana","category":"park","subtype":"leisure=park","source":"osm","opening_hours":"sunrise-sunset","wheelchair":"limited","operator":"BJP's Gopal Shetty"}},{"type":"Feature","geometry":{"type":"Point","coordinates":[72.851214,19.186652]},"properties":{"id":"osm:way/121717155","name":"Ram Leela Maidan","category":"park","subtype":"leisure=park","source":"osm"}},{"type":"Feature","geometry":{"type":"Point","coordinates":[72.831652,18.932781]},"properties":{"id":"osm:way/130533404","name":"Hutatma Chowk","category":"park","subtype":"leisure=garden","source":"osm"}},{"type":"Feature","geometry":{"type":"Point","coordinates":[72.836322,19.019118]},"properties":{"id":"osm:way/138134684","name":null,"category":"park","subtype":"leisure=park","source":"osm"}},{"type":"Feature","geometry":{"type":"Point","coordinates":[72.991171,19.076114]},"properties":{"id":"osm:way/144021907","name":null,"category":"park","subtype":"leisure=park","source":"osm"}},{"type":"Feature","geometry":{"type":"Point","coordinates":[72.848669,19.020885]},"properties":{"id":"osm:way/150409378","name":null,"category":"park","subtype":"leisure=garden","source":"osm"}},{"type":"Feature","geometry":{"type":"Point","coordinates":[72.831583,19.082181]},"properties":{"id":"osm:way/151256440","name":"Muktanand Park","category":"park","subtype":"leisure=park","source":"osm"}},{"type":"Feature","geometry":{"type":"Point","coordinates":[72.830658,19.077742]},"properties":{"id":"osm:way/151256449","name":"Rotary Park","category":"park","subtype":"leisure=park","source":"osm"}},{"type":"Feature","geometry":{"type":"Point","coordinates":[72.824471,19.071893]},"properties":{"id":"osm:way/151355179","name":"Union Park Eco Garden","category":"park","subtype":"leisure=park","source":"osm"}},{"type":"Feature","geometry":{"type":"Point","coordinates":[72.822173,19.072108]},"properties":{"id":"osm:way/151355394","name":null,"category":"park","subtype":"leisure=park","source":"osm"}},{"type":"Feature","geometry":{"type":"Point","coordinates":[72.916479,19.095538]},"properties":{"id":"osm:way/151581959","name":"Damodar Park","category":"park","subtype":"leisure=park","source":"osm"}},{"type":"Feature","geometry":{"type":"Point","coordinates":[72.855406,19.026856]},"properties":{"id":"osm:way/152242147","name":"B.N. Maheshwari Udyan","category":"park","subtype":"leisure=park","source":"osm"}},{"type":"Feature","geometry":{"type":"Point","coordinates":[72.897764,19.056139]},"properties":{"id":"osm:way/152314740","name":"Late Shri D.K. Sandu Udyan","category":"park","subtype":"leisure=park","source":"osm"}},{"type":"Feature","geometry":{"type":"Point","coordinates":[72.824922,18.928316]},"properties":{"id":"osm:way/152317226","name":"Mahatma Gandhi Garden","category":"park","subtype":"leisure=park","source":"osm","description":"Park and Memorial to the father of the Nation."}},{"type":"Feature","geometry":{"type":"Point","coordinates":[72.814149,19.137291]},"properties":{"id":"osm:way/196092387","name":"Brihan Mumbai Municipal Corporation Park","category":"park","subtype":"leisure=park","source":"osm"}},{"type":"Feature","geometry":{"type":"Point","coordinates":[72.81583,19.137714]},"properties":{"id":"osm:way/196092407","name":"Swatantra Senani Janardan Rama Patil Park","category":"park","subtype":"leisure=park","source":"osm"}},{"type":"Feature","geometry":{"type":"Point","coordinates":[72.834011,19.084101]},"properties":{"id":"osm:way/196092409","name":"Lions Juhu Garden","category":"park","subtype":"leisure=park","source":"osm","opening_hours":"Mo-Su 08:00-12:00,17:00-20:00"}},{"type":"Feature","geometry":{"type":"Point","coordinates":[72.813247,19.139658]},"properties":{"id":"osm:way/196622070","name":"Laxmikant Berde Garden","category":"park","subtype":"leisure=park","source":"osm"}},{"type":"Feature","geometry":{"type":"Point","coordinates":[72.818395,19.127678]},"properties":{"id":"osm:way/196848187","name":"Nana Nani Park","category":"park","subtype":"leisure=park","source":"osm","fee":"yes"}},{"type":"Feature","geometry":{"type":"Point","coordinates":[72.823905,19.132376]},"properties":{"id":"osm:way/196850123","name":null,"category":"park","subtype":"leisure=park","source":"osm"}},{"type":"Feature","geometry":{"type":"Point","coordinates":[72.87972,19.054009]},"properties":{"id":"osm:way/197497798","name":"Rink Football Ground","category":"park","subtype":"leisure=park","source":"osm"}},{"type":"Feature","geometry":{"type":"Point","coordinates":[72.880121,19.053963]},"properties":{"id":"osm:way/202391295","name":"Fountain Garden","category":"park","subtype":"leisure=park","source":"osm"}},{"type":"Feature","geometry":{"type":"Point","coordinates":[72.829035,19.139529]},"properties":{"id":"osm:way/202555849","name":"Hemu Kalani Manoranjan Maidan","category":"park","subtype":"leisure=park","source":"osm"}},{"type":"Feature","geometry":{"type":"Point","coordinates":[72.821167,19.145587]},"properties":{"id":"osm:way/202556929","name":"Chattrapati Shivaji Joggers Park","category":"park","subtype":"leisure=park","source":"osm"}},{"type":"Feature","geometry":{"type":"Point","coordinates":[72.830468,19.175308]},"properties":{"id":"osm:way/202661505","name":"Mindscape Landscape","category":"park","subtype":"leisure=park","source":"osm"}},{"type":"Feature","geometry":{"type":"Point","coordinates":[72.833191,19.173426]},"properties":{"id":"osm:way/202661513","name":"BMC Forest Theme Garden","category":"park","subtype":"leisure=park","source":"osm"}},{"type":"Feature","geometry":{"type":"Point","coordinates":[72.834114,19.06432]},"properties":{"id":"osm:way/202917754","name":"Patwardhan Park","category":"park","subtype":"leisure=park","source":"osm"}},{"type":"Feature","geometry":{"type":"Point","coordinates":[72.815424,19.138037]},"properties":{"id":"osm:way/203053323","name":null,"category":"park","subtype":"leisure=garden","source":"osm"}},{"type":"Feature","geometry":{"type":"Point","coordinates":[72.814896,19.138869]},"properties":{"id":"osm:way/203054019","name":null,"category":"park","subtype":"leisure=park","source":"osm"}},{"type":"Feature","geometry":{"type":"Point","coordinates":[72.814096,19.140124]},"properties":{"id":"osm:way/203054039","name":null,"category":"park","subtype":"leisure=park","source":"osm"}},{"type":"Feature","geometry":{"type":"Point","coordinates":[72.825688,19.121586]},"properties":{"id":"osm:way/203135251","name":null,"category":"park","subtype":"leisure=garden","source":"osm"}},{"type":"Feature","geometry":{"type":"Point","coordinates":[72.874696,19.05452]},"properties":{"id":"osm:way/203215478","name":"Muktadevi Manoranjan Udyan","category":"park","subtype":"leisure=park","source":"osm"}},{"type":"Feature","geometry":{"type":"Point","coordinates":[72.868736,19.050757]},"properties":{"id":"osm:way/203474436","name":"Play Area","category":"park","subtype":"leisure=park","source":"osm"}},{"type":"Feature","geometry":{"type":"Point","coordinates":[72.788762,19.168863]},"properties":{"id":"osm:way/204689346","name":null,"category":"park","subtype":"leisure=garden","source":"osm"}},{"type":"Feature","geometry":{"type":"Point","coordinates":[72.822731,19.132129]},"properties":{"id":"osm:way/204884637","name":"Chacha Nehru Park","category":"park","subtype":"leisure=park","source":"osm","fee":"yes"}},{"type":"Feature","geometry":{"type":"Point","coordinates":[72.8289,19.133619]},"properties":{"id":"osm:way/204885785","name":null,"category":"park","subtype":"leisure=park","source":"osm"}},{"type":"Feature","geometry":{"type":"Point","coordinates":[72.821512,19.014995]},"properties":{"id":"osm:way/205196571","name":"Worli Sports Club","category":"park","subtype":"leisure=park","source":"osm"}},{"type":"Feature","geometry":{"type":"Point","coordinates":[72.835345,18.93877]},"properties":{"id":"osm:way/206343422","name":null,"category":"park","subtype":"leisure=park","source":"osm"}},{"type":"Feature","geometry":{"type":"Point","coordinates":[72.821474,19.143387]},"properties":{"id":"osm:way/206832495","name":"Pramod Mahajan Krirangan","category":"park","subtype":"leisure=park","source":"osm"}},{"type":"Feature","geometry":{"type":"Point","coordinates":[72.836613,19.13923]},"properties":{"id":"osm:way/206957359","name":"The Grand Hamvi Garden","category":"park","subtype":"leisure=park","source":"osm","description":"Park on Veera Desai Road and Industrial Area"}},{"type":"Feature","geometry":{"type":"Point","coordinates":[72.836459,19.13956]},"properties":{"id":"osm:way/206960388","name":null,"category":"park","subtype":"leisure=park","source":"osm"}},{"type":"Feature","geometry":{"type":"Point","coordinates":[72.831297,19.140209]},"properties":{"id":"osm:way/206961950","name":null,"category":"park","subtype":"leisure=garden","source":"osm"}},{"type":"Feature","geometry":{"type":"Point","coordinates":[72.830377,19.139873]},"properties":{"id":"osm:way/206964210","name":null,"category":"park","subtype":"leisure=garden","source":"osm"}},{"type":"Feature","geometry":{"type":"Point","coordinates":[72.830806,19.060836]},"properties":{"id":"osm:way/207201151","name":"Guru Nanak Park","category":"park","subtype":"leisure=park","source":"osm"}},{"type":"Feature","geometry":{"type":"Point","coordinates":[72.83525,18.939873]},"properties":{"id":"osm:way/207281011","name":null,"category":"park","subtype":"leisure=garden","source":"osm"}},{"type":"Feature","geometry":{"type":"Point","coordinates":[72.831581,18.932489]},"properties":{"id":"osm:way/207281012","name":null,"category":"park","subtype":"leisure=park","source":"osm"}},{"type":"Feature","geometry":{"type":"Point","coordinates":[72.831983,18.933232]},"properties":{"id":"osm:way/207281013","name":null,"category":"park","subtype":"leisure=park","source":"osm"}},{"type":"Feature","geometry":{"type":"Point","coordinates":[72.834554,18.940226]},"properties":{"id":"osm:way/207281014","name":null,"category":"park","subtype":"leisure=garden","source":"osm"}},{"type":"Feature","geometry":{"type":"Point","coordinates":[72.878157,19.056126]},"properties":{"id":"osm:way/207305765","name":null,"category":"park","subtype":"leisure=park","source":"osm"}},{"type":"Feature","geometry":{"type":"Point","coordinates":[72.878454,19.055772]},"properties":{"id":"osm:way/207305773","name":null,"category":"park","subtype":"leisure=park","source":"osm"}},{"type":"Feature","geometry":{"type":"Point","coordinates":[72.828883,18.925721]},"properties":{"id":"osm:way/207318952","name":"Cooperage Garden","category":"park","subtype":"leisure=park","source":"osm"}},{"type":"Feature","geometry":{"type":"Point","coordinates":[72.8338,18.922884]},"properties":{"id":"osm:way/207318955","name":"BMC Garden","category":"park","subtype":"leisure=park","source":"osm","operator":"BMC"}},{"type":"Feature","geometry":{"type":"Point","coordinates":[72.829423,18.943498]},"properties":{"id":"osm:way/207319553","name":null,"category":"park","subtype":"leisure=garden","source":"osm"}},{"type":"Feature","geometry":{"type":"Point","coordinates":[72.828886,18.943389]},"properties":{"id":"osm:way/207319554","name":null,"category":"park","subtype":"leisure=garden","source":"osm"}},{"type":"Feature","geometry":{"type":"Point","coordinates":[72.829066,18.943738]},"properties":{"id":"osm:way/207319556","name":null,"category":"park","subtype":"leisure=garden","source":"osm"}},{"type":"Feature","geometry":{"type":"Point","coordinates":[72.829471,18.943066]},"properties":{"id":"osm:way/207319557","name":null,"category":"park","subtype":"leisure=garden","source":"osm"}},{"type":"Feature","geometry":{"type":"Point","coordinates":[72.829611,18.926387]},"properties":{"id":"osm:way/207365638","name":null,"category":"park","subtype":"leisure=garden","source":"osm"}},{"type":"Feature","geometry":{"type":"Point","coordinates":[72.82143,18.928693]},"properties":{"id":"osm:way/207413905","name":null,"category":"park","subtype":"leisure=garden","source":"osm"}},{"type":"Feature","geometry":{"type":"Point","coordinates":[72.828545,18.920781]},"properties":{"id":"osm:way/207419325","name":null,"category":"park","subtype":"leisure=park","source":"osm"}},{"type":"Feature","geometry":{"type":"Point","coordinates":[72.833611,18.926602]},"properties":{"id":"osm:way/207489613","name":null,"category":"park","subtype":"leisure=garden","source":"osm"}},{"type":"Feature","geometry":{"type":"Point","coordinates":[72.831934,18.92583]},"properties":{"id":"osm:way/207489614","name":null,"category":"park","subtype":"leisure=garden","source":"osm"}},{"type":"Feature","geometry":{"type":"Point","coordinates":[72.831396,18.928526]},"properties":{"id":"osm:way/207489622","name":null,"category":"park","subtype":"leisure=garden","source":"osm"}},{"type":"Feature","geometry":{"type":"Point","coordinates":[72.831101,18.93205]},"properties":{"id":"osm:way/207489627","name":null,"category":"park","subtype":"leisure=garden","source":"osm"}},{"type":"Feature","geometry":{"type":"Point","coordinates":[72.837083,18.938296]},"properties":{"id":"osm:way/207502900","name":null,"category":"park","subtype":"leisure=garden","source":"osm"}},{"type":"Feature","geometry":{"type":"Point","coordinates":[72.82028,18.969365]},"properties":{"id":"osm:way/207540467","name":null,"category":"park","subtype":"leisure=park","source":"osm"}},{"type":"Feature","geometry":{"type":"Point","coordinates":[72.82046,18.96976]},"properties":{"id":"osm:way/207540468","name":null,"category":"park","subtype":"leisure=park","source":"osm"}},{"type":"Feature","geometry":{"type":"Point","coordinates":[72.90059,19.059937]},"properties":{"id":"osm:way/214285380","name":"Ambedkar Garden","category":"park","subtype":"leisure=park","source":"osm"}},{"type":"Feature","geometry":{"type":"Point","coordinates":[72.863851,19.042517]},"properties":{"id":"osm:way/216492439","name":"Rani Laxmi Bai Udyan","category":"park","subtype":"leisure=park","source":"osm"}},{"type":"Feature","geometry":{"type":"Point","coordinates":[73.005565,19.087085]},"properties":{"id":"osm:way/220421977","name":"Rajiv Gandhi Park","category":"park","subtype":"leisure=park","source":"osm","opening_hours":"Mo-Su 06:00-11:00"}},{"type":"Feature","geometry":{"type":"Point","coordinates":[72.838932,19.049559]},"properties":{"id":"osm:way/220425075","name":null,"category":"park","subtype":"leisure=garden","source":"osm"}},{"type":"Feature","geometry":{"type":"Point","coordinates":[72.8392,19.049651]},"properties":{"id":"osm:way/220425076","name":null,"category":"park","subtype":"leisure=garden","source":"osm"}},{"type":"Feature","geometry":{"type":"Point","coordinates":[72.959955,19.172805]},"properties":{"id":"osm:way/220589508","name":"Dr. Chintamani Deshmukh Garden","category":"park","subtype":"leisure=park","source":"osm"}},{"type":"Feature","geometry":{"type":"Point","coordinates":[72.823005,19.060839]},"properties":{"id":"osm:way/220870519","name":"Katrak Park","category":"park","subtype":"leisure=park","source":"osm"}},{"type":"Feature","geometry":{"type":"Point","coordinates":[72.827683,19.139135]},"properties":{"id":"osm:way/227776497","name":null,"category":"park","subtype":"leisure=park","source":"osm"}},{"type":"Feature","geometry":{"type":"Point","coordinates":[72.828434,19.137676]},"properties":{"id":"osm:way/227779314","name":null,"category":"park","subtype":"leisure=park","source":"osm"}},{"type":"Feature","geometry":{"type":"Point","coordinates":[72.828137,19.137155]},"properties":{"id":"osm:way/227779317","name":null,"category":"park","subtype":"leisure=park","source":"osm"}},{"type":"Feature","geometry":{"type":"Point","coordinates":[72.827074,19.136693]},"properties":{"id":"osm:way/227779811","name":null,"category":"park","subtype":"leisure=park","source":"osm"}},{"type":"Feature","geometry":{"type":"Point","coordinates":[72.835313,19.143152]},"properties":{"id":"osm:way/227895901","name":null,"category":"park","subtype":"leisure=park","source":"osm"}},{"type":"Feature","geometry":{"type":"Point","coordinates":[72.855225,19.046905]},"properties":{"id":"osm:way/228355361","name":"Holi Maidan","category":"park","subtype":"leisure=park","source":"osm"}},{"type":"Feature","geometry":{"type":"Point","coordinates":[72.853862,19.044369]},"properties":{"id":"osm:way/228355363","name":null,"category":"park","subtype":"leisure=park","source":"osm"}},{"type":"Feature","geometry":{"type":"Point","coordinates":[72.856511,19.038085]},"properties":{"id":"osm:way/229131268","name":null,"category":"park","subtype":"leisure=park","source":"osm"}},{"type":"Feature","geometry":{"type":"Point","coordinates":[72.855003,19.037781]},"properties":{"id":"osm:way/229132417","name":null,"category":"park","subtype":"leisure=park","source":"osm"}},{"type":"Feature","geometry":{"type":"Point","coordinates":[72.853653,19.043456]},"properties":{"id":"osm:way/229364097","name":null,"category":"park","subtype":"leisure=park","source":"osm"}},{"type":"Feature","geometry":{"type":"Point","coordinates":[72.852675,19.043581]},"properties":{"id":"osm:way/229364098","name":null,"category":"park","subtype":"leisure=park","source":"osm"}},{"type":"Feature","geometry":{"type":"Point","coordinates":[72.854724,19.042353]},"properties":{"id":"osm:way/229364099","name":null,"category":"park","subtype":"leisure=park","source":"osm"}},{"type":"Feature","geometry":{"type":"Point","coordinates":[72.819763,19.127343]},"properties":{"id":"osm:way/230810029","name":"Sheila Raheja Park","category":"park","subtype":"leisure=park","source":"osm","opening_hours":"05:30-10:30, 17:00-21:00"}},{"type":"Feature","geometry":{"type":"Point","coordinates":[72.849133,19.237267]},"properties":{"id":"osm:way/231542733","name":null,"category":"park","subtype":"leisure=park","source":"osm"}},{"type":"Feature","geometry":{"type":"Point","coordinates":[72.853323,19.235772]},"properties":{"id":"osm:way/231542735","name":"Mandapeshwar Civic Federation Garden","category":"park","subtype":"leisure=park","source":"osm"}},{"type":"Feature","geometry":{"type":"Point","coordinates":[72.903285,19.072516]},"properties":{"id":"osm:way/233101170","name":"Nana Nani Munna Munni Park","category":"park","subtype":"leisure=park","source":"osm"}},{"type":"Feature","geometry":{"type":"Point","coordinates":[72.88774,19.090277]},"properties":{"id":"osm:way/235864151","name":"Nana Nani Park","category":"park","subtype":"leisure=park","source":"osm"}},{"type":"Feature","geometry":{"type":"Point","coordinates":[72.863806,19.028905]},"properties":{"id":"osm:way/235867427","name":null,"category":"park","subtype":"leisure=park","source":"osm"}},{"type":"Feature","geometry":{"type":"Point","coordinates":[72.934515,19.120254]},"properties":{"id":"osm:way/235940612","name":null,"category":"park","subtype":"leisure=park","source":"osm"}},{"type":"Feature","geometry":{"type":"Point","coordinates":[72.835665,19.07152]},"properties":{"id":"osm:way/236169345","name":"Madhu Park","category":"park","subtype":"leisure=park","source":"osm"}},{"type":"Feature","geometry":{"type":"Point","coordinates":[72.871073,19.042254]},"properties":{"id":"osm:way/236210021","name":"Mala Garden","category":"park","subtype":"leisure=park","source":"osm"}},{"type":"Feature","geometry":{"type":"Point","coordinates":[72.87097,19.041451]},"properties":{"id":"osm:way/236210023","name":"Mala Garden","category":"park","subtype":"leisure=park","source":"osm"}},{"type":"Feature","geometry":{"type":"Point","coordinates":[72.846286,19.053282]},"properties":{"id":"osm:way/236263205","name":"Nandadeep Park","category":"park","subtype":"leisure=park","source":"osm"}},{"type":"Feature","geometry":{"type":"Point","coordinates":[72.82131,19.050729]},"properties":{"id":"osm:way/237027560","name":"Central Garden","category":"park","subtype":"leisure=park","source":"osm","opening_hours":"Mo-Sa 06:00-10:00,16:00-19:45; PH off","operator":"BBRT"}},{"type":"Feature","geometry":{"type":"Point","coordinates":[72.819359,19.045981]},"properties":{"id":"osm:way/237027567","name":null,"category":"park","subtype":"leisure=park","source":"osm"}},{"type":"Feature","geometry":{"type":"Point","coordinates":[72.819037,19.045158]},"properties":{"id":"osm:way/237027568","name":null,"category":"park","subtype":"leisure=park","source":"osm"}},{"type":"Feature","geometry":{"type":"Point","coordinates":[72.824538,19.140171]},"properties":{"id":"osm:way/245166422","name":null,"category":"park","subtype":"leisure=park","source":"osm"}},{"type":"Feature","geometry":{"type":"Point","coordinates":[72.82413,19.140978]},"properties":{"id":"osm:way/245166433","name":"Ganesh Maidan","category":"park","subtype":"leisure=park","source":"osm"}},{"type":"Feature","geometry":{"type":"Point","coordinates":[72.832611,19.112818]},"properties":{"id":"osm:way/247601028","name":"Smt. Ramdevi Sobhraj Bajaj Arya Vidya Mandir Ground","category":"park","subtype":"leisure=park","source":"osm","operator":"Smt. Ramdevi Sobhraj Bajaj Arya Vidya Mandir, Juhu"}},{"type":"Feature","geometry":{"type":"Point","coordinates":[72.830765,19.149735]},"properties":{"id":"osm:way/249860509","name":"Oshiwara Mahada Garden","category":"park","subtype":"leisure=park","source":"osm","operator":"Private"}},{"type":"Feature","geometry":{"type":"Point","coordinates":[72.826917,19.145163]},"properties":{"id":"osm:way/249860511","name":"Lokhandwala Garden","category":"park","subtype":"leisure=park","source":"osm","opening_hours":"05:00-12:00, 16:00-21:30"}},{"type":"Feature","geometry":{"type":"Point","coordinates":[72.832249,19.149632]},"properties":{"id":"osm:way/249864721","name":null,"category":"park","subtype":"leisure=park","source":"osm"}},{"type":"Feature","geometry":{"type":"Point","coordinates":[72.827751,19.147153]},"properties":{"id":"osm:way/249872708","name":"Garden Number 4","category":"park","subtype":"leisure=park","source":"osm"}},{"type":"Feature","geometry":{"type":"Point","coordinates":[72.816218,19.146634]},"properties":{"id":"osm:way/249897973","name":null,"category":"park","subtype":"leisure=park","source":"osm"}},{"type":"Feature","geometry":{"type":"Point","coordinates":[72.924993,19.043477]},"properties":{"id":"osm:way/250263971","name":"Public Park","category":"park","subtype":"leisure=park","source":"osm"}},{"type":"Feature","geometry":{"type":"Point","coordinates":[72.928268,19.042484]},"properties":{"id":"osm:way/250278027","name":"Front Lawn","category":"park","subtype":"leisure=garden","source":"osm"}},{"type":"Feature","geometry":{"type":"Point","coordinates":[72.830672,19.125736]},"properties":{"id":"osm:way/250294449","name":null,"category":"park","subtype":"leisure=park","source":"osm"}},{"type":"Feature","geometry":{"type":"Point","coordinates":[72.821271,19.116623]},"properties":{"id":"osm:way/250952593","name":null,"category":"park","subtype":"leisure=park","source":"osm"}},{"type":"Feature","geometry":{"type":"Point","coordinates":[72.91512,19.087427]},"properties":{"id":"osm:way/253793764","name":"Subhash Chandra Bose Garden","category":"park","subtype":"leisure=park","source":"osm","operator":"Owned by BMC (Municipality)"}},{"type":"Feature","geometry":{"type":"Point","coordinates":[72.837502,19.112392]},"properties":{"id":"osm:way/255387092","name":"Ameet Satam Garden","category":"park","subtype":"leisure=park","source":"osm"}},{"type":"Feature","geometry":{"type":"Point","coordinates":[72.834795,19.11019]},"properties":{"id":"osm:way/255387125","name":null,"category":"park","subtype":"leisure=park","source":"osm"}},{"type":"Feature","geometry":{"type":"Point","coordinates":[72.83082,19.221013]},"properties":{"id":"osm:way/257439673","name":"Ranchhod Padhiyar Udhyan","category":"park","subtype":"leisure=park","source":"osm"}},{"type":"Feature","geometry":{"type":"Point","coordinates":[72.86959,19.139836]},"properties":{"id":"osm:way/257439675","name":"Vijay Salaskar Park","category":"park","subtype":"leisure=park","source":"osm"}},{"type":"Feature","geometry":{"type":"Point","coordinates":[72.831726,19.217794]},"properties":{"id":"osm:way/257439676","name":"BMC Ground","category":"park","subtype":"leisure=park","source":"osm"}},{"type":"Feature","geometry":{"type":"Point","coordinates":[72.842558,19.21482]},"properties":{"id":"osm:way/257441958","name":"Maharashtra Cricket Association (MCA) ground","category":"park","subtype":"leisure=park","source":"osm"}},{"type":"Feature","geometry":{"type":"Point","coordinates":[72.841349,19.224449]},"properties":{"id":"osm:way/257441960","name":"Chintamani Park","category":"park","subtype":"leisure=park","source":"osm","wheelchair":"limited","operator":"BMC"}},{"type":"Feature","geometry":{"type":"Point","coordinates":[72.839465,19.222094]},"properties":{"id":"osm:way/257441961","name":"Chikoowadi Park","category":"park","subtype":"leisure=park","source":"osm"}},{"type":"Feature","geometry":{"type":"Point","coordinates":[72.839529,19.139774]},"properties":{"id":"osm:way/257491062","name":null,"category":"park","subtype":"leisure=park","source":"osm"}},{"type":"Feature","geometry":{"type":"Point","coordinates":[72.842555,19.133227]},"properties":{"id":"osm:way/257491064","name":null,"category":"park","subtype":"leisure=park","source":"osm"}},{"type":"Feature","geometry":{"type":"Point","coordinates":[72.880917,19.027618]},"properties":{"id":"osm:way/259332584","name":"Bhakti Park","category":"park","subtype":"leisure=park","source":"osm"}},{"type":"Feature","geometry":{"type":"Point","coordinates":[72.865023,19.0316]},"properties":{"id":"osm:way/259332609","name":null,"category":"park","subtype":"leisure=park","source":"osm"}},{"type":"Feature","geometry":{"type":"Point","coordinates":[72.863841,19.03067]},"properties":{"id":"osm:way/259332610","name":null,"category":"park","subtype":"leisure=park","source":"osm"}},{"type":"Feature","geometry":{"type":"Point","coordinates":[72.804287,18.906466]},"properties":{"id":"osm:way/260796376","name":null,"category":"park","subtype":"leisure=garden","source":"osm","operator":"Tata Institute of Fundamental Research"}},{"type":"Feature","geometry":{"type":"Point","coordinates":[72.851908,19.073121]},"properties":{"id":"osm:way/261060570","name":null,"category":"park","subtype":"leisure=park","source":"osm"}},{"type":"Feature","geometry":{"type":"Point","coordinates":[72.828155,19.073145]},"properties":{"id":"osm:way/262364794","name":"Mahatma Jyotiba Phule Park","category":"park","subtype":"leisure=park","source":"osm"}},{"type":"Feature","geometry":{"type":"Point","coordinates":[72.820699,18.916554]},"properties":{"id":"osm:way/263226690","name":"Bayview Marina","category":"park","subtype":"leisure=park","source":"osm"}},{"type":"Feature","geometry":{"type":"Point","coordinates":[72.845595,19.229719]},"properties":{"id":"osm:way/264998182","name":"Rail Nagar Copperative Housing Society Garden","category":"park","subtype":"leisure=garden","source":"osm"}},{"type":"Feature","geometry":{"type":"Point","coordinates":[72.845038,19.187895]},"properties":{"id":"osm:way/266508109","name":null,"category":"park","subtype":"leisure=park","source":"osm"}},{"type":"Feature","geometry":{"type":"Point","coordinates":[72.872344,19.209762]},"properties":{"id":"osm:way/277555167","name":"Jogging Park","category":"park","subtype":"leisure=park","source":"osm"}},{"type":"Feature","geometry":{"type":"Point","coordinates":[72.966071,19.221422]},"properties":{"id":"osm:way/286270089","name":"Vasant Vihar Joggers Park","category":"park","subtype":"leisure=park","source":"osm","operator":"TMC"}},{"type":"Feature","geometry":{"type":"Point","coordinates":[72.965204,19.224507]},"properties":{"id":"osm:way/286276819","name":null,"category":"park","subtype":"leisure=park","source":"osm","operator":"TMC"}},{"type":"Feature","geometry":{"type":"Point","coordinates":[72.964264,19.223625]},"properties":{"id":"osm:way/286276838","name":null,"category":"park","subtype":"leisure=park","source":"osm","operator":"TMC"}},{"type":"Feature","geometry":{"type":"Point","coordinates":[72.962498,19.224013]},"properties":{"id":"osm:way/286276936","name":null,"category":"park","subtype":"leisure=park","source":"osm"}},{"type":"Feature","geometry":{"type":"Point","coordinates":[72.966678,19.222175]},"properties":{"id":"osm:way/286277440","name":"Vasant Vihar Central Garden","category":"park","subtype":"leisure=park","source":"osm","operator":"TMC"}},{"type":"Feature","geometry":{"type":"Point","coordinates":[72.967171,19.263117]},"properties":{"id":"osm:way/286285433","name":"Rutu Enclave","category":"park","subtype":"leisure=park","source":"osm"}},{"type":"Feature","geometry":{"type":"Point","coordinates":[72.970417,19.263564]},"properties":{"id":"osm:way/286286751","name":"Rohan's Park","category":"park","subtype":"leisure=park","source":"osm","opening_hours":"Mo-Fr 08:00-17:00"}},{"type":"Feature","geometry":{"type":"Point","coordinates":[72.971902,19.227587]},"properties":{"id":"osm:way/286832593","name":"Westbourne Park","category":"park","subtype":"leisure=park","source":"osm","operator":"Hiranandani Group"}},{"type":"Feature","geometry":{"type":"Point","coordinates":[72.824963,18.950301]},"properties":{"id":"osm:way/288413670","name":"Navi wadi Garden","category":"park","subtype":"leisure=park","source":"osm"}},{"type":"Feature","geometry":{"type":"Point","coordinates":[72.824834,18.950594]},"properties":{"id":"osm:way/288414125","name":"Zaoba Wadi Garden","category":"park","subtype":"leisure=park","source":"osm"}},{"type":"Feature","geometry":{"type":"Point","coordinates":[72.822121,18.949335]},"properties":{"id":"osm:way/288439040","name":"SK Patil Garden","category":"park","subtype":"leisure=park","source":"osm","opening_hours":"sunrise-sunset"}},{"type":"Feature","geometry":{"type":"Point","coordinates":[72.816913,18.952495]},"properties":{"id":"osm:way/288444822","name":"Bal Bhavan","category":"park","subtype":"leisure=garden","source":"osm"}},{"type":"Feature","geometry":{"type":"Point","coordinates":[72.894633,19.093978]},"properties":{"id":"osm:way/289511918","name":"Jijamata","category":"park","subtype":"leisure=park","source":"osm"}},{"type":"Feature","geometry":{"type":"Point","coordinates":[72.844856,19.062164]},"properties":{"id":"osm:way/291324686","name":"Ground","category":"park","subtype":"leisure=park","source":"osm","opening_hours":"Mo-Fr 08:00-17:00","operator":"me"}},{"type":"Feature","geometry":{"type":"Point","coordinates":[72.849357,19.060522]},"properties":{"id":"osm:way/291330548","name":"Ambedkar Park","category":"park","subtype":"leisure=park","source":"osm","opening_hours":"Mo-Fr 08:00-17:00","access":"yes","operator":"government"}},{"type":"Feature","geometry":{"type":"Point","coordinates":[72.849843,19.061211]},"properties":{"id":"osm:way/291330554","name":null,"category":"park","subtype":"leisure=park","source":"osm"}},{"type":"Feature","geometry":{"type":"Point","coordinates":[73.009024,19.107254]},"properties":{"id":"osm:way/291808387","name":"Shivaji Rao Patil Park","category":"park","subtype":"leisure=park","source":"osm"}},{"type":"Feature","geometry":{"type":"Point","coordinates":[73.009559,19.099833]},"properties":{"id":"osm:way/291808390","name":"Society Park","category":"park","subtype":"leisure=park","source":"osm"}},{"type":"Feature","geometry":{"type":"Point","coordinates":[72.998774,19.108183]},"properties":{"id":"osm:way/291808394","name":"Rana Devi Park","category":"park","subtype":"leisure=park","source":"osm"}},{"type":"Feature","geometry":{"type":"Point","coordinates":[73.003517,19.09774]},"properties":{"id":"osm:way/291808396","name":"Krantisimha Nana Patil Udyan","category":"park","subtype":"leisure=park","source":"osm"}},{"type":"Feature","geometry":{"type":"Point","coordinates":[72.995684,19.098547]},"properties":{"id":"osm:way/291808401","name":"NMMC Park KK","category":"park","subtype":"leisure=park","source":"osm"}},{"type":"Feature","geometry":{"type":"Point","coordinates":[72.832474,19.192329]},"properties":{"id":"osm:way/291863358","name":"Sai Baba Park","category":"park","subtype":"leisure=park","source":"osm"}},{"type":"Feature","geometry":{"type":"Point","coordinates":[72.826395,19.201151]},"properties":{"id":"osm:way/293868946","name":"Joggers Park","category":"park","subtype":"leisure=park","source":"osm"}},{"type":"Feature","geometry":{"type":"Point","coordinates":[72.831675,19.146609]},"properties":{"id":"osm:way/294276630","name":null,"category":"park","subtype":"leisure=park","source":"osm"}},{"type":"Feature","geometry":{"type":"Point","coordinates":[72.833878,19.147009]},"properties":{"id":"osm:way/294276632","name":null,"category":"park","subtype":"leisure=park","source":"osm"}},{"type":"Feature","geometry":{"type":"Point","coordinates":[72.866547,19.037953]},"properties":{"id":"osm:way/310667226","name":null,"category":"park","subtype":"leisure=park","source":"osm"}},{"type":"Feature","geometry":{"type":"Point","coordinates":[72.867236,19.038886]},"properties":{"id":"osm:way/310686974","name":null,"category":"park","subtype":"leisure=park","source":"osm"}},{"type":"Feature","geometry":{"type":"Point","coordinates":[72.922509,19.055231]},"properties":{"id":"osm:way/314367898","name":"Kumar Bhupesh Garden","category":"park","subtype":"leisure=park","source":"osm"}},{"type":"Feature","geometry":{"type":"Point","coordinates":[72.901783,19.062672]},"properties":{"id":"osm:way/314372386","name":"play ground","category":"park","subtype":"leisure=park","source":"osm"}},{"type":"Feature","geometry":{"type":"Point","coordinates":[72.922061,19.068359]},"properties":{"id":"osm:way/314528856","name":"kashish kids park","category":"park","subtype":"leisure=park","source":"osm"}},{"type":"Feature","geometry":{"type":"Point","coordinates":[72.893431,19.064005]},"properties":{"id":"osm:way/314528957","name":"Lal Maidan","category":"park","subtype":"leisure=park","source":"osm"}},{"type":"Feature","geometry":{"type":"Point","coordinates":[72.917798,19.098204]},"properties":{"id":"osm:way/314529243","name":"Meenatai Thakre Udyan","category":"park","subtype":"leisure=park","source":"osm"}},{"type":"Feature","geometry":{"type":"Point","coordinates":[72.899356,19.063757]},"properties":{"id":"osm:way/315440970","name":"Sadguru Kadam Baba Udyan","category":"park","subtype":"leisure=park","source":"osm"}},{"type":"Feature","geometry":{"type":"Point","coordinates":[72.919565,19.062078]},"properties":{"id":"osm:way/315445323","name":"Shahu Garden","category":"park","subtype":"leisure=park","source":"osm"}},{"type":"Feature","geometry":{"type":"Point","coordinates":[72.953373,19.169503]},"properties":{"id":"osm:way/319226291","name":"Arya Bhat Garden","category":"park","subtype":"leisure=park","source":"osm"}},{"type":"Feature","geometry":{"type":"Point","coordinates":[72.953235,19.20299]},"properties":{"id":"osm:way/319831535","name":"Anandi Bai Garden","category":"park","subtype":"leisure=garden","source":"osm"}},{"type":"Feature","geometry":{"type":"Point","coordinates":[72.964066,19.164276]},"properties":{"id":"osm:way/319835387","name":"Sardar Tarasingh Garden","category":"park","subtype":"leisure=park","source":"osm"}},{"type":"Feature","geometry":{"type":"Point","coordinates":[72.967847,19.172359]},"properties":{"id":"osm:way/319837353","name":"Manoranjan","category":"park","subtype":"leisure=park","source":"osm"}},{"type":"Feature","geometry":{"type":"Point","coordinates":[72.952285,19.17121]},"properties":{"id":"osm:way/320396209","name":"Vijay Nagar Garden","category":"park","subtype":"leisure=park","source":"osm"}},{"type":"Feature","geometry":{"type":"Point","coordinates":[72.948886,19.17274]},"properties":{"id":"osm:way/320398230","name":"Kalidas Garden","category":"park","subtype":"leisure=park","source":"osm","opening_hours":"Mo-Su 08:00-22:00"}},{"type":"Feature","geometry":{"type":"Point","coordinates":[72.947301,19.176305]},"properties":{"id":"osm:way/320398231","name":"Lala Tulshiram Park","category":"park","subtype":"leisure=park","source":"osm"}},{"type":"Feature","geometry":{"type":"Point","coordinates":[72.881101,19.057955]},"properties":{"id":"osm:way/339196655","name":"Shiv Shrusti ground","category":"park","subtype":"leisure=park","source":"osm"}},{"type":"Feature","geometry":{"type":"Point","coordinates":[72.845499,19.297996]},"properties":{"id":"osm:way/344470206","name":"KG Park","category":"park","subtype":"leisure=park","source":"osm"}},{"type":"Feature","geometry":{"type":"Point","coordinates":[72.847053,19.29652]},"properties":{"id":"osm:way/344470208","name":null,"category":"park","subtype":"leisure=park","source":"osm"}},{"type":"Feature","geometry":{"type":"Point","coordinates":[72.891061,19.061728]},"properties":{"id":"osm:way/347008916","name":"nana nani park","category":"park","subtype":"leisure=park","source":"osm"}},{"type":"Feature","geometry":{"type":"Point","coordinates":[72.922773,19.060478]},"properties":{"id":"osm:way/347014412","name":"Ambedkar Park","category":"park","subtype":"leisure=park","source":"osm"}},{"type":"Feature","geometry":{"type":"Point","coordinates":[72.99011,19.178611]},"properties":{"id":"osm:way/352917914","name":null,"category":"park","subtype":"leisure=park","source":"osm"}},{"type":"Feature","geometry":{"type":"Point","coordinates":[72.851641,19.170741]},"properties":{"id":"osm:way/352964063","name":"kids only","category":"park","subtype":"leisure=park","source":"osm","opening_hours":"Mo-Fr 08:00-17:00","operator":"hitika"}},{"type":"Feature","geometry":{"type":"Point","coordinates":[72.847913,19.142037]},"properties":{"id":"osm:way/352984094","name":"ramraj park","category":"park","subtype":"leisure=park","source":"osm","opening_hours":"Mo-Fr 08:00-17:00"}},{"type":"Feature","geometry":{"type":"Point","coordinates":[72.854468,19.257849]},"properties":{"id":"osm:way/353409673","name":"A.S.L park","category":"park","subtype":"leisure=park","source":"osm","opening_hours":"Mo-Fr 08:00-17:00","access":"yes","operator":"government"}},{"type":"Feature","geometry":{"type":"Point","coordinates":[72.860014,19.136609]},"properties":{"id":"osm:way/353751521","name":"dyna park","category":"park","subtype":"leisure=park","source":"osm"}},{"type":"Feature","geometry":{"type":"Point","coordinates":[72.816624,19.014596]},"properties":{"id":"osm:way/354473917","name":"Worli Sea Face Garden","category":"park","subtype":"leisure=park","source":"osm"}},{"type":"Feature","geometry":{"type":"Point","coordinates":[72.836757,18.961366]},"properties":{"id":"osm:way/356207240","name":"public park","category":"park","subtype":"leisure=park","source":"osm","opening_hours":"Mo-Su 06:00-22:00"}},{"type":"Feature","geometry":{"type":"Point","coordinates":[72.910141,19.094418]},"properties":{"id":"osm:way/357113780","name":"K.V.K Ghatkopar Sarvajanik School","category":"park","subtype":"leisure=park","source":"osm"}},{"type":"Feature","geometry":{"type":"Point","coordinates":[72.866772,19.289384]},"properties":{"id":"osm:way/361114268","name":"Vardhaman Fantasy","category":"park","subtype":"leisure=park","source":"osm"}},{"type":"Feature","geometry":{"type":"Point","coordinates":[72.81909,18.913349]},"properties":{"id":"osm:way/362016106","name":"Colaba Woods Garden","category":"park","subtype":"leisure=park","source":"osm"}},{"type":"Feature","geometry":{"type":"Point","coordinates":[72.870356,19.134896]},"properties":{"id":"osm:way/362205484","name":"Mahakali A.L.M. Park","category":"park","subtype":"leisure=park","source":"osm"}},{"type":"Feature","geometry":{"type":"Point","coordinates":[72.811154,18.911086]},"properties":{"id":"osm:way/362705538","name":null,"category":"park","subtype":"leisure=park","source":"osm"}},{"type":"Feature","geometry":{"type":"Point","coordinates":[72.809691,18.955653]},"properties":{"id":"osm:way/362705555","name":"Nana Nani Park","category":"park","subtype":"leisure=park","source":"osm","opening_hours":"Mo-Su 06:00-10:00,17:00-21:00","description":"Only for senior (60+) citizens"}},{"type":"Feature","geometry":{"type":"Point","coordinates":[72.81347,18.954868]},"properties":{"id":"osm:way/362705556","name":"Lokmanya Tilak Udyan","category":"park","subtype":"leisure=park","source":"osm"}},{"type":"Feature","geometry":{"type":"Point","coordinates":[72.807611,18.955543]},"properties":{"id":"osm:way/362705557","name":"Kilachand Garden (Chowpatty Bandstand)","category":"park","subtype":"leisure=park","source":"osm"}},{"type":"Feature","geometry":{"type":"Point","coordinates":[72.805991,18.966119]},"properties":{"id":"osm:way/362705558","name":"Public Garden","category":"park","subtype":"leisure=park","source":"osm"}},{"type":"Feature","geometry":{"type":"Point","coordinates":[72.927635,19.030871]},"properties":{"id":"osm:way/362705572","name":"Lalit Lawn","category":"park","subtype":"leisure=park","source":"osm"}},{"type":"Feature","geometry":{"type":"Point","coordinates":[72.910462,19.018296]},"properties":{"id":"osm:way/362723875","name":null,"category":"park","subtype":"leisure=park","source":"osm"}},{"type":"Feature","geometry":{"type":"Point","coordinates":[72.919876,19.009598]},"properties":{"id":"osm:way/362723880","name":null,"category":"park","subtype":"leisure=garden","source":"osm"}},{"type":"Feature","geometry":{"type":"Point","coordinates":[72.923937,19.016279]},"properties":{"id":"osm:way/362723883","name":null,"category":"park","subtype":"leisure=park","source":"osm"}},{"type":"Feature","geometry":{"type":"Point","coordinates":[72.919753,19.045438]},"properties":{"id":"osm:way/362733404","name":null,"category":"park","subtype":"leisure=park","source":"osm"}},{"type":"Feature","geometry":{"type":"Point","coordinates":[72.913291,19.061176]},"properties":{"id":"osm:way/362733405","name":"Usha Suresh Patil Udhan","category":"park","subtype":"leisure=park","source":"osm"}},{"type":"Feature","geometry":{"type":"Point","coordinates":[72.894843,19.050882]},"properties":{"id":"osm:way/362733413","name":null,"category":"park","subtype":"leisure=park","source":"osm"}},{"type":"Feature","geometry":{"type":"Point","coordinates":[72.890519,19.04685]},"properties":{"id":"osm:way/362733414","name":null,"category":"park","subtype":"leisure=park","source":"osm"}},{"type":"Feature","geometry":{"type":"Point","coordinates":[72.83147,19.057563]},"properties":{"id":"osm:way/362762257","name":"Almeida Park","category":"park","subtype":"leisure=park","source":"osm","opening_hours":"Mo-Su 10:00-21:00","operator":"Municipal Corporation of Greater Mumbai"}},{"type":"Feature","geometry":{"type":"Point","coordinates":[72.85705,19.31701]},"properties":{"id":"osm:way/362878409","name":null,"category":"park","subtype":"leisure=park","source":"osm"}},{"type":"Feature","geometry":{"type":"Point","coordinates":[72.857613,19.316962]},"properties":{"id":"osm:way/362878410","name":null,"category":"park","subtype":"leisure=park","source":"osm"}},{"type":"Feature","geometry":{"type":"Point","coordinates":[72.861361,19.310981]},"properties":{"id":"osm:way/362878412","name":"Yashwantrao Chavan Udyan","category":"park","subtype":"leisure=park","source":"osm","operator":"Municipality"}},{"type":"Feature","geometry":{"type":"Point","coordinates":[72.862907,19.310259]},"properties":{"id":"osm:way/362878413","name":null,"category":"park","subtype":"leisure=park","source":"osm"}},{"type":"Feature","geometry":{"type":"Point","coordinates":[72.805409,18.90869]},"properties":{"id":"osm:way/363120063","name":null,"category":"park","subtype":"leisure=park","source":"osm"}},{"type":"Feature","geometry":{"type":"Point","coordinates":[72.802397,18.970581]},"properties":{"id":"osm:way/363147380","name":null,"category":"park","subtype":"leisure=park","source":"osm"}},{"type":"Feature","geometry":{"type":"Point","coordinates":[72.854042,19.055643]},"properties":{"id":"osm:way/363147405","name":"City Park","category":"park","subtype":"leisure=park","source":"osm"}},{"type":"Feature","geometry":{"type":"Point","coordinates":[72.838936,19.045998]},"properties":{"id":"osm:way/363253490","name":"swami vivekanand garden","category":"park","subtype":"leisure=park","source":"osm","opening_hours":"Mo-Su 08:00-22:00"}},{"type":"Feature","geometry":{"type":"Point","coordinates":[72.862606,19.015587]},"properties":{"id":"osm:way/363255427","name":null,"category":"park","subtype":"leisure=park","source":"osm"}},{"type":"Feature","geometry":{"type":"Point","coordinates":[72.929391,19.135064]},"properties":{"id":"osm:way/363260891","name":null,"category":"park","subtype":"leisure=park","source":"osm"}},{"type":"Feature","geometry":{"type":"Point","coordinates":[72.937319,19.151375]},"properties":{"id":"osm:way/363260893","name":null,"category":"park","subtype":"leisure=garden","source":"osm"}},{"type":"Feature","geometry":{"type":"Point","coordinates":[72.958997,19.2092]},"properties":{"id":"osm:way/363260902","name":null,"category":"park","subtype":"leisure=park","source":"osm"}},{"type":"Feature","geometry":{"type":"Point","coordinates":[72.987756,19.146857]},"properties":{"id":"osm:way/363282646","name":"Yashwant Rao Chavan Park","category":"park","subtype":"leisure=park","source":"osm","opening_hours":"Mo-Su 07:00-21:00"}},{"type":"Feature","geometry":{"type":"Point","coordinates":[72.988743,19.147098]},"properties":{"id":"osm:way/363282647","name":"Dr Babasaheb Ambedkar Udyan","category":"park","subtype":"leisure=park","source":"osm"}},{"type":"Feature","geometry":{"type":"Point","coordinates":[72.993558,19.145563]},"properties":{"id":"osm:way/363282649","name":null,"category":"park","subtype":"leisure=park","source":"osm"}},{"type":"Feature","geometry":{"type":"Point","coordinates":[72.996058,19.145464]},"properties":{"id":"osm:way/363282650","name":"Peer Sayad Badsaha Miya Udhyan","category":"park","subtype":"leisure=park","source":"osm"}},{"type":"Feature","geometry":{"type":"Point","coordinates":[72.997812,19.1449]},"properties":{"id":"osm:way/363282651","name":"Airoli Sec 6 Garden","category":"park","subtype":"leisure=park","source":"osm"}},{"type":"Feature","geometry":{"type":"Point","coordinates":[72.997373,19.146012]},"properties":{"id":"osm:way/363282652","name":null,"category":"park","subtype":"leisure=park","source":"osm"}},{"type":"Feature","geometry":{"type":"Point","coordinates":[72.996742,19.147744]},"properties":{"id":"osm:way/363282653","name":null,"category":"park","subtype":"leisure=park","source":"osm"}},{"type":"Feature","geometry":{"type":"Point","coordinates":[72.999829,19.150151]},"properties":{"id":"osm:way/363282654","name":null,"category":"park","subtype":"leisure=park","source":"osm"}},{"type":"Feature","geometry":{"type":"Point","coordinates":[72.998846,19.150424]},"properties":{"id":"osm:way/363282655","name":null,"category":"park","subtype":"leisure=park","source":"osm"}},{"type":"Feature","geometry":{"type":"Point","coordinates":[72.994156,19.150711]},"properties":{"id":"osm:way/363282656","name":"Shri Baji Prabhu Udyan","category":"park","subtype":"leisure=park","source":"osm"}},{"type":"Feature","geometry":{"type":"Point","coordinates":[72.997298,19.150547]},"properties":{"id":"osm:way/363282657","name":null,"category":"park","subtype":"leisure=park","source":"osm"}},{"type":"Feature","geometry":{"type":"Point","coordinates":[72.994788,19.158347]},"properties":{"id":"osm:way/363282660","name":"Rajiv Gandhi Udyan","category":"park","subtype":"leisure=park","source":"osm"}},{"type":"Feature","geometry":{"type":"Point","coordinates":[72.990225,19.162247]},"properties":{"id":"osm:way/363282661","name":"नवी मुंबई महानगरपालिका अधिकृत पार्क, ऐरोली सेक्टर २०","category":"park","subtype":"leisure=park","source":"osm","opening_hours":"Mo-Su 06:00-14:00"}},{"type":"Feature","geometry":{"type":"Point","coordinates":[72.991736,19.169047]},"properties":{"id":"osm:way/363282663","name":null,"category":"park","subtype":"leisure=park","source":"osm"}},{"type":"Feature","geometry":{"type":"Point","coordinates":[73.002494,19.161559]},"properties":{"id":"osm:way/363282664","name":"Mindspace Garden","category":"park","subtype":"leisure=park","source":"osm"}},{"type":"Feature","geometry":{"type":"Point","coordinates":[73.001822,19.149446]},"properties":{"id":"osm:way/363282665","name":null,"category":"park","subtype":"leisure=park","source":"osm"}},{"type":"Feature","geometry":{"type":"Point","coordinates":[73.012623,19.125033]},"properties":{"id":"osm:way/363285447","name":null,"category":"park","subtype":"leisure=park","source":"osm"}},{"type":"Feature","geometry":{"type":"Point","coordinates":[73.00865,19.124859]},"properties":{"id":"osm:way/363285448","name":null,"category":"park","subtype":"leisure=park","source":"osm"}},{"type":"Feature","geometry":{"type":"Point","coordinates":[73.003287,19.089772]},"properties":{"id":"osm:way/363297214","name":"Acharya Shri Anand Rishi Garden","category":"park","subtype":"leisure=garden","source":"osm"}},{"type":"Feature","geometry":{"type":"Point","coordinates":[73.00707,19.091161]},"properties":{"id":"osm:way/363297217","name":"Sardar Vallabhbhai Patel Park","category":"park","subtype":"leisure=park","source":"osm"}},{"type":"Feature","geometry":{"type":"Point","coordinates":[73.008584,19.091012]},"properties":{"id":"osm:way/363297219","name":null,"category":"park","subtype":"leisure=garden","source":"osm"}},{"type":"Feature","geometry":{"type":"Point","coordinates":[73.003459,19.084183]},"properties":{"id":"osm:way/363297221","name":"Brahma Kumari's Peace Park","category":"park","subtype":"leisure=park","source":"osm"}},{"type":"Feature","geometry":{"type":"Point","coordinates":[73.003863,19.081405]},"properties":{"id":"osm:way/363297223","name":"Gorakshnath Palve Park","category":"park","subtype":"leisure=park","source":"osm"}},{"type":"Feature","geometry":{"type":"Point","coordinates":[72.997939,19.082623]},"properties":{"id":"osm:way/363297229","name":null,"category":"park","subtype":"leisure=park","source":"osm"}},{"type":"Feature","geometry":{"type":"Point","coordinates":[72.993805,19.08119]},"properties":{"id":"osm:way/363297231","name":null,"category":"park","subtype":"leisure=park","source":"osm"}},{"type":"Feature","geometry":{"type":"Point","coordinates":[72.997343,19.080327]},"properties":{"id":"osm:way/363297233","name":"Dr. Babasaheb Ambedkar Park","category":"park","subtype":"leisure=park","source":"osm"}},{"type":"Feature","geometry":{"type":"Point","coordinates":[72.995238,19.075783]},"properties":{"id":"osm:way/363297235","name":"Harit Tata Park","category":"park","subtype":"leisure=park","source":"osm"}},{"type":"Feature","geometry":{"type":"Point","coordinates":[72.993203,19.071796]},"properties":{"id":"osm:way/363297237","name":null,"category":"park","subtype":"leisure=park","source":"osm"}},{"type":"Feature","geometry":{"type":"Point","coordinates":[72.994174,19.069945]},"properties":{"id":"osm:way/363297238","name":null,"category":"park","subtype":"leisure=park","source":"osm"}},{"type":"Feature","geometry":{"type":"Point","coordinates":[72.996068,19.070432]},"properties":{"id":"osm:way/363297240","name":"Veermata Jijabai Park","category":"park","subtype":"leisure=park","source":"osm"}},{"type":"Feature","geometry":{"type":"Point","coordinates":[73.012801,19.061798]},"properties":{"id":"osm:way/363297249","name":"Tukaram Maharaj Park","category":"park","subtype":"leisure=park","source":"osm"}},{"type":"Feature","geometry":{"type":"Point","coordinates":[73.015424,19.044366]},"properties":{"id":"osm:way/363309582","name":"Shivaji Garden","category":"park","subtype":"leisure=park","source":"osm"}},{"type":"Feature","geometry":{"type":"Point","coordinates":[73.016673,19.042538]},"properties":{"id":"osm:way/363309583","name":"CIDCO Garden","category":"park","subtype":"leisure=park","source":"osm"}},{"type":"Feature","geometry":{"type":"Point","coordinates":[73.018041,19.041535]},"properties":{"id":"osm:way/363309584","name":"Bhausaheb Shere Garden","category":"park","subtype":"leisure=park","source":"osm"}},{"type":"Feature","geometry":{"type":"Point","coordinates":[73.014128,19.03979]},"properties":{"id":"osm:way/363309585","name":"Pandit Rama Bhagat Park, nerul","category":"park","subtype":"leisure=park","source":"osm"}},{"type":"Feature","geometry":{"type":"Point","coordinates":[73.009418,19.036411]},"properties":{"id":"osm:way/363309586","name":"Chhatrapati Sambhaji Raje Park","category":"park","subtype":"leisure=park","source":"osm"}},{"type":"Feature","geometry":{"type":"Point","coordinates":[73.011644,19.033561]},"properties":{"id":"osm:way/363309587","name":"Talav Park","category":"park","subtype":"leisure=park","source":"osm"}},{"type":"Feature","geometry":{"type":"Point","coordinates":[73.020075,19.030207]},"properties":{"id":"osm:way/363309589","name":"Rock Garden, Nerul","category":"park","subtype":"leisure=park","source":"osm"}},{"type":"Feature","geometry":{"type":"Point","coordinates":[73.016692,19.003175]},"properties":{"id":"osm:way/363309597","name":"Building 18 playground","category":"park","subtype":"leisure=park","source":"osm","opening_hours":"Mo-Su 06:00-23:00","access":"yes","operator":"NMMC","description":"building 18 playground,  seawoods  estates NRI complex, sector 54,seawoods west,,navi mumbai, maharashtra,India."}},{"type":"Feature","geometry":{"type":"Point","coordinates":[72.987187,19.151417]},"properties":{"id":"osm:way/363717061","name":null,"category":"park","subtype":"leisure=park","source":"osm"}},{"type":"Feature","geometry":{"type":"Point","coordinates":[72.990603,19.150351]},"properties":{"id":"osm:way/363717063","name":null,"category":"park","subtype":"leisure=park","source":"osm"}},{"type":"Feature","geometry":{"type":"Point","coordinates":[73.005631,19.129908]},"properties":{"id":"osm:way/363717067","name":null,"category":"park","subtype":"leisure=park","source":"osm"}},{"type":"Feature","geometry":{"type":"Point","coordinates":[72.994402,19.154552]},"properties":{"id":"osm:way/363718818","name":"sumitbhai park","category":"park","subtype":"leisure=park","source":"osm","operator":"sumit"}},{"type":"Feature","geometry":{"type":"Point","coordinates":[72.954392,19.27365]},"properties":{"id":"osm:way/363726612","name":null,"category":"park","subtype":"leisure=park","source":"osm"}},{"type":"Feature","geometry":{"type":"Point","coordinates":[72.970302,19.270805]},"properties":{"id":"osm:way/363728970","name":null,"category":"park","subtype":"leisure=park","source":"osm"}},{"type":"Feature","geometry":{"type":"Point","coordinates":[72.979594,19.251373]},"properties":{"id":"osm:way/363728971","name":null,"category":"park","subtype":"leisure=park","source":"osm"}},{"type":"Feature","geometry":{"type":"Point","coordinates":[72.992969,19.237793]},"properties":{"id":"osm:way/363732899","name":null,"category":"park","subtype":"leisure=park","source":"osm"}},{"type":"Feature","geometry":{"type":"Point","coordinates":[72.956767,19.196367]},"properties":{"id":"osm:way/363739901","name":"Sun Infotech Park","category":"park","subtype":"leisure=park","source":"osm"}},{"type":"Feature","geometry":{"type":"Point","coordinates":[72.93256,19.102994]},"properties":{"id":"osm:way/363739903","name":null,"category":"park","subtype":"leisure=park","source":"osm"}},{"type":"Feature","geometry":{"type":"Point","coordinates":[72.83781,18.977926]},"properties":{"id":"osm:way/363753992","name":"Rose Garden","category":"park","subtype":"leisure=garden","source":"osm"}},{"type":"Feature","geometry":{"type":"Point","coordinates":[72.970747,19.173952]},"properties":{"id":"osm:way/363858216","name":"R R Patil Garden","category":"park","subtype":"leisure=park","source":"osm","opening_hours":"Mo-Su 06:00-12:00,15:00-21:00"}},{"type":"Feature","geometry":{"type":"Point","coordinates":[72.818832,19.010265]},"properties":{"id":"osm:way/363858801","name":"ayooshi park","category":"park","subtype":"leisure=park","source":"osm"}},{"type":"Feature","geometry":{"type":"Point","coordinates":[72.816475,19.007883]},"properties":{"id":"osm:way/363858802","name":"Adya Shankaracharya Garden","category":"park","subtype":"leisure=park","source":"osm"}},{"type":"Feature","geometry":{"type":"Point","coordinates":[72.852619,19.306912]},"properties":{"id":"osm:way/363871437","name":null,"category":"park","subtype":"leisure=park","source":"osm"}},{"type":"Feature","geometry":{"type":"Point","coordinates":[72.852479,19.307687]},"properties":{"id":"osm:way/363871439","name":null,"category":"park","subtype":"leisure=park","source":"osm"}},{"type":"Feature","geometry":{"type":"Point","coordinates":[72.863559,19.300499]},"properties":{"id":"osm:way/363871442","name":null,"category":"park","subtype":"leisure=park","source":"osm"}},{"type":"Feature","geometry":{"type":"Point","coordinates":[72.863432,19.29919]},"properties":{"id":"osm:way/363871443","name":null,"category":"park","subtype":"leisure=garden","source":"osm"}},{"type":"Feature","geometry":{"type":"Point","coordinates":[72.876256,19.284104]},"properties":{"id":"osm:way/363871450","name":null,"category":"park","subtype":"leisure=park","source":"osm"}},{"type":"Feature","geometry":{"type":"Point","coordinates":[72.872209,19.271236]},"properties":{"id":"osm:way/363871453","name":null,"category":"park","subtype":"leisure=garden","source":"osm"}},{"type":"Feature","geometry":{"type":"Point","coordinates":[72.861439,19.271584]},"properties":{"id":"osm:way/363871455","name":"Sankalp Garden","category":"park","subtype":"leisure=garden","source":"osm","access":"private"}},{"type":"Feature","geometry":{"type":"Point","coordinates":[72.861937,19.272487]},"properties":{"id":"osm:way/363871457","name":"Satsang Garden","category":"park","subtype":"leisure=garden","source":"osm","access":"private"}},{"type":"Feature","geometry":{"type":"Point","coordinates":[72.86239,19.271672]},"properties":{"id":"osm:way/363871458","name":null,"category":"park","subtype":"leisure=garden","source":"osm"}},{"type":"Feature","geometry":{"type":"Point","coordinates":[72.86112,19.272846]},"properties":{"id":"osm:way/363871459","name":"Sankal Garden","category":"park","subtype":"leisure=garden","source":"osm","access":"private"}},{"type":"Feature","geometry":{"type":"Point","coordinates":[72.864177,19.272623]},"properties":{"id":"osm:way/363871462","name":null,"category":"park","subtype":"leisure=park","source":"osm"}},{"type":"Feature","geometry":{"type":"Point","coordinates":[72.862286,19.273313]},"properties":{"id":"osm:way/363871464","name":null,"category":"park","subtype":"leisure=garden","source":"osm"}},{"type":"Feature","geometry":{"type":"Point","coordinates":[72.861645,19.273605]},"properties":{"id":"osm:way/363871465","name":null,"category":"park","subtype":"leisure=garden","source":"osm"}},{"type":"Feature","geometry":{"type":"Point","coordinates":[72.859356,19.274184]},"properties":{"id":"osm:way/363871468","name":null,"category":"park","subtype":"leisure=garden","source":"osm"}},{"type":"Feature","geometry":{"type":"Point","coordinates":[72.857919,19.274596]},"properties":{"id":"osm:way/363871469","name":"Joggers Park","category":"park","subtype":"leisure=park","source":"osm","opening_hours":"Mo-Su 05:00-10:00","operator":"MBMC"}},{"type":"Feature","geometry":{"type":"Point","coordinates":[72.865797,19.277449]},"properties":{"id":"osm:way/363871483","name":null,"category":"park","subtype":"leisure=park","source":"osm"}},{"type":"Feature","geometry":{"type":"Point","coordinates":[72.866142,19.278485]},"properties":{"id":"osm:way/363871484","name":null,"category":"park","subtype":"leisure=park","source":"osm"}},{"type":"Feature","geometry":{"type":"Point","coordinates":[72.8658,19.278828]},"properties":{"id":"osm:way/363871485","name":null,"category":"park","subtype":"leisure=park","source":"osm"}},{"type":"Feature","geometry":{"type":"Point","coordinates":[72.866265,19.281248]},"properties":{"id":"osm:way/363871495","name":null,"category":"park","subtype":"leisure=park","source":"osm"}},{"type":"Feature","geometry":{"type":"Point","coordinates":[72.870351,19.278475]},"properties":{"id":"osm:way/363871497","name":null,"category":"park","subtype":"leisure=garden","source":"osm"}},{"type":"Feature","geometry":{"type":"Point","coordinates":[72.871306,19.277307]},"properties":{"id":"osm:way/363871499","name":null,"category":"park","subtype":"leisure=park","source":"osm"}},{"type":"Feature","geometry":{"type":"Point","coordinates":[72.87659,19.277448]},"properties":{"id":"osm:way/363871502","name":null,"category":"park","subtype":"leisure=garden","source":"osm"}},{"type":"Feature","geometry":{"type":"Point","coordinates":[72.863064,19.24769]},"properties":{"id":"osm:way/363871511","name":null,"category":"park","subtype":"leisure=park","source":"osm"}},{"type":"Feature","geometry":{"type":"Point","coordinates":[72.871166,19.216448]},"properties":{"id":"osm:way/363871513","name":"Shrikant Thakrey BMC Park","category":"park","subtype":"leisure=park","source":"osm","opening_hours":"Mo-Su 07:00-12:00, 16:00-20:00","operator":"BMC"}},{"type":"Feature","geometry":{"type":"Point","coordinates":[72.873426,19.215178]},"properties":{"id":"osm:way/363871515","name":null,"category":"park","subtype":"leisure=park","source":"osm"}},{"type":"Feature","geometry":{"type":"Point","coordinates":[72.876335,19.210805]},"properties":{"id":"osm:way/363871518","name":null,"category":"park","subtype":"leisure=park","source":"osm"}},{"type":"Feature","geometry":{"type":"Point","coordinates":[72.876329,19.211585]},"properties":{"id":"osm:way/363871521","name":null,"category":"park","subtype":"leisure=park","source":"osm"}},{"type":"Feature","geometry":{"type":"Point","coordinates":[72.872382,19.210792]},"properties":{"id":"osm:way/363871522","name":null,"category":"park","subtype":"leisure=park","source":"osm"}},{"type":"Feature","geometry":{"type":"Point","coordinates":[72.875129,19.208242]},"properties":{"id":"osm:way/363871523","name":"Thakur Stadium","category":"park","subtype":"leisure=park","source":"osm"}},{"type":"Feature","geometry":{"type":"Point","coordinates":[72.877017,19.208003]},"properties":{"id":"osm:way/363871524","name":null,"category":"park","subtype":"leisure=park","source":"osm"}},{"type":"Feature","geometry":{"type":"Point","coordinates":[72.866583,19.255775]},"properties":{"id":"osm:way/363893672","name":null,"category":"park","subtype":"leisure=park","source":"osm"}},{"type":"Feature","geometry":{"type":"Point","coordinates":[72.864635,19.254125]},"properties":{"id":"osm:way/363893673","name":"Jari Mari Udhyan","category":"park","subtype":"leisure=park","source":"osm"}},{"type":"Feature","geometry":{"type":"Point","coordinates":[72.85535,19.253223]},"properties":{"id":"osm:way/363893675","name":"ACHARYA VINOBA BHAVE UDYAN","category":"park","subtype":"leisure=park","source":"osm"}},{"type":"Feature","geometry":{"type":"Point","coordinates":[72.84617,19.248847]},"properties":{"id":"osm:way/363893678","name":"BMC Tukaram Park","category":"park","subtype":"leisure=park","source":"osm"}},{"type":"Feature","geometry":{"type":"Point","coordinates":[72.847455,19.251537]},"properties":{"id":"osm:way/363893679","name":"green park","category":"park","subtype":"leisure=park","source":"osm"}},{"type":"Feature","geometry":{"type":"Point","coordinates":[72.84827,19.251452]},"properties":{"id":"osm:way/363893680","name":"BMC Dog Park","category":"park","subtype":"leisure=dog_park","source":"osm"}},{"type":"Feature","geometry":{"type":"Point","coordinates":[72.846124,19.245817]},"properties":{"id":"osm:way/363893681","name":"Mother Teresa Park","category":"park","subtype":"leisure=park","source":"osm"}},{"type":"Feature","geometry":{"type":"Point","coordinates":[72.846086,19.24351]},"properties":{"id":"osm:way/363893682","name":null,"category":"park","subtype":"leisure=park","source":"osm"}},{"type":"Feature","geometry":{"type":"Point","coordinates":[72.843119,19.234328]},"properties":{"id":"osm:way/363893684","name":"yogi garden","category":"park","subtype":"leisure=park","source":"osm"}},{"type":"Feature","geometry":{"type":"Point","coordinates":[72.835928,19.233014]},"properties":{"id":"osm:way/363893685","name":null,"category":"park","subtype":"leisure=park","source":"osm"}},{"type":"Feature","geometry":{"type":"Point","coordinates":[72.850723,19.231189]},"properties":{"id":"osm:way/363893686","name":null,"category":"park","subtype":"leisure=park","source":"osm"}},{"type":"Feature","geometry":{"type":"Point","coordinates":[72.855339,19.234155]},"properties":{"id":"osm:way/363893688","name":null,"category":"park","subtype":"leisure=park","source":"osm"}},{"type":"Feature","geometry":{"type":"Point","coordinates":[72.842455,19.227333]},"properties":{"id":"osm:way/363893689","name":"Abhinav-Vasant Jogger's Park","category":"park","subtype":"leisure=park","source":"osm"}},{"type":"Feature","geometry":{"type":"Point","coordinates":[72.846531,19.226291]},"properties":{"id":"osm:way/363893690","name":null,"category":"park","subtype":"leisure=garden","source":"osm"}},{"type":"Feature","geometry":{"type":"Point","coordinates":[72.8344,19.221917]},"properties":{"id":"osm:way/363893693","name":"Balaji Recreational Park","category":"park","subtype":"leisure=park","source":"osm","opening_hours":"Mo-Su 06:00-22:00"}},{"type":"Feature","geometry":{"type":"Point","coordinates":[72.84037,19.226214]},"properties":{"id":"osm:way/363893694","name":"P L Deshpande Garden","category":"park","subtype":"leisure=park","source":"osm","access":"customers"}},{"type":"Feature","geometry":{"type":"Point","coordinates":[72.845711,19.222301]},"properties":{"id":"osm:way/363904544","name":null,"category":"park","subtype":"leisure=park","source":"osm"}},{"type":"Feature","geometry":{"type":"Point","coordinates":[72.846571,19.2223]},"properties":{"id":"osm:way/363904545","name":null,"category":"park","subtype":"leisure=park","source":"osm"}},{"type":"Feature","geometry":{"type":"Point","coordinates":[72.849989,19.223308]},"properties":{"id":"osm:way/363904546","name":null,"category":"park","subtype":"leisure=park","source":"osm","operator":"BMC"}},{"type":"Feature","geometry":{"type":"Point","coordinates":[72.844465,19.217862]},"properties":{"id":"osm:way/363904547","name":"Jawaharlal Nehru Udyana","category":"park","subtype":"leisure=park","source":"osm"}},{"type":"Feature","geometry":{"type":"Point","coordinates":[72.845456,19.214669]},"properties":{"id":"osm:way/363904548","name":"Sardar Vallabhbai Park","category":"park","subtype":"leisure=park","source":"osm"}},{"type":"Feature","geometry":{"type":"Point","coordinates":[72.845685,19.196179]},"properties":{"id":"osm:way/363904551","name":"svp garden","category":"park","subtype":"leisure=park","source":"osm","access":"yes"}},{"type":"Feature","geometry":{"type":"Point","coordinates":[72.830823,19.186584]},"properties":{"id":"osm:way/363904552","name":null,"category":"park","subtype":"leisure=park","source":"osm"}},{"type":"Feature","geometry":{"type":"Point","coordinates":[72.846833,19.161494]},"properties":{"id":"osm:way/363904559","name":null,"category":"park","subtype":"leisure=park","source":"osm"}},{"type":"Feature","geometry":{"type":"Point","coordinates":[72.824654,19.121893]},"properties":{"id":"osm:way/363927068","name":null,"category":"park","subtype":"leisure=park","source":"osm"}},{"type":"Feature","geometry":{"type":"Point","coordinates":[72.82549,19.122622]},"properties":{"id":"osm:way/363927069","name":null,"category":"park","subtype":"leisure=garden","source":"osm"}},{"type":"Feature","geometry":{"type":"Point","coordinates":[72.837411,19.109201]},"properties":{"id":"osm:way/363927070","name":null,"category":"park","subtype":"leisure=park","source":"osm"}},{"type":"Feature","geometry":{"type":"Point","coordinates":[72.840479,19.097838]},"properties":{"id":"osm:way/363927071","name":null,"category":"park","subtype":"leisure=park","source":"osm"}},{"type":"Feature","geometry":{"type":"Point","coordinates":[72.840746,19.088649]},"properties":{"id":"osm:way/363927072","name":null,"category":"park","subtype":"leisure=park","source":"osm"}},{"type":"Feature","geometry":{"type":"Point","coordinates":[72.83253,19.217742]},"properties":{"id":"osm:way/363927073","name":"Sector 3 Musical Theme Park","category":"park","subtype":"leisure=park","source":"osm"}},{"type":"Feature","geometry":{"type":"Point","coordinates":[72.82033,19.213594]},"properties":{"id":"osm:way/363927074","name":"Municipal Garden","category":"park","subtype":"leisure=garden","source":"osm"}},{"type":"Feature","geometry":{"type":"Point","coordinates":[72.823013,19.195732]},"properties":{"id":"osm:way/363927076","name":"Desai Garden","category":"park","subtype":"leisure=garden","source":"osm"}},{"type":"Feature","geometry":{"type":"Point","coordinates":[72.814254,19.196228]},"properties":{"id":"osm:way/363927077","name":null,"category":"park","subtype":"leisure=park","source":"osm"}},{"type":"Feature","geometry":{"type":"Point","coordinates":[72.822682,19.187227]},"properties":{"id":"osm:way/363927078","name":null,"category":"park","subtype":"leisure=park","source":"osm"}},{"type":"Feature","geometry":{"type":"Point","coordinates":[72.868477,19.198273]},"properties":{"id":"osm:way/363938048","name":null,"category":"park","subtype":"leisure=park","source":"osm"}},{"type":"Feature","geometry":{"type":"Point","coordinates":[72.869666,19.197624]},"properties":{"id":"osm:way/363938049","name":null,"category":"park","subtype":"leisure=park","source":"osm"}},{"type":"Feature","geometry":{"type":"Point","coordinates":[72.872409,19.2]},"properties":{"id":"osm:way/363938050","name":null,"category":"park","subtype":"leisure=park","source":"osm"}},{"type":"Feature","geometry":{"type":"Point","coordinates":[72.86654,19.188594]},"properties":{"id":"osm:way/363938051","name":null,"category":"park","subtype":"leisure=garden","source":"osm"}},{"type":"Feature","geometry":{"type":"Point","coordinates":[72.863512,19.179844]},"properties":{"id":"osm:way/363938053","name":null,"category":"park","subtype":"leisure=park","source":"osm"}},{"type":"Feature","geometry":{"type":"Point","coordinates":[72.815746,19.135138]},"properties":{"id":"osm:way/384534225","name":null,"category":"park","subtype":"leisure=park","source":"osm"}},{"type":"Feature","geometry":{"type":"Point","coordinates":[72.817,19.129101]},"properties":{"id":"osm:way/390218871","name":"Dadabhai Naoroji Udyan","category":"park","subtype":"leisure=park","source":"osm"}},{"type":"Feature","geometry":{"type":"Point","coordinates":[72.938835,19.180726]},"properties":{"id":"osm:way/391919542","name":"Sardar Pratap Singh Manoranjan Maidan","category":"park","subtype":"leisure=park","source":"osm","opening_hours":"Mo-Su 06:00-23:00","phone":"+917977992670"}},{"type":"Feature","geometry":{"type":"Point","coordinates":[72.904753,19.070595]},"properties":{"id":"osm:way/396345353","name":"Pestom Sagar Citizens Ground","category":"park","subtype":"leisure=park","source":"osm"}},{"type":"Feature","geometry":{"type":"Point","coordinates":[72.826119,18.979204]},"properties":{"id":"osm:way/410860384","name":null,"category":"park","subtype":"leisure=park","source":"osm","access":"private"}},{"type":"Feature","geometry":{"type":"Point","coordinates":[72.80456,18.907353]},"properties":{"id":"osm:way/412525082","name":"Almond Grove","category":"park","subtype":"leisure=garden","source":"osm","operator":"Tata Institute of Fundamental Research"}},{"type":"Feature","geometry":{"type":"Point","coordinates":[72.904964,19.073046]},"properties":{"id":"osm:way/416521085","name":"Dr. Keshav Baliram Hedgewar Garden","category":"park","subtype":"leisure=park","source":"osm","opening_hours":"06:00-22:00","operator":"Brihanmumbai Municipal Corporation"}},{"type":"Feature","geometry":{"type":"Point","coordinates":[72.806817,19.227793]},"properties":{"id":"osm:way/423855163","name":null,"category":"park","subtype":"leisure=park","source":"osm"}},{"type":"Feature","geometry":{"type":"Point","coordinates":[72.805086,19.227803]},"properties":{"id":"osm:way/423855164","name":null,"category":"park","subtype":"leisure=park","source":"osm"}},{"type":"Feature","geometry":{"type":"Point","coordinates":[72.804948,19.227753]},"properties":{"id":"osm:way/423855165","name":null,"category":"park","subtype":"leisure=park","source":"osm"}},{"type":"Feature","geometry":{"type":"Point","coordinates":[72.806296,19.227244]},"properties":{"id":"osm:way/423861771","name":null,"category":"park","subtype":"leisure=park","source":"osm"}},{"type":"Feature","geometry":{"type":"Point","coordinates":[72.881663,19.062017]},"properties":{"id":"osm:way/427199175","name":null,"category":"park","subtype":"leisure=park","source":"osm"}},{"type":"Feature","geometry":{"type":"Point","coordinates":[72.889802,19.043305]},"properties":{"id":"osm:way/430028106","name":"VES ground","category":"park","subtype":"leisure=park","source":"osm"}},{"type":"Feature","geometry":{"type":"Point","coordinates":[72.839299,18.996624]},"properties":{"id":"osm:way/430029988","name":null,"category":"park","subtype":"leisure=park","source":"osm"}},{"type":"Feature","geometry":{"type":"Point","coordinates":[72.866882,19.066488]},"properties":{"id":"osm:way/430412655","name":null,"category":"park","subtype":"leisure=park","source":"osm"}},{"type":"Feature","geometry":{"type":"Point","coordinates":[72.867915,19.273735]},"properties":{"id":"osm:way/433207583","name":null,"category":"park","subtype":"leisure=park","source":"osm"}},{"type":"Feature","geometry":{"type":"Point","coordinates":[72.850791,19.05255]},"properties":{"id":"osm:way/434904717","name":null,"category":"park","subtype":"leisure=park","source":"osm"}},{"type":"Feature","geometry":{"type":"Point","coordinates":[72.845247,19.059776]},"properties":{"id":"osm:way/434904720","name":"Shivaji Garden","category":"park","subtype":"leisure=park","source":"osm"}},{"type":"Feature","geometry":{"type":"Point","coordinates":[72.834699,18.92276]},"properties":{"id":"osm:way/434914793","name":null,"category":"park","subtype":"leisure=garden","source":"osm"}},{"type":"Feature","geometry":{"type":"Point","coordinates":[72.91893,19.097452]},"properties":{"id":"osm:way/436218412","name":"N Ward Park","category":"park","subtype":"leisure=park","source":"osm"}},{"type":"Feature","geometry":{"type":"Point","coordinates":[72.87748,19.104751]},"properties":{"id":"osm:way/436224076","name":null,"category":"park","subtype":"leisure=park","source":"osm"}},{"type":"Feature","geometry":{"type":"Point","coordinates":[72.872096,19.060902]},"properties":{"id":"osm:way/436339856","name":"Rajmata Ahilyabai Holkar Udyan","category":"park","subtype":"leisure=park","source":"osm"}},{"type":"Feature","geometry":{"type":"Point","coordinates":[72.858567,19.084598]},"properties":{"id":"osm:way/436370617","name":null,"category":"park","subtype":"leisure=park","source":"osm"}},{"type":"Feature","geometry":{"type":"Point","coordinates":[72.819049,18.92578]},"properties":{"id":"osm:way/438515700","name":"Tata Garden","category":"park","subtype":"leisure=garden","source":"osm"}},{"type":"Feature","geometry":{"type":"Point","coordinates":[72.819917,18.925751]},"properties":{"id":"osm:way/438516420","name":"Expt. Garden","category":"park","subtype":"leisure=garden","source":"osm"}},{"type":"Feature","geometry":{"type":"Point","coordinates":[72.820338,18.925559]},"properties":{"id":"osm:way/438516422","name":"Sunken Garde","category":"park","subtype":"leisure=garden","source":"osm"}},{"type":"Feature","geometry":{"type":"Point","coordinates":[72.84766,19.294652]},"properties":{"id":"osm:way/439776910","name":"Joggers Park","category":"park","subtype":"leisure=park","source":"osm","opening_hours":"05:00-11:00,17:00-22:30","operator":"Mira Bhayander Municipal Corporation"}},{"type":"Feature","geometry":{"type":"Point","coordinates":[72.862177,19.285368]},"properties":{"id":"osm:way/439776913","name":null,"category":"park","subtype":"leisure=park","source":"osm"}},{"type":"Feature","geometry":{"type":"Point","coordinates":[72.858244,19.316537]},"properties":{"id":"osm:way/439776914","name":"Chacha Nehru Children Garden","category":"park","subtype":"leisure=park","source":"osm"}},{"type":"Feature","geometry":{"type":"Point","coordinates":[72.826256,18.999877]},"properties":{"id":"osm:way/441268775","name":"Matoshree Ramabai Thackrey Udyan","category":"park","subtype":"leisure=park","source":"osm"}},{"type":"Feature","geometry":{"type":"Point","coordinates":[72.865425,19.261563]},"properties":{"id":"osm:way/448443706","name":null,"category":"park","subtype":"leisure=garden","source":"osm"}},{"type":"Feature","geometry":{"type":"Point","coordinates":[72.896212,19.067434]},"properties":{"id":"osm:way/461274055","name":"Shree Ganesh Udyan-Tilak Nagar","category":"park","subtype":"leisure=park","source":"osm"}},{"type":"Feature","geometry":{"type":"Point","coordinates":[72.895524,19.067029]},"properties":{"id":"osm:way/461275544","name":"Maharashtra Ekyavardak Ground","category":"park","subtype":"leisure=park","source":"osm"}},{"type":"Feature","geometry":{"type":"Point","coordinates":[72.89989,19.07184]},"properties":{"id":"osm:way/461276228","name":"Rock Garden- Vrindavan Colony","category":"park","subtype":"leisure=park","source":"osm"}},{"type":"Feature","geometry":{"type":"Point","coordinates":[72.821455,19.050167]},"properties":{"id":"osm:way/464420463","name":"Rotary Park","category":"park","subtype":"leisure=park","source":"osm"}},{"type":"Feature","geometry":{"type":"Point","coordinates":[72.837308,19.059976]},"properties":{"id":"osm:way/464673269","name":"Sadhu Vaswani Garden","category":"park","subtype":"leisure=park","source":"osm"}},{"type":"Feature","geometry":{"type":"Point","coordinates":[72.903277,19.082784]},"properties":{"id":"osm:way/465342834","name":null,"category":"park","subtype":"leisure=park","source":"osm"}},{"type":"Feature","geometry":{"type":"Point","coordinates":[72.904042,19.084939]},"properties":{"id":"osm:way/465342902","name":"Munisurat Garden Pillar","category":"park","subtype":"leisure=park","source":"osm","opening_hours":"Mo-Su 07:00-22:00","operator":"Government"}},{"type":"Feature","geometry":{"type":"Point","coordinates":[72.901837,19.080746]},"properties":{"id":"osm:way/465343064","name":"rajawadi fish  garden","category":"park","subtype":"leisure=park","source":"osm","opening_hours":"Mo-Su 10:00-22:00","operator":"vimal"}},{"type":"Feature","geometry":{"type":"Point","coordinates":[72.902254,19.078192]},"properties":{"id":"osm:way/465343826","name":"Rajawadi Garden","category":"park","subtype":"leisure=park","source":"osm"}},{"type":"Feature","geometry":{"type":"Point","coordinates":[72.843966,19.126486]},"properties":{"id":"osm:way/466350833","name":"bharwadi ground","category":"park","subtype":"leisure=park","source":"osm"}},{"type":"Feature","geometry":{"type":"Point","coordinates":[72.864707,19.232588]},"properties":{"id":"osm:way/466583196","name":"Nisarga Udyan","category":"park","subtype":"leisure=park","source":"osm"}},{"type":"Feature","geometry":{"type":"Point","coordinates":[72.973757,19.228106]},"properties":{"id":"osm:way/468692128","name":"East Gorge Park","category":"park","subtype":"leisure=park","source":"osm"}},{"type":"Feature","geometry":{"type":"Point","coordinates":[72.974144,19.212097]},"properties":{"id":"osm:way/468692764","name":null,"category":"park","subtype":"leisure=park","source":"osm"}},{"type":"Feature","geometry":{"type":"Point","coordinates":[72.845625,19.185486]},"properties":{"id":"osm:way/469087279","name":"Shahaji park","category":"park","subtype":"leisure=park","source":"osm"}},{"type":"Feature","geometry":{"type":"Point","coordinates":[73.002254,19.090513]},"properties":{"id":"osm:way/469374434","name":"Sector-12 Park","category":"park","subtype":"leisure=park","source":"osm"}},{"type":"Feature","geometry":{"type":"Point","coordinates":[72.991762,19.07866]},"properties":{"id":"osm:way/469375403","name":null,"category":"park","subtype":"leisure=park","source":"osm"}},{"type":"Feature","geometry":{"type":"Point","coordinates":[73.014338,19.00325]},"properties":{"id":"osm:way/469377206","name":"The Seawoods Esates Club Lawn Park","category":"park","subtype":"leisure=park","source":"osm"}},{"type":"Feature","geometry":{"type":"Point","coordinates":[73.014677,19.00265]},"properties":{"id":"osm:way/469380842","name":"Seawoods Estates Skating Park","category":"park","subtype":"leisure=park","source":"osm","description":"Seawoods Estates Skating Rink - This area has now been renovated and turned into a Skating Park."}},{"type":"Feature","geometry":{"type":"Point","coordinates":[72.98805,19.188918]},"properties":{"id":"osm:way/469422386","name":"Shahir Damodar Vitawkar Play Ground","category":"park","subtype":"leisure=park","source":"osm"}},{"type":"Feature","geometry":{"type":"Point","coordinates":[72.846025,19.183005]},"properties":{"id":"osm:way/469425895","name":"rai pada","category":"park","subtype":"leisure=park","source":"osm","description":"a small park"}},{"type":"Feature","geometry":{"type":"Point","coordinates":[73.014077,19.003795]},"properties":{"id":"osm:way/469427638","name":"Seawoods Estates - Nana Nani Park","category":"park","subtype":"leisure=park","source":"osm"}},{"type":"Feature","geometry":{"type":"Point","coordinates":[73.015708,19.002358]},"properties":{"id":"osm:way/469430388","name":"Triangle Park Near Rotunda","category":"park","subtype":"leisure=park","source":"osm","description":"Triangle Park"}},{"type":"Feature","geometry":{"type":"Point","coordinates":[73.014344,19.002729]},"properties":{"id":"osm:way/469498040","name":"Common Park","category":"park","subtype":"leisure=park","source":"osm"}},{"type":"Feature","geometry":{"type":"Point","coordinates":[73.014116,19.002746]},"properties":{"id":"osm:way/469498078","name":"Common Park 2","category":"park","subtype":"leisure=park","source":"osm"}},{"type":"Feature","geometry":{"type":"Point","coordinates":[73.015555,19.004165]},"properties":{"id":"osm:way/469498514","name":"Bamboo Park","category":"park","subtype":"leisure=park","source":"osm"}},{"type":"Feature","geometry":{"type":"Point","coordinates":[73.016545,19.006963]},"properties":{"id":"osm:way/469499572","name":"Samreen park","category":"park","subtype":"leisure=park","source":"osm","opening_hours":"sunrise-sunset","operator":"uganda"}},{"type":"Feature","geometry":{"type":"Point","coordinates":[72.865292,19.261979]},"properties":{"id":"osm:way/469637400","name":"N.L.Garden","category":"park","subtype":"leisure=park","source":"osm"}},{"type":"Feature","geometry":{"type":"Point","coordinates":[72.865392,19.256851]},"properties":{"id":"osm:way/469637411","name":"Nana Nani Park","category":"park","subtype":"leisure=park","source":"osm"}},{"type":"Feature","geometry":{"type":"Point","coordinates":[72.86523,19.256185]},"properties":{"id":"osm:way/469637417","name":null,"category":"park","subtype":"leisure=garden","source":"osm","access":"permissive"}},{"type":"Feature","geometry":{"type":"Point","coordinates":[72.864019,19.260998]},"properties":{"id":"osm:way/469637424","name":"G.S.B","category":"park","subtype":"leisure=park","source":"osm"}},{"type":"Feature","geometry":{"type":"Point","coordinates":[72.862323,19.261714]},"properties":{"id":"osm:way/469639840","name":null,"category":"park","subtype":"leisure=park","source":"osm"}},{"type":"Feature","geometry":{"type":"Point","coordinates":[72.86239,19.254398]},"properties":{"id":"osm:way/469639843","name":null,"category":"park","subtype":"leisure=park","source":"osm"}},{"type":"Feature","geometry":{"type":"Point","coordinates":[72.859582,19.259255]},"properties":{"id":"osm:way/469639848","name":null,"category":"park","subtype":"leisure=park","source":"osm"}},{"type":"Feature","geometry":{"type":"Point","coordinates":[72.850552,19.260513]},"properties":{"id":"osm:way/469639849","name":null,"category":"park","subtype":"leisure=park","source":"osm"}},{"type":"Feature","geometry":{"type":"Point","coordinates":[72.850925,19.262408]},"properties":{"id":"osm:way/469639856","name":null,"category":"park","subtype":"leisure=park","source":"osm"}},{"type":"Feature","geometry":{"type":"Point","coordinates":[72.854361,19.24848]},"properties":{"id":"osm:way/469639861","name":"Geetanjali Gardens","category":"park","subtype":"leisure=park","source":"osm"}},{"type":"Feature","geometry":{"type":"Point","coordinates":[72.865345,19.262116]},"properties":{"id":"osm:way/469640100","name":null,"category":"park","subtype":"leisure=park","source":"osm"}},{"type":"Feature","geometry":{"type":"Point","coordinates":[72.843222,19.226803]},"properties":{"id":"osm:way/470112329","name":null,"category":"park","subtype":"leisure=park","source":"osm"}},{"type":"Feature","geometry":{"type":"Point","coordinates":[72.838353,19.230335]},"properties":{"id":"osm:way/470112685","name":null,"category":"park","subtype":"leisure=park","source":"osm"}},{"type":"Feature","geometry":{"type":"Point","coordinates":[72.841418,19.230015]},"properties":{"id":"osm:way/470118658","name":null,"category":"park","subtype":"leisure=garden","source":"osm"}},{"type":"Feature","geometry":{"type":"Point","coordinates":[72.842046,19.229227]},"properties":{"id":"osm:way/470118659","name":null,"category":"park","subtype":"leisure=park","source":"osm","access":"private"}},{"type":"Feature","geometry":{"type":"Point","coordinates":[72.911099,19.114437]},"properties":{"id":"osm:way/470298301","name":"Heritage Gardens","category":"park","subtype":"leisure=park","source":"osm"}},{"type":"Feature","geometry":{"type":"Point","coordinates":[72.924883,19.134608]},"properties":{"id":"osm:way/470549383","name":null,"category":"park","subtype":"leisure=park","source":"osm"}},{"type":"Feature","geometry":{"type":"Point","coordinates":[72.924351,19.13242]},"properties":{"id":"osm:way/470549385","name":null,"category":"park","subtype":"leisure=park","source":"osm"}},{"type":"Feature","geometry":{"type":"Point","coordinates":[72.830789,19.052835]},"properties":{"id":"osm:way/479425377","name":"General Arun Kumar Vaidya Garden","category":"park","subtype":"leisure=park","source":"osm","opening_hours":"Mo-Fr 08:00-17:00","operator":"vidya"}},{"type":"Feature","geometry":{"type":"Point","coordinates":[72.871408,19.231686]},"properties":{"id":"osm:way/479453853","name":"abhinav nagar badminton court","category":"park","subtype":"leisure=park","source":"osm"}},{"type":"Feature","geometry":{"type":"Point","coordinates":[72.868059,19.231423]},"properties":{"id":"osm:way/479455926","name":"abhinav nagar garden and ground","category":"park","subtype":"leisure=park","source":"osm"}},{"type":"Feature","geometry":{"type":"Point","coordinates":[72.960074,19.173231]},"properties":{"id":"osm:way/479860347","name":"chintamani Garden","category":"park","subtype":"leisure=park","source":"osm"}},{"type":"Feature","geometry":{"type":"Point","coordinates":[72.810676,18.962464]},"properties":{"id":"osm:way/481156374","name":"August Kranti Garden","category":"park","subtype":"leisure=park","source":"osm"}},{"type":"Feature","geometry":{"type":"Point","coordinates":[72.864262,19.073488]},"properties":{"id":"osm:way/483008557","name":"Golden Square Park","category":"park","subtype":"leisure=park","source":"osm"}},{"type":"Feature","geometry":{"type":"Point","coordinates":[72.864998,19.073564]},"properties":{"id":"osm:way/483008558","name":"Golden Square 2nd Building Park","category":"park","subtype":"leisure=park","source":"osm"}},{"type":"Feature","geometry":{"type":"Point","coordinates":[72.916689,19.108665]},"properties":{"id":"osm:way/483179389","name":"Prabodhankar Thakre Manoranjan Udyan","category":"park","subtype":"leisure=park","source":"osm"}},{"type":"Feature","geometry":{"type":"Point","coordinates":[72.864189,19.074483]},"properties":{"id":"osm:way/483216423","name":"Sunder Nagar Garden","category":"park","subtype":"leisure=park","source":"osm","operator":"garden"}},{"type":"Feature","geometry":{"type":"Point","coordinates":[72.881784,19.052754]},"properties":{"id":"osm:way/486564722","name":null,"category":"park","subtype":"leisure=park","source":"osm"}},{"type":"Feature","geometry":{"type":"Point","coordinates":[72.870227,19.054311]},"properties":{"id":"osm:way/486697314","name":"Chhatrapati Shivaji Maharaj Park","category":"park","subtype":"leisure=park","source":"osm"}},{"type":"Feature","geometry":{"type":"Point","coordinates":[72.869888,19.053013]},"properties":{"id":"osm:way/486704858","name":"Brihanmumbai Mahanagar Palika Garden","category":"park","subtype":"leisure=park","source":"osm"}},{"type":"Feature","geometry":{"type":"Point","coordinates":[72.838755,19.085096]},"properties":{"id":"osm:way/487104629","name":null,"category":"park","subtype":"leisure=park","source":"osm"}},{"type":"Feature","geometry":{"type":"Point","coordinates":[72.837785,19.073435]},"properties":{"id":"osm:way/487104784","name":null,"category":"park","subtype":"leisure=park","source":"osm"}},{"type":"Feature","geometry":{"type":"Point","coordinates":[72.831956,19.047102]},"properties":{"id":"osm:way/487790870","name":"BWSL Promenade","category":"park","subtype":"leisure=park","source":"osm","opening_hours":"Mo-Su 06:00-10:00, 16:30-21:30","access":"yes","operator":"MSRDC"}},{"type":"Feature","geometry":{"type":"Point","coordinates":[73.002341,19.116903]},"properties":{"id":"osm:way/488791505","name":null,"category":"park","subtype":"leisure=park","source":"osm"}},{"type":"Feature","geometry":{"type":"Point","coordinates":[72.986804,19.075721]},"properties":{"id":"osm:way/488979033","name":"Veer Savarkar Park","category":"park","subtype":"leisure=park","source":"osm"}},{"type":"Feature","geometry":{"type":"Point","coordinates":[72.998343,19.064356]},"properties":{"id":"osm:way/489784620","name":null,"category":"park","subtype":"leisure=garden","source":"osm"}},{"type":"Feature","geometry":{"type":"Point","coordinates":[72.998161,19.064729]},"properties":{"id":"osm:way/489784621","name":null,"category":"park","subtype":"leisure=garden","source":"osm"}},{"type":"Feature","geometry":{"type":"Point","coordinates":[72.997987,19.065101]},"properties":{"id":"osm:way/489784623","name":null,"category":"park","subtype":"leisure=garden","source":"osm"}},{"type":"Feature","geometry":{"type":"Point","coordinates":[72.997805,19.065475]},"properties":{"id":"osm:way/489784626","name":null,"category":"park","subtype":"leisure=garden","source":"osm"}},{"type":"Feature","geometry":{"type":"Point","coordinates":[72.997636,19.065848]},"properties":{"id":"osm:way/489784628","name":null,"category":"park","subtype":"leisure=garden","source":"osm"}},{"type":"Feature","geometry":{"type":"Point","coordinates":[72.997887,19.064146]},"properties":{"id":"osm:way/489784645","name":null,"category":"park","subtype":"leisure=garden","source":"osm"}},{"type":"Feature","geometry":{"type":"Point","coordinates":[73.015736,19.077325]},"properties":{"id":"osm:way/490029152","name":null,"category":"park","subtype":"leisure=park","source":"osm"}},{"type":"Feature","geometry":{"type":"Point","coordinates":[72.843938,19.039769]},"properties":{"id":"osm:way/492698234","name":"MM Chhotani Garden","category":"park","subtype":"leisure=park","source":"osm","opening_hours":"Mo-Su 08:00-22:00","operator":"BMC"}},{"type":"Feature","geometry":{"type":"Point","coordinates":[72.860159,19.03495]},"properties":{"id":"osm:way/492700017","name":"Mata Lachmi Garden","category":"park","subtype":"leisure=park","source":"osm"}},{"type":"Feature","geometry":{"type":"Point","coordinates":[72.85129,19.097922]},"properties":{"id":"osm:way/494953649","name":"Dubashi","category":"park","subtype":"leisure=park","source":"osm","wheelchair":"no"}},{"type":"Feature","geometry":{"type":"Point","coordinates":[72.838545,19.202227]},"properties":{"id":"osm:way/495243264","name":"Vijay Park","category":"park","subtype":"leisure=park","source":"osm"}},{"type":"Feature","geometry":{"type":"Point","coordinates":[72.896873,19.128894]},"properties":{"id":"osm:way/496706048","name":"Dr. Babasaheb Ambedkar Udyan","category":"park","subtype":"leisure=park","source":"osm"}},{"type":"Feature","geometry":{"type":"Point","coordinates":[72.853295,19.099072]},"properties":{"id":"osm:way/497181153","name":null,"category":"park","subtype":"leisure=park","source":"osm"}},{"type":"Feature","geometry":{"type":"Point","coordinates":[72.840104,19.297456]},"properties":{"id":"osm:way/497662315","name":"Subhash Chandra Bose Ground","category":"park","subtype":"leisure=park","source":"osm","operator":"MBMC"}},{"type":"Feature","geometry":{"type":"Point","coordinates":[72.853347,19.295629]},"properties":{"id":"osm:way/497666152","name":null,"category":"park","subtype":"leisure=park","source":"osm"}},{"type":"Feature","geometry":{"type":"Point","coordinates":[72.861922,19.194107]},"properties":{"id":"osm:way/502185607","name":null,"category":"park","subtype":"leisure=park","source":"osm"}},{"type":"Feature","geometry":{"type":"Point","coordinates":[73.010987,19.009226]},"properties":{"id":"osm:way/505774077","name":"NMMC Park","category":"park","subtype":"leisure=park","source":"osm"}},{"type":"Feature","geometry":{"type":"Point","coordinates":[73.017666,19.004354]},"properties":{"id":"osm:way/505781673","name":"Triangle Park","category":"park","subtype":"leisure=park","source":"osm"}},{"type":"Feature","geometry":{"type":"Point","coordinates":[73.015951,19.001909]},"properties":{"id":"osm:way/505787984","name":"Bonsai Park","category":"park","subtype":"leisure=park","source":"osm"}},{"type":"Feature","geometry":{"type":"Point","coordinates":[73.014524,19.001946]},"properties":{"id":"osm:way/505788254","name":"Flower Park","category":"park","subtype":"leisure=park","source":"osm"}},{"type":"Feature","geometry":{"type":"Point","coordinates":[72.876308,19.179557]},"properties":{"id":"osm:way/514261518","name":"Sheila Raheja Garden","category":"park","subtype":"leisure=park","source":"osm","opening_hours":"Mo-Su 06:00AM-21:00PM"}},{"type":"Feature","geometry":{"type":"Point","coordinates":[73.016292,19.01323]},"properties":{"id":"osm:way/527242917","name":"Seawoods Theme Park","category":"park","subtype":"leisure=park","source":"osm","wheelchair":"yes","operator":"NMMC"}},{"type":"Feature","geometry":{"type":"Point","coordinates":[73.017058,19.014108]},"properties":{"id":"osm:way/527242920","name":"Sant Dnyaneshwar Mauli Park","category":"park","subtype":"leisure=park","source":"osm"}},{"type":"Feature","geometry":{"type":"Point","coordinates":[72.969597,19.201317]},"properties":{"id":"osm:way/532665656","name":"Parulekar Udyan","category":"park","subtype":"leisure=park","source":"osm"}},{"type":"Feature","geometry":{"type":"Point","coordinates":[72.892896,19.100546]},"properties":{"id":"osm:way/542200605","name":"Junjar Ground","category":"park","subtype":"leisure=park","source":"osm"}},{"type":"Feature","geometry":{"type":"Point","coordinates":[72.850706,19.093645]},"properties":{"id":"osm:way/543846817","name":"Aji Ajoba Park","category":"park","subtype":"leisure=park","source":"osm"}},{"type":"Feature","geometry":{"type":"Point","coordinates":[72.839425,19.212812]},"properties":{"id":"osm:way/544272286","name":"Panchasheel Joggers Park","category":"park","subtype":"leisure=park","source":"osm"}},{"type":"Feature","geometry":{"type":"Point","coordinates":[72.843072,19.20999]},"properties":{"id":"osm:way/544272441","name":"kapol garden/kvis park","category":"park","subtype":"leisure=park","source":"osm"}},{"type":"Feature","geometry":{"type":"Point","coordinates":[72.842601,19.211958]},"properties":{"id":"osm:way/544275001","name":"Kamala Vihar Joggers Park","category":"park","subtype":"leisure=park","source":"osm"}},{"type":"Feature","geometry":{"type":"Point","coordinates":[72.842295,19.210949]},"properties":{"id":"osm:way/544275504","name":"raj residency 2 back area","category":"park","subtype":"leisure=park","source":"osm"}},{"type":"Feature","geometry":{"type":"Point","coordinates":[72.825982,19.063682]},"properties":{"id":"osm:way/544746557","name":"Malla Park","category":"park","subtype":"leisure=park","source":"osm","opening_hours":"Mo-Sa 05:00-13:00,15:00-22:00; Su 15:00-22:00; PH 15:00-22:00","wheelchair":"no","operator":"BMC"}},{"type":"Feature","geometry":{"type":"Point","coordinates":[72.907196,19.119192]},"properties":{"id":"osm:way/547687326","name":"Hiranandani Garden","category":"park","subtype":"leisure=park","source":"osm"}},{"type":"Feature","geometry":{"type":"Point","coordinates":[72.908878,19.114973]},"properties":{"id":"osm:way/547894022","name":"Dog Park","category":"park","subtype":"leisure=dog_park","source":"osm"}},{"type":"Feature","geometry":{"type":"Point","coordinates":[72.91048,19.115006]},"properties":{"id":"osm:way/547896362","name":"Glen Society Garden","category":"park","subtype":"leisure=park","source":"osm"}},{"type":"Feature","geometry":{"type":"Point","coordinates":[72.84648,19.209434]},"properties":{"id":"osm:way/548567658","name":"MCGM park","category":"park","subtype":"leisure=park","source":"osm","wheelchair":"limited"}},{"type":"Feature","geometry":{"type":"Point","coordinates":[72.96401,19.270466]},"properties":{"id":"osm:way/549685935","name":null,"category":"park","subtype":"leisure=park","source":"osm"}},{"type":"Feature","geometry":{"type":"Point","coordinates":[72.803959,18.96349]},"properties":{"id":"osm:way/552083701","name":"Mount Blanc Park","category":"park","subtype":"leisure=park","source":"osm"}},{"type":"Feature","geometry":{"type":"Point","coordinates":[72.844744,19.129649]},"properties":{"id":"osm:way/553276746","name":"Vahatuk Nagar Vollyball Ground","category":"park","subtype":"leisure=park","source":"osm"}},{"type":"Feature","geometry":{"type":"Point","coordinates":[72.974722,19.174438]},"properties":{"id":"osm:way/554184352","name":"APJ Abdul Kalam Entertainment Park","category":"park","subtype":"leisure=park","source":"osm","opening_hours":"Mo-Su 08:00-21:00"}},{"type":"Feature","geometry":{"type":"Point","coordinates":[72.967038,19.183452]},"properties":{"id":"osm:way/554184353","name":"Jijau Udyan","category":"park","subtype":"leisure=park","source":"osm","opening_hours":"Mo-Su 07:00-10:00,16:00-19:30"}},{"type":"Feature","geometry":{"type":"Point","coordinates":[72.969021,19.200119]},"properties":{"id":"osm:way/554184874","name":"Shaheed Udyan Park","category":"park","subtype":"leisure=park","source":"osm"}},{"type":"Feature","geometry":{"type":"Point","coordinates":[73.014753,19.128933]},"properties":{"id":"osm:way/554798410","name":null,"category":"park","subtype":"leisure=garden","source":"osm"}},{"type":"Feature","geometry":{"type":"Point","coordinates":[73.011696,19.125794]},"properties":{"id":"osm:way/554798497","name":null,"category":"park","subtype":"leisure=park","source":"osm"}},{"type":"Feature","geometry":{"type":"Point","coordinates":[72.97404,19.193408]},"properties":{"id":"osm:way/554902641","name":"Nana Nani Park","category":"park","subtype":"leisure=park","source":"osm"}},{"type":"Feature","geometry":{"type":"Point","coordinates":[72.823937,19.118528]},"properties":{"id":"osm:way/554967607","name":null,"category":"park","subtype":"leisure=park","source":"osm"}},{"type":"Feature","geometry":{"type":"Point","coordinates":[72.803012,18.968395]},"properties":{"id":"osm:way/555183321","name":"Signature Garden","category":"park","subtype":"leisure=park","source":"osm"}},{"type":"Feature","geometry":{"type":"Point","coordinates":[72.915672,19.133088]},"properties":{"id":"osm:way/556314754","name":null,"category":"park","subtype":"leisure=garden","source":"osm"}},{"type":"Feature","geometry":{"type":"Point","coordinates":[72.963692,19.178348]},"properties":{"id":"osm:way/556482535","name":"tmc garden","category":"park","subtype":"leisure=garden","source":"osm","access":"yes","description":"a park constructed by tmc"}},{"type":"Feature","geometry":{"type":"Point","coordinates":[72.868287,19.138063]},"properties":{"id":"osm:way/556525697","name":"Ashok Kamte Park","category":"park","subtype":"leisure=park","source":"osm"}},{"type":"Feature","geometry":{"type":"Point","coordinates":[72.964286,19.17534]},"properties":{"id":"osm:way/556649835","name":"Damodar Pandu Vaiti Manoranjan Maidan","category":"park","subtype":"leisure=park","source":"osm"}},{"type":"Feature","geometry":{"type":"Point","coordinates":[72.963278,19.177941]},"properties":{"id":"osm:way/556653453","name":"Gandhinagar Park","category":"park","subtype":"leisure=park","source":"osm","access":"yes"}},{"type":"Feature","geometry":{"type":"Point","coordinates":[72.804528,18.962712]},"properties":{"id":"osm:way/557943378","name":"Grand Paradi Park","category":"park","subtype":"leisure=park","source":"osm"}},{"type":"Feature","geometry":{"type":"Point","coordinates":[72.986924,19.258242]},"properties":{"id":"osm:way/557981749","name":"Rodas Enclave Common Park","category":"park","subtype":"leisure=park","source":"osm"}},{"type":"Feature","geometry":{"type":"Point","coordinates":[73.012977,19.019717]},"properties":{"id":"osm:way/558472775","name":"Karave Park","category":"park","subtype":"leisure=park","source":"osm"}},{"type":"Feature","geometry":{"type":"Point","coordinates":[73.015535,19.020205]},"properties":{"id":"osm:way/558472993","name":"Mahatma Phule Garden","category":"park","subtype":"leisure=park","source":"osm","operator":"NMMC"}},{"type":"Feature","geometry":{"type":"Point","coordinates":[73.016923,19.019053]},"properties":{"id":"osm:way/558472994","name":"Dr. Babasaheb Ambedkar Park","category":"park","subtype":"leisure=park","source":"osm"}},{"type":"Feature","geometry":{"type":"Point","coordinates":[73.011769,19.012639]},"properties":{"id":"osm:way/558707641","name":"Rajiv Gandhi Park","category":"park","subtype":"leisure=park","source":"osm"}},{"type":"Feature","geometry":{"type":"Point","coordinates":[72.90747,19.113302]},"properties":{"id":"osm:way/559429510","name":"Forest Park","category":"park","subtype":"leisure=park","source":"osm"}},{"type":"Feature","geometry":{"type":"Point","coordinates":[73.011828,19.01936]},"properties":{"id":"osm:way/560475809","name":null,"category":"park","subtype":"leisure=park","source":"osm"}},{"type":"Feature","geometry":{"type":"Point","coordinates":[73.008858,19.019401]},"properties":{"id":"osm:way/560475812","name":"Grass Park","category":"park","subtype":"leisure=park","source":"osm"}},{"type":"Feature","geometry":{"type":"Point","coordinates":[73.017683,19.010349]},"properties":{"id":"osm:way/560476027","name":null,"category":"park","subtype":"leisure=park","source":"osm"}},{"type":"Feature","geometry":{"type":"Point","coordinates":[73.010958,19.039424]},"properties":{"id":"osm:way/561157352","name":"Gaondevi Park","category":"park","subtype":"leisure=park","source":"osm"}},{"type":"Feature","geometry":{"type":"Point","coordinates":[72.858041,19.316363]},"properties":{"id":"osm:way/561261711","name":null,"category":"park","subtype":"leisure=park","source":"osm"}},{"type":"Feature","geometry":{"type":"Point","coordinates":[72.852806,19.305385]},"properties":{"id":"osm:way/561264080","name":"Water tank park","category":"park","subtype":"leisure=park","source":"osm"}},{"type":"Feature","geometry":{"type":"Point","coordinates":[73.015752,19.009768]},"properties":{"id":"osm:way/561505927","name":"Krantisinha Nana Patil Park","category":"park","subtype":"leisure=park","source":"osm"}},{"type":"Feature","geometry":{"type":"Point","coordinates":[73.01558,19.07561]},"properties":{"id":"osm:way/561970760","name":"Turbhe Park","category":"park","subtype":"leisure=park","source":"osm"}},{"type":"Feature","geometry":{"type":"Point","coordinates":[72.866373,19.136302]},"properties":{"id":"osm:way/562942560","name":"Hemant Karkare Park","category":"park","subtype":"leisure=park","source":"osm","opening_hours":"Mo-Su 06:00-23:00"}},{"type":"Feature","geometry":{"type":"Point","coordinates":[73.018191,19.046707]},"properties":{"id":"osm:way/563239081","name":"Chincholi Park","category":"park","subtype":"leisure=park","source":"osm"}},{"type":"Feature","geometry":{"type":"Point","coordinates":[73.012468,19.020986]},"properties":{"id":"osm:way/563270769","name":null,"category":"park","subtype":"leisure=park","source":"osm"}},{"type":"Feature","geometry":{"type":"Point","coordinates":[73.016457,19.038158]},"properties":{"id":"osm:way/563558938","name":"Anna Saheb Park, nerul","category":"park","subtype":"leisure=park","source":"osm"}},{"type":"Feature","geometry":{"type":"Point","coordinates":[73.019987,19.035369]},"properties":{"id":"osm:way/563568596","name":"Annabhau Sathe Park","category":"park","subtype":"leisure=park","source":"osm"}},{"type":"Feature","geometry":{"type":"Point","coordinates":[73.010135,19.042543]},"properties":{"id":"osm:way/563580236","name":"Rajmata Jijau Park","category":"park","subtype":"leisure=park","source":"osm"}},{"type":"Feature","geometry":{"type":"Point","coordinates":[73.011187,19.045535]},"properties":{"id":"osm:way/563580238","name":"Sector-4 Park","category":"park","subtype":"leisure=park","source":"osm"}},{"type":"Feature","geometry":{"type":"Point","coordinates":[72.921445,19.105725]},"properties":{"id":"osm:way/564566798","name":"Swing Garden","category":"park","subtype":"leisure=park","source":"osm"}},{"type":"Feature","geometry":{"type":"Point","coordinates":[72.999619,19.070988]},"properties":{"id":"osm:way/566008163","name":"Meenatai Thackrey Park","category":"park","subtype":"leisure=park","source":"osm"}},{"type":"Feature","geometry":{"type":"Point","coordinates":[73.002583,19.079497]},"properties":{"id":"osm:way/566085300","name":"Krantiveer Nana Patil Park","category":"park","subtype":"leisure=park","source":"osm"}},{"type":"Feature","geometry":{"type":"Point","coordinates":[72.917458,19.105268]},"properties":{"id":"osm:way/566659870","name":null,"category":"park","subtype":"leisure=park","source":"osm"}},{"type":"Feature","geometry":{"type":"Point","coordinates":[73.009538,19.032861]},"properties":{"id":"osm:way/568683452","name":"Dharmveer Anand Saheb Park","category":"park","subtype":"leisure=park","source":"osm"}},{"type":"Feature","geometry":{"type":"Point","coordinates":[72.855607,19.102176]},"properties":{"id":"osm:way/570936330","name":null,"category":"park","subtype":"leisure=garden","source":"osm"}},{"type":"Feature","geometry":{"type":"Point","coordinates":[72.8257,19.057802]},"properties":{"id":"osm:way/571791059","name":"ALM 116 Park","category":"park","subtype":"leisure=park","source":"osm"}},{"type":"Feature","geometry":{"type":"Point","coordinates":[72.96332,19.182506]},"properties":{"id":"osm:way/572930905","name":"Ganesh Udyan Park","category":"park","subtype":"leisure=park","source":"osm"}},{"type":"Feature","geometry":{"type":"Point","coordinates":[72.912444,19.13461]},"properties":{"id":"osm:way/573291581","name":"Gymkhana","category":"park","subtype":"leisure=park","source":"osm"}},{"type":"Feature","geometry":{"type":"Point","coordinates":[73.013681,19.088381]},"properties":{"id":"osm:way/573399712","name":null,"category":"park","subtype":"leisure=park","source":"osm"}},{"type":"Feature","geometry":{"type":"Point","coordinates":[73.014053,19.090385]},"properties":{"id":"osm:way/573399713","name":null,"category":"park","subtype":"leisure=park","source":"osm"}},{"type":"Feature","geometry":{"type":"Point","coordinates":[72.996413,19.078444]},"properties":{"id":"osm:way/573956077","name":null,"category":"park","subtype":"leisure=park","source":"osm"}},{"type":"Feature","geometry":{"type":"Point","coordinates":[72.999232,19.084733]},"properties":{"id":"osm:way/573956082","name":null,"category":"park","subtype":"leisure=park","source":"osm"}},{"type":"Feature","geometry":{"type":"Point","coordinates":[72.989455,19.071218]},"properties":{"id":"osm:way/574007906","name":"Gyankalash Park","category":"park","subtype":"leisure=park","source":"osm"}},{"type":"Feature","geometry":{"type":"Point","coordinates":[72.986451,19.071625]},"properties":{"id":"osm:way/574007911","name":null,"category":"park","subtype":"leisure=garden","source":"osm"}},{"type":"Feature","geometry":{"type":"Point","coordinates":[72.986437,19.074437]},"properties":{"id":"osm:way/574007918","name":null,"category":"park","subtype":"leisure=garden","source":"osm"}},{"type":"Feature","geometry":{"type":"Point","coordinates":[72.987661,19.070095]},"properties":{"id":"osm:way/574007925","name":null,"category":"park","subtype":"leisure=park","source":"osm"}},{"type":"Feature","geometry":{"type":"Point","coordinates":[72.818158,19.022337]},"properties":{"id":"osm:way/574791454","name":null,"category":"park","subtype":"leisure=park","source":"osm"}},{"type":"Feature","geometry":{"type":"Point","coordinates":[72.818058,19.022495]},"properties":{"id":"osm:way/574791456","name":null,"category":"park","subtype":"leisure=park","source":"osm"}},{"type":"Feature","geometry":{"type":"Point","coordinates":[72.818472,19.021978]},"properties":{"id":"osm:way/574791457","name":null,"category":"park","subtype":"leisure=park","source":"osm"}},{"type":"Feature","geometry":{"type":"Point","coordinates":[72.81751,19.021498]},"properties":{"id":"osm:way/574791458","name":null,"category":"park","subtype":"leisure=park","source":"osm"}},{"type":"Feature","geometry":{"type":"Point","coordinates":[72.817275,19.021961]},"properties":{"id":"osm:way/574791459","name":null,"category":"park","subtype":"leisure=park","source":"osm"}},{"type":"Feature","geometry":{"type":"Point","coordinates":[72.817438,19.021952]},"properties":{"id":"osm:way/574791460","name":null,"category":"park","subtype":"leisure=park","source":"osm"}},{"type":"Feature","geometry":{"type":"Point","coordinates":[72.816342,19.022996]},"properties":{"id":"osm:way/574791461","name":null,"category":"park","subtype":"leisure=park","source":"osm"}},{"type":"Feature","geometry":{"type":"Point","coordinates":[72.816905,19.023022]},"properties":{"id":"osm:way/574791462","name":null,"category":"park","subtype":"leisure=park","source":"osm"}},{"type":"Feature","geometry":{"type":"Point","coordinates":[72.816189,19.022144]},"properties":{"id":"osm:way/574791463","name":null,"category":"park","subtype":"leisure=park","source":"osm"}},{"type":"Feature","geometry":{"type":"Point","coordinates":[72.816251,19.021584]},"properties":{"id":"osm:way/574791464","name":"Golpha Devi Park","category":"park","subtype":"leisure=park","source":"osm"}},{"type":"Feature","geometry":{"type":"Point","coordinates":[72.818228,19.021103]},"properties":{"id":"osm:way/574791465","name":null,"category":"park","subtype":"leisure=park","source":"osm"}},{"type":"Feature","geometry":{"type":"Point","coordinates":[72.818577,19.021139]},"properties":{"id":"osm:way/574791466","name":null,"category":"park","subtype":"leisure=park","source":"osm"}},{"type":"Feature","geometry":{"type":"Point","coordinates":[72.816252,19.020872]},"properties":{"id":"osm:way/574805723","name":null,"category":"park","subtype":"leisure=park","source":"osm"}},{"type":"Feature","geometry":{"type":"Point","coordinates":[72.817025,19.01971]},"properties":{"id":"osm:way/574805724","name":null,"category":"park","subtype":"leisure=park","source":"osm"}},{"type":"Feature","geometry":{"type":"Point","coordinates":[72.818424,19.019781]},"properties":{"id":"osm:way/574805725","name":null,"category":"park","subtype":"leisure=park","source":"osm"}},{"type":"Feature","geometry":{"type":"Point","coordinates":[72.818315,19.019625]},"properties":{"id":"osm:way/574805726","name":null,"category":"park","subtype":"leisure=park","source":"osm"}},{"type":"Feature","geometry":{"type":"Point","coordinates":[72.816699,19.020166]},"properties":{"id":"osm:way/574805728","name":null,"category":"park","subtype":"leisure=park","source":"osm"}},{"type":"Feature","geometry":{"type":"Point","coordinates":[72.816435,19.020054]},"properties":{"id":"osm:way/574805729","name":null,"category":"park","subtype":"leisure=park","source":"osm"}},{"type":"Feature","geometry":{"type":"Point","coordinates":[72.818475,19.02021]},"properties":{"id":"osm:way/574805731","name":null,"category":"park","subtype":"leisure=park","source":"osm"}},{"type":"Feature","geometry":{"type":"Point","coordinates":[72.818696,19.019414]},"properties":{"id":"osm:way/574805732","name":null,"category":"park","subtype":"leisure=park","source":"osm"}},{"type":"Feature","geometry":{"type":"Point","coordinates":[72.818788,19.020112]},"properties":{"id":"osm:way/574805733","name":null,"category":"park","subtype":"leisure=park","source":"osm"}},{"type":"Feature","geometry":{"type":"Point","coordinates":[72.817998,19.021896]},"properties":{"id":"osm:way/574808467","name":null,"category":"park","subtype":"leisure=park","source":"osm"}},{"type":"Feature","geometry":{"type":"Point","coordinates":[72.81776,19.021542]},"properties":{"id":"osm:way/574808469","name":null,"category":"park","subtype":"leisure=park","source":"osm"}},{"type":"Feature","geometry":{"type":"Point","coordinates":[73.01646,19.048305]},"properties":{"id":"osm:way/575018135","name":"Dr. Babasaheb Ambedkar Park","category":"park","subtype":"leisure=park","source":"osm","opening_hours":"MON-SUN {MORNING 6-10} {EVENING 5-9}"}},{"type":"Feature","geometry":{"type":"Point","coordinates":[73.020079,19.043144]},"properties":{"id":"osm:way/575018144","name":"Nehru Park","category":"park","subtype":"leisure=park","source":"osm"}},{"type":"Feature","geometry":{"type":"Point","coordinates":[72.818947,19.018039]},"properties":{"id":"osm:way/575659931","name":null,"category":"park","subtype":"leisure=park","source":"osm"}},{"type":"Feature","geometry":{"type":"Point","coordinates":[72.818539,19.017412]},"properties":{"id":"osm:way/575659932","name":null,"category":"park","subtype":"leisure=park","source":"osm"}},{"type":"Feature","geometry":{"type":"Point","coordinates":[72.818111,19.017285]},"properties":{"id":"osm:way/575659933","name":null,"category":"park","subtype":"leisure=park","source":"osm"}},{"type":"Feature","geometry":{"type":"Point","coordinates":[72.818387,19.01727]},"properties":{"id":"osm:way/575659934","name":null,"category":"park","subtype":"leisure=park","source":"osm"}},{"type":"Feature","geometry":{"type":"Point","coordinates":[72.81784,19.017166]},"properties":{"id":"osm:way/575659935","name":null,"category":"park","subtype":"leisure=park","source":"osm"}},{"type":"Feature","geometry":{"type":"Point","coordinates":[72.817772,19.017007]},"properties":{"id":"osm:way/575659936","name":null,"category":"park","subtype":"leisure=park","source":"osm"}},{"type":"Feature","geometry":{"type":"Point","coordinates":[72.817546,19.017083]},"properties":{"id":"osm:way/575659939","name":null,"category":"park","subtype":"leisure=park","source":"osm"}},{"type":"Feature","geometry":{"type":"Point","coordinates":[72.818473,19.017999]},"properties":{"id":"osm:way/575659947","name":null,"category":"park","subtype":"leisure=park","source":"osm"}},{"type":"Feature","geometry":{"type":"Point","coordinates":[72.817426,19.017899]},"properties":{"id":"osm:way/575659975","name":null,"category":"park","subtype":"leisure=park","source":"osm"}},{"type":"Feature","geometry":{"type":"Point","coordinates":[72.818275,19.018254]},"properties":{"id":"osm:way/575659977","name":null,"category":"park","subtype":"leisure=park","source":"osm"}},{"type":"Feature","geometry":{"type":"Point","coordinates":[72.817497,19.018779]},"properties":{"id":"osm:way/575659978","name":null,"category":"park","subtype":"leisure=park","source":"osm"}},{"type":"Feature","geometry":{"type":"Point","coordinates":[72.817553,19.019038]},"properties":{"id":"osm:way/575659979","name":null,"category":"park","subtype":"leisure=park","source":"osm"}},{"type":"Feature","geometry":{"type":"Point","coordinates":[72.819017,19.01897]},"properties":{"id":"osm:way/575659980","name":null,"category":"park","subtype":"leisure=park","source":"osm"}},{"type":"Feature","geometry":{"type":"Point","coordinates":[72.819558,19.018043]},"properties":{"id":"osm:way/575659981","name":null,"category":"park","subtype":"leisure=park","source":"osm"}},{"type":"Feature","geometry":{"type":"Point","coordinates":[72.82171,19.017149]},"properties":{"id":"osm:way/575659982","name":null,"category":"park","subtype":"leisure=park","source":"osm"}},{"type":"Feature","geometry":{"type":"Point","coordinates":[73.004599,19.114947]},"properties":{"id":"osm:way/576981879","name":"Central Park","category":"park","subtype":"leisure=park","source":"osm"}},{"type":"Feature","geometry":{"type":"Point","coordinates":[73.012278,19.064209]},"properties":{"id":"osm:way/578746056","name":"Swami Mohananand Giriji Maharaj Park","category":"park","subtype":"leisure=park","source":"osm"}},{"type":"Feature","geometry":{"type":"Point","coordinates":[73.011305,19.061076]},"properties":{"id":"osm:way/578746063","name":null,"category":"park","subtype":"leisure=park","source":"osm"}},{"type":"Feature","geometry":{"type":"Point","coordinates":[73.01199,19.061073]},"properties":{"id":"osm:way/578746064","name":null,"category":"park","subtype":"leisure=park","source":"osm"}},{"type":"Feature","geometry":{"type":"Point","coordinates":[73.011368,19.060435]},"properties":{"id":"osm:way/578746066","name":null,"category":"park","subtype":"leisure=park","source":"osm"}},{"type":"Feature","geometry":{"type":"Point","coordinates":[73.012052,19.06043]},"properties":{"id":"osm:way/578746067","name":null,"category":"park","subtype":"leisure=park","source":"osm"}},{"type":"Feature","geometry":{"type":"Point","coordinates":[73.01441,19.06508]},"properties":{"id":"osm:way/578783773","name":null,"category":"park","subtype":"leisure=park","source":"osm"}},{"type":"Feature","geometry":{"type":"Point","coordinates":[73.016137,19.066157]},"properties":{"id":"osm:way/578783782","name":null,"category":"park","subtype":"leisure=park","source":"osm"}},{"type":"Feature","geometry":{"type":"Point","coordinates":[73.011866,19.065126]},"properties":{"id":"osm:way/578783795","name":"Sector-4 Park","category":"park","subtype":"leisure=park","source":"osm"}},{"type":"Feature","geometry":{"type":"Point","coordinates":[73.015231,19.052415]},"properties":{"id":"osm:way/578800858","name":null,"category":"park","subtype":"leisure=park","source":"osm"}},{"type":"Feature","geometry":{"type":"Point","coordinates":[72.914164,19.137029]},"properties":{"id":"osm:way/584231184","name":"H1: Garden","category":"park","subtype":"leisure=garden","source":"osm"}},{"type":"Feature","geometry":{"type":"Point","coordinates":[72.973588,19.18869]},"properties":{"id":"osm:way/584298064","name":"Lokmanya Tilak Udyan Park","category":"park","subtype":"leisure=park","source":"osm"}},{"type":"Feature","geometry":{"type":"Point","coordinates":[73.015154,19.032237]},"properties":{"id":"osm:way/586183682","name":"Mata Amritanandamayi Baug, opposite to Balaji Temple, nerul","category":"park","subtype":"leisure=garden","source":"osm"}},{"type":"Feature","geometry":{"type":"Point","coordinates":[73.002216,19.059704]},"properties":{"id":"osm:way/592383853","name":"Nanasaheb Dharmadhikari Park","category":"park","subtype":"leisure=park","source":"osm"}},{"type":"Feature","geometry":{"type":"Point","coordinates":[72.861771,19.197699]},"properties":{"id":"osm:way/594262076","name":"Sports Authority of India Ground","category":"park","subtype":"leisure=park","source":"osm"}},{"type":"Feature","geometry":{"type":"Point","coordinates":[72.992243,19.066731]},"properties":{"id":"osm:way/603270961","name":null,"category":"park","subtype":"leisure=park","source":"osm"}},{"type":"Feature","geometry":{"type":"Point","coordinates":[72.993121,19.076837]},"properties":{"id":"osm:way/603570764","name":null,"category":"park","subtype":"leisure=park","source":"osm","access":"permissive"}},{"type":"Feature","geometry":{"type":"Point","coordinates":[72.99662,19.102196]},"properties":{"id":"osm:way/606354836","name":null,"category":"park","subtype":"leisure=park","source":"osm"}},{"type":"Feature","geometry":{"type":"Point","coordinates":[73.005334,19.107978]},"properties":{"id":"osm:way/606556879","name":null,"category":"park","subtype":"leisure=park","source":"osm"}},{"type":"Feature","geometry":{"type":"Point","coordinates":[73.004049,19.106291]},"properties":{"id":"osm:way/606557879","name":"Chikaleshwar Garden","category":"park","subtype":"leisure=park","source":"osm"}},{"type":"Feature","geometry":{"type":"Point","coordinates":[73.006927,19.102878]},"properties":{"id":"osm:way/606563064","name":null,"category":"park","subtype":"leisure=park","source":"osm"}},{"type":"Feature","geometry":{"type":"Point","coordinates":[73.001238,19.101259]},"properties":{"id":"osm:way/606563066","name":null,"category":"park","subtype":"leisure=park","source":"osm"}},{"type":"Feature","geometry":{"type":"Point","coordinates":[72.997939,19.09998]},"properties":{"id":"osm:way/606563853","name":"Guru Tegh Bahadur Park","category":"park","subtype":"leisure=park","source":"osm"}},{"type":"Feature","geometry":{"type":"Point","coordinates":[72.860218,19.041082]},"properties":{"id":"osm:way/611811724","name":"H B Shivdasani Udyan","category":"park","subtype":"leisure=park","source":"osm","opening_hours":"Mo-Su 06:00-23:00"}},{"type":"Feature","geometry":{"type":"Point","coordinates":[72.909229,19.11397]},"properties":{"id":"osm:way/613426552","name":"Verona Garden","category":"park","subtype":"leisure=park","source":"osm"}},{"type":"Feature","geometry":{"type":"Point","coordinates":[72.884434,19.054181]},"properties":{"id":"osm:way/617622258","name":null,"category":"park","subtype":"leisure=park","source":"osm"}},{"type":"Feature","geometry":{"type":"Point","coordinates":[72.957604,19.220447]},"properties":{"id":"osm:way/619355250","name":"Upvan Ground","category":"park","subtype":"leisure=park","source":"osm","description":"Upvan ground used for outdoor activity and recreational activities."}},{"type":"Feature","geometry":{"type":"Point","coordinates":[72.838737,19.156826]},"properties":{"id":"osm:way/619940608","name":"Dr. B. R. Ambedkar Maidan","category":"park","subtype":"leisure=park","source":"osm"}},{"type":"Feature","geometry":{"type":"Point","coordinates":[72.838589,19.154631]},"properties":{"id":"osm:way/621466309","name":"Trikoni Maidan","category":"park","subtype":"leisure=park","source":"osm"}},{"type":"Feature","geometry":{"type":"Point","coordinates":[72.792245,19.308465]},"properties":{"id":"osm:way/622014861","name":null,"category":"park","subtype":"leisure=park","source":"osm"}},{"type":"Feature","geometry":{"type":"Point","coordinates":[72.912313,19.124233]},"properties":{"id":"osm:way/622500155","name":null,"category":"park","subtype":"leisure=park","source":"osm"}},{"type":"Feature","geometry":{"type":"Point","coordinates":[72.909032,19.124583]},"properties":{"id":"osm:way/622518385","name":null,"category":"park","subtype":"leisure=park","source":"osm"}},{"type":"Feature","geometry":{"type":"Point","coordinates":[72.916812,19.137055]},"properties":{"id":"osm:way/622547866","name":null,"category":"park","subtype":"leisure=park","source":"osm"}},{"type":"Feature","geometry":{"type":"Point","coordinates":[72.91677,19.136357]},"properties":{"id":"osm:way/622547867","name":null,"category":"park","subtype":"leisure=park","source":"osm"}},{"type":"Feature","geometry":{"type":"Point","coordinates":[72.913901,19.128896]},"properties":{"id":"osm:way/622819499","name":null,"category":"park","subtype":"leisure=park","source":"osm"}},{"type":"Feature","geometry":{"type":"Point","coordinates":[72.913941,19.129296]},"properties":{"id":"osm:way/622819500","name":null,"category":"park","subtype":"leisure=park","source":"osm"}},{"type":"Feature","geometry":{"type":"Point","coordinates":[72.913851,19.1314]},"properties":{"id":"osm:way/622819501","name":null,"category":"park","subtype":"leisure=park","source":"osm"}},{"type":"Feature","geometry":{"type":"Point","coordinates":[72.878719,19.275122]},"properties":{"id":"osm:way/623168576","name":"Common Park","category":"park","subtype":"leisure=park","source":"osm"}},{"type":"Feature","geometry":{"type":"Point","coordinates":[72.972665,19.182584]},"properties":{"id":"osm:way/623966435","name":"Sarvoday Udyan","category":"park","subtype":"leisure=park","source":"osm"}},{"type":"Feature","geometry":{"type":"Point","coordinates":[72.976756,19.192207]},"properties":{"id":"osm:way/623967831","name":"M.G. Garden","category":"park","subtype":"leisure=park","source":"osm"}},{"type":"Feature","geometry":{"type":"Point","coordinates":[72.978546,19.192135]},"properties":{"id":"osm:way/623968132","name":"Jawaharlal Nehru Children’s Garden","category":"park","subtype":"leisure=park","source":"osm"}},{"type":"Feature","geometry":{"type":"Point","coordinates":[72.966291,19.182785]},"properties":{"id":"osm:way/623968409","name":"Jesth Nagrik Park","category":"park","subtype":"leisure=park","source":"osm"}},{"type":"Feature","geometry":{"type":"Point","coordinates":[72.863428,19.037906]},"properties":{"id":"osm:way/625673259","name":"Shrikant Doshi Udyan","category":"park","subtype":"leisure=park","source":"osm","access":"yes"}},{"type":"Feature","geometry":{"type":"Point","coordinates":[72.850971,19.009026]},"properties":{"id":"osm:way/625813783","name":null,"category":"park","subtype":"leisure=park","source":"osm"}},{"type":"Feature","geometry":{"type":"Point","coordinates":[72.925257,19.056478]},"properties":{"id":"osm:way/626243838","name":"Etlenta Park","category":"park","subtype":"leisure=park","source":"osm"}},{"type":"Feature","geometry":{"type":"Point","coordinates":[72.9236,19.057256]},"properties":{"id":"osm:way/626243843","name":null,"category":"park","subtype":"leisure=park","source":"osm"}},{"type":"Feature","geometry":{"type":"Point","coordinates":[72.9126,19.063017]},"properties":{"id":"osm:way/626348957","name":"Ashok Kamte Manoranjan Udyan Govandi","category":"park","subtype":"leisure=park","source":"osm"}},{"type":"Feature","geometry":{"type":"Point","coordinates":[72.912501,19.058104]},"properties":{"id":"osm:way/626348961","name":"Siddharth Garden","category":"park","subtype":"leisure=park","source":"osm"}},{"type":"Feature","geometry":{"type":"Point","coordinates":[72.843926,19.111193]},"properties":{"id":"osm:way/627262082","name":"Vallabhai park","category":"park","subtype":"leisure=park","source":"osm","opening_hours":"6:00-11:00, 16:00-21:00"}},{"type":"Feature","geometry":{"type":"Point","coordinates":[72.943105,19.176881]},"properties":{"id":"osm:way/627613001","name":"Johnson & Johnson Garden","category":"park","subtype":"leisure=park","source":"osm"}},{"type":"Feature","geometry":{"type":"Point","coordinates":[72.872038,19.114379]},"properties":{"id":"osm:way/628785882","name":null,"category":"park","subtype":"leisure=park","source":"osm"}},{"type":"Feature","geometry":{"type":"Point","coordinates":[72.882502,19.137134]},"properties":{"id":"osm:way/628887315","name":"Picnic Point Garden","category":"park","subtype":"leisure=park","source":"osm"}},{"type":"Feature","geometry":{"type":"Point","coordinates":[72.941639,19.163559]},"properties":{"id":"osm:way/632157135","name":"Shree Raghvendra Swami Dhyan Udyan","category":"park","subtype":"leisure=park","source":"osm"}},{"type":"Feature","geometry":{"type":"Point","coordinates":[72.854702,19.233614]},"properties":{"id":"osm:way/634135517","name":null,"category":"park","subtype":"leisure=park","source":"osm"}},{"type":"Feature","geometry":{"type":"Point","coordinates":[72.853684,19.245023]},"properties":{"id":"osm:way/634147839","name":null,"category":"park","subtype":"leisure=park","source":"osm"}},{"type":"Feature","geometry":{"type":"Point","coordinates":[72.841346,19.098488]},"properties":{"id":"osm:way/634349553","name":null,"category":"park","subtype":"leisure=park","source":"osm"}},{"type":"Feature","geometry":{"type":"Point","coordinates":[72.842042,19.098796]},"properties":{"id":"osm:way/634349554","name":null,"category":"park","subtype":"leisure=park","source":"osm","opening_hours":"Mo-Sa 08:00-20:00"}},{"type":"Feature","geometry":{"type":"Point","coordinates":[72.850349,19.243271]},"properties":{"id":"osm:way/635156304","name":"BMC Park","category":"park","subtype":"leisure=park","source":"osm"}},{"type":"Feature","geometry":{"type":"Point","coordinates":[72.901595,19.120979]},"properties":{"id":"osm:way/635577424","name":null,"category":"park","subtype":"leisure=park","source":"osm"}},{"type":"Feature","geometry":{"type":"Point","coordinates":[72.883088,19.081389]},"properties":{"id":"osm:way/640010797","name":"Villagers gardern","category":"park","subtype":"leisure=garden","source":"osm","access":"yes"}},{"type":"Feature","geometry":{"type":"Point","coordinates":[72.88277,19.081054]},"properties":{"id":"osm:way/640014015","name":"Village Park","category":"park","subtype":"leisure=park","source":"osm","opening_hours":"24/7"}},{"type":"Feature","geometry":{"type":"Point","coordinates":[72.935825,19.16543]},"properties":{"id":"osm:way/643077464","name":null,"category":"park","subtype":"leisure=garden","source":"osm"}},{"type":"Feature","geometry":{"type":"Point","coordinates":[73.008889,19.044443]},"properties":{"id":"osm:way/643686510","name":"Sector-6 Park","category":"park","subtype":"leisure=park","source":"osm"}},{"type":"Feature","geometry":{"type":"Point","coordinates":[72.85439,19.020332]},"properties":{"id":"osm:way/646194701","name":"Garden C, Five Gardens","category":"park","subtype":"leisure=park","source":"osm"}},{"type":"Feature","geometry":{"type":"Point","coordinates":[73.016334,19.013988]},"properties":{"id":"osm:way/651873449","name":null,"category":"park","subtype":"leisure=garden","source":"osm","access":"private"}},{"type":"Feature","geometry":{"type":"Point","coordinates":[73.016545,19.021561]},"properties":{"id":"osm:way/652174240","name":null,"category":"park","subtype":"leisure=garden","source":"osm","access":"private"}},{"type":"Feature","geometry":{"type":"Point","coordinates":[72.849951,19.301034]},"properties":{"id":"osm:way/657891918","name":"Public Park","category":"park","subtype":"leisure=park","source":"osm"}},{"type":"Feature","geometry":{"type":"Point","coordinates":[73.008417,19.077908]},"properties":{"id":"osm:way/659519544","name":null,"category":"park","subtype":"leisure=garden","source":"osm"}},{"type":"Feature","geometry":{"type":"Point","coordinates":[73.009471,19.077824]},"properties":{"id":"osm:way/659519545","name":"Mathadi Park","category":"park","subtype":"leisure=park","source":"osm"}},{"type":"Feature","geometry":{"type":"Point","coordinates":[73.012779,19.077544]},"properties":{"id":"osm:way/659519546","name":null,"category":"park","subtype":"leisure=garden","source":"osm"}},{"type":"Feature","geometry":{"type":"Point","coordinates":[73.013876,19.077445]},"properties":{"id":"osm:way/659519549","name":null,"category":"park","subtype":"leisure=park","source":"osm"}},{"type":"Feature","geometry":{"type":"Point","coordinates":[73.014365,19.073583]},"properties":{"id":"osm:way/659520674","name":null,"category":"park","subtype":"leisure=park","source":"osm"}},{"type":"Feature","geometry":{"type":"Point","coordinates":[73.01087,19.077704]},"properties":{"id":"osm:way/659520899","name":null,"category":"park","subtype":"leisure=garden","source":"osm"}},{"type":"Feature","geometry":{"type":"Point","coordinates":[72.845707,19.218732]},"properties":{"id":"osm:way/662725595","name":"Ekta Ground","category":"park","subtype":"leisure=park","source":"osm","opening_hours":"Mo-Su 6:00-20:00"}},{"type":"Feature","geometry":{"type":"Point","coordinates":[72.935851,19.173236]},"properties":{"id":"osm:way/667024817","name":null,"category":"park","subtype":"leisure=park","source":"osm"}},{"type":"Feature","geometry":{"type":"Point","coordinates":[72.935549,19.165983]},"properties":{"id":"osm:way/667150164","name":"Kids Park","category":"park","subtype":"leisure=park","source":"osm","opening_hours":"Mo-Fr 08:00-17:00"}},{"type":"Feature","geometry":{"type":"Point","coordinates":[72.933899,19.174524]},"properties":{"id":"osm:way/667167841","name":"BMC Garden","category":"park","subtype":"leisure=park","source":"osm"}},{"type":"Feature","geometry":{"type":"Point","coordinates":[72.827149,19.001635]},"properties":{"id":"osm:way/669392130","name":"Linear Park by Lodha","category":"park","subtype":"leisure=park","source":"osm"}},{"type":"Feature","geometry":{"type":"Point","coordinates":[72.905952,19.0763]},"properties":{"id":"osm:way/675093587","name":"Lions Garden","category":"park","subtype":"leisure=park","source":"osm","operator":"Brihanmumbai Municipal Corporation"}},{"type":"Feature","geometry":{"type":"Point","coordinates":[72.977979,19.18212]},"properties":{"id":"osm:way/678334167","name":"Niranjanlal Dalmiya Udyan","category":"park","subtype":"leisure=park","source":"osm"}},{"type":"Feature","geometry":{"type":"Point","coordinates":[72.855434,19.199075]},"properties":{"id":"osm:way/678369738","name":"Ashok Nagar BMC Park","category":"park","subtype":"leisure=park","source":"osm"}},{"type":"Feature","geometry":{"type":"Point","coordinates":[72.855088,19.196934]},"properties":{"id":"osm:way/678369951","name":"BMC recreational park","category":"park","subtype":"leisure=park","source":"osm"}},{"type":"Feature","geometry":{"type":"Point","coordinates":[72.85573,19.196605]},"properties":{"id":"osm:way/678370106","name":"Swayambhu playground","category":"park","subtype":"leisure=park","source":"osm"}},{"type":"Feature","geometry":{"type":"Point","coordinates":[72.857814,19.200146]},"properties":{"id":"osm:way/678370272","name":"Punkyashloka Ahilyabai Holkar Udyaan","category":"park","subtype":"leisure=park","source":"osm"}},{"type":"Feature","geometry":{"type":"Point","coordinates":[72.856112,19.203822]},"properties":{"id":"osm:way/678371201","name":"Jogging Park","category":"park","subtype":"leisure=park","source":"osm"}},{"type":"Feature","geometry":{"type":"Point","coordinates":[72.855462,19.19797]},"properties":{"id":"osm:way/678372312","name":null,"category":"park","subtype":"leisure=park","source":"osm"}},{"type":"Feature","geometry":{"type":"Point","coordinates":[72.856696,19.19938]},"properties":{"id":"osm:way/678372518","name":"Nana nani park","category":"park","subtype":"leisure=park","source":"osm"}},{"type":"Feature","geometry":{"type":"Point","coordinates":[72.913161,19.094712]},"properties":{"id":"osm:way/682058290","name":"Shreyas Garden Park","category":"park","subtype":"leisure=park","source":"osm","opening_hours":"Mo-Su 08:00-22:00","operator":"BMC"}},{"type":"Feature","geometry":{"type":"Point","coordinates":[72.897312,19.080416]},"properties":{"id":"osm:way/682572535","name":"Kirol Garden","category":"park","subtype":"leisure=park","source":"osm"}},{"type":"Feature","geometry":{"type":"Point","coordinates":[72.819653,19.129255]},"properties":{"id":"osm:way/687028222","name":null,"category":"park","subtype":"leisure=garden","source":"osm"}},{"type":"Feature","geometry":{"type":"Point","coordinates":[72.824036,19.121114]},"properties":{"id":"osm:way/687028223","name":null,"category":"park","subtype":"leisure=garden","source":"osm"}},{"type":"Feature","geometry":{"type":"Point","coordinates":[72.967129,19.180689]},"properties":{"id":"osm:way/687720400","name":"Dattaji Salvi Botanical Garden","category":"park","subtype":"leisure=garden","source":"osm","opening_hours":"06:30-09:30"}},{"type":"Feature","geometry":{"type":"Point","coordinates":[72.97559,19.233614]},"properties":{"id":"osm:way/690846326","name":"Solitaire Towers Garden","category":"park","subtype":"leisure=park","source":"osm","opening_hours":"24/7","operator":"NIRLAC Solitaire"}},{"type":"Feature","geometry":{"type":"Point","coordinates":[72.849215,19.002721]},"properties":{"id":"osm:way/700634718","name":"Joggers Park","category":"park","subtype":"leisure=park","source":"osm","operator":"Local"}},{"type":"Feature","geometry":{"type":"Point","coordinates":[72.845816,19.00327]},"properties":{"id":"osm:way/700635434","name":"Local Park","category":"park","subtype":"leisure=park","source":"osm","operator":"Tata"}},{"type":"Feature","geometry":{"type":"Point","coordinates":[72.815075,19.008494]},"properties":{"id":"osm:way/714721856","name":"Bhagwan Gautam Buddha Udyan","category":"park","subtype":"leisure=park","source":"osm","opening_hours":"06:00-12:00, 15:00-21:00"}},{"type":"Feature","geometry":{"type":"Point","coordinates":[72.958002,19.221388]},"properties":{"id":"osm:way/715266950","name":"Sangeetkar Shrinivas Khale udyan","category":"park","subtype":"leisure=park","source":"osm","opening_hours":"Mon-Sun 05:15-21:15"}},{"type":"Feature","geometry":{"type":"Point","coordinates":[72.900422,19.078846]},"properties":{"id":"osm:way/720182703","name":"Rajawadi Joggers Park","category":"park","subtype":"leisure=park","source":"osm"}},{"type":"Feature","geometry":{"type":"Point","coordinates":[72.926722,19.154209]},"properties":{"id":"osm:way/723479874","name":null,"category":"park","subtype":"leisure=park","source":"osm"}},{"type":"Feature","geometry":{"type":"Point","coordinates":[72.913669,19.132158]},"properties":{"id":"osm:way/723516622","name":null,"category":"park","subtype":"leisure=park","source":"osm"}},{"type":"Feature","geometry":{"type":"Point","coordinates":[72.837326,19.217944]},"properties":{"id":"osm:way/724497456","name":"Municipal Garden","category":"park","subtype":"leisure=park","source":"osm","operator":"Municipal Corporation","description":"Municipal Garden and Jogging track"}},{"type":"Feature","geometry":{"type":"Point","coordinates":[72.838782,19.217974]},"properties":{"id":"osm:way/724497457","name":"Jogger's Park","category":"park","subtype":"leisure=park","source":"osm","description":"Jogger's Park, maintained by Municipal Corporation"}},{"type":"Feature","geometry":{"type":"Point","coordinates":[72.838842,19.21779]},"properties":{"id":"osm:way/724497458","name":"Brihanmumbai Mahanagar Palika Manoranjan Maidan","category":"park","subtype":"leisure=park","source":"osm","operator":"Municipal Corporation"}},{"type":"Feature","geometry":{"type":"Point","coordinates":[72.985155,19.215272]},"properties":{"id":"osm:way/725445816","name":null,"category":"park","subtype":"leisure=park","source":"osm"}},{"type":"Feature","geometry":{"type":"Point","coordinates":[72.832623,18.957439]},"properties":{"id":"osm:way/725787244","name":"Memonwada Playground","category":"park","subtype":"leisure=park","source":"osm"}},{"type":"Feature","geometry":{"type":"Point","coordinates":[72.827845,18.918777]},"properties":{"id":"osm:way/727612384","name":null,"category":"park","subtype":"leisure=park","source":"osm"}},{"type":"Feature","geometry":{"type":"Point","coordinates":[72.991986,19.145355]},"properties":{"id":"osm:way/727741293","name":"Ganesh Visharjan Talao Park","category":"park","subtype":"leisure=park","source":"osm"}},{"type":"Feature","geometry":{"type":"Point","coordinates":[72.866599,19.222083]},"properties":{"id":"osm:way/728261586","name":"Fulpakhru Park","category":"park","subtype":"leisure=park","source":"osm","opening_hours":"24/7","operator":"Shivsena Sangh."}},{"type":"Feature","geometry":{"type":"Point","coordinates":[72.84986,19.299011]},"properties":{"id":"osm:way/728304081","name":"At lake park","category":"park","subtype":"leisure=park","source":"osm"}},{"type":"Feature","geometry":{"type":"Point","coordinates":[72.850702,19.310021]},"properties":{"id":"osm:way/728305384","name":null,"category":"park","subtype":"leisure=park","source":"osm"}},{"type":"Feature","geometry":{"type":"Point","coordinates":[72.849176,19.299377]},"properties":{"id":"osm:way/728404619","name":"Nagar Bhavan","category":"park","subtype":"leisure=park","source":"osm"}},{"type":"Feature","geometry":{"type":"Point","coordinates":[72.848897,19.223084]},"properties":{"id":"osm:way/728836889","name":"Civic Park","category":"park","subtype":"leisure=park","source":"osm","opening_hours":"Mo-Su 06:00-23:00"}},{"type":"Feature","geometry":{"type":"Point","coordinates":[72.845876,19.22493]},"properties":{"id":"osm:way/728836890","name":"BMC Sadguru Shree Wamanrao Pai Manoranjan Udyan Kastur Park","category":"park","subtype":"leisure=park","source":"osm","opening_hours":"Mo-Su 08:00-22:00"}},{"type":"Feature","geometry":{"type":"Point","coordinates":[72.841425,19.21546]},"properties":{"id":"osm:way/729365469","name":"BMC PARK AND GARDEN","category":"park","subtype":"leisure=park","source":"osm"}},{"type":"Feature","geometry":{"type":"Point","coordinates":[72.8452,19.215456]},"properties":{"id":"osm:way/729980783","name":"Shri Golwalkar Guruji Udyan","category":"park","subtype":"leisure=park","source":"osm"}},{"type":"Feature","geometry":{"type":"Point","coordinates":[72.826476,19.212977]},"properties":{"id":"osm:way/729980784","name":"Nana Nani Park","category":"park","subtype":"leisure=park","source":"osm","operator":"BMC"}},{"type":"Feature","geometry":{"type":"Point","coordinates":[72.843293,19.21326]},"properties":{"id":"osm:way/729980787","name":null,"category":"park","subtype":"leisure=park","source":"osm"}},{"type":"Feature","geometry":{"type":"Point","coordinates":[72.821973,19.197716]},"properties":{"id":"osm:way/742699141","name":"Palm Garden","category":"park","subtype":"leisure=park","source":"osm"}},{"type":"Feature","geometry":{"type":"Point","coordinates":[72.870181,19.283835]},"properties":{"id":"osm:way/745970515","name":null,"category":"park","subtype":"leisure=park","source":"osm"}},{"type":"Feature","geometry":{"type":"Point","coordinates":[72.885028,19.0821]},"properties":{"id":"osm:way/746574059","name":"Mother Teresa Brihanmumbai Mahanagarpalika Udyan","category":"park","subtype":"leisure=park","source":"osm","opening_hours":"Mo-Su 06:00-12:00,15:00-21:00","operator":"Brihanmumbai Municipal Corporation","description":"The park is open to people of all ages and is frequented by people particularly in the mornings when it is cool"}},{"type":"Feature","geometry":{"type":"Point","coordinates":[72.884732,19.077849]},"properties":{"id":"osm:way/746582668","name":"Mahanagarpalika Udyan","category":"park","subtype":"leisure=park","source":"osm","opening_hours":"sunrise-sunset","operator":"Brihanmumbai Municipal Corporation"}},{"type":"Feature","geometry":{"type":"Point","coordinates":[72.955552,19.188883]},"properties":{"id":"osm:way/748690657","name":"MIDC Garden","category":"park","subtype":"leisure=park","source":"osm"}},{"type":"Feature","geometry":{"type":"Point","coordinates":[72.956713,19.194648]},"properties":{"id":"osm:way/748894235","name":"Hajuri Garden","category":"park","subtype":"leisure=park","source":"osm"}},{"type":"Feature","geometry":{"type":"Point","coordinates":[72.830986,19.222536]},"properties":{"id":"osm:way/753507990","name":"mhada recreation ground","category":"park","subtype":"leisure=park","source":"osm"}},{"type":"Feature","geometry":{"type":"Point","coordinates":[72.821588,18.923785]},"properties":{"id":"osm:way/753880846","name":null,"category":"park","subtype":"leisure=park","source":"osm"}},{"type":"Feature","geometry":{"type":"Point","coordinates":[72.822021,19.199032]},"properties":{"id":"osm:way/754371095","name":"Divya Joggers Park","category":"park","subtype":"leisure=park","source":"osm"}},{"type":"Feature","geometry":{"type":"Point","coordinates":[72.845391,19.199351]},"properties":{"id":"osm:way/755806909","name":"Sardar Vallabhai Patel Garden","category":"park","subtype":"leisure=park","source":"osm","opening_hours":"sunrise-sunset"}},{"type":"Feature","geometry":{"type":"Point","coordinates":[72.893642,19.094289]},"properties":{"id":"osm:way/757647449","name":"Joggers Park","category":"park","subtype":"leisure=park","source":"osm"}},{"type":"Feature","geometry":{"type":"Point","coordinates":[72.874453,19.287806]},"properties":{"id":"osm:way/757846292","name":null,"category":"park","subtype":"leisure=park","source":"osm"}},{"type":"Feature","geometry":{"type":"Point","coordinates":[72.875596,19.212647]},"properties":{"id":"osm:way/758559013","name":"Evershine Dream Park","category":"park","subtype":"leisure=park","source":"osm","wheelchair":"no"}},{"type":"Feature","geometry":{"type":"Point","coordinates":[72.850943,19.024871]},"properties":{"id":"osm:way/762069544","name":"Hindu Ma Samiti Garden","category":"park","subtype":"leisure=garden","source":"osm","access":"yes"}},{"type":"Feature","geometry":{"type":"Point","coordinates":[72.859257,19.185249]},"properties":{"id":"osm:way/762783930","name":"Baba Shaheb Bhimrao Ambedkar Park","category":"park","subtype":"leisure=park","source":"osm","opening_hours":"Mo-Su 09:00-22:00"}},{"type":"Feature","geometry":{"type":"Point","coordinates":[72.844812,19.203866]},"properties":{"id":"osm:way/762784899","name":"BMC garden","category":"park","subtype":"leisure=park","source":"osm","opening_hours":"Mo-Sa 08:00-21:00"}},{"type":"Feature","geometry":{"type":"Point","coordinates":[72.992536,19.174867]},"properties":{"id":"osm:way/763602104","name":"Gigaplex Garden","category":"park","subtype":"leisure=park","source":"osm"}},{"type":"Feature","geometry":{"type":"Point","coordinates":[72.834945,19.090005]},"properties":{"id":"osm:way/766361968","name":"Gol Garden","category":"park","subtype":"leisure=park","source":"osm","description":"this is gol garden and it is very old garden around 30 to 40 year old park this"}},{"type":"Feature","geometry":{"type":"Point","coordinates":[72.832896,19.111051]},"properties":{"id":"osm:way/783083045","name":"Kishore Kumar Park","category":"park","subtype":"leisure=park","source":"osm","operator":"Municipal Corporation of Greater Mumbai"}},{"type":"Feature","geometry":{"type":"Point","coordinates":[72.827469,19.142992]},"properties":{"id":"osm:way/783094890","name":"MRF Ground","category":"park","subtype":"leisure=park","source":"osm"}},{"type":"Feature","geometry":{"type":"Point","coordinates":[72.822827,19.140798]},"properties":{"id":"osm:way/783097751","name":"Walawalkar Udyan","category":"park","subtype":"leisure=park","source":"osm"}},{"type":"Feature","geometry":{"type":"Point","coordinates":[72.938385,19.148101]},"properties":{"id":"osm:way/784014944","name":null,"category":"park","subtype":"leisure=park","source":"osm"}},{"type":"Feature","geometry":{"type":"Point","coordinates":[72.995263,19.154808]},"properties":{"id":"osm:way/785582536","name":null,"category":"park","subtype":"leisure=park","source":"osm","description":"This is a open garden/park for all residentials."}},{"type":"Feature","geometry":{"type":"Point","coordinates":[72.995561,19.152923]},"properties":{"id":"osm:way/785583637","name":null,"category":"park","subtype":"leisure=park","source":"osm"}},{"type":"Feature","geometry":{"type":"Point","coordinates":[72.995887,19.14929]},"properties":{"id":"osm:way/785602854","name":"Chinchwali Garden","category":"park","subtype":"leisure=park","source":"osm","description":"This is a Opern park for all public. Good place for morning walk, Chilendren playor just chilling."}},{"type":"Feature","geometry":{"type":"Point","coordinates":[72.999404,19.150235]},"properties":{"id":"osm:way/785641248","name":null,"category":"park","subtype":"leisure=park","source":"osm"}},{"type":"Feature","geometry":{"type":"Point","coordinates":[72.994063,19.14904]},"properties":{"id":"osm:way/785643363","name":"Annasaheb Patil Garden","category":"park","subtype":"leisure=park","source":"osm","operator":"Navi Mumbai Mahanagar Corporation","description":"Community Park"}},{"type":"Feature","geometry":{"type":"Point","coordinates":[72.834486,19.215936]},"properties":{"id":"osm:way/785898680","name":null,"category":"park","subtype":"leisure=park","source":"osm"}},{"type":"Feature","geometry":{"type":"Point","coordinates":[72.871953,19.21246]},"properties":{"id":"osm:way/786325963","name":"BMC Dadoji Kondev Playground","category":"park","subtype":"leisure=park","source":"osm","opening_hours":"5:30-19:45"}},{"type":"Feature","geometry":{"type":"Point","coordinates":[72.87234,19.209774]},"properties":{"id":"osm:way/786327606","name":"TBAF joggers park","category":"park","subtype":"leisure=park","source":"osm","opening_hours":"06:00-11:00,17:00-21:00"}},{"type":"Feature","geometry":{"type":"Point","coordinates":[72.869787,19.209917]},"properties":{"id":"osm:way/786333343","name":"Oberoi Gardens Main Garden","category":"park","subtype":"leisure=park","source":"osm"}},{"type":"Feature","geometry":{"type":"Point","coordinates":[72.875883,19.206279]},"properties":{"id":"osm:way/786919122","name":"Mcgm playground at thakur village","category":"park","subtype":"leisure=park","source":"osm"}},{"type":"Feature","geometry":{"type":"Point","coordinates":[72.829081,19.113227]},"properties":{"id":"osm:way/792511402","name":"Children Knowledge & Forest Park","category":"park","subtype":"leisure=park","source":"osm"}},{"type":"Feature","geometry":{"type":"Point","coordinates":[72.832371,19.225344]},"properties":{"id":"osm:way/805879986","name":"Ganesh Maidan","category":"park","subtype":"leisure=park","source":"osm"}},{"type":"Feature","geometry":{"type":"Point","coordinates":[72.832729,19.221399]},"properties":{"id":"osm:way/807444542","name":"Udyan","category":"park","subtype":"leisure=park","source":"osm"}},{"type":"Feature","geometry":{"type":"Point","coordinates":[72.831788,19.221747]},"properties":{"id":"osm:way/807486130","name":"community garden","category":"park","subtype":"leisure=garden","source":"osm"}},{"type":"Feature","geometry":{"type":"Point","coordinates":[72.838164,19.221175]},"properties":{"id":"osm:way/807703054","name":"Recreational Park","category":"park","subtype":"leisure=park","source":"osm"}},{"type":"Feature","geometry":{"type":"Point","coordinates":[72.842863,19.223536]},"properties":{"id":"osm:way/809038377","name":"Atal Bihari Vajpayee Park","category":"park","subtype":"leisure=park","source":"osm","opening_hours":"Mo-closed, Tu-Fr 16:00-20:00, Sa-Su 10:00-13:00, 16:00-20:00","operator":"Atal Park"}},{"type":"Feature","geometry":{"type":"Point","coordinates":[72.849013,19.246003]},"properties":{"id":"osm:way/810192693","name":"BMC Playground","category":"park","subtype":"leisure=park","source":"osm"}},{"type":"Feature","geometry":{"type":"Point","coordinates":[72.846199,19.248414]},"properties":{"id":"osm:way/810193990","name":"BMC Fish Park","category":"park","subtype":"leisure=park","source":"osm"}},{"type":"Feature","geometry":{"type":"Point","coordinates":[72.84936,19.252652]},"properties":{"id":"osm:way/810194994","name":"BMC Park","category":"park","subtype":"leisure=park","source":"osm"}},{"type":"Feature","geometry":{"type":"Point","coordinates":[72.848628,19.253224]},"properties":{"id":"osm:way/810194995","name":"Rock Park","category":"park","subtype":"leisure=park","source":"osm"}},{"type":"Feature","geometry":{"type":"Point","coordinates":[72.846308,19.244264]},"properties":{"id":"osm:way/810196911","name":"BMC Park","category":"park","subtype":"leisure=park","source":"osm"}},{"type":"Feature","geometry":{"type":"Point","coordinates":[72.848426,19.251168]},"properties":{"id":"osm:way/810196912","name":"BMC Park","category":"park","subtype":"leisure=park","source":"osm"}},{"type":"Feature","geometry":{"type":"Point","coordinates":[72.850209,19.254789]},"properties":{"id":"osm:way/810196913","name":"BMC Navagaon Park","category":"park","subtype":"leisure=park","source":"osm"}},{"type":"Feature","geometry":{"type":"Point","coordinates":[72.850873,19.255278]},"properties":{"id":"osm:way/810196914","name":"BMC Kaderpada Park","category":"park","subtype":"leisure=park","source":"osm"}},{"type":"Feature","geometry":{"type":"Point","coordinates":[72.875623,19.198393]},"properties":{"id":"osm:way/810408512","name":"Vilasrao Deshmukh Park","category":"park","subtype":"leisure=park","source":"osm"}},{"type":"Feature","geometry":{"type":"Point","coordinates":[72.87907,19.206232]},"properties":{"id":"osm:way/810414417","name":"BMC Garden","category":"park","subtype":"leisure=park","source":"osm","fee":"no","access":"yes"}},{"type":"Feature","geometry":{"type":"Point","coordinates":[72.880079,19.207097]},"properties":{"id":"osm:way/810414418","name":"BMC Garden","category":"park","subtype":"leisure=park","source":"osm","fee":"no","access":"yes"}},{"type":"Feature","geometry":{"type":"Point","coordinates":[72.877079,19.212357]},"properties":{"id":"osm:way/810415420","name":"Gundecha Park","category":"park","subtype":"leisure=park","source":"osm"}},{"type":"Feature","geometry":{"type":"Point","coordinates":[72.859004,19.129612]},"properties":{"id":"osm:way/813507042","name":"Chhatrapati Shivaji Udyan Park","category":"park","subtype":"leisure=park","source":"osm"}},{"type":"Feature","geometry":{"type":"Point","coordinates":[72.917252,19.123032]},"properties":{"id":"osm:way/814291128","name":"Shri Harishchandra Sharma Playground","category":"park","subtype":"leisure=park","source":"osm","opening_hours":"24/7"}},{"type":"Feature","geometry":{"type":"Point","coordinates":[72.91765,19.124764]},"properties":{"id":"osm:way/814291129","name":"Cinema Ground","category":"park","subtype":"leisure=park","source":"osm","opening_hours":"24/7"}},{"type":"Feature","geometry":{"type":"Point","coordinates":[72.91863,19.124461]},"properties":{"id":"osm:way/814291130","name":"Sharma Garden","category":"park","subtype":"leisure=park","source":"osm","opening_hours":"Mo-Su 07:00-22:00","operator":"Municipal Corporation Greater Mumbai"}},{"type":"Feature","geometry":{"type":"Point","coordinates":[73.010618,19.021882]},"properties":{"id":"osm:way/814514185","name":null,"category":"park","subtype":"leisure=park","source":"osm"}},{"type":"Feature","geometry":{"type":"Point","coordinates":[72.834255,19.220513]},"properties":{"id":"osm:way/814596951","name":"MHADA Playground","category":"park","subtype":"leisure=park","source":"osm"}},{"type":"Feature","geometry":{"type":"Point","coordinates":[72.841189,19.239627]},"properties":{"id":"osm:way/814661377","name":"Rani Laxmi Bai Park","category":"park","subtype":"leisure=park","source":"osm"}},{"type":"Feature","geometry":{"type":"Point","coordinates":[72.924796,19.038113]},"properties":{"id":"osm:way/816431597","name":null,"category":"park","subtype":"leisure=garden","source":"osm"}},{"type":"Feature","geometry":{"type":"Point","coordinates":[72.831175,19.22627]},"properties":{"id":"osm:way/817154079","name":"Gorai Udyan","category":"park","subtype":"leisure=park","source":"osm","opening_hours":"sunrise-sunset"}},{"type":"Feature","geometry":{"type":"Point","coordinates":[72.833267,19.214159]},"properties":{"id":"osm:way/821152072","name":"Gaurav Garden Park","category":"park","subtype":"leisure=park","source":"osm","operator":"Gaurav Builders"}},{"type":"Feature","geometry":{"type":"Point","coordinates":[72.843324,19.217973]},"properties":{"id":"osm:way/821152074","name":"BMC Park","category":"park","subtype":"leisure=park","source":"osm","operator":"Brihanmumbai Muncipal Corporation"}},{"type":"Feature","geometry":{"type":"Point","coordinates":[72.818317,19.216564]},"properties":{"id":"osm:way/821248092","name":"Shree Duttguru Sangharsh Park","category":"park","subtype":"leisure=park","source":"osm","opening_hours":"sunrise-sunset","operator":"BMC"}},{"type":"Feature","geometry":{"type":"Point","coordinates":[72.862873,19.212705]},"properties":{"id":"osm:way/821564071","name":"BMC Playground","category":"park","subtype":"leisure=park","source":"osm"}},{"type":"Feature","geometry":{"type":"Point","coordinates":[72.860025,19.208292]},"properties":{"id":"osm:way/821600341","name":"Pramod Navalkar Udyan","category":"park","subtype":"leisure=park","source":"osm"}},{"type":"Feature","geometry":{"type":"Point","coordinates":[72.864013,19.136958]},"properties":{"id":"osm:way/822770827","name":"मुंबई महापालिका गार्डन","category":"park","subtype":"leisure=park","source":"osm","opening_hours":"sunrise-sunset","operator":"BMC"}},{"type":"Feature","geometry":{"type":"Point","coordinates":[72.865714,19.137511]},"properties":{"id":"osm:way/822770828","name":"Vijay Salaskar park","category":"park","subtype":"leisure=park","source":"osm","opening_hours":"24/7","operator":"BMC","description":"Small park made by BMC"}},{"type":"Feature","geometry":{"type":"Point","coordinates":[72.864213,19.131108]},"properties":{"id":"osm:way/822774096","name":"Shree Swami Samarth Udyan","category":"park","subtype":"leisure=park","source":"osm","opening_hours":"24/7","operator":"BMC"}},{"type":"Feature","geometry":{"type":"Point","coordinates":[72.863521,19.131586]},"properties":{"id":"osm:way/822774097","name":"Lalji Mehrotra Technical Playground","category":"park","subtype":"leisure=park","source":"osm","operator":"BMC"}},{"type":"Feature","geometry":{"type":"Point","coordinates":[72.863397,19.132409]},"properties":{"id":"osm:way/822774098","name":"Children playground","category":"park","subtype":"leisure=park","source":"osm"}},{"type":"Feature","geometry":{"type":"Point","coordinates":[72.864806,19.134799]},"properties":{"id":"osm:way/822774545","name":"Swapnapurti Ganesh Playground","category":"park","subtype":"leisure=park","source":"osm","operator":"BMC"}},{"type":"Feature","geometry":{"type":"Point","coordinates":[72.865054,19.13567]},"properties":{"id":"osm:way/822774546","name":"Major Unikrishnan Udyan","category":"park","subtype":"leisure=park","source":"osm","operator":"BMC"}},{"type":"Feature","geometry":{"type":"Point","coordinates":[72.863109,19.140021]},"properties":{"id":"osm:way/822774547","name":"Rajeshwar society park","category":"park","subtype":"leisure=park","source":"osm","operator":"Rajeshwar society"}},{"type":"Feature","geometry":{"type":"Point","coordinates":[72.868314,19.131516]},"properties":{"id":"osm:way/822774548","name":"Takshila Park","category":"park","subtype":"leisure=park","source":"osm","operator":"Takshila Building"}},{"type":"Feature","geometry":{"type":"Point","coordinates":[72.871832,19.137755]},"properties":{"id":"osm:way/823584108","name":"MMRDA GROUND","category":"park","subtype":"leisure=park","source":"osm","opening_hours":"24/7","operator":"MMRDA"}},{"type":"Feature","geometry":{"type":"Point","coordinates":[72.994086,19.065288]},"properties":{"id":"osm:way/825118116","name":null,"category":"park","subtype":"leisure=park","source":"osm"}},{"type":"Feature","geometry":{"type":"Point","coordinates":[72.996152,19.063621]},"properties":{"id":"osm:way/825118117","name":null,"category":"park","subtype":"leisure=park","source":"osm"}},{"type":"Feature","geometry":{"type":"Point","coordinates":[73.014787,19.057292]},"properties":{"id":"osm:way/825118122","name":"Sensory Park","category":"park","subtype":"leisure=park","source":"osm","wheelchair":"yes"}},{"type":"Feature","geometry":{"type":"Point","coordinates":[72.863146,19.133196]},"properties":{"id":"osm:way/826421856","name":"Ganesh maidan","category":"park","subtype":"leisure=park","source":"osm","opening_hours":"24/7","operator":"Local Corporator"}},{"type":"Feature","geometry":{"type":"Point","coordinates":[72.867606,19.133028]},"properties":{"id":"osm:way/826422663","name":"MHADA Play Ground","category":"park","subtype":"leisure=park","source":"osm","opening_hours":"24/7","operator":"local govt"}},{"type":"Feature","geometry":{"type":"Point","coordinates":[72.861434,19.13426]},"properties":{"id":"osm:way/826425461","name":"Ganesh Maidan","category":"park","subtype":"leisure=park","source":"osm","opening_hours":"24/7"}},{"type":"Feature","geometry":{"type":"Point","coordinates":[72.860653,19.136306]},"properties":{"id":"osm:way/826472411","name":"Dyna Play Ground","category":"park","subtype":"leisure=park","source":"osm","opening_hours":"24/7"}},{"type":"Feature","geometry":{"type":"Point","coordinates":[73.006935,19.066907]},"properties":{"id":"osm:way/827280982","name":null,"category":"park","subtype":"leisure=park","source":"osm"}},{"type":"Feature","geometry":{"type":"Point","coordinates":[72.988153,19.069884]},"properties":{"id":"osm:way/827899827","name":null,"category":"park","subtype":"leisure=park","source":"osm"}},{"type":"Feature","geometry":{"type":"Point","coordinates":[73.019942,19.059734]},"properties":{"id":"osm:way/827899838","name":null,"category":"park","subtype":"leisure=park","source":"osm"}},{"type":"Feature","geometry":{"type":"Point","coordinates":[72.844068,19.078973]},"properties":{"id":"osm:way/837015661","name":"Dinkar Park","category":"park","subtype":"leisure=park","source":"osm","opening_hours":"Mo-Su 07:00-23:00","operator":"Bhavik Bhoot","description":"Dinkar Garden situated near V N Desai Hospital is an old park in the Neighborhood where there are slides for children to play , an open gym for exercise and walking path for adults to walk."}},{"type":"Feature","geometry":{"type":"Point","coordinates":[72.885983,19.074459]},"properties":{"id":"osm:way/837859198","name":"park 2","category":"park","subtype":"leisure=park","source":"osm"}},{"type":"Feature","geometry":{"type":"Point","coordinates":[72.858825,19.294351]},"properties":{"id":"osm:way/839610736","name":"Sarvoday Playground","category":"park","subtype":"leisure=park","source":"osm","opening_hours":"Mo-Su 08:00-22:00","operator":"Unknown"}},{"type":"Feature","geometry":{"type":"Point","coordinates":[72.848632,19.295343]},"properties":{"id":"osm:way/839612594","name":"Maxus Playground","category":"park","subtype":"leisure=park","source":"osm","opening_hours":"Mo-Su 08:00-22:00"}},{"type":"Feature","geometry":{"type":"Point","coordinates":[72.979491,19.254703]},"properties":{"id":"osm:way/842100220","name":"childrens park","category":"park","subtype":"leisure=park","source":"osm"}},{"type":"Feature","geometry":{"type":"Point","coordinates":[72.977764,19.253679]},"properties":{"id":"osm:way/842100222","name":"Hiranandani Hills","category":"park","subtype":"leisure=park","source":"osm"}},{"type":"Feature","geometry":{"type":"Point","coordinates":[72.982066,19.255675]},"properties":{"id":"osm:way/842100223","name":"Cricket ground","category":"park","subtype":"leisure=park","source":"osm"}},{"type":"Feature","geometry":{"type":"Point","coordinates":[72.979694,19.255265]},"properties":{"id":"osm:way/842108303","name":"park2","category":"park","subtype":"leisure=park","source":"osm"}},{"type":"Feature","geometry":{"type":"Point","coordinates":[72.981589,19.260296]},"properties":{"id":"osm:way/842112082","name":"Westview Park","category":"park","subtype":"leisure=park","source":"osm","operator":"TMC"}},{"type":"Feature","geometry":{"type":"Point","coordinates":[72.987198,19.255588]},"properties":{"id":"osm:way/842116997","name":null,"category":"park","subtype":"leisure=park","source":"osm"}},{"type":"Feature","geometry":{"type":"Point","coordinates":[72.980872,19.254606]},"properties":{"id":"osm:way/842116999","name":null,"category":"park","subtype":"leisure=park","source":"osm"}},{"type":"Feature","geometry":{"type":"Point","coordinates":[72.982979,19.257523]},"properties":{"id":"osm:way/842117002","name":null,"category":"park","subtype":"leisure=park","source":"osm"}},{"type":"Feature","geometry":{"type":"Point","coordinates":[72.977235,19.243312]},"properties":{"id":"osm:way/842117006","name":null,"category":"park","subtype":"leisure=park","source":"osm"}},{"type":"Feature","geometry":{"type":"Point","coordinates":[72.98015,19.254887]},"properties":{"id":"osm:way/842117654","name":"couples park","category":"park","subtype":"leisure=park","source":"osm"}},{"type":"Feature","geometry":{"type":"Point","coordinates":[72.834453,19.148319]},"properties":{"id":"osm:way/844884684","name":"Serenity Play Area","category":"park","subtype":"leisure=park","source":"osm"}},{"type":"Feature","geometry":{"type":"Point","coordinates":[72.846109,19.13598]},"properties":{"id":"osm:way/846523477","name":"Haji Umar Local Park","category":"park","subtype":"leisure=park","source":"osm"}},{"type":"Feature","geometry":{"type":"Point","coordinates":[72.846983,19.142391]},"properties":{"id":"osm:way/846531087","name":"BMC Park","category":"park","subtype":"leisure=park","source":"osm"}},{"type":"Feature","geometry":{"type":"Point","coordinates":[72.964003,19.266538]},"properties":{"id":"osm:way/846604986","name":"TMC Biodiversity Park","category":"park","subtype":"leisure=park","source":"osm"}},{"type":"Feature","geometry":{"type":"Point","coordinates":[72.833341,19.080989]},"properties":{"id":"osm:way/847389384","name":"Saraswat Park","category":"park","subtype":"leisure=park","source":"osm","opening_hours":"Mo-Sa 08:00-20:00","operator":"Saraswat Park"}},{"type":"Feature","geometry":{"type":"Point","coordinates":[72.832773,19.081501]},"properties":{"id":"osm:way/847390846","name":"Triangular Park","category":"park","subtype":"leisure=park","source":"osm"}},{"type":"Feature","geometry":{"type":"Point","coordinates":[72.831622,18.943202]},"properties":{"id":"osm:way/852044762","name":"Woods","category":"park","subtype":"leisure=garden","source":"osm"}},{"type":"Feature","geometry":{"type":"Point","coordinates":[72.836259,19.162205]},"properties":{"id":"osm:way/852330965","name":"Rajiv gandhi park","category":"park","subtype":"leisure=park","source":"osm","opening_hours":"Mo-Fr 08:00-17:00"}},{"type":"Feature","geometry":{"type":"Point","coordinates":[72.933418,19.113203]},"properties":{"id":"osm:way/853331530","name":"Gurudev Ravindranath Tagore Udyan Park","category":"park","subtype":"leisure=park","source":"osm"}},{"type":"Feature","geometry":{"type":"Point","coordinates":[72.938585,19.116369]},"properties":{"id":"osm:way/853334264","name":"Sambhaji Maidan","category":"park","subtype":"leisure=park","source":"osm"}},{"type":"Feature","geometry":{"type":"Point","coordinates":[72.938976,19.119337]},"properties":{"id":"osm:way/853492002","name":"Ravindra Mhatre Park","category":"park","subtype":"leisure=park","source":"osm"}},{"type":"Feature","geometry":{"type":"Point","coordinates":[72.934522,19.120241]},"properties":{"id":"osm:way/853494694","name":null,"category":"park","subtype":"leisure=park","source":"osm"}},{"type":"Feature","geometry":{"type":"Point","coordinates":[72.824987,19.073781]},"properties":{"id":"osm:way/858949791","name":"J J garden","category":"park","subtype":"leisure=park","source":"osm","opening_hours":"Mo-Sa 08:00-20:00"}},{"type":"Feature","geometry":{"type":"Point","coordinates":[72.824075,19.216839]},"properties":{"id":"osm:way/860399834","name":"BMC Park","category":"park","subtype":"leisure=park","source":"osm"}},{"type":"Feature","geometry":{"type":"Point","coordinates":[72.8571,19.146994]},"properties":{"id":"osm:way/860412164","name":null,"category":"park","subtype":"leisure=park","source":"osm"}},{"type":"Feature","geometry":{"type":"Point","coordinates":[72.825222,19.200413]},"properties":{"id":"osm:way/861126911","name":null,"category":"park","subtype":"leisure=park","source":"osm"}},{"type":"Feature","geometry":{"type":"Point","coordinates":[72.824339,19.20177]},"properties":{"id":"osm:way/861130591","name":null,"category":"park","subtype":"leisure=park","source":"osm"}},{"type":"Feature","geometry":{"type":"Point","coordinates":[72.827266,19.198306]},"properties":{"id":"osm:way/861130990","name":null,"category":"park","subtype":"leisure=park","source":"osm"}},{"type":"Feature","geometry":{"type":"Point","coordinates":[72.827258,19.201249]},"properties":{"id":"osm:way/861131963","name":null,"category":"park","subtype":"leisure=park","source":"osm"}},{"type":"Feature","geometry":{"type":"Point","coordinates":[72.823476,19.202524]},"properties":{"id":"osm:way/861131964","name":null,"category":"park","subtype":"leisure=park","source":"osm"}},{"type":"Feature","geometry":{"type":"Point","coordinates":[72.910764,19.080744]},"properties":{"id":"osm:way/862911959","name":null,"category":"park","subtype":"leisure=park","source":"osm"}},{"type":"Feature","geometry":{"type":"Point","coordinates":[72.84553,19.147042]},"properties":{"id":"osm:way/876030083","name":"Bharat Ratan Maulana Abul Kalam Azad Udyan","category":"park","subtype":"leisure=park","source":"osm","opening_hours":"Mo-Su 09:00-21:00","operator":"changez multani"}},{"type":"Feature","geometry":{"type":"Point","coordinates":[72.821808,19.066394]},"properties":{"id":"osm:way/878078194","name":"Danda Mangrove Reserved Forest","category":"park","subtype":"leisure=nature_reserve","source":"osm","operator":"Maharashtra Forest Department"}},{"type":"Feature","geometry":{"type":"Point","coordinates":[72.843675,19.196045]},"properties":{"id":"osm:way/888547414","name":"Adarsh garden","category":"park","subtype":"leisure=park","source":"osm","opening_hours":"sunrise-sunset","operator":"BMC"}},{"type":"Feature","geometry":{"type":"Point","coordinates":[72.970782,19.243527]},"properties":{"id":"osm:way/892149681","name":"Upper Park","category":"park","subtype":"leisure=park","source":"osm","access":"private"}},{"type":"Feature","geometry":{"type":"Point","coordinates":[72.967057,19.24276]},"properties":{"id":"osm:way/892256759","name":"Pramod Mahajan Nature Garden","category":"park","subtype":"leisure=park","source":"osm","access":"yes","operator":"TMC"}},{"type":"Feature","geometry":{"type":"Point","coordinates":[72.96494,19.236666]},"properties":{"id":"osm:way/892256770","name":"TMC Garden","category":"park","subtype":"leisure=park","source":"osm","access":"yes","operator":"TMC"}},{"type":"Feature","geometry":{"type":"Point","coordinates":[72.970873,19.242362]},"properties":{"id":"osm:way/892398829","name":"Lower Park","category":"park","subtype":"leisure=park","source":"osm","access":"private"}},{"type":"Feature","geometry":{"type":"Point","coordinates":[72.925076,19.04252]},"properties":{"id":"osm:way/894906313","name":null,"category":"park","subtype":"leisure=garden","source":"osm"}},{"type":"Feature","geometry":{"type":"Point","coordinates":[72.925046,19.042191]},"properties":{"id":"osm:way/894906316","name":null,"category":"park","subtype":"leisure=garden","source":"osm"}},{"type":"Feature","geometry":{"type":"Point","coordinates":[72.968294,19.231505]},"properties":{"id":"osm:way/895006983","name":null,"category":"park","subtype":"leisure=park","source":"osm"}},{"type":"Feature","geometry":{"type":"Point","coordinates":[72.968819,19.231745]},"properties":{"id":"osm:way/895603658","name":null,"category":"park","subtype":"leisure=garden","source":"osm"}},{"type":"Feature","geometry":{"type":"Point","coordinates":[72.971217,19.244073]},"properties":{"id":"osm:way/895612484","name":null,"category":"park","subtype":"leisure=park","source":"osm"}},{"type":"Feature","geometry":{"type":"Point","coordinates":[72.970815,19.241447]},"properties":{"id":"osm:way/895612498","name":null,"category":"park","subtype":"leisure=park","source":"osm"}},{"type":"Feature","geometry":{"type":"Point","coordinates":[72.9717,19.243532]},"properties":{"id":"osm:way/895767714","name":null,"category":"park","subtype":"leisure=park","source":"osm","access":"private"}},{"type":"Feature","geometry":{"type":"Point","coordinates":[72.863178,19.109237]},"properties":{"id":"osm:way/895799170","name":null,"category":"park","subtype":"leisure=park","source":"osm"}},{"type":"Feature","geometry":{"type":"Point","coordinates":[72.863625,19.108823]},"properties":{"id":"osm:way/895799171","name":null,"category":"park","subtype":"leisure=park","source":"osm"}},{"type":"Feature","geometry":{"type":"Point","coordinates":[72.89083,19.050855]},"properties":{"id":"osm:way/895937294","name":"sindhi society gymkhana","category":"park","subtype":"leisure=park","source":"osm"}},{"type":"Feature","geometry":{"type":"Point","coordinates":[72.974459,19.175109]},"properties":{"id":"osm:way/896204128","name":null,"category":"park","subtype":"leisure=garden","source":"osm"}},{"type":"Feature","geometry":{"type":"Point","coordinates":[72.974103,19.175357]},"properties":{"id":"osm:way/896204129","name":null,"category":"park","subtype":"leisure=garden","source":"osm"}},{"type":"Feature","geometry":{"type":"Point","coordinates":[72.967783,19.24416]},"properties":{"id":"osm:way/898507836","name":"Butterfly Park","category":"park","subtype":"leisure=park","source":"osm","operator":"TMC"}},{"type":"Feature","geometry":{"type":"Point","coordinates":[72.840571,19.194618]},"properties":{"id":"osm:way/904636029","name":"Fr. Salvador Rodrigues Ground","category":"park","subtype":"leisure=park","source":"osm","opening_hours":"Mo-Sa 08:00-20:00","operator":"BMC","description":"playground, ground for senior citizens"}},{"type":"Feature","geometry":{"type":"Point","coordinates":[72.825326,19.196979]},"properties":{"id":"osm:way/904650525","name":"ASMITA JYOTI PARK","category":"park","subtype":"leisure=park","source":"osm","description":"PARK FOR CHILDREN"}},{"type":"Feature","geometry":{"type":"Point","coordinates":[72.933212,19.040089]},"properties":{"id":"osm:way/905716256","name":"Dispensary Ground","category":"park","subtype":"leisure=park","source":"osm","wheelchair":"yes","fee":"no"}},{"type":"Feature","geometry":{"type":"Point","coordinates":[72.913676,19.040152]},"properties":{"id":"osm:way/905716267","name":"Western Sector Circle","category":"park","subtype":"leisure=garden","source":"osm","fee":"no"}},{"type":"Feature","geometry":{"type":"Point","coordinates":[72.8381,19.221868]},"properties":{"id":"osm:way/908077100","name":null,"category":"park","subtype":"leisure=park","source":"osm"}},{"type":"Feature","geometry":{"type":"Point","coordinates":[72.826124,19.08232]},"properties":{"id":"osm:way/909478809","name":null,"category":"park","subtype":"leisure=park","source":"osm"}},{"type":"Feature","geometry":{"type":"Point","coordinates":[72.84162,19.132808]},"properties":{"id":"osm:way/909874963","name":"BMC park","category":"park","subtype":"leisure=park","source":"osm"}},{"type":"Feature","geometry":{"type":"Point","coordinates":[72.857028,19.189246]},"properties":{"id":"osm:way/910330085","name":"pradhnya ground","category":"park","subtype":"leisure=park","source":"osm","opening_hours":"24/7"}},{"type":"Feature","geometry":{"type":"Point","coordinates":[72.964572,19.224333]},"properties":{"id":"osm:way/910948562","name":null,"category":"park","subtype":"leisure=park","source":"osm"}},{"type":"Feature","geometry":{"type":"Point","coordinates":[72.844767,19.201181]},"properties":{"id":"osm:way/911450883","name":"Bhurabhai Arogya Bhuvan Ground","category":"park","subtype":"leisure=park","source":"osm","opening_hours":"24/7"}},{"type":"Feature","geometry":{"type":"Point","coordinates":[72.839678,19.188815]},"properties":{"id":"osm:way/911451399","name":"aarogyam dhanasampada","category":"park","subtype":"leisure=park","source":"osm","opening_hours":"Mo-Su 6:00-10:00","operator":"muncipal corporation"}},{"type":"Feature","geometry":{"type":"Point","coordinates":[72.970769,19.243738]},"properties":{"id":"osm:way/912616618","name":null,"category":"park","subtype":"leisure=garden","source":"osm"}},{"type":"Feature","geometry":{"type":"Point","coordinates":[72.823421,19.054483]},"properties":{"id":"osm:way/913802715","name":null,"category":"park","subtype":"leisure=park","source":"osm"}},{"type":"Feature","geometry":{"type":"Point","coordinates":[72.970679,19.240883]},"properties":{"id":"osm:way/914435985","name":null,"category":"park","subtype":"leisure=park","source":"osm"}},{"type":"Feature","geometry":{"type":"Point","coordinates":[72.964564,19.225539]},"properties":{"id":"osm:way/914530383","name":null,"category":"park","subtype":"leisure=park","source":"osm"}},{"type":"Feature","geometry":{"type":"Point","coordinates":[72.990316,19.228392]},"properties":{"id":"osm:way/915321021","name":"NaMo Grand Central Park","category":"park","subtype":"leisure=park","source":"osm","opening_hours":"Tu-Su 06:00-11:00,13:00-21:00","fee":"yes","phone":"+91 7208820740"}},{"type":"Feature","geometry":{"type":"Point","coordinates":[72.984175,19.230767]},"properties":{"id":"osm:way/915321028","name":null,"category":"park","subtype":"leisure=park","source":"osm","opening_hours":"Mo-Su 08:00-20:00"}},{"type":"Feature","geometry":{"type":"Point","coordinates":[72.987757,19.222147]},"properties":{"id":"osm:way/915562610","name":null,"category":"park","subtype":"leisure=park","source":"osm"}},{"type":"Feature","geometry":{"type":"Point","coordinates":[72.987199,19.223659]},"properties":{"id":"osm:way/915562618","name":null,"category":"park","subtype":"leisure=park","source":"osm"}},{"type":"Feature","geometry":{"type":"Point","coordinates":[72.984371,19.223222]},"properties":{"id":"osm:way/915562657","name":null,"category":"park","subtype":"leisure=park","source":"osm"}},{"type":"Feature","geometry":{"type":"Point","coordinates":[72.980833,19.223483]},"properties":{"id":"osm:way/915755312","name":null,"category":"park","subtype":"leisure=park","source":"osm"}},{"type":"Feature","geometry":{"type":"Point","coordinates":[72.975489,19.220072]},"properties":{"id":"osm:way/915755324","name":null,"category":"park","subtype":"leisure=park","source":"osm"}},{"type":"Feature","geometry":{"type":"Point","coordinates":[72.992407,19.217999]},"properties":{"id":"osm:way/915775527","name":null,"category":"park","subtype":"leisure=park","source":"osm"}},{"type":"Feature","geometry":{"type":"Point","coordinates":[72.991092,19.216903]},"properties":{"id":"osm:way/915775538","name":null,"category":"park","subtype":"leisure=park","source":"osm"}},{"type":"Feature","geometry":{"type":"Point","coordinates":[72.986796,19.228252]},"properties":{"id":"osm:way/916534427","name":null,"category":"park","subtype":"leisure=park","source":"osm"}},{"type":"Feature","geometry":{"type":"Point","coordinates":[72.988801,19.228723]},"properties":{"id":"osm:way/916534428","name":null,"category":"park","subtype":"leisure=park","source":"osm"}},{"type":"Feature","geometry":{"type":"Point","coordinates":[72.96295,19.267066]},"properties":{"id":"osm:way/916911015","name":null,"category":"park","subtype":"leisure=park","source":"osm"}},{"type":"Feature","geometry":{"type":"Point","coordinates":[72.965534,19.224036]},"properties":{"id":"osm:way/918005270","name":null,"category":"park","subtype":"leisure=park","source":"osm","access":"private"}},{"type":"Feature","geometry":{"type":"Point","coordinates":[72.963162,19.224398]},"properties":{"id":"osm:way/918014112","name":null,"category":"park","subtype":"leisure=park","source":"osm","access":"private"}},{"type":"Feature","geometry":{"type":"Point","coordinates":[72.967475,19.22105]},"properties":{"id":"osm:way/918360096","name":null,"category":"park","subtype":"leisure=park","source":"osm"}},{"type":"Feature","geometry":{"type":"Point","coordinates":[72.965785,19.221403]},"properties":{"id":"osm:way/918360106","name":null,"category":"park","subtype":"leisure=park","source":"osm"}},{"type":"Feature","geometry":{"type":"Point","coordinates":[72.955903,19.283447]},"properties":{"id":"osm:way/918556674","name":null,"category":"park","subtype":"leisure=park","source":"osm","access":"private"}},{"type":"Feature","geometry":{"type":"Point","coordinates":[72.954014,19.283273]},"properties":{"id":"osm:way/918556675","name":null,"category":"park","subtype":"leisure=park","source":"osm","access":"private"}},{"type":"Feature","geometry":{"type":"Point","coordinates":[72.955115,19.286562]},"properties":{"id":"osm:way/918556678","name":null,"category":"park","subtype":"leisure=park","source":"osm","access":"private"}},{"type":"Feature","geometry":{"type":"Point","coordinates":[72.955573,19.285877]},"properties":{"id":"osm:way/918556679","name":null,"category":"park","subtype":"leisure=park","source":"osm","access":"private"}},{"type":"Feature","geometry":{"type":"Point","coordinates":[72.965375,19.220694]},"properties":{"id":"osm:way/918556683","name":"TMC Community Park","category":"park","subtype":"leisure=park","source":"osm","opening_hours":"Mo-Su 06:00-10:00, 16:00-20:00","operator":"TMC"}},{"type":"Feature","geometry":{"type":"Point","coordinates":[72.964496,19.220814]},"properties":{"id":"osm:way/918556689","name":null,"category":"park","subtype":"leisure=park","source":"osm","access":"private"}},{"type":"Feature","geometry":{"type":"Point","coordinates":[72.96666,19.222753]},"properties":{"id":"osm:way/919145074","name":null,"category":"park","subtype":"leisure=park","source":"osm"}},{"type":"Feature","geometry":{"type":"Point","coordinates":[72.91014,19.080937]},"properties":{"id":"osm:way/919626229","name":"park 1","category":"park","subtype":"leisure=park","source":"osm"}},{"type":"Feature","geometry":{"type":"Point","coordinates":[72.967135,19.235487]},"properties":{"id":"osm:way/920676168","name":null,"category":"park","subtype":"leisure=park","source":"osm","access":"private"}},{"type":"Feature","geometry":{"type":"Point","coordinates":[72.962152,19.223102]},"properties":{"id":"osm:way/920865783","name":null,"category":"park","subtype":"leisure=garden","source":"osm","access":"private"}},{"type":"Feature","geometry":{"type":"Point","coordinates":[72.96176,19.222909]},"properties":{"id":"osm:way/920865784","name":null,"category":"park","subtype":"leisure=garden","source":"osm","access":"private"}},{"type":"Feature","geometry":{"type":"Point","coordinates":[72.963293,19.222473]},"properties":{"id":"osm:way/920865787","name":null,"category":"park","subtype":"leisure=garden","source":"osm","access":"private"}},{"type":"Feature","geometry":{"type":"Point","coordinates":[72.966984,19.232566]},"properties":{"id":"osm:way/920871964","name":null,"category":"park","subtype":"leisure=park","source":"osm","access":"private"}},{"type":"Feature","geometry":{"type":"Point","coordinates":[72.967621,19.231923]},"properties":{"id":"osm:way/920871965","name":null,"category":"park","subtype":"leisure=park","source":"osm","access":"private"}},{"type":"Feature","geometry":{"type":"Point","coordinates":[72.966837,19.232053]},"properties":{"id":"osm:way/920871966","name":null,"category":"park","subtype":"leisure=park","source":"osm","access":"private"}},{"type":"Feature","geometry":{"type":"Point","coordinates":[72.975727,19.227369]},"properties":{"id":"osm:way/920981331","name":null,"category":"park","subtype":"leisure=park","source":"osm","access":"private"}},{"type":"Feature","geometry":{"type":"Point","coordinates":[72.960665,19.206082]},"properties":{"id":"osm:way/920997421","name":null,"category":"park","subtype":"leisure=park","source":"osm","access":"private"}},{"type":"Feature","geometry":{"type":"Point","coordinates":[72.959281,19.205678]},"properties":{"id":"osm:way/920997424","name":null,"category":"park","subtype":"leisure=park","source":"osm","access":"private"}},{"type":"Feature","geometry":{"type":"Point","coordinates":[72.971016,19.237656]},"properties":{"id":"osm:way/921026416","name":null,"category":"park","subtype":"leisure=park","source":"osm","access":"private"}},{"type":"Feature","geometry":{"type":"Point","coordinates":[72.971266,19.237179]},"properties":{"id":"osm:way/921026417","name":null,"category":"park","subtype":"leisure=park","source":"osm"}},{"type":"Feature","geometry":{"type":"Point","coordinates":[72.959069,19.21062]},"properties":{"id":"osm:way/921071513","name":null,"category":"park","subtype":"leisure=park","source":"osm"}},{"type":"Feature","geometry":{"type":"Point","coordinates":[72.960328,19.21149]},"properties":{"id":"osm:way/921071514","name":null,"category":"park","subtype":"leisure=park","source":"osm"}},{"type":"Feature","geometry":{"type":"Point","coordinates":[72.960371,19.21885]},"properties":{"id":"osm:way/921076604","name":null,"category":"park","subtype":"leisure=park","source":"osm"}},{"type":"Feature","geometry":{"type":"Point","coordinates":[72.969176,19.22123]},"properties":{"id":"osm:way/921085889","name":null,"category":"park","subtype":"leisure=park","source":"osm"}},{"type":"Feature","geometry":{"type":"Point","coordinates":[72.961986,19.218852]},"properties":{"id":"osm:way/921285429","name":null,"category":"park","subtype":"leisure=park","source":"osm","access":"private"}},{"type":"Feature","geometry":{"type":"Point","coordinates":[72.975445,19.212911]},"properties":{"id":"osm:way/922187393","name":null,"category":"park","subtype":"leisure=park","source":"osm"}},{"type":"Feature","geometry":{"type":"Point","coordinates":[72.971018,19.219431]},"properties":{"id":"osm:way/922187401","name":null,"category":"park","subtype":"leisure=park","source":"osm"}},{"type":"Feature","geometry":{"type":"Point","coordinates":[72.987149,19.233873]},"properties":{"id":"osm:way/922315050","name":null,"category":"park","subtype":"leisure=park","source":"osm"}},{"type":"Feature","geometry":{"type":"Point","coordinates":[72.98581,19.232419]},"properties":{"id":"osm:way/922334232","name":null,"category":"park","subtype":"leisure=park","source":"osm"}},{"type":"Feature","geometry":{"type":"Point","coordinates":[72.984848,19.232579]},"properties":{"id":"osm:way/922334233","name":null,"category":"park","subtype":"leisure=park","source":"osm"}},{"type":"Feature","geometry":{"type":"Point","coordinates":[72.987127,19.233253]},"properties":{"id":"osm:way/922334239","name":null,"category":"park","subtype":"leisure=park","source":"osm"}},{"type":"Feature","geometry":{"type":"Point","coordinates":[72.986395,19.233334]},"properties":{"id":"osm:way/922334240","name":null,"category":"park","subtype":"leisure=park","source":"osm"}},{"type":"Feature","geometry":{"type":"Point","coordinates":[72.98626,19.234304]},"properties":{"id":"osm:way/922334242","name":null,"category":"park","subtype":"leisure=park","source":"osm"}},{"type":"Feature","geometry":{"type":"Point","coordinates":[72.986969,19.234496]},"properties":{"id":"osm:way/922334244","name":null,"category":"park","subtype":"leisure=park","source":"osm"}},{"type":"Feature","geometry":{"type":"Point","coordinates":[72.98678,19.235129]},"properties":{"id":"osm:way/922334246","name":null,"category":"park","subtype":"leisure=park","source":"osm"}},{"type":"Feature","geometry":{"type":"Point","coordinates":[72.986072,19.234937]},"properties":{"id":"osm:way/922334248","name":null,"category":"park","subtype":"leisure=park","source":"osm"}},{"type":"Feature","geometry":{"type":"Point","coordinates":[72.989926,19.233932]},"properties":{"id":"osm:way/922334254","name":null,"category":"park","subtype":"leisure=park","source":"osm"}},{"type":"Feature","geometry":{"type":"Point","coordinates":[72.990429,19.233562]},"properties":{"id":"osm:way/922334255","name":null,"category":"park","subtype":"leisure=park","source":"osm"}},{"type":"Feature","geometry":{"type":"Point","coordinates":[72.990724,19.233283]},"properties":{"id":"osm:way/922334256","name":null,"category":"park","subtype":"leisure=park","source":"osm"}},{"type":"Feature","geometry":{"type":"Point","coordinates":[72.851502,19.058015]},"properties":{"id":"osm:way/922843143","name":null,"category":"park","subtype":"leisure=park","source":"osm"}},{"type":"Feature","geometry":{"type":"Point","coordinates":[72.848831,19.057438]},"properties":{"id":"osm:way/922843158","name":null,"category":"park","subtype":"leisure=park","source":"osm","access":"private"}},{"type":"Feature","geometry":{"type":"Point","coordinates":[72.851663,19.05948]},"properties":{"id":"osm:way/923192626","name":null,"category":"park","subtype":"leisure=park","source":"osm"}},{"type":"Feature","geometry":{"type":"Point","coordinates":[72.976441,19.228447]},"properties":{"id":"osm:way/923350070","name":null,"category":"park","subtype":"leisure=park","source":"osm"}},{"type":"Feature","geometry":{"type":"Point","coordinates":[72.795588,19.149461]},"properties":{"id":"osm:way/923350127","name":null,"category":"park","subtype":"leisure=park","source":"osm"}},{"type":"Feature","geometry":{"type":"Point","coordinates":[72.79657,19.150482]},"properties":{"id":"osm:way/923350128","name":null,"category":"park","subtype":"leisure=park","source":"osm"}},{"type":"Feature","geometry":{"type":"Point","coordinates":[72.796251,19.147143]},"properties":{"id":"osm:way/923350130","name":null,"category":"park","subtype":"leisure=park","source":"osm"}},{"type":"Feature","geometry":{"type":"Point","coordinates":[72.794796,19.147788]},"properties":{"id":"osm:way/923350136","name":null,"category":"park","subtype":"leisure=park","source":"osm"}},{"type":"Feature","geometry":{"type":"Point","coordinates":[72.794918,19.146552]},"properties":{"id":"osm:way/923350137","name":null,"category":"park","subtype":"leisure=park","source":"osm"}},{"type":"Feature","geometry":{"type":"Point","coordinates":[72.985206,19.213477]},"properties":{"id":"osm:way/923629528","name":null,"category":"park","subtype":"leisure=park","source":"osm"}},{"type":"Feature","geometry":{"type":"Point","coordinates":[72.990612,19.215643]},"properties":{"id":"osm:way/923629531","name":null,"category":"park","subtype":"leisure=park","source":"osm"}},{"type":"Feature","geometry":{"type":"Point","coordinates":[72.988184,19.212468]},"properties":{"id":"osm:way/923629549","name":null,"category":"park","subtype":"leisure=park","source":"osm"}},{"type":"Feature","geometry":{"type":"Point","coordinates":[72.983825,19.211891]},"properties":{"id":"osm:way/923795328","name":null,"category":"park","subtype":"leisure=park","source":"osm","access":"private"}},{"type":"Feature","geometry":{"type":"Point","coordinates":[72.829982,19.004221]},"properties":{"id":"osm:way/923901192","name":null,"category":"park","subtype":"leisure=park","source":"osm","operator":"Lodha"}},{"type":"Feature","geometry":{"type":"Point","coordinates":[72.840478,19.001429]},"properties":{"id":"osm:way/923901211","name":null,"category":"park","subtype":"leisure=park","source":"osm"}},{"type":"Feature","geometry":{"type":"Point","coordinates":[72.849818,19.00373]},"properties":{"id":"osm:way/924125623","name":null,"category":"park","subtype":"leisure=park","source":"osm"}},{"type":"Feature","geometry":{"type":"Point","coordinates":[72.967799,19.198131]},"properties":{"id":"osm:way/924175831","name":null,"category":"park","subtype":"leisure=park","source":"osm"}},{"type":"Feature","geometry":{"type":"Point","coordinates":[72.880153,19.051441]},"properties":{"id":"osm:way/924439406","name":"Maasaheb Meenatai Thackarey Botanical Garden","category":"park","subtype":"leisure=park","source":"osm"}},{"type":"Feature","geometry":{"type":"Point","coordinates":[72.820602,18.998125]},"properties":{"id":"osm:way/924453797","name":null,"category":"park","subtype":"leisure=park","source":"osm"}},{"type":"Feature","geometry":{"type":"Point","coordinates":[72.87747,19.177726]},"properties":{"id":"osm:way/925251502","name":null,"category":"park","subtype":"leisure=park","source":"osm"}},{"type":"Feature","geometry":{"type":"Point","coordinates":[72.973867,19.264349]},"properties":{"id":"osm:way/925591590","name":null,"category":"park","subtype":"leisure=park","source":"osm"}},{"type":"Feature","geometry":{"type":"Point","coordinates":[72.850112,19.185152]},"properties":{"id":"osm:way/925846444","name":"Poddar Park","category":"park","subtype":"leisure=park","source":"osm","operator":"BMC"}},{"type":"Feature","geometry":{"type":"Point","coordinates":[72.96631,19.260174]},"properties":{"id":"osm:way/926323156","name":null,"category":"park","subtype":"leisure=park","source":"osm"}},{"type":"Feature","geometry":{"type":"Point","coordinates":[72.980711,19.242922]},"properties":{"id":"osm:way/926323177","name":null,"category":"park","subtype":"leisure=park","source":"osm"}},{"type":"Feature","geometry":{"type":"Point","coordinates":[72.979271,19.229707]},"properties":{"id":"osm:way/926837839","name":null,"category":"park","subtype":"leisure=park","source":"osm"}},{"type":"Feature","geometry":{"type":"Point","coordinates":[72.978689,19.228158]},"properties":{"id":"osm:way/926837846","name":null,"category":"park","subtype":"leisure=park","source":"osm"}},{"type":"Feature","geometry":{"type":"Point","coordinates":[72.978665,19.227637]},"properties":{"id":"osm:way/926837850","name":null,"category":"park","subtype":"leisure=park","source":"osm"}},{"type":"Feature","geometry":{"type":"Point","coordinates":[72.978026,19.228822]},"properties":{"id":"osm:way/926837855","name":null,"category":"park","subtype":"leisure=park","source":"osm"}},{"type":"Feature","geometry":{"type":"Point","coordinates":[72.985264,19.213029]},"properties":{"id":"osm:way/926844455","name":null,"category":"park","subtype":"leisure=park","source":"osm"}},{"type":"Feature","geometry":{"type":"Point","coordinates":[72.982258,19.215861]},"properties":{"id":"osm:way/926844460","name":null,"category":"park","subtype":"leisure=park","source":"osm"}},{"type":"Feature","geometry":{"type":"Point","coordinates":[72.867948,19.277187]},"properties":{"id":"osm:way/927828505","name":null,"category":"park","subtype":"leisure=park","source":"osm"}},{"type":"Feature","geometry":{"type":"Point","coordinates":[72.868456,19.276761]},"properties":{"id":"osm:way/927828510","name":null,"category":"park","subtype":"leisure=park","source":"osm"}},{"type":"Feature","geometry":{"type":"Point","coordinates":[72.870799,19.274604]},"properties":{"id":"osm:way/927828523","name":null,"category":"park","subtype":"leisure=park","source":"osm"}},{"type":"Feature","geometry":{"type":"Point","coordinates":[72.883586,19.282743]},"properties":{"id":"osm:way/927828533","name":null,"category":"park","subtype":"leisure=park","source":"osm"}},{"type":"Feature","geometry":{"type":"Point","coordinates":[72.966354,19.258424]},"properties":{"id":"osm:way/927828565","name":null,"category":"park","subtype":"leisure=park","source":"osm"}},{"type":"Feature","geometry":{"type":"Point","coordinates":[72.966986,19.27213]},"properties":{"id":"osm:way/928814544","name":null,"category":"park","subtype":"leisure=park","source":"osm"}},{"type":"Feature","geometry":{"type":"Point","coordinates":[72.96753,19.272326]},"properties":{"id":"osm:way/928814545","name":null,"category":"park","subtype":"leisure=park","source":"osm"}},{"type":"Feature","geometry":{"type":"Point","coordinates":[72.977915,19.258861]},"properties":{"id":"osm:way/928814550","name":null,"category":"park","subtype":"leisure=park","source":"osm"}},{"type":"Feature","geometry":{"type":"Point","coordinates":[72.977605,19.258784]},"properties":{"id":"osm:way/928814555","name":null,"category":"park","subtype":"leisure=park","source":"osm"}},{"type":"Feature","geometry":{"type":"Point","coordinates":[72.953775,19.279426]},"properties":{"id":"osm:way/928824957","name":null,"category":"park","subtype":"leisure=park","source":"osm"}},{"type":"Feature","geometry":{"type":"Point","coordinates":[72.963376,19.267657]},"properties":{"id":"osm:way/929121998","name":null,"category":"park","subtype":"leisure=park","source":"osm"}},{"type":"Feature","geometry":{"type":"Point","coordinates":[72.962058,19.268402]},"properties":{"id":"osm:way/929126028","name":null,"category":"park","subtype":"leisure=park","source":"osm"}},{"type":"Feature","geometry":{"type":"Point","coordinates":[72.965811,19.266635]},"properties":{"id":"osm:way/929237249","name":null,"category":"park","subtype":"leisure=park","source":"osm"}},{"type":"Feature","geometry":{"type":"Point","coordinates":[72.97785,19.262722]},"properties":{"id":"osm:way/929667112","name":null,"category":"park","subtype":"leisure=park","source":"osm"}},{"type":"Feature","geometry":{"type":"Point","coordinates":[72.978099,19.261939]},"properties":{"id":"osm:way/929667114","name":null,"category":"park","subtype":"leisure=park","source":"osm"}},{"type":"Feature","geometry":{"type":"Point","coordinates":[72.976618,19.262821]},"properties":{"id":"osm:way/929667119","name":null,"category":"park","subtype":"leisure=park","source":"osm"}},{"type":"Feature","geometry":{"type":"Point","coordinates":[72.976468,19.262251]},"properties":{"id":"osm:way/929667122","name":"Ram murti park","category":"park","subtype":"leisure=park","source":"osm","opening_hours":"Mo-Sa 08:00-20:00","access":"yes","operator":"ram mathur"}},{"type":"Feature","geometry":{"type":"Point","coordinates":[72.970579,19.25958]},"properties":{"id":"osm:way/929679760","name":null,"category":"park","subtype":"leisure=park","source":"osm"}},{"type":"Feature","geometry":{"type":"Point","coordinates":[72.970882,19.260099]},"properties":{"id":"osm:way/929679761","name":null,"category":"park","subtype":"leisure=park","source":"osm"}},{"type":"Feature","geometry":{"type":"Point","coordinates":[72.98446,19.247945]},"properties":{"id":"osm:way/930562765","name":null,"category":"park","subtype":"leisure=park","source":"osm"}},{"type":"Feature","geometry":{"type":"Point","coordinates":[72.98527,19.249223]},"properties":{"id":"osm:way/930562766","name":null,"category":"park","subtype":"leisure=park","source":"osm"}},{"type":"Feature","geometry":{"type":"Point","coordinates":[72.958868,19.264189]},"properties":{"id":"osm:way/930971237","name":null,"category":"park","subtype":"leisure=park","source":"osm"}},{"type":"Feature","geometry":{"type":"Point","coordinates":[72.960378,19.264098]},"properties":{"id":"osm:way/930971239","name":null,"category":"park","subtype":"leisure=park","source":"osm"}},{"type":"Feature","geometry":{"type":"Point","coordinates":[72.96058,19.264457]},"properties":{"id":"osm:way/930971240","name":null,"category":"park","subtype":"leisure=park","source":"osm"}},{"type":"Feature","geometry":{"type":"Point","coordinates":[72.984723,19.207506]},"properties":{"id":"osm:way/931947198","name":null,"category":"park","subtype":"leisure=park","source":"osm"}},{"type":"Feature","geometry":{"type":"Point","coordinates":[72.984776,19.207091]},"properties":{"id":"osm:way/931947199","name":null,"category":"park","subtype":"leisure=park","source":"osm"}},{"type":"Feature","geometry":{"type":"Point","coordinates":[72.984632,19.208152]},"properties":{"id":"osm:way/931947200","name":null,"category":"park","subtype":"leisure=park","source":"osm"}},{"type":"Feature","geometry":{"type":"Point","coordinates":[72.984501,19.209002]},"properties":{"id":"osm:way/931947201","name":null,"category":"park","subtype":"leisure=park","source":"osm"}},{"type":"Feature","geometry":{"type":"Point","coordinates":[72.984411,19.20965]},"properties":{"id":"osm:way/931947202","name":null,"category":"park","subtype":"leisure=park","source":"osm"}},{"type":"Feature","geometry":{"type":"Point","coordinates":[72.984853,19.206653]},"properties":{"id":"osm:way/931947203","name":null,"category":"park","subtype":"leisure=park","source":"osm"}},{"type":"Feature","geometry":{"type":"Point","coordinates":[72.982794,19.209318]},"properties":{"id":"osm:way/931950692","name":null,"category":"park","subtype":"leisure=park","source":"osm"}},{"type":"Feature","geometry":{"type":"Point","coordinates":[72.981762,19.210264]},"properties":{"id":"osm:way/931950693","name":null,"category":"park","subtype":"leisure=park","source":"osm"}},{"type":"Feature","geometry":{"type":"Point","coordinates":[72.97943,19.225593]},"properties":{"id":"osm:way/932447404","name":"Nandibaba Park","category":"park","subtype":"leisure=park","source":"osm"}},{"type":"Feature","geometry":{"type":"Point","coordinates":[72.975518,19.232237]},"properties":{"id":"osm:way/932784140","name":null,"category":"park","subtype":"leisure=park","source":"osm"}},{"type":"Feature","geometry":{"type":"Point","coordinates":[72.975855,19.232756]},"properties":{"id":"osm:way/932784141","name":null,"category":"park","subtype":"leisure=park","source":"osm"}},{"type":"Feature","geometry":{"type":"Point","coordinates":[72.838887,19.216652]},"properties":{"id":"osm:way/933788378","name":null,"category":"park","subtype":"leisure=park","source":"osm"}},{"type":"Feature","geometry":{"type":"Point","coordinates":[72.839296,19.21723]},"properties":{"id":"osm:way/933788379","name":null,"category":"park","subtype":"leisure=park","source":"osm"}},{"type":"Feature","geometry":{"type":"Point","coordinates":[72.841623,19.173468]},"properties":{"id":"osm:way/933788385","name":null,"category":"park","subtype":"leisure=park","source":"osm"}},{"type":"Feature","geometry":{"type":"Point","coordinates":[72.838229,19.172771]},"properties":{"id":"osm:way/933788391","name":null,"category":"park","subtype":"leisure=park","source":"osm"}},{"type":"Feature","geometry":{"type":"Point","coordinates":[72.838243,19.173099]},"properties":{"id":"osm:way/933788392","name":null,"category":"park","subtype":"leisure=park","source":"osm"}},{"type":"Feature","geometry":{"type":"Point","coordinates":[72.838763,19.172464]},"properties":{"id":"osm:way/933788393","name":null,"category":"park","subtype":"leisure=park","source":"osm"}},{"type":"Feature","geometry":{"type":"Point","coordinates":[72.841503,19.157121]},"properties":{"id":"osm:way/933788399","name":null,"category":"park","subtype":"leisure=park","source":"osm"}},{"type":"Feature","geometry":{"type":"Point","coordinates":[72.830829,19.010652]},"properties":{"id":"osm:way/933788411","name":null,"category":"park","subtype":"leisure=garden","source":"osm","fee":"no","access":"private"}},{"type":"Feature","geometry":{"type":"Point","coordinates":[72.845024,19.141091]},"properties":{"id":"osm:way/933788424","name":null,"category":"park","subtype":"leisure=park","source":"osm"}},{"type":"Feature","geometry":{"type":"Point","coordinates":[72.844691,19.141408]},"properties":{"id":"osm:way/933788425","name":null,"category":"park","subtype":"leisure=park","source":"osm"}},{"type":"Feature","geometry":{"type":"Point","coordinates":[72.845265,19.141585]},"properties":{"id":"osm:way/933788426","name":null,"category":"park","subtype":"leisure=park","source":"osm"}},{"type":"Feature","geometry":{"type":"Point","coordinates":[72.844906,19.141907]},"properties":{"id":"osm:way/933788427","name":null,"category":"park","subtype":"leisure=park","source":"osm"}},{"type":"Feature","geometry":{"type":"Point","coordinates":[72.8444,19.141057]},"properties":{"id":"osm:way/933788428","name":null,"category":"park","subtype":"leisure=park","source":"osm"}},{"type":"Feature","geometry":{"type":"Point","coordinates":[72.939031,19.156817]},"properties":{"id":"osm:way/935051769","name":null,"category":"park","subtype":"leisure=park","source":"osm"}},{"type":"Feature","geometry":{"type":"Point","coordinates":[72.939759,19.157106]},"properties":{"id":"osm:way/935051770","name":null,"category":"park","subtype":"leisure=park","source":"osm"}},{"type":"Feature","geometry":{"type":"Point","coordinates":[72.944879,19.157934]},"properties":{"id":"osm:way/935051784","name":null,"category":"park","subtype":"leisure=park","source":"osm"}},{"type":"Feature","geometry":{"type":"Point","coordinates":[72.94786,19.158489]},"properties":{"id":"osm:way/935051789","name":null,"category":"park","subtype":"leisure=park","source":"osm"}},{"type":"Feature","geometry":{"type":"Point","coordinates":[72.947181,19.1592]},"properties":{"id":"osm:way/935051793","name":null,"category":"park","subtype":"leisure=park","source":"osm"}},{"type":"Feature","geometry":{"type":"Point","coordinates":[72.947325,19.159502]},"properties":{"id":"osm:way/935051794","name":null,"category":"park","subtype":"leisure=park","source":"osm"}},{"type":"Feature","geometry":{"type":"Point","coordinates":[72.947674,19.159194]},"properties":{"id":"osm:way/935051795","name":null,"category":"park","subtype":"leisure=park","source":"osm"}},{"type":"Feature","geometry":{"type":"Point","coordinates":[72.948033,19.158884]},"properties":{"id":"osm:way/935051796","name":null,"category":"park","subtype":"leisure=park","source":"osm"}},{"type":"Feature","geometry":{"type":"Point","coordinates":[72.917087,19.097306]},"properties":{"id":"osm:way/935074779","name":null,"category":"park","subtype":"leisure=park","source":"osm"}},{"type":"Feature","geometry":{"type":"Point","coordinates":[72.917581,19.09673]},"properties":{"id":"osm:way/935074780","name":null,"category":"park","subtype":"leisure=park","source":"osm"}},{"type":"Feature","geometry":{"type":"Point","coordinates":[72.920208,19.097997]},"properties":{"id":"osm:way/935074799","name":null,"category":"park","subtype":"leisure=park","source":"osm"}},{"type":"Feature","geometry":{"type":"Point","coordinates":[72.919486,19.098226]},"properties":{"id":"osm:way/935074800","name":null,"category":"park","subtype":"leisure=park","source":"osm"}},{"type":"Feature","geometry":{"type":"Point","coordinates":[72.842504,18.998866]},"properties":{"id":"osm:way/935074809","name":null,"category":"park","subtype":"leisure=park","source":"osm"}},{"type":"Feature","geometry":{"type":"Point","coordinates":[72.855958,19.1538]},"properties":{"id":"osm:way/935083291","name":null,"category":"park","subtype":"leisure=park","source":"osm"}},{"type":"Feature","geometry":{"type":"Point","coordinates":[72.855518,19.15393]},"properties":{"id":"osm:way/935083292","name":null,"category":"park","subtype":"leisure=park","source":"osm"}},{"type":"Feature","geometry":{"type":"Point","coordinates":[72.840437,18.991881]},"properties":{"id":"osm:way/935083296","name":null,"category":"park","subtype":"leisure=park","source":"osm"}},{"type":"Feature","geometry":{"type":"Point","coordinates":[72.997203,19.162844]},"properties":{"id":"osm:way/936253868","name":"Dr. Babasaheb Ambedkar Udyan","category":"park","subtype":"leisure=park","source":"osm","opening_hours":"sunrise-sunset","operator":"NMMC"}},{"type":"Feature","geometry":{"type":"Point","coordinates":[72.837711,19.001527]},"properties":{"id":"osm:way/936795319","name":"Railway Ground","category":"park","subtype":"leisure=park","source":"osm","operator":"Central Railway Parel Branch"}},{"type":"Feature","geometry":{"type":"Point","coordinates":[72.997917,19.122145]},"properties":{"id":"osm:way/937092479","name":null,"category":"park","subtype":"leisure=park","source":"osm"}},{"type":"Feature","geometry":{"type":"Point","coordinates":[72.998204,19.121794]},"properties":{"id":"osm:way/937092480","name":null,"category":"park","subtype":"leisure=park","source":"osm"}},{"type":"Feature","geometry":{"type":"Point","coordinates":[72.99748,19.121591]},"properties":{"id":"osm:way/937092482","name":null,"category":"park","subtype":"leisure=park","source":"osm"}},{"type":"Feature","geometry":{"type":"Point","coordinates":[72.992439,19.120362]},"properties":{"id":"osm:way/937092503","name":null,"category":"park","subtype":"leisure=park","source":"osm"}},{"type":"Feature","geometry":{"type":"Point","coordinates":[72.991712,19.120394]},"properties":{"id":"osm:way/937092506","name":null,"category":"park","subtype":"leisure=park","source":"osm"}},{"type":"Feature","geometry":{"type":"Point","coordinates":[72.993505,19.119138]},"properties":{"id":"osm:way/937092509","name":null,"category":"park","subtype":"leisure=park","source":"osm"}},{"type":"Feature","geometry":{"type":"Point","coordinates":[72.992725,19.118442]},"properties":{"id":"osm:way/937092511","name":null,"category":"park","subtype":"leisure=park","source":"osm"}},{"type":"Feature","geometry":{"type":"Point","coordinates":[73.011352,19.126591]},"properties":{"id":"osm:way/937119881","name":null,"category":"park","subtype":"leisure=park","source":"osm"}},{"type":"Feature","geometry":{"type":"Point","coordinates":[73.014053,19.127587]},"properties":{"id":"osm:way/937119926","name":null,"category":"park","subtype":"leisure=garden","source":"osm"}},{"type":"Feature","geometry":{"type":"Point","coordinates":[72.961538,19.26511]},"properties":{"id":"osm:way/938560890","name":null,"category":"park","subtype":"leisure=park","source":"osm"}},{"type":"Feature","geometry":{"type":"Point","coordinates":[72.960603,19.266465]},"properties":{"id":"osm:way/938560891","name":null,"category":"park","subtype":"leisure=park","source":"osm"}},{"type":"Feature","geometry":{"type":"Point","coordinates":[72.961198,19.266341]},"properties":{"id":"osm:way/938560892","name":null,"category":"park","subtype":"leisure=park","source":"osm"}},{"type":"Feature","geometry":{"type":"Point","coordinates":[72.959159,19.220219]},"properties":{"id":"osm:way/943817079","name":null,"category":"park","subtype":"leisure=park","source":"osm"}},{"type":"Feature","geometry":{"type":"Point","coordinates":[72.991661,19.230763]},"properties":{"id":"osm:way/944086601","name":null,"category":"park","subtype":"leisure=park","source":"osm"}},{"type":"Feature","geometry":{"type":"Point","coordinates":[72.962663,19.274943]},"properties":{"id":"osm:way/944682449","name":null,"category":"park","subtype":"leisure=park","source":"osm"}},{"type":"Feature","geometry":{"type":"Point","coordinates":[72.963062,19.274983]},"properties":{"id":"osm:way/944682450","name":null,"category":"park","subtype":"leisure=park","source":"osm"}},{"type":"Feature","geometry":{"type":"Point","coordinates":[72.963562,19.273647]},"properties":{"id":"osm:way/944682457","name":"Aaditya's Park","category":"park","subtype":"leisure=park","source":"osm","opening_hours":"Mo-Su 08:00-22:00"}},{"type":"Feature","geometry":{"type":"Point","coordinates":[72.963443,19.274935]},"properties":{"id":"osm:way/944682458","name":null,"category":"park","subtype":"leisure=park","source":"osm"}},{"type":"Feature","geometry":{"type":"Point","coordinates":[72.96283,19.2742]},"properties":{"id":"osm:way/944682459","name":null,"category":"park","subtype":"leisure=park","source":"osm"}},{"type":"Feature","geometry":{"type":"Point","coordinates":[72.964886,19.2761]},"properties":{"id":"osm:way/944682461","name":null,"category":"park","subtype":"leisure=park","source":"osm"}},{"type":"Feature","geometry":{"type":"Point","coordinates":[72.964525,19.276217]},"properties":{"id":"osm:way/944682462","name":null,"category":"park","subtype":"leisure=park","source":"osm"}},{"type":"Feature","geometry":{"type":"Point","coordinates":[72.965594,19.277686]},"properties":{"id":"osm:way/944682471","name":null,"category":"park","subtype":"leisure=park","source":"osm"}},{"type":"Feature","geometry":{"type":"Point","coordinates":[72.965441,19.277201]},"properties":{"id":"osm:way/944682472","name":null,"category":"park","subtype":"leisure=park","source":"osm"}},{"type":"Feature","geometry":{"type":"Point","coordinates":[72.82674,19.197016]},"properties":{"id":"osm:way/945059961","name":"Charkop Garden","category":"park","subtype":"leisure=park","source":"osm"}},{"type":"Feature","geometry":{"type":"Point","coordinates":[72.992132,19.207248]},"properties":{"id":"osm:way/946111450","name":null,"category":"park","subtype":"leisure=park","source":"osm"}},{"type":"Feature","geometry":{"type":"Point","coordinates":[72.992169,19.208076]},"properties":{"id":"osm:way/946111452","name":null,"category":"park","subtype":"leisure=park","source":"osm"}},{"type":"Feature","geometry":{"type":"Point","coordinates":[72.991334,19.20628]},"properties":{"id":"osm:way/946111457","name":null,"category":"park","subtype":"leisure=park","source":"osm"}},{"type":"Feature","geometry":{"type":"Point","coordinates":[72.987798,19.209261]},"properties":{"id":"osm:way/946111463","name":null,"category":"park","subtype":"leisure=park","source":"osm"}},{"type":"Feature","geometry":{"type":"Point","coordinates":[72.986605,19.209045]},"properties":{"id":"osm:way/946111464","name":null,"category":"park","subtype":"leisure=park","source":"osm"}},{"type":"Feature","geometry":{"type":"Point","coordinates":[72.988073,19.208064]},"properties":{"id":"osm:way/946111468","name":null,"category":"park","subtype":"leisure=park","source":"osm"}},{"type":"Feature","geometry":{"type":"Point","coordinates":[72.987714,19.205705]},"properties":{"id":"osm:way/946111470","name":null,"category":"park","subtype":"leisure=park","source":"osm"}},{"type":"Feature","geometry":{"type":"Point","coordinates":[72.988274,19.205867]},"properties":{"id":"osm:way/946111471","name":null,"category":"park","subtype":"leisure=park","source":"osm"}},{"type":"Feature","geometry":{"type":"Point","coordinates":[72.978036,19.230456]},"properties":{"id":"osm:way/946542552","name":null,"category":"park","subtype":"leisure=park","source":"osm"}},{"type":"Feature","geometry":{"type":"Point","coordinates":[72.99342,19.21282]},"properties":{"id":"osm:way/946542573","name":null,"category":"park","subtype":"leisure=park","source":"osm"}},{"type":"Feature","geometry":{"type":"Point","coordinates":[72.997004,19.226919]},"properties":{"id":"osm:way/946542590","name":null,"category":"park","subtype":"leisure=park","source":"osm"}},{"type":"Feature","geometry":{"type":"Point","coordinates":[72.994235,19.226621]},"properties":{"id":"osm:way/946542602","name":null,"category":"park","subtype":"leisure=park","source":"osm"}},{"type":"Feature","geometry":{"type":"Point","coordinates":[72.965366,19.205928]},"properties":{"id":"osm:way/946761591","name":null,"category":"park","subtype":"leisure=park","source":"osm"}},{"type":"Feature","geometry":{"type":"Point","coordinates":[72.818631,19.212518]},"properties":{"id":"osm:way/946927820","name":null,"category":"park","subtype":"leisure=park","source":"osm"}},{"type":"Feature","geometry":{"type":"Point","coordinates":[72.814884,19.202681]},"properties":{"id":"osm:way/946927831","name":null,"category":"park","subtype":"leisure=park","source":"osm"}},{"type":"Feature","geometry":{"type":"Point","coordinates":[72.815217,19.201949]},"properties":{"id":"osm:way/946927832","name":null,"category":"park","subtype":"leisure=park","source":"osm"}},{"type":"Feature","geometry":{"type":"Point","coordinates":[72.822304,19.203126]},"properties":{"id":"osm:way/946927867","name":null,"category":"park","subtype":"leisure=park","source":"osm"}},{"type":"Feature","geometry":{"type":"Point","coordinates":[72.820066,19.202587]},"properties":{"id":"osm:way/946927878","name":null,"category":"park","subtype":"leisure=park","source":"osm"}},{"type":"Feature","geometry":{"type":"Point","coordinates":[72.970232,19.266924]},"properties":{"id":"osm:way/947377797","name":null,"category":"park","subtype":"leisure=park","source":"osm"}},{"type":"Feature","geometry":{"type":"Point","coordinates":[72.970999,19.266338]},"properties":{"id":"osm:way/947377812","name":null,"category":"park","subtype":"leisure=park","source":"osm"}},{"type":"Feature","geometry":{"type":"Point","coordinates":[72.942463,19.234384]},"properties":{"id":"osm:way/948236457","name":null,"category":"park","subtype":"leisure=park","source":"osm"}},{"type":"Feature","geometry":{"type":"Point","coordinates":[72.993185,19.183556]},"properties":{"id":"osm:way/948236583","name":null,"category":"park","subtype":"leisure=park","source":"osm"}},{"type":"Feature","geometry":{"type":"Point","coordinates":[72.982242,19.261384]},"properties":{"id":"osm:way/948398283","name":"Acton Square","category":"park","subtype":"leisure=park","source":"osm"}},{"type":"Feature","geometry":{"type":"Point","coordinates":[72.989125,19.258233]},"properties":{"id":"osm:way/948398289","name":null,"category":"park","subtype":"leisure=park","source":"osm"}},{"type":"Feature","geometry":{"type":"Point","coordinates":[72.982242,19.230531]},"properties":{"id":"osm:way/948434317","name":null,"category":"park","subtype":"leisure=park","source":"osm"}},{"type":"Feature","geometry":{"type":"Point","coordinates":[72.982044,19.229986]},"properties":{"id":"osm:way/948434318","name":null,"category":"park","subtype":"leisure=park","source":"osm"}},{"type":"Feature","geometry":{"type":"Point","coordinates":[72.984969,19.255819]},"properties":{"id":"osm:way/948483510","name":null,"category":"park","subtype":"leisure=park","source":"osm"}},{"type":"Feature","geometry":{"type":"Point","coordinates":[72.974246,19.25307]},"properties":{"id":"osm:way/948483533","name":null,"category":"park","subtype":"leisure=park","source":"osm"}},{"type":"Feature","geometry":{"type":"Point","coordinates":[72.987984,19.211295]},"properties":{"id":"osm:way/948969298","name":null,"category":"park","subtype":"leisure=park","source":"osm"}},{"type":"Feature","geometry":{"type":"Point","coordinates":[72.993559,19.221888]},"properties":{"id":"osm:way/948969321","name":null,"category":"park","subtype":"leisure=park","source":"osm"}},{"type":"Feature","geometry":{"type":"Point","coordinates":[72.994213,19.22172]},"properties":{"id":"osm:way/948969328","name":null,"category":"park","subtype":"leisure=park","source":"osm"}},{"type":"Feature","geometry":{"type":"Point","coordinates":[72.994083,19.152691]},"properties":{"id":"osm:way/950095647","name":"PRABODHAN THAKREY GARDEN","category":"park","subtype":"leisure=park","source":"osm"}},{"type":"Feature","geometry":{"type":"Point","coordinates":[72.997473,19.156133]},"properties":{"id":"osm:way/950104855","name":null,"category":"park","subtype":"leisure=park","source":"osm"}},{"type":"Feature","geometry":{"type":"Point","coordinates":[72.997292,19.153906]},"properties":{"id":"osm:way/951289352","name":null,"category":"park","subtype":"leisure=park","source":"osm"}},{"type":"Feature","geometry":{"type":"Point","coordinates":[72.990909,19.151877]},"properties":{"id":"osm:way/951289355","name":"Nakshatra Udyan","category":"park","subtype":"leisure=park","source":"osm"}},{"type":"Feature","geometry":{"type":"Point","coordinates":[72.968301,19.25856]},"properties":{"id":"osm:way/951659143","name":null,"category":"park","subtype":"leisure=park","source":"osm"}},{"type":"Feature","geometry":{"type":"Point","coordinates":[72.826738,19.076631]},"properties":{"id":"osm:way/951948778","name":null,"category":"park","subtype":"leisure=park","source":"osm"}},{"type":"Feature","geometry":{"type":"Point","coordinates":[72.873909,19.072859]},"properties":{"id":"osm:way/952267778","name":null,"category":"park","subtype":"leisure=park","source":"osm"}},{"type":"Feature","geometry":{"type":"Point","coordinates":[72.960898,19.1782]},"properties":{"id":"osm:way/952368640","name":null,"category":"park","subtype":"leisure=park","source":"osm"}},{"type":"Feature","geometry":{"type":"Point","coordinates":[72.94188,19.288691]},"properties":{"id":"osm:way/952462005","name":"Gaimukh Chowpatty","category":"park","subtype":"leisure=park","source":"osm","operator":"Thane Muncipal Corporation"}},{"type":"Feature","geometry":{"type":"Point","coordinates":[72.960075,19.217007]},"properties":{"id":"osm:way/954161789","name":null,"category":"park","subtype":"leisure=park","source":"osm"}},{"type":"Feature","geometry":{"type":"Point","coordinates":[72.853123,19.020162]},"properties":{"id":"osm:way/956192794","name":"Garden A, Five Gardens","category":"park","subtype":"leisure=park","source":"osm"}},{"type":"Feature","geometry":{"type":"Point","coordinates":[72.853513,19.020732]},"properties":{"id":"osm:way/956192851","name":"Garden B, Five Gardens","category":"park","subtype":"leisure=park","source":"osm"}},{"type":"Feature","geometry":{"type":"Point","coordinates":[72.85379,19.019549]},"properties":{"id":"osm:way/956193101","name":"Garden D, Five Gardens","category":"park","subtype":"leisure=park","source":"osm","operator":"un"}},{"type":"Feature","geometry":{"type":"Point","coordinates":[72.963494,19.269199]},"properties":{"id":"osm:way/957214399","name":null,"category":"park","subtype":"leisure=park","source":"osm"}},{"type":"Feature","geometry":{"type":"Point","coordinates":[72.965003,19.269487]},"properties":{"id":"osm:way/957214402","name":null,"category":"park","subtype":"leisure=park","source":"osm"}},{"type":"Feature","geometry":{"type":"Point","coordinates":[72.964702,19.269225]},"properties":{"id":"osm:way/957214405","name":null,"category":"park","subtype":"leisure=park","source":"osm"}},{"type":"Feature","geometry":{"type":"Point","coordinates":[72.963794,19.26954]},"properties":{"id":"osm:way/957214406","name":null,"category":"park","subtype":"leisure=park","source":"osm"}},{"type":"Feature","geometry":{"type":"Point","coordinates":[72.963744,19.269946]},"properties":{"id":"osm:way/957214408","name":null,"category":"park","subtype":"leisure=park","source":"osm"}},{"type":"Feature","geometry":{"type":"Point","coordinates":[72.963294,19.268507]},"properties":{"id":"osm:way/957214411","name":null,"category":"park","subtype":"leisure=park","source":"osm"}},{"type":"Feature","geometry":{"type":"Point","coordinates":[72.963713,19.268402]},"properties":{"id":"osm:way/957214412","name":null,"category":"park","subtype":"leisure=park","source":"osm"}},{"type":"Feature","geometry":{"type":"Point","coordinates":[72.963257,19.270271]},"properties":{"id":"osm:way/957214419","name":null,"category":"park","subtype":"leisure=park","source":"osm"}},{"type":"Feature","geometry":{"type":"Point","coordinates":[72.960142,19.273173]},"properties":{"id":"osm:way/957214424","name":null,"category":"park","subtype":"leisure=park","source":"osm"}},{"type":"Feature","geometry":{"type":"Point","coordinates":[72.962244,19.271539]},"properties":{"id":"osm:way/957214448","name":null,"category":"park","subtype":"leisure=park","source":"osm"}},{"type":"Feature","geometry":{"type":"Point","coordinates":[72.974604,19.267395]},"properties":{"id":"osm:way/957266384","name":null,"category":"park","subtype":"leisure=park","source":"osm"}},{"type":"Feature","geometry":{"type":"Point","coordinates":[72.972502,19.266369]},"properties":{"id":"osm:way/957266386","name":null,"category":"park","subtype":"leisure=park","source":"osm"}},{"type":"Feature","geometry":{"type":"Point","coordinates":[72.970009,19.26737]},"properties":{"id":"osm:way/957266390","name":null,"category":"park","subtype":"leisure=park","source":"osm"}},{"type":"Feature","geometry":{"type":"Point","coordinates":[72.969752,19.267626]},"properties":{"id":"osm:way/957266392","name":null,"category":"park","subtype":"leisure=park","source":"osm"}},{"type":"Feature","geometry":{"type":"Point","coordinates":[72.972057,19.272842]},"properties":{"id":"osm:way/957266401","name":null,"category":"park","subtype":"leisure=park","source":"osm"}},{"type":"Feature","geometry":{"type":"Point","coordinates":[72.970558,19.272795]},"properties":{"id":"osm:way/957266412","name":null,"category":"park","subtype":"leisure=park","source":"osm"}},{"type":"Feature","geometry":{"type":"Point","coordinates":[72.969322,19.270014]},"properties":{"id":"osm:way/957266427","name":null,"category":"park","subtype":"leisure=park","source":"osm"}},{"type":"Feature","geometry":{"type":"Point","coordinates":[72.972437,19.264601]},"properties":{"id":"osm:way/957916180","name":null,"category":"park","subtype":"leisure=park","source":"osm"}},{"type":"Feature","geometry":{"type":"Point","coordinates":[72.897879,19.105804]},"properties":{"id":"osm:way/959270759","name":null,"category":"park","subtype":"leisure=park","source":"osm"}},{"type":"Feature","geometry":{"type":"Point","coordinates":[72.898315,19.105972]},"properties":{"id":"osm:way/959270760","name":null,"category":"park","subtype":"leisure=park","source":"osm"}},{"type":"Feature","geometry":{"type":"Point","coordinates":[72.898166,19.105495]},"properties":{"id":"osm:way/959270762","name":null,"category":"park","subtype":"leisure=park","source":"osm"}},{"type":"Feature","geometry":{"type":"Point","coordinates":[72.898284,19.105277]},"properties":{"id":"osm:way/959270763","name":null,"category":"park","subtype":"leisure=park","source":"osm"}},{"type":"Feature","geometry":{"type":"Point","coordinates":[72.908939,19.118595]},"properties":{"id":"osm:way/959543435","name":null,"category":"park","subtype":"leisure=park","source":"osm"}},{"type":"Feature","geometry":{"type":"Point","coordinates":[72.896192,19.107094]},"properties":{"id":"osm:way/959553967","name":null,"category":"park","subtype":"leisure=park","source":"osm"}},{"type":"Feature","geometry":{"type":"Point","coordinates":[72.89737,19.107486]},"properties":{"id":"osm:way/959553973","name":null,"category":"park","subtype":"leisure=park","source":"osm"}},{"type":"Feature","geometry":{"type":"Point","coordinates":[72.898945,19.107235]},"properties":{"id":"osm:way/959553981","name":null,"category":"park","subtype":"leisure=park","source":"osm"}},{"type":"Feature","geometry":{"type":"Point","coordinates":[72.894727,19.124043]},"properties":{"id":"osm:way/959572914","name":null,"category":"park","subtype":"leisure=park","source":"osm"}},{"type":"Feature","geometry":{"type":"Point","coordinates":[72.893242,19.12201]},"properties":{"id":"osm:way/959572916","name":null,"category":"park","subtype":"leisure=park","source":"osm"}},{"type":"Feature","geometry":{"type":"Point","coordinates":[72.894298,19.122255]},"properties":{"id":"osm:way/959572917","name":"MCGM Park","category":"park","subtype":"leisure=park","source":"osm"}},{"type":"Feature","geometry":{"type":"Point","coordinates":[72.89984,19.114901]},"properties":{"id":"osm:way/959719188","name":null,"category":"park","subtype":"leisure=park","source":"osm"}},{"type":"Feature","geometry":{"type":"Point","coordinates":[72.884017,19.123377]},"properties":{"id":"osm:way/959812283","name":null,"category":"park","subtype":"leisure=park","source":"osm"}},{"type":"Feature","geometry":{"type":"Point","coordinates":[72.808448,19.139153]},"properties":{"id":"osm:way/960135835","name":null,"category":"park","subtype":"leisure=park","source":"osm"}},{"type":"Feature","geometry":{"type":"Point","coordinates":[72.883411,19.106074]},"properties":{"id":"osm:way/960135841","name":null,"category":"park","subtype":"leisure=park","source":"osm"}},{"type":"Feature","geometry":{"type":"Point","coordinates":[72.931589,19.129907]},"properties":{"id":"osm:way/960135851","name":null,"category":"park","subtype":"leisure=park","source":"osm"}},{"type":"Feature","geometry":{"type":"Point","coordinates":[72.851885,19.066724]},"properties":{"id":"osm:way/960135861","name":null,"category":"park","subtype":"leisure=park","source":"osm"}},{"type":"Feature","geometry":{"type":"Point","coordinates":[72.944686,19.187297]},"properties":{"id":"osm:way/960135877","name":null,"category":"park","subtype":"leisure=park","source":"osm"}},{"type":"Feature","geometry":{"type":"Point","coordinates":[72.934019,19.133833]},"properties":{"id":"osm:way/960182241","name":"BMC Garden","category":"park","subtype":"leisure=park","source":"osm"}},{"type":"Feature","geometry":{"type":"Point","coordinates":[72.931779,19.137126]},"properties":{"id":"osm:way/960182249","name":null,"category":"park","subtype":"leisure=park","source":"osm"}},{"type":"Feature","geometry":{"type":"Point","coordinates":[72.939041,19.129991]},"properties":{"id":"osm:way/960182262","name":null,"category":"park","subtype":"leisure=park","source":"osm"}},{"type":"Feature","geometry":{"type":"Point","coordinates":[72.938753,19.129505]},"properties":{"id":"osm:way/960182264","name":null,"category":"park","subtype":"leisure=park","source":"osm"}},{"type":"Feature","geometry":{"type":"Point","coordinates":[72.930697,19.128001]},"properties":{"id":"osm:way/960182293","name":null,"category":"park","subtype":"leisure=park","source":"osm"}},{"type":"Feature","geometry":{"type":"Point","coordinates":[72.929847,19.128418]},"properties":{"id":"osm:way/960182296","name":null,"category":"park","subtype":"leisure=park","source":"osm"}},{"type":"Feature","geometry":{"type":"Point","coordinates":[72.822797,19.011672]},"properties":{"id":"osm:way/960803422","name":null,"category":"park","subtype":"leisure=park","source":"osm"}},{"type":"Feature","geometry":{"type":"Point","coordinates":[72.820897,19.143964]},"properties":{"id":"osm:way/960803428","name":null,"category":"park","subtype":"leisure=park","source":"osm"}},{"type":"Feature","geometry":{"type":"Point","coordinates":[72.864642,19.141036]},"properties":{"id":"osm:way/960803449","name":null,"category":"park","subtype":"leisure=park","source":"osm"}},{"type":"Feature","geometry":{"type":"Point","coordinates":[72.867674,19.02262]},"properties":{"id":"osm:way/961376683","name":null,"category":"park","subtype":"leisure=park","source":"osm"}},{"type":"Feature","geometry":{"type":"Point","coordinates":[72.867712,19.024562]},"properties":{"id":"osm:way/961376691","name":null,"category":"park","subtype":"leisure=park","source":"osm"}},{"type":"Feature","geometry":{"type":"Point","coordinates":[72.867356,19.023944]},"properties":{"id":"osm:way/961376692","name":null,"category":"park","subtype":"leisure=park","source":"osm"}},{"type":"Feature","geometry":{"type":"Point","coordinates":[72.866352,19.022587]},"properties":{"id":"osm:way/961376694","name":null,"category":"park","subtype":"leisure=park","source":"osm"}},{"type":"Feature","geometry":{"type":"Point","coordinates":[72.866623,19.023429]},"properties":{"id":"osm:way/961376695","name":null,"category":"park","subtype":"leisure=park","source":"osm"}},{"type":"Feature","geometry":{"type":"Point","coordinates":[72.865297,19.023319]},"properties":{"id":"osm:way/961376696","name":null,"category":"park","subtype":"leisure=park","source":"osm"}},{"type":"Feature","geometry":{"type":"Point","coordinates":[72.849095,18.997678]},"properties":{"id":"osm:way/961376715","name":null,"category":"park","subtype":"leisure=park","source":"osm"}},{"type":"Feature","geometry":{"type":"Point","coordinates":[72.848431,18.99489]},"properties":{"id":"osm:way/961376722","name":null,"category":"park","subtype":"leisure=park","source":"osm"}},{"type":"Feature","geometry":{"type":"Point","coordinates":[72.847064,18.995366]},"properties":{"id":"osm:way/961376726","name":null,"category":"park","subtype":"leisure=park","source":"osm"}},{"type":"Feature","geometry":{"type":"Point","coordinates":[72.847999,18.993063]},"properties":{"id":"osm:way/961376736","name":null,"category":"park","subtype":"leisure=park","source":"osm"}},{"type":"Feature","geometry":{"type":"Point","coordinates":[72.959915,19.200658]},"properties":{"id":"osm:way/961657800","name":null,"category":"park","subtype":"leisure=park","source":"osm"}},{"type":"Feature","geometry":{"type":"Point","coordinates":[72.891319,19.086892]},"properties":{"id":"osm:way/961785887","name":"Pramodji Mahajan Recreation Ground","category":"park","subtype":"leisure=park","source":"osm"}},{"type":"Feature","geometry":{"type":"Point","coordinates":[72.881614,19.077242]},"properties":{"id":"osm:way/961786341","name":"Gandhi Maidan","category":"park","subtype":"leisure=park","source":"osm"}},{"type":"Feature","geometry":{"type":"Point","coordinates":[72.885756,19.074663]},"properties":{"id":"osm:way/961788662","name":"Bharat Ratna Indira Gandhi Udyan & Dr. Abdul Kalam Udyan","category":"park","subtype":"leisure=park","source":"osm"}},{"type":"Feature","geometry":{"type":"Point","coordinates":[72.888956,19.081867]},"properties":{"id":"osm:way/961797162","name":"Don Bosco Grounds","category":"park","subtype":"leisure=park","source":"osm"}},{"type":"Feature","geometry":{"type":"Point","coordinates":[72.959106,19.188152]},"properties":{"id":"osm:way/961924126","name":null,"category":"park","subtype":"leisure=garden","source":"osm","fee":"no","access":"private"}},{"type":"Feature","geometry":{"type":"Point","coordinates":[72.948188,19.19827]},"properties":{"id":"osm:way/961924133","name":null,"category":"park","subtype":"leisure=park","source":"osm"}},{"type":"Feature","geometry":{"type":"Point","coordinates":[72.851162,19.020636]},"properties":{"id":"osm:way/962843248","name":"Dadar Parsi Colony Gymkhana Childrens Playground","category":"park","subtype":"leisure=garden","source":"osm","access":"members"}},{"type":"Feature","geometry":{"type":"Point","coordinates":[72.825956,19.200832]},"properties":{"id":"osm:way/963130226","name":null,"category":"park","subtype":"leisure=park","source":"osm"}},{"type":"Feature","geometry":{"type":"Point","coordinates":[72.948398,19.192107]},"properties":{"id":"osm:way/963409763","name":null,"category":"park","subtype":"leisure=park","source":"osm"}},{"type":"Feature","geometry":{"type":"Point","coordinates":[73.00397,19.202371]},"properties":{"id":"osm:way/965152992","name":null,"category":"park","subtype":"leisure=garden","source":"osm"}},{"type":"Feature","geometry":{"type":"Point","coordinates":[73.001483,19.203002]},"properties":{"id":"osm:way/965155069","name":null,"category":"park","subtype":"leisure=garden","source":"osm","fee":"no"}},{"type":"Feature","geometry":{"type":"Point","coordinates":[72.808501,19.142899]},"properties":{"id":"osm:way/965339362","name":"Goverment Park For Public","category":"park","subtype":"leisure=park","source":"osm","opening_hours":"sunrise-sunset","operator":"BMC"}},{"type":"Feature","geometry":{"type":"Point","coordinates":[72.853315,19.175527]},"properties":{"id":"osm:way/966204682","name":null,"category":"park","subtype":"leisure=park","source":"osm"}},{"type":"Feature","geometry":{"type":"Point","coordinates":[72.853149,19.175855]},"properties":{"id":"osm:way/966204683","name":null,"category":"park","subtype":"leisure=park","source":"osm"}},{"type":"Feature","geometry":{"type":"Point","coordinates":[73.010025,19.20843]},"properties":{"id":"osm:way/966700753","name":null,"category":"park","subtype":"leisure=park","source":"osm","access":"private"}},{"type":"Feature","geometry":{"type":"Point","coordinates":[73.01233,19.206712]},"properties":{"id":"osm:way/966700764","name":null,"category":"park","subtype":"leisure=park","source":"osm"}},{"type":"Feature","geometry":{"type":"Point","coordinates":[73.011606,19.206654]},"properties":{"id":"osm:way/966700765","name":null,"category":"park","subtype":"leisure=park","source":"osm"}},{"type":"Feature","geometry":{"type":"Point","coordinates":[73.014329,19.20827]},"properties":{"id":"osm:way/966700771","name":null,"category":"park","subtype":"leisure=park","source":"osm"}},{"type":"Feature","geometry":{"type":"Point","coordinates":[73.008215,19.034794]},"properties":{"id":"osm:way/967952865","name":null,"category":"park","subtype":"leisure=park","source":"osm"}},{"type":"Feature","geometry":{"type":"Point","coordinates":[73.008114,19.0331]},"properties":{"id":"osm:way/967952866","name":null,"category":"park","subtype":"leisure=park","source":"osm"}},{"type":"Feature","geometry":{"type":"Point","coordinates":[73.014985,19.027034]},"properties":{"id":"osm:way/968857341","name":null,"category":"park","subtype":"leisure=garden","source":"osm"}},{"type":"Feature","geometry":{"type":"Point","coordinates":[73.014507,19.206765]},"properties":{"id":"osm:way/971314362","name":null,"category":"park","subtype":"leisure=garden","source":"osm"}},{"type":"Feature","geometry":{"type":"Point","coordinates":[72.972547,19.174205]},"properties":{"id":"osm:way/971939917","name":null,"category":"park","subtype":"leisure=park","source":"osm","access":"private"}},{"type":"Feature","geometry":{"type":"Point","coordinates":[72.82516,19.201234]},"properties":{"id":"osm:way/975036874","name":null,"category":"park","subtype":"leisure=park","source":"osm"}},{"type":"Feature","geometry":{"type":"Point","coordinates":[72.825256,19.201685]},"properties":{"id":"osm:way/975036892","name":null,"category":"park","subtype":"leisure=park","source":"osm"}},{"type":"Feature","geometry":{"type":"Point","coordinates":[72.825465,19.201583]},"properties":{"id":"osm:way/975036893","name":null,"category":"park","subtype":"leisure=park","source":"osm"}},{"type":"Feature","geometry":{"type":"Point","coordinates":[72.825344,19.201492]},"properties":{"id":"osm:way/975036894","name":null,"category":"park","subtype":"leisure=park","source":"osm"}},{"type":"Feature","geometry":{"type":"Point","coordinates":[72.825574,19.201651]},"properties":{"id":"osm:way/975036895","name":null,"category":"park","subtype":"leisure=park","source":"osm"}},{"type":"Feature","geometry":{"type":"Point","coordinates":[72.825565,19.20147]},"properties":{"id":"osm:way/975036896","name":null,"category":"park","subtype":"leisure=park","source":"osm"}},{"type":"Feature","geometry":{"type":"Point","coordinates":[72.825369,19.201694]},"properties":{"id":"osm:way/975036897","name":null,"category":"park","subtype":"leisure=park","source":"osm"}},{"type":"Feature","geometry":{"type":"Point","coordinates":[72.825181,19.201428]},"properties":{"id":"osm:way/975036898","name":null,"category":"park","subtype":"leisure=park","source":"osm"}},{"type":"Feature","geometry":{"type":"Point","coordinates":[72.825082,19.201343]},"properties":{"id":"osm:way/975036899","name":null,"category":"park","subtype":"leisure=park","source":"osm"}},{"type":"Feature","geometry":{"type":"Point","coordinates":[72.825357,19.201332]},"properties":{"id":"osm:way/975036900","name":null,"category":"park","subtype":"leisure=park","source":"osm"}},{"type":"Feature","geometry":{"type":"Point","coordinates":[72.825233,19.201143]},"properties":{"id":"osm:way/975036901","name":null,"category":"park","subtype":"leisure=park","source":"osm"}},{"type":"Feature","geometry":{"type":"Point","coordinates":[73.005067,19.247352]},"properties":{"id":"osm:way/976086848","name":null,"category":"park","subtype":"leisure=park","source":"osm"}},{"type":"Feature","geometry":{"type":"Point","coordinates":[72.828555,19.011818]},"properties":{"id":"osm:way/976182986","name":"Rajabhau Salvi Udyaan","category":"park","subtype":"leisure=park","source":"osm","access":"yes"}},{"type":"Feature","geometry":{"type":"Point","coordinates":[72.971184,19.225356]},"properties":{"id":"osm:way/980230069","name":null,"category":"park","subtype":"leisure=park","source":"osm"}},{"type":"Feature","geometry":{"type":"Point","coordinates":[72.876082,19.296333]},"properties":{"id":"osm:way/980677024","name":"ostwal garden","category":"park","subtype":"leisure=park","source":"osm","access":"yes"}},{"type":"Feature","geometry":{"type":"Point","coordinates":[72.820264,19.015678]},"properties":{"id":"osm:way/981956935","name":"Central Ground","category":"park","subtype":"leisure=park","source":"osm"}},{"type":"Feature","geometry":{"type":"Point","coordinates":[72.820875,19.016455]},"properties":{"id":"osm:way/981956936","name":null,"category":"park","subtype":"leisure=park","source":"osm"}},{"type":"Feature","geometry":{"type":"Point","coordinates":[72.823219,19.127825]},"properties":{"id":"osm:way/986123732","name":null,"category":"park","subtype":"leisure=park","source":"osm"}},{"type":"Feature","geometry":{"type":"Point","coordinates":[73.015698,19.001738]},"properties":{"id":"osm:way/986768759","name":"Seawoods Estates Rotunda","category":"park","subtype":"leisure=park","source":"osm"}},{"type":"Feature","geometry":{"type":"Point","coordinates":[73.016624,19.005696]},"properties":{"id":"osm:way/986768800","name":null,"category":"park","subtype":"leisure=park","source":"osm"}},{"type":"Feature","geometry":{"type":"Point","coordinates":[72.855713,19.101558]},"properties":{"id":"osm:way/987942384","name":null,"category":"park","subtype":"leisure=garden","source":"osm"}},{"type":"Feature","geometry":{"type":"Point","coordinates":[72.854752,19.102379]},"properties":{"id":"osm:way/987942385","name":null,"category":"park","subtype":"leisure=garden","source":"osm"}},{"type":"Feature","geometry":{"type":"Point","coordinates":[72.972937,19.234425]},"properties":{"id":"osm:way/994875154","name":null,"category":"park","subtype":"leisure=park","source":"osm","access":"private"}},{"type":"Feature","geometry":{"type":"Point","coordinates":[72.972532,19.223431]},"properties":{"id":"osm:way/996025412","name":null,"category":"park","subtype":"leisure=park","source":"osm","access":"private"}},{"type":"Feature","geometry":{"type":"Point","coordinates":[72.971577,19.222184]},"properties":{"id":"osm:way/996259219","name":"TMC Park","category":"park","subtype":"leisure=park","source":"osm"}},{"type":"Feature","geometry":{"type":"Point","coordinates":[72.966228,19.226749]},"properties":{"id":"osm:way/996699768","name":null,"category":"park","subtype":"leisure=garden","source":"osm"}},{"type":"Feature","geometry":{"type":"Point","coordinates":[72.968411,19.226229]},"properties":{"id":"osm:way/997273258","name":null,"category":"park","subtype":"leisure=garden","source":"osm"}},{"type":"Feature","geometry":{"type":"Point","coordinates":[72.969312,19.226705]},"properties":{"id":"osm:way/997273261","name":null,"category":"park","subtype":"leisure=garden","source":"osm"}},{"type":"Feature","geometry":{"type":"Point","coordinates":[72.969874,19.226443]},"properties":{"id":"osm:way/997273273","name":null,"category":"park","subtype":"leisure=garden","source":"osm"}},{"type":"Feature","geometry":{"type":"Point","coordinates":[72.970959,19.236769]},"properties":{"id":"osm:way/997738264","name":null,"category":"park","subtype":"leisure=garden","source":"osm"}},{"type":"Feature","geometry":{"type":"Point","coordinates":[72.971594,19.236643]},"properties":{"id":"osm:way/997738266","name":null,"category":"park","subtype":"leisure=garden","source":"osm"}},{"type":"Feature","geometry":{"type":"Point","coordinates":[72.971775,19.236623]},"properties":{"id":"osm:way/997738267","name":null,"category":"park","subtype":"leisure=garden","source":"osm"}},{"type":"Feature","geometry":{"type":"Point","coordinates":[72.970602,19.236752]},"properties":{"id":"osm:way/997738268","name":null,"category":"park","subtype":"leisure=garden","source":"osm"}},{"type":"Feature","geometry":{"type":"Point","coordinates":[72.973486,19.234859]},"properties":{"id":"osm:way/997738277","name":"Bhavani Garden","category":"park","subtype":"leisure=park","source":"osm","access":"private"}},{"type":"Feature","geometry":{"type":"Point","coordinates":[72.971531,19.222921]},"properties":{"id":"osm:way/998001503","name":null,"category":"park","subtype":"leisure=park","source":"osm"}},{"type":"Feature","geometry":{"type":"Point","coordinates":[72.969638,19.224367]},"properties":{"id":"osm:way/998001518","name":null,"category":"park","subtype":"leisure=park","source":"osm"}},{"type":"Feature","geometry":{"type":"Point","coordinates":[72.960642,19.222818]},"properties":{"id":"osm:way/998554477","name":null,"category":"park","subtype":"leisure=park","source":"osm","access":"private"}},{"type":"Feature","geometry":{"type":"Point","coordinates":[72.959525,19.225291]},"properties":{"id":"osm:way/998554497","name":"Nana Nani Park","category":"park","subtype":"leisure=park","source":"osm"}},{"type":"Feature","geometry":{"type":"Point","coordinates":[72.958874,19.223921]},"properties":{"id":"osm:way/998554506","name":null,"category":"park","subtype":"leisure=park","source":"osm"}},{"type":"Feature","geometry":{"type":"Point","coordinates":[72.960914,19.223645]},"properties":{"id":"osm:way/998554512","name":null,"category":"park","subtype":"leisure=park","source":"osm","access":"private"}},{"type":"Feature","geometry":{"type":"Point","coordinates":[72.960296,19.222432]},"properties":{"id":"osm:way/998554514","name":null,"category":"park","subtype":"leisure=park","source":"osm","access":"private"}},{"type":"Feature","geometry":{"type":"Point","coordinates":[72.864152,19.296821]},"properties":{"id":"osm:way/1000202101","name":null,"category":"park","subtype":"leisure=park","source":"osm"}},{"type":"Feature","geometry":{"type":"Point","coordinates":[72.874406,19.200108]},"properties":{"id":"osm:way/1001170216","name":"Formal Garden","category":"park","subtype":"leisure=park","source":"osm"}},{"type":"Feature","geometry":{"type":"Point","coordinates":[72.876303,19.199884]},"properties":{"id":"osm:way/1001170217","name":null,"category":"park","subtype":"leisure=park","source":"osm"}},{"type":"Feature","geometry":{"type":"Point","coordinates":[72.864903,19.300726]},"properties":{"id":"osm:way/1001724566","name":"New Golden Nest Phase 14 Garden","category":"park","subtype":"leisure=garden","source":"osm"}},{"type":"Feature","geometry":{"type":"Point","coordinates":[72.822594,19.049822]},"properties":{"id":"osm:way/1003386614","name":"Sukoon Park","category":"park","subtype":"leisure=park","source":"osm","opening_hours":"Mo-Fr 05:00-13:00,15:00-22:00; Sa-Su 05:00-22:00; PH 05:00-22:00","access":"yes","operator":"BMC"}},{"type":"Feature","geometry":{"type":"Point","coordinates":[72.981247,19.232034]},"properties":{"id":"osm:way/1003730364","name":null,"category":"park","subtype":"leisure=park","source":"osm","access":"private"}},{"type":"Feature","geometry":{"type":"Point","coordinates":[72.900431,19.050209]},"properties":{"id":"osm:way/1009229732","name":null,"category":"park","subtype":"leisure=park","source":"osm"}},{"type":"Feature","geometry":{"type":"Point","coordinates":[72.821204,18.928255]},"properties":{"id":"osm:way/1009368788","name":null,"category":"park","subtype":"leisure=garden","source":"osm"}},{"type":"Feature","geometry":{"type":"Point","coordinates":[72.824842,18.926952]},"properties":{"id":"osm:way/1009581759","name":null,"category":"park","subtype":"leisure=park","source":"osm"}},{"type":"Feature","geometry":{"type":"Point","coordinates":[72.976273,19.186942]},"properties":{"id":"osm:way/1011460656","name":null,"category":"park","subtype":"leisure=garden","source":"osm"}},{"type":"Feature","geometry":{"type":"Point","coordinates":[72.9193,19.04778]},"properties":{"id":"osm:way/1011460683","name":null,"category":"park","subtype":"leisure=park","source":"osm","access":"private"}},{"type":"Feature","geometry":{"type":"Point","coordinates":[73.018936,19.033442]},"properties":{"id":"osm:way/1011463306","name":null,"category":"park","subtype":"leisure=park","source":"osm"}},{"type":"Feature","geometry":{"type":"Point","coordinates":[73.01915,19.033207]},"properties":{"id":"osm:way/1011463307","name":null,"category":"park","subtype":"leisure=park","source":"osm"}},{"type":"Feature","geometry":{"type":"Point","coordinates":[72.938947,19.050401]},"properties":{"id":"osm:way/1012469001","name":null,"category":"park","subtype":"leisure=park","source":"osm"}},{"type":"Feature","geometry":{"type":"Point","coordinates":[72.940087,19.050822]},"properties":{"id":"osm:way/1012469002","name":null,"category":"park","subtype":"leisure=park","source":"osm"}},{"type":"Feature","geometry":{"type":"Point","coordinates":[72.910807,19.049332]},"properties":{"id":"osm:way/1012469078","name":null,"category":"park","subtype":"leisure=park","source":"osm","access":"private"}},{"type":"Feature","geometry":{"type":"Point","coordinates":[72.894529,19.07883]},"properties":{"id":"osm:way/1012491079","name":"neelkanth kingdom garden","category":"park","subtype":"leisure=park","source":"osm"}},{"type":"Feature","geometry":{"type":"Point","coordinates":[72.816434,18.916643]},"properties":{"id":"osm:way/1013261678","name":"Cuffe Parade Park","category":"park","subtype":"leisure=park","source":"osm"}},{"type":"Feature","geometry":{"type":"Point","coordinates":[73.002793,19.058149]},"properties":{"id":"osm:way/1013345586","name":null,"category":"park","subtype":"leisure=garden","source":"osm"}},{"type":"Feature","geometry":{"type":"Point","coordinates":[72.998571,19.063859]},"properties":{"id":"osm:way/1013444765","name":null,"category":"park","subtype":"leisure=garden","source":"osm"}},{"type":"Feature","geometry":{"type":"Point","coordinates":[72.98062,19.224642]},"properties":{"id":"osm:way/1013529980","name":null,"category":"park","subtype":"leisure=park","source":"osm","access":"private"}},{"type":"Feature","geometry":{"type":"Point","coordinates":[72.979388,19.224549]},"properties":{"id":"osm:way/1013529983","name":null,"category":"park","subtype":"leisure=park","source":"osm","access":"private"}},{"type":"Feature","geometry":{"type":"Point","coordinates":[72.862534,19.105997]},"properties":{"id":"osm:way/1014519732","name":"MCGM Playground","category":"park","subtype":"leisure=park","source":"osm","opening_hours":"Mo-Sa 05:00-19:00"}},{"type":"Feature","geometry":{"type":"Point","coordinates":[72.872984,19.170674]},"properties":{"id":"osm:way/1015502248","name":"aarey bhaskar","category":"park","subtype":"leisure=park","source":"osm","opening_hours":"Mo-Sa 07:00-21:00"}},{"type":"Feature","geometry":{"type":"Point","coordinates":[72.864996,19.209778]},"properties":{"id":"osm:way/1015920190","name":"school playground","category":"park","subtype":"leisure=park","source":"osm"}},{"type":"Feature","geometry":{"type":"Point","coordinates":[72.985882,19.251114]},"properties":{"id":"osm:way/1016877967","name":null,"category":"park","subtype":"leisure=park","source":"osm","access":"private"}},{"type":"Feature","geometry":{"type":"Point","coordinates":[72.98594,19.248677]},"properties":{"id":"osm:way/1017391894","name":null,"category":"park","subtype":"leisure=park","source":"osm"}},{"type":"Feature","geometry":{"type":"Point","coordinates":[72.986361,19.248103]},"properties":{"id":"osm:way/1017391896","name":null,"category":"park","subtype":"leisure=park","source":"osm"}},{"type":"Feature","geometry":{"type":"Point","coordinates":[72.98211,19.24313]},"properties":{"id":"osm:way/1017391905","name":null,"category":"park","subtype":"leisure=park","source":"osm"}},{"type":"Feature","geometry":{"type":"Point","coordinates":[72.818178,18.977955]},"properties":{"id":"osm:way/1018435440","name":"Lakshmi Park","category":"park","subtype":"leisure=park","source":"osm","opening_hours":"sunrise-sunset","operator":"Lakshmi Enterprises.Ltd"}},{"type":"Feature","geometry":{"type":"Point","coordinates":[72.983102,19.245621]},"properties":{"id":"osm:way/1019043616","name":null,"category":"park","subtype":"leisure=park","source":"osm","access":"private"}},{"type":"Feature","geometry":{"type":"Point","coordinates":[72.983013,19.245071]},"properties":{"id":"osm:way/1019043617","name":null,"category":"park","subtype":"leisure=park","source":"osm","access":"private"}},{"type":"Feature","geometry":{"type":"Point","coordinates":[72.984534,19.245264]},"properties":{"id":"osm:way/1019043618","name":null,"category":"park","subtype":"leisure=park","source":"osm","access":"private"}},{"type":"Feature","geometry":{"type":"Point","coordinates":[72.983728,19.243848]},"properties":{"id":"osm:way/1019043620","name":null,"category":"park","subtype":"leisure=park","source":"osm","access":"private"}},{"type":"Feature","geometry":{"type":"Point","coordinates":[72.984275,19.24447]},"properties":{"id":"osm:way/1019043621","name":null,"category":"park","subtype":"leisure=park","source":"osm","access":"private"}},{"type":"Feature","geometry":{"type":"Point","coordinates":[72.985907,19.246709]},"properties":{"id":"osm:way/1019043629","name":null,"category":"park","subtype":"leisure=park","source":"osm"}},{"type":"Feature","geometry":{"type":"Point","coordinates":[72.982891,19.251788]},"properties":{"id":"osm:way/1024588538","name":null,"category":"park","subtype":"leisure=park","source":"osm"}},{"type":"Feature","geometry":{"type":"Point","coordinates":[72.971872,19.26814]},"properties":{"id":"osm:way/1029625916","name":"TMC Traffic Park","category":"park","subtype":"leisure=park","source":"osm","opening_hours":"06:00-09:00,17:00-20:00","operator":"Thane Municipal Corporation"}},{"type":"Feature","geometry":{"type":"Point","coordinates":[72.831991,19.166807]},"properties":{"id":"osm:way/1031528351","name":"vishnu hanuman park","category":"park","subtype":"leisure=park","source":"osm","opening_hours":"24/7"}},{"type":"Feature","geometry":{"type":"Point","coordinates":[72.944207,19.182334]},"properties":{"id":"osm:way/1031952047","name":"bmc park","category":"park","subtype":"leisure=park","source":"osm","operator":"bmc"}},{"type":"Feature","geometry":{"type":"Point","coordinates":[73.009557,19.034509]},"properties":{"id":"osm:way/1036071766","name":null,"category":"park","subtype":"leisure=park","source":"osm"}},{"type":"Feature","geometry":{"type":"Point","coordinates":[73.009917,19.034501]},"properties":{"id":"osm:way/1036071767","name":null,"category":"park","subtype":"leisure=park","source":"osm"}},{"type":"Feature","geometry":{"type":"Point","coordinates":[73.010111,19.034059]},"properties":{"id":"osm:way/1036338193","name":null,"category":"park","subtype":"leisure=park","source":"osm"}},{"type":"Feature","geometry":{"type":"Point","coordinates":[72.91171,19.136445]},"properties":{"id":"osm:way/1047600395","name":"H3 -Garden","category":"park","subtype":"leisure=garden","source":"osm"}},{"type":"Feature","geometry":{"type":"Point","coordinates":[72.816223,18.899906]},"properties":{"id":"osm:way/1050345007","name":null,"category":"park","subtype":"leisure=park","source":"osm"}},{"type":"Feature","geometry":{"type":"Point","coordinates":[73.018156,19.045186]},"properties":{"id":"osm:way/1050561441","name":null,"category":"park","subtype":"leisure=garden","source":"osm"}},{"type":"Feature","geometry":{"type":"Point","coordinates":[72.974853,19.227093]},"properties":{"id":"osm:way/1051774532","name":null,"category":"park","subtype":"leisure=park","source":"osm","access":"private"}},{"type":"Feature","geometry":{"type":"Point","coordinates":[72.872761,19.048064]},"properties":{"id":"osm:way/1052052199","name":null,"category":"park","subtype":"leisure=garden","source":"osm"}},{"type":"Feature","geometry":{"type":"Point","coordinates":[72.874312,19.047954]},"properties":{"id":"osm:way/1052052200","name":null,"category":"park","subtype":"leisure=garden","source":"osm"}},{"type":"Feature","geometry":{"type":"Point","coordinates":[72.834703,18.978795]},"properties":{"id":"osm:way/1052761694","name":null,"category":"park","subtype":"leisure=garden","source":"osm"}},{"type":"Feature","geometry":{"type":"Point","coordinates":[72.853479,19.05668]},"properties":{"id":"osm:way/1056876768","name":"City Park","category":"park","subtype":"leisure=park","source":"osm"}},{"type":"Feature","geometry":{"type":"Point","coordinates":[72.86978,19.296936]},"properties":{"id":"osm:way/1063930017","name":"Ramdev Park","category":"park","subtype":"leisure=park","source":"osm"}},{"type":"Feature","geometry":{"type":"Point","coordinates":[72.994431,19.210938]},"properties":{"id":"osm:way/1078220910","name":null,"category":"park","subtype":"leisure=park","source":"osm"}},{"type":"Feature","geometry":{"type":"Point","coordinates":[72.963368,19.186334]},"properties":{"id":"osm:way/1078883093","name":null,"category":"park","subtype":"leisure=park","source":"osm"}},{"type":"Feature","geometry":{"type":"Point","coordinates":[73.000371,19.075687]},"properties":{"id":"osm:way/1079698788","name":null,"category":"park","subtype":"leisure=park","source":"osm"}},{"type":"Feature","geometry":{"type":"Point","coordinates":[72.980917,19.181675]},"properties":{"id":"osm:way/1080348919","name":null,"category":"park","subtype":"leisure=park","source":"osm"}},{"type":"Feature","geometry":{"type":"Point","coordinates":[72.986125,19.195837]},"properties":{"id":"osm:way/1080348955","name":"Ganesh Visarjan Ghat","category":"park","subtype":"leisure=park","source":"osm"}},{"type":"Feature","geometry":{"type":"Point","coordinates":[72.985804,19.194627]},"properties":{"id":"osm:way/1080348957","name":null,"category":"park","subtype":"leisure=park","source":"osm"}},{"type":"Feature","geometry":{"type":"Point","coordinates":[73.006168,19.067569]},"properties":{"id":"osm:way/1080490014","name":null,"category":"park","subtype":"leisure=park","source":"osm"}},{"type":"Feature","geometry":{"type":"Point","coordinates":[72.975441,19.196281]},"properties":{"id":"osm:way/1081153801","name":"Ahilyadevi Garden","category":"park","subtype":"leisure=garden","source":"osm","access":"yes"}},{"type":"Feature","geometry":{"type":"Point","coordinates":[72.985315,19.198494]},"properties":{"id":"osm:way/1084297710","name":"Jogger's Park","category":"park","subtype":"leisure=park","source":"osm"}},{"type":"Feature","geometry":{"type":"Point","coordinates":[73.01873,18.969149]},"properties":{"id":"osm:way/1084323970","name":null,"category":"park","subtype":"leisure=park","source":"osm"}},{"type":"Feature","geometry":{"type":"Point","coordinates":[72.965528,19.263612]},"properties":{"id":"osm:way/1085146115","name":null,"category":"park","subtype":"leisure=garden","source":"osm"}},{"type":"Feature","geometry":{"type":"Point","coordinates":[72.974185,19.255375]},"properties":{"id":"osm:way/1086662736","name":null,"category":"park","subtype":"leisure=park","source":"osm","access":"private"}},{"type":"Feature","geometry":{"type":"Point","coordinates":[72.974866,19.254313]},"properties":{"id":"osm:way/1086662737","name":null,"category":"park","subtype":"leisure=park","source":"osm","access":"private"}},{"type":"Feature","geometry":{"type":"Point","coordinates":[72.978821,19.248279]},"properties":{"id":"osm:way/1088543476","name":null,"category":"park","subtype":"leisure=park","source":"osm"}},{"type":"Feature","geometry":{"type":"Point","coordinates":[72.920461,19.126101]},"properties":{"id":"osm:way/1088898810","name":null,"category":"park","subtype":"leisure=park","source":"osm"}},{"type":"Feature","geometry":{"type":"Point","coordinates":[72.960319,19.207895]},"properties":{"id":"osm:way/1089095879","name":null,"category":"park","subtype":"leisure=park","source":"osm","access":"private"}},{"type":"Feature","geometry":{"type":"Point","coordinates":[72.960901,19.206955]},"properties":{"id":"osm:way/1089095880","name":null,"category":"park","subtype":"leisure=park","source":"osm","access":"private"}},{"type":"Feature","geometry":{"type":"Point","coordinates":[72.960994,19.208326]},"properties":{"id":"osm:way/1089095882","name":null,"category":"park","subtype":"leisure=park","source":"osm","access":"private"}},{"type":"Feature","geometry":{"type":"Point","coordinates":[73.00917,19.208266]},"properties":{"id":"osm:way/1089104233","name":null,"category":"park","subtype":"leisure=park","source":"osm","access":"private"}},{"type":"Feature","geometry":{"type":"Point","coordinates":[72.958684,19.18052]},"properties":{"id":"osm:way/1112175835","name":"St Gregorios School Ground","category":"park","subtype":"leisure=park","source":"osm"}},{"type":"Feature","geometry":{"type":"Point","coordinates":[72.860043,19.290835]},"properties":{"id":"osm:way/1112906516","name":"kanagao garden","category":"park","subtype":"leisure=garden","source":"osm","access":"yes","operator":"local people"}},{"type":"Feature","geometry":{"type":"Point","coordinates":[72.867298,19.238822]},"properties":{"id":"osm:way/1117097218","name":"Nancy Park","category":"park","subtype":"leisure=park","source":"osm","opening_hours":"Mo-Sa 07:00-20:00","operator":"BMC"}},{"type":"Feature","geometry":{"type":"Point","coordinates":[72.857976,19.08106]},"properties":{"id":"osm:way/1117112281","name":"Air India Park","category":"park","subtype":"leisure=park","source":"osm"}},{"type":"Feature","geometry":{"type":"Point","coordinates":[72.830798,19.121973]},"properties":{"id":"osm:way/1118317440","name":"DN Nagar Ground","category":"park","subtype":"leisure=park","source":"osm","opening_hours":"24/7","access":"yes","operator":"BMC"}},{"type":"Feature","geometry":{"type":"Point","coordinates":[72.848426,19.251168]},"properties":{"id":"osm:way/1118555754","name":null,"category":"park","subtype":"leisure=park","source":"osm"}},{"type":"Feature","geometry":{"type":"Point","coordinates":[72.848426,19.251168]},"properties":{"id":"osm:way/1118555755","name":"dog park","category":"park","subtype":"leisure=park","source":"osm"}},{"type":"Feature","geometry":{"type":"Point","coordinates":[72.824737,19.218113]},"properties":{"id":"osm:way/1120052183","name":"Oxford Public School Ground","category":"park","subtype":"leisure=park","source":"osm","operator":"Oxford School"}},{"type":"Feature","geometry":{"type":"Point","coordinates":[72.955933,19.166396]},"properties":{"id":"osm:way/1120052246","name":null,"category":"park","subtype":"leisure=park","source":"osm"}},{"type":"Feature","geometry":{"type":"Point","coordinates":[72.879492,19.21317]},"properties":{"id":"osm:way/1120053822","name":"MSEB COLONY PARK","category":"park","subtype":"leisure=park","source":"osm","opening_hours":"sunrise-sunset","operator":"Maharashtra Electricity Board"}},{"type":"Feature","geometry":{"type":"Point","coordinates":[72.866721,19.209872]},"properties":{"id":"osm:way/1120054075","name":"Gokul Heaven Park","category":"park","subtype":"leisure=park","source":"osm","opening_hours":"Mo-Su 09:00-22:00","description":"Restricted Entry"}},{"type":"Feature","geometry":{"type":"Point","coordinates":[72.823848,19.194148]},"properties":{"id":"osm:way/1120055179","name":"BMC Park","category":"park","subtype":"leisure=park","source":"osm","opening_hours":"Mo-Fr 08:00-17:00"}},{"type":"Feature","geometry":{"type":"Point","coordinates":[72.937314,19.174341]},"properties":{"id":"osm:way/1120599775","name":null,"category":"park","subtype":"leisure=park","source":"osm"}},{"type":"Feature","geometry":{"type":"Point","coordinates":[72.93339,19.167523]},"properties":{"id":"osm:way/1120741761","name":null,"category":"park","subtype":"leisure=park","source":"osm"}},{"type":"Feature","geometry":{"type":"Point","coordinates":[72.962296,19.209378]},"properties":{"id":"osm:way/1122108962","name":null,"category":"park","subtype":"leisure=garden","source":"osm","access":"no"}},{"type":"Feature","geometry":{"type":"Point","coordinates":[72.864398,19.294175]},"properties":{"id":"osm:way/1122265492","name":null,"category":"park","subtype":"leisure=park","source":"osm"}},{"type":"Feature","geometry":{"type":"Point","coordinates":[72.859912,19.303462]},"properties":{"id":"osm:way/1122265500","name":null,"category":"park","subtype":"leisure=park","source":"osm"}},{"type":"Feature","geometry":{"type":"Point","coordinates":[72.841587,19.083962]},"properties":{"id":"osm:way/1123267237","name":"PRAFULLA BAGH","category":"park","subtype":"leisure=park","source":"osm","opening_hours":"Mo-Su 09:00-22:00"}},{"type":"Feature","geometry":{"type":"Point","coordinates":[72.83854,19.120328]},"properties":{"id":"osm:way/1123412916","name":null,"category":"park","subtype":"leisure=park","source":"osm"}},{"type":"Feature","geometry":{"type":"Point","coordinates":[72.841391,19.124652]},"properties":{"id":"osm:way/1123412919","name":null,"category":"park","subtype":"leisure=park","source":"osm"}},{"type":"Feature","geometry":{"type":"Point","coordinates":[72.842246,19.105557]},"properties":{"id":"osm:way/1123427074","name":null,"category":"park","subtype":"leisure=park","source":"osm"}},{"type":"Feature","geometry":{"type":"Point","coordinates":[72.946518,19.179951]},"properties":{"id":"osm:way/1123635134","name":"Nemisuri Maharajsaheb Garden","category":"park","subtype":"leisure=park","source":"osm"}},{"type":"Feature","geometry":{"type":"Point","coordinates":[72.936265,19.114702]},"properties":{"id":"osm:way/1123725997","name":null,"category":"park","subtype":"leisure=park","source":"osm"}},{"type":"Feature","geometry":{"type":"Point","coordinates":[72.9342,19.111306]},"properties":{"id":"osm:way/1123726003","name":null,"category":"park","subtype":"leisure=park","source":"osm"}},{"type":"Feature","geometry":{"type":"Point","coordinates":[72.824579,18.97471]},"properties":{"id":"osm:way/1124262072","name":null,"category":"park","subtype":"leisure=park","source":"osm","opening_hours":"Mo-Fr 08:00-17:00"}},{"type":"Feature","geometry":{"type":"Point","coordinates":[72.953814,19.186089]},"properties":{"id":"osm:way/1125690128","name":null,"category":"park","subtype":"leisure=park","source":"osm"}},{"type":"Feature","geometry":{"type":"Point","coordinates":[72.951041,19.184847]},"properties":{"id":"osm:way/1125690129","name":"Vrindavan Manoranjan Udyan","category":"park","subtype":"leisure=park","source":"osm"}},{"type":"Feature","geometry":{"type":"Point","coordinates":[72.985958,19.1485]},"properties":{"id":"osm:way/1126271813","name":"Coastal & Marine Biodiversity Centre","category":"park","subtype":"leisure=park","source":"osm"}},{"type":"Feature","geometry":{"type":"Point","coordinates":[72.945444,19.165693]},"properties":{"id":"osm:way/1126864977","name":"Mother Teresa Maidan","category":"park","subtype":"leisure=park","source":"osm"}},{"type":"Feature","geometry":{"type":"Point","coordinates":[72.945881,19.166312]},"properties":{"id":"osm:way/1126864978","name":"Nahur Shivaji Udyan","category":"park","subtype":"leisure=park","source":"osm"}},{"type":"Feature","geometry":{"type":"Point","coordinates":[72.883538,19.054993]},"properties":{"id":"osm:way/1126997786","name":"Sahajeevan Park","category":"park","subtype":"leisure=park","source":"osm"}},{"type":"Feature","geometry":{"type":"Point","coordinates":[72.883793,19.052962]},"properties":{"id":"osm:way/1126997788","name":null,"category":"park","subtype":"leisure=park","source":"osm"}},{"type":"Feature","geometry":{"type":"Point","coordinates":[72.90053,19.046347]},"properties":{"id":"osm:way/1127526785","name":null,"category":"park","subtype":"leisure=park","source":"osm"}},{"type":"Feature","geometry":{"type":"Point","coordinates":[72.828357,19.23144]},"properties":{"id":"osm:way/1133058684","name":"tripitch ground","category":"park","subtype":"leisure=park","source":"osm"}},{"type":"Feature","geometry":{"type":"Point","coordinates":[72.831249,19.231663]},"properties":{"id":"osm:way/1133063644","name":null,"category":"park","subtype":"leisure=park","source":"osm"}},{"type":"Feature","geometry":{"type":"Point","coordinates":[72.862054,19.287786]},"properties":{"id":"osm:way/1136400340","name":"Nana Nani park","category":"park","subtype":"leisure=park","source":"osm","opening_hours":"Mo-Su 08:00-21:00","operator":"MBMC"}},{"type":"Feature","geometry":{"type":"Point","coordinates":[72.995825,19.243241]},"properties":{"id":"osm:way/1137144488","name":"alisha area","category":"park","subtype":"leisure=park","source":"osm"}},{"type":"Feature","geometry":{"type":"Point","coordinates":[72.849543,19.249978]},"properties":{"id":"osm:way/1138040081","name":"bmc park","category":"park","subtype":"leisure=park","source":"osm","opening_hours":"Mo-Fr 08:00-17:00","operator":"bmc"}},{"type":"Feature","geometry":{"type":"Point","coordinates":[72.872407,19.210798]},"properties":{"id":"osm:way/1138233179","name":"viceroy garden","category":"park","subtype":"leisure=park","source":"osm","opening_hours":"sunrise-sunset","access":"yes","operator":"viceroy residence"}},{"type":"Feature","geometry":{"type":"Point","coordinates":[72.820335,19.227192]},"properties":{"id":"osm:way/1139119985","name":"ekta garden","category":"park","subtype":"leisure=park","source":"osm","opening_hours":"Mo-Sa 08:00-20:00","access":"yes","description":"open park for young kids and eldert people"}},{"type":"Feature","geometry":{"type":"Point","coordinates":[72.846647,19.210779]},"properties":{"id":"osm:way/1144636822","name":"Netaji Subhashchandra Bose Kirdangan","category":"park","subtype":"leisure=park","source":"osm","opening_hours":"Mo-Su 09:00-21:00","access":"permissive"}},{"type":"Feature","geometry":{"type":"Point","coordinates":[72.838193,19.199711]},"properties":{"id":"osm:way/1144650235","name":"KELKAR GROUND","category":"park","subtype":"leisure=park","source":"osm","opening_hours":"24/7","operator":"GOVERNMENT"}},{"type":"Feature","geometry":{"type":"Point","coordinates":[72.977231,19.25682]},"properties":{"id":"osm:way/1146157677","name":"VL club house","category":"park","subtype":"leisure=park","source":"osm"}},{"type":"Feature","geometry":{"type":"Point","coordinates":[72.85212,19.06152]},"properties":{"id":"osm:way/1149824743","name":null,"category":"park","subtype":"leisure=park","source":"osm"}},{"type":"Feature","geometry":{"type":"Point","coordinates":[72.851183,19.063196]},"properties":{"id":"osm:way/1149824757","name":"Joggers Park","category":"park","subtype":"leisure=park","source":"osm"}},{"type":"Feature","geometry":{"type":"Point","coordinates":[72.856681,19.155888]},"properties":{"id":"osm:way/1153421623","name":"Savitribai Phule BMC Garden","category":"park","subtype":"leisure=park","source":"osm","opening_hours":"Mo-Su 06:00-19:00","access":"yes"}},{"type":"Feature","geometry":{"type":"Point","coordinates":[72.896641,19.089063]},"properties":{"id":"osm:way/1153422365","name":null,"category":"park","subtype":"leisure=garden","source":"osm","access":"unknown"}},{"type":"Feature","geometry":{"type":"Point","coordinates":[72.855362,19.248735]},"properties":{"id":"osm:way/1153422970","name":null,"category":"park","subtype":"leisure=park","source":"osm"}},{"type":"Feature","geometry":{"type":"Point","coordinates":[72.992664,19.206877]},"properties":{"id":"osm:way/1153427757","name":"Saket Waterfront Park","category":"park","subtype":"leisure=park","source":"osm","operator":"Thane Municipal Corporation"}},{"type":"Feature","geometry":{"type":"Point","coordinates":[72.824784,19.13903]},"properties":{"id":"osm:way/1153428130","name":null,"category":"park","subtype":"leisure=park","source":"osm"}},{"type":"Feature","geometry":{"type":"Point","coordinates":[72.940069,19.169197]},"properties":{"id":"osm:way/1158503757","name":"BMC Manoranjan Maidan","category":"park","subtype":"leisure=park","source":"osm"}},{"type":"Feature","geometry":{"type":"Point","coordinates":[72.871416,19.225686]},"properties":{"id":"osm:way/1158933421","name":null,"category":"park","subtype":"leisure=garden","source":"osm"}},{"type":"Feature","geometry":{"type":"Point","coordinates":[72.807259,18.969545]},"properties":{"id":"osm:way/1159753736","name":null,"category":"park","subtype":"leisure=garden","source":"osm"}},{"type":"Feature","geometry":{"type":"Point","coordinates":[72.986485,19.149093]},"properties":{"id":"osm:way/1161171312","name":null,"category":"park","subtype":"leisure=garden","source":"osm"}},{"type":"Feature","geometry":{"type":"Point","coordinates":[72.937555,19.178942]},"properties":{"id":"osm:way/1162268117","name":null,"category":"park","subtype":"leisure=park","source":"osm"}},{"type":"Feature","geometry":{"type":"Point","coordinates":[72.937544,19.178963]},"properties":{"id":"osm:way/1162373132","name":null,"category":"park","subtype":"leisure=park","source":"osm"}},{"type":"Feature","geometry":{"type":"Point","coordinates":[72.843171,19.195112]},"properties":{"id":"osm:way/1165374041","name":"B. J. Patel Recreation Ground","category":"park","subtype":"leisure=park","source":"osm"}},{"type":"Feature","geometry":{"type":"Point","coordinates":[72.935683,19.175082]},"properties":{"id":"osm:way/1166038369","name":"Pandit Jawaharlal Nehru Shatabdi Udyan","category":"park","subtype":"leisure=park","source":"osm"}},{"type":"Feature","geometry":{"type":"Point","coordinates":[72.840435,19.137146]},"properties":{"id":"osm:way/1170388419","name":null,"category":"park","subtype":"leisure=park","source":"osm"}},{"type":"Feature","geometry":{"type":"Point","coordinates":[72.831188,19.187756]},"properties":{"id":"osm:way/1170391887","name":null,"category":"park","subtype":"leisure=park","source":"osm"}},{"type":"Feature","geometry":{"type":"Point","coordinates":[72.818411,19.192747]},"properties":{"id":"osm:way/1170402619","name":null,"category":"park","subtype":"leisure=park","source":"osm"}},{"type":"Feature","geometry":{"type":"Point","coordinates":[72.896956,19.132593]},"properties":{"id":"osm:way/1187675514","name":null,"category":"park","subtype":"leisure=park","source":"osm"}},{"type":"Feature","geometry":{"type":"Point","coordinates":[73.019304,19.028915]},"properties":{"id":"osm:way/1189197313","name":null,"category":"park","subtype":"leisure=park","source":"osm"}},{"type":"Feature","geometry":{"type":"Point","coordinates":[72.887522,19.030651]},"properties":{"id":"osm:way/1189775843","name":"Vitta Sanchay Society Play ground","category":"park","subtype":"leisure=park","source":"osm","operator":"Vitta Sanchay Society"}},{"type":"Feature","geometry":{"type":"Point","coordinates":[72.8323,19.171181]},"properties":{"id":"osm:way/1192691039","name":null,"category":"park","subtype":"leisure=park","source":"osm"}},{"type":"Feature","geometry":{"type":"Point","coordinates":[72.899536,19.10984]},"properties":{"id":"osm:way/1192694258","name":"Nahar Nature Park","category":"park","subtype":"leisure=park","source":"osm"}},{"type":"Feature","geometry":{"type":"Point","coordinates":[72.899846,19.102327]},"properties":{"id":"osm:way/1192694259","name":null,"category":"park","subtype":"leisure=garden","source":"osm"}},{"type":"Feature","geometry":{"type":"Point","coordinates":[72.942507,19.191031]},"properties":{"id":"osm:way/1199408714","name":"Shreenagar Hanging Gardens","category":"park","subtype":"leisure=park","source":"osm"}},{"type":"Feature","geometry":{"type":"Point","coordinates":[72.889108,19.081886]},"properties":{"id":"osm:way/1213417804","name":"basket ball court","category":"park","subtype":"leisure=park","source":"osm"}},{"type":"Feature","geometry":{"type":"Point","coordinates":[72.94034,19.151652]},"properties":{"id":"osm:way/1214769691","name":"Red Ground","category":"park","subtype":"leisure=park","source":"osm"}},{"type":"Feature","geometry":{"type":"Point","coordinates":[72.939409,19.149922]},"properties":{"id":"osm:way/1215013621","name":"Kukreja Garden","category":"park","subtype":"leisure=garden","source":"osm","fee":"no","access":"yes"}},{"type":"Feature","geometry":{"type":"Point","coordinates":[72.87575,19.067333]},"properties":{"id":"osm:way/1215018773","name":"H.P.K garden","category":"park","subtype":"leisure=garden","source":"osm","opening_hours":"sunrise-sunset","access":"yes","operator":"MCGM,mumbai"}},{"type":"Feature","geometry":{"type":"Point","coordinates":[72.961047,19.180967]},"properties":{"id":"osm:way/1218413257","name":"Hospital Ground","category":"park","subtype":"leisure=park","source":"osm","operator":"BMC"}},{"type":"Feature","geometry":{"type":"Point","coordinates":[72.960952,19.181013]},"properties":{"id":"osm:way/1218414079","name":"hospital ground","category":"park","subtype":"leisure=park","source":"osm","opening_hours":"Mo-Su 07:00-22:00","operator":"BMC"}},{"type":"Feature","geometry":{"type":"Point","coordinates":[72.960946,19.181211]},"properties":{"id":"osm:way/1218414085","name":"mental hosp. ground","category":"park","subtype":"leisure=park","source":"osm","opening_hours":"sunrise-sunset","operator":"B.M.C."}},{"type":"Feature","geometry":{"type":"Point","coordinates":[72.960949,19.181226]},"properties":{"id":"osm:way/1218414086","name":"mental hospital park","category":"park","subtype":"leisure=park","source":"osm","operator":"bmc"}},{"type":"Feature","geometry":{"type":"Point","coordinates":[72.859018,19.302085]},"properties":{"id":"osm:way/1218775750","name":null,"category":"park","subtype":"leisure=park","source":"osm"}},{"type":"Feature","geometry":{"type":"Point","coordinates":[72.858867,19.303969]},"properties":{"id":"osm:way/1218775759","name":null,"category":"park","subtype":"leisure=park","source":"osm"}},{"type":"Feature","geometry":{"type":"Point","coordinates":[72.859159,19.303203]},"properties":{"id":"osm:way/1218775760","name":null,"category":"park","subtype":"leisure=park","source":"osm"}},{"type":"Feature","geometry":{"type":"Point","coordinates":[72.848404,19.303538]},"properties":{"id":"osm:way/1218812694","name":null,"category":"park","subtype":"leisure=park","source":"osm"}},{"type":"Feature","geometry":{"type":"Point","coordinates":[72.850542,19.305491]},"properties":{"id":"osm:way/1218820217","name":null,"category":"park","subtype":"leisure=park","source":"osm"}},{"type":"Feature","geometry":{"type":"Point","coordinates":[72.848618,19.305919]},"properties":{"id":"osm:way/1218825801","name":"santok ground","category":"park","subtype":"leisure=park","source":"osm"}},{"type":"Feature","geometry":{"type":"Point","coordinates":[72.854702,19.306601]},"properties":{"id":"osm:way/1219017258","name":null,"category":"park","subtype":"leisure=park","source":"osm"}},{"type":"Feature","geometry":{"type":"Point","coordinates":[72.86355,19.296204]},"properties":{"id":"osm:way/1219275032","name":null,"category":"park","subtype":"leisure=garden","source":"osm"}},{"type":"Feature","geometry":{"type":"Point","coordinates":[72.861834,19.296208]},"properties":{"id":"osm:way/1219275037","name":null,"category":"park","subtype":"leisure=garden","source":"osm"}},{"type":"Feature","geometry":{"type":"Point","coordinates":[72.862273,19.296585]},"properties":{"id":"osm:way/1219275038","name":null,"category":"park","subtype":"leisure=garden","source":"osm"}},{"type":"Feature","geometry":{"type":"Point","coordinates":[72.862747,19.296261]},"properties":{"id":"osm:way/1219275039","name":null,"category":"park","subtype":"leisure=garden","source":"osm"}},{"type":"Feature","geometry":{"type":"Point","coordinates":[72.863787,19.298482]},"properties":{"id":"osm:way/1219277493","name":null,"category":"park","subtype":"leisure=park","source":"osm"}},{"type":"Feature","geometry":{"type":"Point","coordinates":[72.847431,19.293676]},"properties":{"id":"osm:way/1219284994","name":null,"category":"park","subtype":"leisure=park","source":"osm"}},{"type":"Feature","geometry":{"type":"Point","coordinates":[72.870719,19.296424]},"properties":{"id":"osm:way/1219478712","name":null,"category":"park","subtype":"leisure=garden","source":"osm"}},{"type":"Feature","geometry":{"type":"Point","coordinates":[72.870563,19.300212]},"properties":{"id":"osm:way/1219486026","name":null,"category":"park","subtype":"leisure=garden","source":"osm"}},{"type":"Feature","geometry":{"type":"Point","coordinates":[72.870073,19.295941]},"properties":{"id":"osm:way/1219498804","name":null,"category":"park","subtype":"leisure=garden","source":"osm"}},{"type":"Feature","geometry":{"type":"Point","coordinates":[72.8706,19.295837]},"properties":{"id":"osm:way/1219498805","name":null,"category":"park","subtype":"leisure=park","source":"osm"}},{"type":"Feature","geometry":{"type":"Point","coordinates":[72.86729,19.2962]},"properties":{"id":"osm:way/1219498806","name":null,"category":"park","subtype":"leisure=garden","source":"osm"}},{"type":"Feature","geometry":{"type":"Point","coordinates":[72.866964,19.297708]},"properties":{"id":"osm:way/1219498809","name":null,"category":"park","subtype":"leisure=park","source":"osm"}},{"type":"Feature","geometry":{"type":"Point","coordinates":[72.866963,19.298162]},"properties":{"id":"osm:way/1219498810","name":null,"category":"park","subtype":"leisure=garden","source":"osm"}},{"type":"Feature","geometry":{"type":"Point","coordinates":[72.86507,19.299601]},"properties":{"id":"osm:way/1219521135","name":null,"category":"park","subtype":"leisure=park","source":"osm","level":"2"}},{"type":"Feature","geometry":{"type":"Point","coordinates":[72.862511,19.300607]},"properties":{"id":"osm:way/1219521137","name":null,"category":"park","subtype":"leisure=garden","source":"osm"}},{"type":"Feature","geometry":{"type":"Point","coordinates":[72.866142,19.298894]},"properties":{"id":"osm:way/1219521147","name":null,"category":"park","subtype":"leisure=garden","source":"osm"}},{"type":"Feature","geometry":{"type":"Point","coordinates":[72.865922,19.297004]},"properties":{"id":"osm:way/1219522840","name":null,"category":"park","subtype":"leisure=park","source":"osm"}},{"type":"Feature","geometry":{"type":"Point","coordinates":[72.865403,19.296902]},"properties":{"id":"osm:way/1219522842","name":null,"category":"park","subtype":"leisure=park","source":"osm"}},{"type":"Feature","geometry":{"type":"Point","coordinates":[72.862111,19.294028]},"properties":{"id":"osm:way/1219538482","name":null,"category":"park","subtype":"leisure=park","source":"osm"}},{"type":"Feature","geometry":{"type":"Point","coordinates":[72.862919,19.292041]},"properties":{"id":"osm:way/1219538485","name":null,"category":"park","subtype":"leisure=garden","source":"osm"}},{"type":"Feature","geometry":{"type":"Point","coordinates":[72.862611,19.291811]},"properties":{"id":"osm:way/1219538486","name":null,"category":"park","subtype":"leisure=park","source":"osm"}},{"type":"Feature","geometry":{"type":"Point","coordinates":[72.863563,19.291275]},"properties":{"id":"osm:way/1219538487","name":null,"category":"park","subtype":"leisure=garden","source":"osm"}},{"type":"Feature","geometry":{"type":"Point","coordinates":[72.864081,19.291027]},"properties":{"id":"osm:way/1219538489","name":null,"category":"park","subtype":"leisure=garden","source":"osm"}},{"type":"Feature","geometry":{"type":"Point","coordinates":[72.864478,19.291679]},"properties":{"id":"osm:way/1219538490","name":null,"category":"park","subtype":"leisure=garden","source":"osm"}},{"type":"Feature","geometry":{"type":"Point","coordinates":[72.862239,19.293076]},"properties":{"id":"osm:way/1219538493","name":null,"category":"park","subtype":"leisure=garden","source":"osm"}},{"type":"Feature","geometry":{"type":"Point","coordinates":[72.866208,19.290917]},"properties":{"id":"osm:way/1219538499","name":null,"category":"park","subtype":"leisure=garden","source":"osm"}},{"type":"Feature","geometry":{"type":"Point","coordinates":[72.864764,19.292578]},"properties":{"id":"osm:way/1219538507","name":null,"category":"park","subtype":"leisure=park","source":"osm"}},{"type":"Feature","geometry":{"type":"Point","coordinates":[72.864145,19.293335]},"properties":{"id":"osm:way/1219538513","name":null,"category":"park","subtype":"leisure=garden","source":"osm"}},{"type":"Feature","geometry":{"type":"Point","coordinates":[72.863645,19.293155]},"properties":{"id":"osm:way/1219538514","name":null,"category":"park","subtype":"leisure=garden","source":"osm"}},{"type":"Feature","geometry":{"type":"Point","coordinates":[72.866559,19.294143]},"properties":{"id":"osm:way/1219543414","name":null,"category":"park","subtype":"leisure=garden","source":"osm"}},{"type":"Feature","geometry":{"type":"Point","coordinates":[72.866618,19.293543]},"properties":{"id":"osm:way/1219543417","name":null,"category":"park","subtype":"leisure=garden","source":"osm"}},{"type":"Feature","geometry":{"type":"Point","coordinates":[72.866338,19.293513]},"properties":{"id":"osm:way/1219543418","name":null,"category":"park","subtype":"leisure=park","source":"osm"}},{"type":"Feature","geometry":{"type":"Point","coordinates":[72.869019,19.290804]},"properties":{"id":"osm:way/1219548699","name":null,"category":"park","subtype":"leisure=park","source":"osm"}},{"type":"Feature","geometry":{"type":"Point","coordinates":[72.867177,19.291621]},"properties":{"id":"osm:way/1219548708","name":null,"category":"park","subtype":"leisure=garden","source":"osm"}},{"type":"Feature","geometry":{"type":"Point","coordinates":[72.871953,19.294236]},"properties":{"id":"osm:way/1219552147","name":null,"category":"park","subtype":"leisure=park","source":"osm"}},{"type":"Feature","geometry":{"type":"Point","coordinates":[72.869947,19.294935]},"properties":{"id":"osm:way/1219552149","name":null,"category":"park","subtype":"leisure=garden","source":"osm"}},{"type":"Feature","geometry":{"type":"Point","coordinates":[72.871976,19.294975]},"properties":{"id":"osm:way/1219552151","name":null,"category":"park","subtype":"leisure=garden","source":"osm"}},{"type":"Feature","geometry":{"type":"Point","coordinates":[72.871253,19.295245]},"properties":{"id":"osm:way/1219552152","name":null,"category":"park","subtype":"leisure=garden","source":"osm"}},{"type":"Feature","geometry":{"type":"Point","coordinates":[72.871368,19.293884]},"properties":{"id":"osm:way/1219552156","name":null,"category":"park","subtype":"leisure=park","source":"osm"}},{"type":"Feature","geometry":{"type":"Point","coordinates":[72.87203,19.293627]},"properties":{"id":"osm:way/1219552157","name":null,"category":"park","subtype":"leisure=garden","source":"osm"}},{"type":"Feature","geometry":{"type":"Point","coordinates":[72.869231,19.294708]},"properties":{"id":"osm:way/1219558713","name":null,"category":"park","subtype":"leisure=garden","source":"osm"}},{"type":"Feature","geometry":{"type":"Point","coordinates":[72.869748,19.294278]},"properties":{"id":"osm:way/1219558715","name":null,"category":"park","subtype":"leisure=garden","source":"osm"}},{"type":"Feature","geometry":{"type":"Point","coordinates":[72.870671,19.293234]},"properties":{"id":"osm:way/1219558718","name":null,"category":"park","subtype":"leisure=garden","source":"osm"}},{"type":"Feature","geometry":{"type":"Point","coordinates":[72.869916,19.291918]},"properties":{"id":"osm:way/1219558724","name":null,"category":"park","subtype":"leisure=garden","source":"osm"}},{"type":"Feature","geometry":{"type":"Point","coordinates":[72.869799,19.291319]},"properties":{"id":"osm:way/1219558725","name":null,"category":"park","subtype":"leisure=garden","source":"osm"}},{"type":"Feature","geometry":{"type":"Point","coordinates":[72.867341,19.293729]},"properties":{"id":"osm:way/1219558729","name":null,"category":"park","subtype":"leisure=garden","source":"osm"}},{"type":"Feature","geometry":{"type":"Point","coordinates":[72.86706,19.294237]},"properties":{"id":"osm:way/1219558731","name":null,"category":"park","subtype":"leisure=garden","source":"osm"}},{"type":"Feature","geometry":{"type":"Point","coordinates":[72.867815,19.29523]},"properties":{"id":"osm:way/1219558734","name":null,"category":"park","subtype":"leisure=garden","source":"osm"}},{"type":"Feature","geometry":{"type":"Point","coordinates":[72.867997,19.293277]},"properties":{"id":"osm:way/1219558738","name":null,"category":"park","subtype":"leisure=garden","source":"osm"}},{"type":"Feature","geometry":{"type":"Point","coordinates":[72.818452,19.207059]},"properties":{"id":"osm:way/1219692655","name":null,"category":"park","subtype":"leisure=park","source":"osm"}},{"type":"Feature","geometry":{"type":"Point","coordinates":[72.875166,19.296787]},"properties":{"id":"osm:way/1219731063","name":null,"category":"park","subtype":"leisure=garden","source":"osm"}},{"type":"Feature","geometry":{"type":"Point","coordinates":[72.873139,19.298907]},"properties":{"id":"osm:way/1219737845","name":null,"category":"park","subtype":"leisure=garden","source":"osm"}},{"type":"Feature","geometry":{"type":"Point","coordinates":[72.877242,19.297117]},"properties":{"id":"osm:way/1219737856","name":null,"category":"park","subtype":"leisure=garden","source":"osm"}},{"type":"Feature","geometry":{"type":"Point","coordinates":[72.876898,19.299678]},"properties":{"id":"osm:way/1219737873","name":null,"category":"park","subtype":"leisure=park","source":"osm"}},{"type":"Feature","geometry":{"type":"Point","coordinates":[72.850089,19.305846]},"properties":{"id":"osm:way/1219743691","name":null,"category":"park","subtype":"leisure=park","source":"osm"}},{"type":"Feature","geometry":{"type":"Point","coordinates":[72.878173,19.293952]},"properties":{"id":"osm:way/1219809356","name":null,"category":"park","subtype":"leisure=park","source":"osm"}},{"type":"Feature","geometry":{"type":"Point","coordinates":[72.878146,19.292984]},"properties":{"id":"osm:way/1219809365","name":null,"category":"park","subtype":"leisure=park","source":"osm"}},{"type":"Feature","geometry":{"type":"Point","coordinates":[72.878727,19.292767]},"properties":{"id":"osm:way/1219809367","name":null,"category":"park","subtype":"leisure=park","source":"osm"}},{"type":"Feature","geometry":{"type":"Point","coordinates":[72.875908,19.294321]},"properties":{"id":"osm:way/1219828697","name":null,"category":"park","subtype":"leisure=garden","source":"osm"}},{"type":"Feature","geometry":{"type":"Point","coordinates":[72.877325,19.293657]},"properties":{"id":"osm:way/1219828701","name":null,"category":"park","subtype":"leisure=park","source":"osm"}},{"type":"Feature","geometry":{"type":"Point","coordinates":[72.876898,19.292831]},"properties":{"id":"osm:way/1219828703","name":null,"category":"park","subtype":"leisure=garden","source":"osm"}},{"type":"Feature","geometry":{"type":"Point","coordinates":[72.877516,19.290568]},"properties":{"id":"osm:way/1219828722","name":null,"category":"park","subtype":"leisure=park","source":"osm"}},{"type":"Feature","geometry":{"type":"Point","coordinates":[72.877421,19.292461]},"properties":{"id":"osm:way/1219828724","name":null,"category":"park","subtype":"leisure=garden","source":"osm"}},{"type":"Feature","geometry":{"type":"Point","coordinates":[72.877289,19.294169]},"properties":{"id":"osm:way/1219828725","name":null,"category":"park","subtype":"leisure=park","source":"osm"}},{"type":"Feature","geometry":{"type":"Point","coordinates":[72.873722,19.295117]},"properties":{"id":"osm:way/1219828727","name":null,"category":"park","subtype":"leisure=garden","source":"osm"}},{"type":"Feature","geometry":{"type":"Point","coordinates":[72.873471,19.294985]},"properties":{"id":"osm:way/1219828729","name":null,"category":"park","subtype":"leisure=garden","source":"osm"}},{"type":"Feature","geometry":{"type":"Point","coordinates":[72.873544,19.293874]},"properties":{"id":"osm:way/1219828730","name":null,"category":"park","subtype":"leisure=park","source":"osm"}},{"type":"Feature","geometry":{"type":"Point","coordinates":[72.873229,19.294678]},"properties":{"id":"osm:way/1219828731","name":null,"category":"park","subtype":"leisure=garden","source":"osm"}},{"type":"Feature","geometry":{"type":"Point","coordinates":[72.874173,19.295464]},"properties":{"id":"osm:way/1219828733","name":null,"category":"park","subtype":"leisure=garden","source":"osm"}},{"type":"Feature","geometry":{"type":"Point","coordinates":[72.854559,19.059723]},"properties":{"id":"osm:way/1220003154","name":null,"category":"park","subtype":"leisure=park","source":"osm"}},{"type":"Feature","geometry":{"type":"Point","coordinates":[72.884505,19.283829]},"properties":{"id":"osm:way/1220026645","name":null,"category":"park","subtype":"leisure=garden","source":"osm"}},{"type":"Feature","geometry":{"type":"Point","coordinates":[72.887624,19.280286]},"properties":{"id":"osm:way/1220026657","name":null,"category":"park","subtype":"leisure=park","source":"osm"}},{"type":"Feature","geometry":{"type":"Point","coordinates":[72.884044,19.287122]},"properties":{"id":"osm:way/1220026665","name":null,"category":"park","subtype":"leisure=garden","source":"osm"}},{"type":"Feature","geometry":{"type":"Point","coordinates":[72.884315,19.288322]},"properties":{"id":"osm:way/1220026669","name":null,"category":"park","subtype":"leisure=garden","source":"osm"}},{"type":"Feature","geometry":{"type":"Point","coordinates":[72.883852,19.287425]},"properties":{"id":"osm:way/1220026675","name":null,"category":"park","subtype":"leisure=park","source":"osm"}},{"type":"Feature","geometry":{"type":"Point","coordinates":[72.889458,19.28835]},"properties":{"id":"osm:way/1220045401","name":null,"category":"park","subtype":"leisure=park","source":"osm"}},{"type":"Feature","geometry":{"type":"Point","coordinates":[72.889631,19.287639]},"properties":{"id":"osm:way/1220045402","name":null,"category":"park","subtype":"leisure=garden","source":"osm"}},{"type":"Feature","geometry":{"type":"Point","coordinates":[72.890961,19.280666]},"properties":{"id":"osm:way/1220045448","name":null,"category":"park","subtype":"leisure=park","source":"osm"}},{"type":"Feature","geometry":{"type":"Point","coordinates":[72.889672,19.291879]},"properties":{"id":"osm:way/1220329128","name":null,"category":"park","subtype":"leisure=park","source":"osm"}},{"type":"Feature","geometry":{"type":"Point","coordinates":[72.889045,19.292085]},"properties":{"id":"osm:way/1220329129","name":null,"category":"park","subtype":"leisure=park","source":"osm"}},{"type":"Feature","geometry":{"type":"Point","coordinates":[72.887579,19.294584]},"properties":{"id":"osm:way/1220329132","name":null,"category":"park","subtype":"leisure=park","source":"osm"}},{"type":"Feature","geometry":{"type":"Point","coordinates":[72.874028,19.289723]},"properties":{"id":"osm:way/1220518266","name":null,"category":"park","subtype":"leisure=garden","source":"osm"}},{"type":"Feature","geometry":{"type":"Point","coordinates":[72.873991,19.290306]},"properties":{"id":"osm:way/1220518275","name":null,"category":"park","subtype":"leisure=park","source":"osm"}},{"type":"Feature","geometry":{"type":"Point","coordinates":[72.87517,19.289635]},"properties":{"id":"osm:way/1220518277","name":null,"category":"park","subtype":"leisure=garden","source":"osm"}},{"type":"Feature","geometry":{"type":"Point","coordinates":[72.875723,19.28933]},"properties":{"id":"osm:way/1220518286","name":null,"category":"park","subtype":"leisure=garden","source":"osm"}},{"type":"Feature","geometry":{"type":"Point","coordinates":[72.875569,19.288722]},"properties":{"id":"osm:way/1220518287","name":null,"category":"park","subtype":"leisure=garden","source":"osm"}},{"type":"Feature","geometry":{"type":"Point","coordinates":[72.87679,19.289756]},"properties":{"id":"osm:way/1220518319","name":null,"category":"park","subtype":"leisure=park","source":"osm"}},{"type":"Feature","geometry":{"type":"Point","coordinates":[72.875901,19.285706]},"properties":{"id":"osm:way/1220866857","name":null,"category":"park","subtype":"leisure=park","source":"osm"}},{"type":"Feature","geometry":{"type":"Point","coordinates":[72.876772,19.288249]},"properties":{"id":"osm:way/1221238753","name":null,"category":"park","subtype":"leisure=park","source":"osm"}},{"type":"Feature","geometry":{"type":"Point","coordinates":[72.876547,19.287979]},"properties":{"id":"osm:way/1221238764","name":null,"category":"park","subtype":"leisure=park","source":"osm"}},{"type":"Feature","geometry":{"type":"Point","coordinates":[72.877789,19.286713]},"properties":{"id":"osm:way/1221238782","name":null,"category":"park","subtype":"leisure=park","source":"osm"}},{"type":"Feature","geometry":{"type":"Point","coordinates":[72.877009,19.28656]},"properties":{"id":"osm:way/1221238843","name":null,"category":"park","subtype":"leisure=park","source":"osm"}},{"type":"Feature","geometry":{"type":"Point","coordinates":[72.877081,19.285245]},"properties":{"id":"osm:way/1221238848","name":null,"category":"park","subtype":"leisure=park","source":"osm"}},{"type":"Feature","geometry":{"type":"Point","coordinates":[72.880446,19.286096]},"properties":{"id":"osm:way/1221243272","name":null,"category":"park","subtype":"leisure=park","source":"osm"}},{"type":"Feature","geometry":{"type":"Point","coordinates":[72.88003,19.285716]},"properties":{"id":"osm:way/1221243273","name":null,"category":"park","subtype":"leisure=park","source":"osm"}},{"type":"Feature","geometry":{"type":"Point","coordinates":[72.880209,19.285214]},"properties":{"id":"osm:way/1221243274","name":null,"category":"park","subtype":"leisure=garden","source":"osm"}},{"type":"Feature","geometry":{"type":"Point","coordinates":[72.879499,19.285818]},"properties":{"id":"osm:way/1221243275","name":null,"category":"park","subtype":"leisure=garden","source":"osm"}},{"type":"Feature","geometry":{"type":"Point","coordinates":[72.881852,19.286544]},"properties":{"id":"osm:way/1221243277","name":null,"category":"park","subtype":"leisure=garden","source":"osm"}},{"type":"Feature","geometry":{"type":"Point","coordinates":[72.882426,19.287019]},"properties":{"id":"osm:way/1221243283","name":null,"category":"park","subtype":"leisure=park","source":"osm"}},{"type":"Feature","geometry":{"type":"Point","coordinates":[72.879537,19.286871]},"properties":{"id":"osm:way/1221243290","name":null,"category":"park","subtype":"leisure=park","source":"osm"}},{"type":"Feature","geometry":{"type":"Point","coordinates":[72.87731,19.283793]},"properties":{"id":"osm:way/1221243293","name":null,"category":"park","subtype":"leisure=park","source":"osm"}},{"type":"Feature","geometry":{"type":"Point","coordinates":[72.879274,19.283919]},"properties":{"id":"osm:way/1221243299","name":null,"category":"park","subtype":"leisure=garden","source":"osm"}},{"type":"Feature","geometry":{"type":"Point","coordinates":[72.883045,19.286367]},"properties":{"id":"osm:way/1221243300","name":null,"category":"park","subtype":"leisure=park","source":"osm"}},{"type":"Feature","geometry":{"type":"Point","coordinates":[72.873232,19.286216]},"properties":{"id":"osm:way/1221533062","name":"Serenity, Sapphire and Swayam Common Garden","category":"park","subtype":"leisure=park","source":"osm","operator":"Serenity, Sapphire and Swayam CHS"}},{"type":"Feature","geometry":{"type":"Point","coordinates":[72.873478,19.286584]},"properties":{"id":"osm:way/1221533063","name":null,"category":"park","subtype":"leisure=garden","source":"osm"}},{"type":"Feature","geometry":{"type":"Point","coordinates":[72.873918,19.286317]},"properties":{"id":"osm:way/1221533065","name":null,"category":"park","subtype":"leisure=garden","source":"osm"}},{"type":"Feature","geometry":{"type":"Point","coordinates":[72.873733,19.285416]},"properties":{"id":"osm:way/1221533066","name":null,"category":"park","subtype":"leisure=garden","source":"osm"}},{"type":"Feature","geometry":{"type":"Point","coordinates":[72.879706,19.286136]},"properties":{"id":"osm:way/1221542294","name":null,"category":"park","subtype":"leisure=garden","source":"osm"}},{"type":"Feature","geometry":{"type":"Point","coordinates":[72.88002,19.286299]},"properties":{"id":"osm:way/1221542295","name":null,"category":"park","subtype":"leisure=garden","source":"osm"}},{"type":"Feature","geometry":{"type":"Point","coordinates":[72.881831,19.287429]},"properties":{"id":"osm:way/1221542299","name":null,"category":"park","subtype":"leisure=garden","source":"osm"}},{"type":"Feature","geometry":{"type":"Point","coordinates":[72.882412,19.285474]},"properties":{"id":"osm:way/1221542314","name":null,"category":"park","subtype":"leisure=garden","source":"osm"}},{"type":"Feature","geometry":{"type":"Point","coordinates":[72.880617,19.285681]},"properties":{"id":"osm:way/1221543288","name":null,"category":"park","subtype":"leisure=garden","source":"osm"}},{"type":"Feature","geometry":{"type":"Point","coordinates":[72.878254,19.281767]},"properties":{"id":"osm:way/1221561598","name":null,"category":"park","subtype":"leisure=park","source":"osm"}},{"type":"Feature","geometry":{"type":"Point","coordinates":[72.881548,19.283064]},"properties":{"id":"osm:way/1221561626","name":null,"category":"park","subtype":"leisure=garden","source":"osm"}},{"type":"Feature","geometry":{"type":"Point","coordinates":[72.878619,19.284367]},"properties":{"id":"osm:way/1221567977","name":null,"category":"park","subtype":"leisure=garden","source":"osm"}},{"type":"Feature","geometry":{"type":"Point","coordinates":[72.848239,19.30012]},"properties":{"id":"osm:way/1221587022","name":null,"category":"park","subtype":"leisure=park","source":"osm"}},{"type":"Feature","geometry":{"type":"Point","coordinates":[72.848283,19.299503]},"properties":{"id":"osm:way/1221594396","name":null,"category":"park","subtype":"leisure=park","source":"osm"}},{"type":"Feature","geometry":{"type":"Point","coordinates":[72.84703,19.297328]},"properties":{"id":"osm:way/1221617005","name":null,"category":"park","subtype":"leisure=park","source":"osm"}},{"type":"Feature","geometry":{"type":"Point","coordinates":[72.785829,19.298022]},"properties":{"id":"osm:way/1221819709","name":null,"category":"park","subtype":"leisure=park","source":"osm"}},{"type":"Feature","geometry":{"type":"Point","coordinates":[72.785627,19.298522]},"properties":{"id":"osm:way/1221819712","name":null,"category":"park","subtype":"leisure=park","source":"osm"}},{"type":"Feature","geometry":{"type":"Point","coordinates":[72.786108,19.298843]},"properties":{"id":"osm:way/1221819784","name":null,"category":"park","subtype":"leisure=park","source":"osm"}},{"type":"Feature","geometry":{"type":"Point","coordinates":[72.873443,19.284915]},"properties":{"id":"osm:way/1221821494","name":null,"category":"park","subtype":"leisure=park","source":"osm"}},{"type":"Feature","geometry":{"type":"Point","coordinates":[72.804193,19.291313]},"properties":{"id":"osm:way/1221831620","name":null,"category":"park","subtype":"leisure=park","source":"osm"}},{"type":"Feature","geometry":{"type":"Point","coordinates":[72.81014,19.295451]},"properties":{"id":"osm:way/1221972297","name":null,"category":"park","subtype":"leisure=park","source":"osm"}},{"type":"Feature","geometry":{"type":"Point","coordinates":[72.872251,19.28189]},"properties":{"id":"osm:way/1222025747","name":null,"category":"park","subtype":"leisure=park","source":"osm"}},{"type":"Feature","geometry":{"type":"Point","coordinates":[72.873088,19.284422]},"properties":{"id":"osm:way/1222025750","name":null,"category":"park","subtype":"leisure=garden","source":"osm"}},{"type":"Feature","geometry":{"type":"Point","coordinates":[72.874882,19.285065]},"properties":{"id":"osm:way/1222025758","name":null,"category":"park","subtype":"leisure=park","source":"osm"}},{"type":"Feature","geometry":{"type":"Point","coordinates":[72.874683,19.280706]},"properties":{"id":"osm:way/1222038749","name":null,"category":"park","subtype":"leisure=garden","source":"osm"}},{"type":"Feature","geometry":{"type":"Point","coordinates":[72.874927,19.280243]},"properties":{"id":"osm:way/1222038751","name":null,"category":"park","subtype":"leisure=garden","source":"osm"}},{"type":"Feature","geometry":{"type":"Point","coordinates":[72.875672,19.28039]},"properties":{"id":"osm:way/1222038753","name":null,"category":"park","subtype":"leisure=garden","source":"osm"}},{"type":"Feature","geometry":{"type":"Point","coordinates":[72.877108,19.282695]},"properties":{"id":"osm:way/1222038760","name":null,"category":"park","subtype":"leisure=garden","source":"osm"}},{"type":"Feature","geometry":{"type":"Point","coordinates":[72.79378,19.284875]},"properties":{"id":"osm:way/1222221948","name":null,"category":"park","subtype":"leisure=park","source":"osm"}},{"type":"Feature","geometry":{"type":"Point","coordinates":[72.794048,19.280728]},"properties":{"id":"osm:way/1222221950","name":null,"category":"park","subtype":"leisure=garden","source":"osm"}},{"type":"Feature","geometry":{"type":"Point","coordinates":[72.781819,19.277757]},"properties":{"id":"osm:way/1222253644","name":null,"category":"park","subtype":"leisure=park","source":"osm"}},{"type":"Feature","geometry":{"type":"Point","coordinates":[72.781447,19.274944]},"properties":{"id":"osm:way/1222253667","name":null,"category":"park","subtype":"leisure=garden","source":"osm"}},{"type":"Feature","geometry":{"type":"Point","coordinates":[72.781513,19.275128]},"properties":{"id":"osm:way/1222253668","name":null,"category":"park","subtype":"leisure=park","source":"osm"}},{"type":"Feature","geometry":{"type":"Point","coordinates":[72.830135,19.297677]},"properties":{"id":"osm:way/1222440858","name":null,"category":"park","subtype":"leisure=park","source":"osm"}},{"type":"Feature","geometry":{"type":"Point","coordinates":[72.867255,19.28834]},"properties":{"id":"osm:way/1222455315","name":null,"category":"park","subtype":"leisure=park","source":"osm"}},{"type":"Feature","geometry":{"type":"Point","coordinates":[72.868446,19.287059]},"properties":{"id":"osm:way/1222455358","name":null,"category":"park","subtype":"leisure=garden","source":"osm"}},{"type":"Feature","geometry":{"type":"Point","coordinates":[72.871936,19.286788]},"properties":{"id":"osm:way/1222455362","name":null,"category":"park","subtype":"leisure=park","source":"osm"}},{"type":"Feature","geometry":{"type":"Point","coordinates":[72.871536,19.286953]},"properties":{"id":"osm:way/1222455363","name":null,"category":"park","subtype":"leisure=park","source":"osm"}},{"type":"Feature","geometry":{"type":"Point","coordinates":[72.868137,19.281382]},"properties":{"id":"osm:way/1222463102","name":null,"category":"park","subtype":"leisure=park","source":"osm"}},{"type":"Feature","geometry":{"type":"Point","coordinates":[72.869495,19.280619]},"properties":{"id":"osm:way/1222463103","name":null,"category":"park","subtype":"leisure=park","source":"osm"}},{"type":"Feature","geometry":{"type":"Point","coordinates":[72.870304,19.281711]},"properties":{"id":"osm:way/1222463104","name":null,"category":"park","subtype":"leisure=garden","source":"osm"}},{"type":"Feature","geometry":{"type":"Point","coordinates":[72.871189,19.280962]},"properties":{"id":"osm:way/1222463110","name":null,"category":"park","subtype":"leisure=garden","source":"osm"}},{"type":"Feature","geometry":{"type":"Point","coordinates":[72.828597,19.298147]},"properties":{"id":"osm:way/1222465832","name":null,"category":"park","subtype":"leisure=park","source":"osm"}},{"type":"Feature","geometry":{"type":"Point","coordinates":[72.861601,19.290019]},"properties":{"id":"osm:way/1222508003","name":null,"category":"park","subtype":"leisure=park","source":"osm"}},{"type":"Feature","geometry":{"type":"Point","coordinates":[72.86522,19.285765]},"properties":{"id":"osm:way/1222516637","name":null,"category":"park","subtype":"leisure=park","source":"osm"}},{"type":"Feature","geometry":{"type":"Point","coordinates":[72.864707,19.286334]},"properties":{"id":"osm:way/1222516638","name":null,"category":"park","subtype":"leisure=park","source":"osm"}},{"type":"Feature","geometry":{"type":"Point","coordinates":[72.898746,19.286322]},"properties":{"id":"osm:way/1222551584","name":null,"category":"park","subtype":"leisure=park","source":"osm"}},{"type":"Feature","geometry":{"type":"Point","coordinates":[72.902217,19.281458]},"properties":{"id":"osm:way/1222618964","name":null,"category":"park","subtype":"leisure=park","source":"osm"}},{"type":"Feature","geometry":{"type":"Point","coordinates":[72.900022,19.282673]},"properties":{"id":"osm:way/1222711010","name":null,"category":"park","subtype":"leisure=park","source":"osm"}},{"type":"Feature","geometry":{"type":"Point","coordinates":[72.90031,19.283589]},"properties":{"id":"osm:way/1222711011","name":null,"category":"park","subtype":"leisure=garden","source":"osm"}},{"type":"Feature","geometry":{"type":"Point","coordinates":[72.903956,19.283849]},"properties":{"id":"osm:way/1222711014","name":null,"category":"park","subtype":"leisure=park","source":"osm"}},{"type":"Feature","geometry":{"type":"Point","coordinates":[72.904625,19.282951]},"properties":{"id":"osm:way/1222711018","name":null,"category":"park","subtype":"leisure=park","source":"osm"}},{"type":"Feature","geometry":{"type":"Point","coordinates":[72.901784,19.28057]},"properties":{"id":"osm:way/1222711830","name":null,"category":"park","subtype":"leisure=park","source":"osm"}},{"type":"Feature","geometry":{"type":"Point","coordinates":[72.864466,19.282924]},"properties":{"id":"osm:way/1222722317","name":"rajdai park","category":"park","subtype":"leisure=park","source":"osm","opening_hours":"Mo-Fr 08:00-17:00","operator":"kp"}},{"type":"Feature","geometry":{"type":"Point","coordinates":[72.86453,19.281878]},"properties":{"id":"osm:way/1222722319","name":null,"category":"park","subtype":"leisure=park","source":"osm"}},{"type":"Feature","geometry":{"type":"Point","coordinates":[72.865313,19.280656]},"properties":{"id":"osm:way/1222722320","name":null,"category":"park","subtype":"leisure=park","source":"osm"}},{"type":"Feature","geometry":{"type":"Point","coordinates":[72.866032,19.280918]},"properties":{"id":"osm:way/1222722322","name":null,"category":"park","subtype":"leisure=garden","source":"osm"}},{"type":"Feature","geometry":{"type":"Point","coordinates":[72.86353,19.283876]},"properties":{"id":"osm:way/1222733853","name":null,"category":"park","subtype":"leisure=park","source":"osm"}},{"type":"Feature","geometry":{"type":"Point","coordinates":[72.863714,19.284809]},"properties":{"id":"osm:way/1222733854","name":null,"category":"park","subtype":"leisure=park","source":"osm"}},{"type":"Feature","geometry":{"type":"Point","coordinates":[72.86149,19.284787]},"properties":{"id":"osm:way/1222733855","name":null,"category":"park","subtype":"leisure=park","source":"osm"}},{"type":"Feature","geometry":{"type":"Point","coordinates":[72.862318,19.260236]},"properties":{"id":"osm:way/1222741682","name":null,"category":"park","subtype":"leisure=park","source":"osm"}},{"type":"Feature","geometry":{"type":"Point","coordinates":[72.793375,19.276073]},"properties":{"id":"osm:way/1222919701","name":null,"category":"park","subtype":"leisure=park","source":"osm"}},{"type":"Feature","geometry":{"type":"Point","coordinates":[72.794248,19.274176]},"properties":{"id":"osm:way/1222919703","name":null,"category":"park","subtype":"leisure=garden","source":"osm"}},{"type":"Feature","geometry":{"type":"Point","coordinates":[72.786582,19.278949]},"properties":{"id":"osm:way/1222921999","name":null,"category":"park","subtype":"leisure=park","source":"osm"}},{"type":"Feature","geometry":{"type":"Point","coordinates":[72.785748,19.271901]},"properties":{"id":"osm:way/1222923765","name":null,"category":"park","subtype":"leisure=park","source":"osm"}},{"type":"Feature","geometry":{"type":"Point","coordinates":[72.785101,19.272043]},"properties":{"id":"osm:way/1222923777","name":null,"category":"park","subtype":"leisure=park","source":"osm"}},{"type":"Feature","geometry":{"type":"Point","coordinates":[72.867399,19.266237]},"properties":{"id":"osm:way/1222975259","name":"Rajiv Gandhi Udyan, Penkarpada Gaon","category":"park","subtype":"leisure=park","source":"osm"}},{"type":"Feature","geometry":{"type":"Point","coordinates":[72.867659,19.267286]},"properties":{"id":"osm:way/1222984577","name":null,"category":"park","subtype":"leisure=park","source":"osm"}},{"type":"Feature","geometry":{"type":"Point","coordinates":[72.869843,19.265142]},"properties":{"id":"osm:way/1222984613","name":null,"category":"park","subtype":"leisure=park","source":"osm"}},{"type":"Feature","geometry":{"type":"Point","coordinates":[72.787612,19.2824]},"properties":{"id":"osm:way/1223210251","name":null,"category":"park","subtype":"leisure=park","source":"osm"}},{"type":"Feature","geometry":{"type":"Point","coordinates":[72.797622,19.273634]},"properties":{"id":"osm:way/1223221576","name":null,"category":"park","subtype":"leisure=park","source":"osm"}},{"type":"Feature","geometry":{"type":"Point","coordinates":[72.79829,19.279993]},"properties":{"id":"osm:way/1223225522","name":null,"category":"park","subtype":"leisure=park","source":"osm"}},{"type":"Feature","geometry":{"type":"Point","coordinates":[72.795553,19.266364]},"properties":{"id":"osm:way/1223408585","name":null,"category":"park","subtype":"leisure=park","source":"osm"}},{"type":"Feature","geometry":{"type":"Point","coordinates":[72.798415,19.26909]},"properties":{"id":"osm:way/1223408586","name":null,"category":"park","subtype":"leisure=park","source":"osm"}},{"type":"Feature","geometry":{"type":"Point","coordinates":[72.850556,19.26158]},"properties":{"id":"osm:way/1223484697","name":null,"category":"park","subtype":"leisure=park","source":"osm"}},{"type":"Feature","geometry":{"type":"Point","coordinates":[72.854668,19.259532]},"properties":{"id":"osm:way/1223484699","name":null,"category":"park","subtype":"leisure=park","source":"osm"}},{"type":"Feature","geometry":{"type":"Point","coordinates":[72.851225,19.259559]},"properties":{"id":"osm:way/1223484700","name":null,"category":"park","subtype":"leisure=park","source":"osm"}},{"type":"Feature","geometry":{"type":"Point","coordinates":[72.855623,19.261188]},"properties":{"id":"osm:way/1223485227","name":null,"category":"park","subtype":"leisure=garden","source":"osm"}},{"type":"Feature","geometry":{"type":"Point","coordinates":[72.856103,19.259927]},"properties":{"id":"osm:way/1223485228","name":null,"category":"park","subtype":"leisure=park","source":"osm"}},{"type":"Feature","geometry":{"type":"Point","coordinates":[72.861186,19.259786]},"properties":{"id":"osm:way/1223499523","name":null,"category":"park","subtype":"leisure=park","source":"osm"}},{"type":"Feature","geometry":{"type":"Point","coordinates":[72.86051,19.263091]},"properties":{"id":"osm:way/1223499524","name":null,"category":"park","subtype":"leisure=park","source":"osm"}},{"type":"Feature","geometry":{"type":"Point","coordinates":[72.86087,19.262245]},"properties":{"id":"osm:way/1223499530","name":null,"category":"park","subtype":"leisure=garden","source":"osm"}},{"type":"Feature","geometry":{"type":"Point","coordinates":[72.861029,19.261795]},"properties":{"id":"osm:way/1223499531","name":null,"category":"park","subtype":"leisure=park","source":"osm"}},{"type":"Feature","geometry":{"type":"Point","coordinates":[72.860245,19.261043]},"properties":{"id":"osm:way/1223499536","name":null,"category":"park","subtype":"leisure=garden","source":"osm"}},{"type":"Feature","geometry":{"type":"Point","coordinates":[72.860664,19.259779]},"properties":{"id":"osm:way/1223499553","name":null,"category":"park","subtype":"leisure=garden","source":"osm"}},{"type":"Feature","geometry":{"type":"Point","coordinates":[72.859636,19.260952]},"properties":{"id":"osm:way/1223499557","name":null,"category":"park","subtype":"leisure=garden","source":"osm"}},{"type":"Feature","geometry":{"type":"Point","coordinates":[72.887445,19.268757]},"properties":{"id":"osm:way/1223552064","name":null,"category":"park","subtype":"leisure=park","source":"osm"}},{"type":"Feature","geometry":{"type":"Point","coordinates":[72.884195,19.269009]},"properties":{"id":"osm:way/1223552086","name":null,"category":"park","subtype":"leisure=park","source":"osm"}},{"type":"Feature","geometry":{"type":"Point","coordinates":[72.869894,19.273285]},"properties":{"id":"osm:way/1223569887","name":null,"category":"park","subtype":"leisure=park","source":"osm"}},{"type":"Feature","geometry":{"type":"Point","coordinates":[72.867382,19.274331]},"properties":{"id":"osm:way/1223569888","name":null,"category":"park","subtype":"leisure=park","source":"osm"}},{"type":"Feature","geometry":{"type":"Point","coordinates":[72.868461,19.27344]},"properties":{"id":"osm:way/1223570339","name":null,"category":"park","subtype":"leisure=garden","source":"osm"}},{"type":"Feature","geometry":{"type":"Point","coordinates":[72.87151,19.271991]},"properties":{"id":"osm:way/1223585640","name":null,"category":"park","subtype":"leisure=garden","source":"osm"}},{"type":"Feature","geometry":{"type":"Point","coordinates":[72.870672,19.271061]},"properties":{"id":"osm:way/1223585643","name":null,"category":"park","subtype":"leisure=garden","source":"osm"}},{"type":"Feature","geometry":{"type":"Point","coordinates":[72.872263,19.274002]},"properties":{"id":"osm:way/1223585648","name":null,"category":"park","subtype":"leisure=park","source":"osm"}},{"type":"Feature","geometry":{"type":"Point","coordinates":[72.871861,19.270234]},"properties":{"id":"osm:way/1223585653","name":null,"category":"park","subtype":"leisure=park","source":"osm"}},{"type":"Feature","geometry":{"type":"Point","coordinates":[72.869175,19.27066]},"properties":{"id":"osm:way/1223585655","name":null,"category":"park","subtype":"leisure=park","source":"osm"}},{"type":"Feature","geometry":{"type":"Point","coordinates":[72.868559,19.271595]},"properties":{"id":"osm:way/1223585664","name":null,"category":"park","subtype":"leisure=park","source":"osm"}},{"type":"Feature","geometry":{"type":"Point","coordinates":[72.87124,19.276193]},"properties":{"id":"osm:way/1223704367","name":null,"category":"park","subtype":"leisure=park","source":"osm"}},{"type":"Feature","geometry":{"type":"Point","coordinates":[72.877143,19.26175]},"properties":{"id":"osm:way/1223729982","name":null,"category":"park","subtype":"leisure=park","source":"osm"}},{"type":"Feature","geometry":{"type":"Point","coordinates":[72.873465,19.263745]},"properties":{"id":"osm:way/1223729991","name":null,"category":"park","subtype":"leisure=garden","source":"osm"}},{"type":"Feature","geometry":{"type":"Point","coordinates":[72.880268,19.266403]},"properties":{"id":"osm:way/1223740931","name":null,"category":"park","subtype":"leisure=park","source":"osm","operator":"Sanghvi Builders"}},{"type":"Feature","geometry":{"type":"Point","coordinates":[72.856933,19.286448]},"properties":{"id":"osm:way/1223746974","name":null,"category":"park","subtype":"leisure=park","source":"osm"}},{"type":"Feature","geometry":{"type":"Point","coordinates":[72.860269,19.289468]},"properties":{"id":"osm:way/1223749853","name":null,"category":"park","subtype":"leisure=garden","source":"osm"}},{"type":"Feature","geometry":{"type":"Point","coordinates":[72.85916,19.290154]},"properties":{"id":"osm:way/1223749855","name":null,"category":"park","subtype":"leisure=garden","source":"osm"}},{"type":"Feature","geometry":{"type":"Point","coordinates":[72.891486,19.275403]},"properties":{"id":"osm:way/1223788236","name":null,"category":"park","subtype":"leisure=park","source":"osm"}},{"type":"Feature","geometry":{"type":"Point","coordinates":[72.890496,19.278928]},"properties":{"id":"osm:way/1223788260","name":null,"category":"park","subtype":"leisure=park","source":"osm"}},{"type":"Feature","geometry":{"type":"Point","coordinates":[72.890707,19.279556]},"properties":{"id":"osm:way/1223789672","name":null,"category":"park","subtype":"leisure=garden","source":"osm"}},{"type":"Feature","geometry":{"type":"Point","coordinates":[72.886232,19.275678]},"properties":{"id":"osm:way/1223819759","name":null,"category":"park","subtype":"leisure=garden","source":"osm"}},{"type":"Feature","geometry":{"type":"Point","coordinates":[72.886416,19.276921]},"properties":{"id":"osm:way/1223819780","name":null,"category":"park","subtype":"leisure=garden","source":"osm"}},{"type":"Feature","geometry":{"type":"Point","coordinates":[72.887492,19.276377]},"properties":{"id":"osm:way/1223819790","name":null,"category":"park","subtype":"leisure=garden","source":"osm"}},{"type":"Feature","geometry":{"type":"Point","coordinates":[72.884284,19.27734]},"properties":{"id":"osm:way/1223822746","name":null,"category":"park","subtype":"leisure=park","source":"osm"}},{"type":"Feature","geometry":{"type":"Point","coordinates":[72.882645,19.278755]},"properties":{"id":"osm:way/1223822748","name":null,"category":"park","subtype":"leisure=garden","source":"osm"}},{"type":"Feature","geometry":{"type":"Point","coordinates":[72.875199,19.279632]},"properties":{"id":"osm:way/1223826423","name":null,"category":"park","subtype":"leisure=park","source":"osm"}},{"type":"Feature","geometry":{"type":"Point","coordinates":[72.882319,19.279439]},"properties":{"id":"osm:way/1223828847","name":null,"category":"park","subtype":"leisure=park","source":"osm"}},{"type":"Feature","geometry":{"type":"Point","coordinates":[72.879788,19.279634]},"properties":{"id":"osm:way/1223828849","name":null,"category":"park","subtype":"leisure=garden","source":"osm"}},{"type":"Feature","geometry":{"type":"Point","coordinates":[72.880779,19.278429]},"properties":{"id":"osm:way/1223829259","name":null,"category":"park","subtype":"leisure=park","source":"osm"}},{"type":"Feature","geometry":{"type":"Point","coordinates":[72.873523,19.271618]},"properties":{"id":"osm:way/1223835257","name":null,"category":"park","subtype":"leisure=park","source":"osm"}},{"type":"Feature","geometry":{"type":"Point","coordinates":[72.87268,19.27202]},"properties":{"id":"osm:way/1223835258","name":null,"category":"park","subtype":"leisure=park","source":"osm"}},{"type":"Feature","geometry":{"type":"Point","coordinates":[72.873532,19.272995]},"properties":{"id":"osm:way/1223835263","name":null,"category":"park","subtype":"leisure=park","source":"osm"}},{"type":"Feature","geometry":{"type":"Point","coordinates":[72.885318,19.272623]},"properties":{"id":"osm:way/1223836747","name":null,"category":"park","subtype":"leisure=garden","source":"osm"}},{"type":"Feature","geometry":{"type":"Point","coordinates":[72.877609,19.271667]},"properties":{"id":"osm:way/1223845754","name":null,"category":"park","subtype":"leisure=garden","source":"osm"}},{"type":"Feature","geometry":{"type":"Point","coordinates":[72.85254,19.178196]},"properties":{"id":"osm:way/1232325612","name":"Mahindra Nagar Ground","category":"park","subtype":"leisure=park","source":"osm","opening_hours":"sunrise-sunset","description":"Playing Ground"}},{"type":"Feature","geometry":{"type":"Point","coordinates":[72.850912,19.176914]},"properties":{"id":"osm:way/1232325865","name":"Sanjay Gandhi Playing Ground","category":"park","subtype":"leisure=park","source":"osm","description":"Playing Ground"}},{"type":"Feature","geometry":{"type":"Point","coordinates":[72.911593,19.083489]},"properties":{"id":"osm:way/1232326649","name":"Pantnagar Garden","category":"park","subtype":"leisure=park","source":"osm"}},{"type":"Feature","geometry":{"type":"Point","coordinates":[72.902189,19.07686]},"properties":{"id":"osm:way/1232327567","name":"RAJAWADI GARDEN","category":"park","subtype":"leisure=park","source":"osm","opening_hours":"sunrise-sunset","operator":"BMC"}},{"type":"Feature","geometry":{"type":"Point","coordinates":[72.849369,19.252652]},"properties":{"id":"osm:way/1236485060","name":"rodrigues ground","category":"park","subtype":"leisure=park","source":"osm"}},{"type":"Feature","geometry":{"type":"Point","coordinates":[72.821691,19.058631]},"properties":{"id":"osm:way/1236536855","name":null,"category":"park","subtype":"leisure=garden","source":"osm"}},{"type":"Feature","geometry":{"type":"Point","coordinates":[72.925159,19.036863]},"properties":{"id":"osm:way/1239406336","name":"Homi Bhabha Park","category":"park","subtype":"leisure=park","source":"osm","opening_hours":"24/7","operator":"DCSEM"}},{"type":"Feature","geometry":{"type":"Point","coordinates":[72.862183,19.239368]},"properties":{"id":"osm:way/1245281010","name":"Ratan Nagar Garden","category":"park","subtype":"leisure=park","source":"osm"}},{"type":"Feature","geometry":{"type":"Point","coordinates":[72.860943,19.284037]},"properties":{"id":"osm:way/1247073289","name":"desi park","category":"park","subtype":"leisure=park","source":"osm","opening_hours":"Mo-Sa 07:00-20:00","operator":"desi"}},{"type":"Feature","geometry":{"type":"Point","coordinates":[72.842497,19.011576]},"properties":{"id":"osm:way/1247541998","name":"SHINDEWADI  GROUND","category":"park","subtype":"leisure=park","source":"osm","opening_hours":"24/7"}},{"type":"Feature","geometry":{"type":"Point","coordinates":[72.857617,19.309155]},"properties":{"id":"osm:way/1247545725","name":"Khari Talao Garden","category":"park","subtype":"leisure=park","source":"osm","operator":"Municipalty"}},{"type":"Feature","geometry":{"type":"Point","coordinates":[72.99026,19.228964]},"properties":{"id":"osm:way/1249183945","name":"Reed Garden","category":"park","subtype":"leisure=garden","source":"osm"}},{"type":"Feature","geometry":{"type":"Point","coordinates":[72.989591,19.228894]},"properties":{"id":"osm:way/1249183946","name":null,"category":"park","subtype":"leisure=garden","source":"osm"}},{"type":"Feature","geometry":{"type":"Point","coordinates":[72.989697,19.228481]},"properties":{"id":"osm:way/1249183947","name":"Fern Garden","category":"park","subtype":"leisure=garden","source":"osm"}},{"type":"Feature","geometry":{"type":"Point","coordinates":[72.990213,19.228623]},"properties":{"id":"osm:way/1249183948","name":"Moroccan Garden","category":"park","subtype":"leisure=garden","source":"osm"}},{"type":"Feature","geometry":{"type":"Point","coordinates":[72.989968,19.229018]},"properties":{"id":"osm:way/1249183949","name":"Japanese Garden","category":"park","subtype":"leisure=garden","source":"osm"}},{"type":"Feature","geometry":{"type":"Point","coordinates":[72.989748,19.228706]},"properties":{"id":"osm:way/1249183950","name":"Chinese Garden","category":"park","subtype":"leisure=garden","source":"osm"}},{"type":"Feature","geometry":{"type":"Point","coordinates":[72.989985,19.22869]},"properties":{"id":"osm:way/1249183951","name":"Mughal Garden","category":"park","subtype":"leisure=garden","source":"osm"}},{"type":"Feature","geometry":{"type":"Point","coordinates":[72.989889,19.228831]},"properties":{"id":"osm:way/1249183969","name":"Theme Gardens","category":"park","subtype":"leisure=garden","source":"osm"}},{"type":"Feature","geometry":{"type":"Point","coordinates":[73.019714,19.025458]},"properties":{"id":"osm:way/1259091511","name":null,"category":"park","subtype":"leisure=park","source":"osm"}},{"type":"Feature","geometry":{"type":"Point","coordinates":[73.019504,19.025779]},"properties":{"id":"osm:way/1259091512","name":null,"category":"park","subtype":"leisure=park","source":"osm"}},{"type":"Feature","geometry":{"type":"Point","coordinates":[72.932412,19.041246]},"properties":{"id":"osm:way/1259152409","name":"Hemant Park","category":"park","subtype":"leisure=park","source":"osm","opening_hours":"24/7","access":"yes","description":"Public Park for Hemant Residential Building. Open for all, 24/7 access."}},{"type":"Feature","geometry":{"type":"Point","coordinates":[72.933394,19.040053]},"properties":{"id":"osm:way/1259161738","name":"Dispensary Garden","category":"park","subtype":"leisure=park","source":"osm","opening_hours":"24/7","access":"yes"}},{"type":"Feature","geometry":{"type":"Point","coordinates":[72.934217,19.041005]},"properties":{"id":"osm:way/1259164685","name":"Varsha Ground","category":"park","subtype":"leisure=park","source":"osm","opening_hours":"24/7"}},{"type":"Feature","geometry":{"type":"Point","coordinates":[72.933234,19.038971]},"properties":{"id":"osm:way/1259166593","name":"A.E.C.S. 5 Playground","category":"park","subtype":"leisure=park","source":"osm","opening_hours":"24/7"}},{"type":"Feature","geometry":{"type":"Point","coordinates":[72.931719,19.039146]},"properties":{"id":"osm:way/1259175044","name":"Sharavati Ground","category":"park","subtype":"leisure=park","source":"osm","opening_hours":"24/7","access":"yes"}},{"type":"Feature","geometry":{"type":"Point","coordinates":[72.932437,19.039021]},"properties":{"id":"osm:way/1259176949","name":null,"category":"park","subtype":"leisure=park","source":"osm"}},{"type":"Feature","geometry":{"type":"Point","coordinates":[72.933939,19.03887]},"properties":{"id":"osm:way/1259180435","name":"Parijat Ground","category":"park","subtype":"leisure=park","source":"osm","opening_hours":"24/7"}},{"type":"Feature","geometry":{"type":"Point","coordinates":[72.934795,19.038729]},"properties":{"id":"osm:way/1259195683","name":"Rajnigandha Ground","category":"park","subtype":"leisure=park","source":"osm","opening_hours":"24/7"}},{"type":"Feature","geometry":{"type":"Point","coordinates":[72.93467,19.037957]},"properties":{"id":"osm:way/1259197170","name":"Kamal Ground","category":"park","subtype":"leisure=park","source":"osm","opening_hours":"24/7"}},{"type":"Feature","geometry":{"type":"Point","coordinates":[72.955401,19.160965]},"properties":{"id":"osm:way/1260615524","name":null,"category":"park","subtype":"leisure=garden","source":"osm"}},{"type":"Feature","geometry":{"type":"Point","coordinates":[72.890405,19.029598]},"properties":{"id":"osm:way/1265759258","name":"Acharya Sharad Narayan Udyan","category":"park","subtype":"leisure=park","source":"osm","operator":"Brihanmumbai Municipal Corporation"}},{"type":"Feature","geometry":{"type":"Point","coordinates":[72.889876,19.029512]},"properties":{"id":"osm:way/1265759259","name":"bmc park","category":"park","subtype":"leisure=park","source":"osm","operator":"brihanmumbai Municipal Corporation"}},{"type":"Feature","geometry":{"type":"Point","coordinates":[72.890893,19.031737]},"properties":{"id":"osm:way/1265759260","name":"Mysore Colony Central Garden","category":"park","subtype":"leisure=park","source":"osm","operator":"MCHS Managing Commitee"}},{"type":"Feature","geometry":{"type":"Point","coordinates":[72.888993,19.031093]},"properties":{"id":"osm:way/1265759325","name":"BMC PARK","category":"park","subtype":"leisure=park","source":"osm","operator":"Brihanmumbai Municipality Corporation"}},{"type":"Feature","geometry":{"type":"Point","coordinates":[72.892781,19.032164]},"properties":{"id":"osm:way/1265759326","name":"Mysore colony eastern park","category":"park","subtype":"leisure=park","source":"osm","operator":"MCHS Managing Committee"}},{"type":"Feature","geometry":{"type":"Point","coordinates":[73.011799,19.026336]},"properties":{"id":"osm:way/1270054492","name":"Jewels, Navi Mumbai","category":"park","subtype":"leisure=park","source":"osm"}},{"type":"Feature","geometry":{"type":"Point","coordinates":[72.997829,19.162345]},"properties":{"id":"osm:way/1279270229","name":null,"category":"park","subtype":"leisure=park","source":"osm"}},{"type":"Feature","geometry":{"type":"Point","coordinates":[72.829524,18.933693]},"properties":{"id":"osm:way/1288957913","name":"Cross Maidan Garden","category":"park","subtype":"leisure=park","source":"osm","operator":"BMC"}},{"type":"Feature","geometry":{"type":"Point","coordinates":[72.811954,18.978452]},"properties":{"id":"osm:way/1289073488","name":"Lala Lajpat Rai Park","category":"park","subtype":"leisure=park","source":"osm"}},{"type":"Feature","geometry":{"type":"Point","coordinates":[72.829032,19.045579]},"properties":{"id":"osm:way/1289185535","name":null,"category":"park","subtype":"leisure=garden","source":"osm"}},{"type":"Feature","geometry":{"type":"Point","coordinates":[72.822333,19.07025]},"properties":{"id":"osm:way/1297868323","name":"Union Park","category":"park","subtype":"leisure=park","source":"osm"}},{"type":"Feature","geometry":{"type":"Point","coordinates":[72.87983,19.265679]},"properties":{"id":"osm:way/1302414170","name":null,"category":"park","subtype":"leisure=park","source":"osm"}},{"type":"Feature","geometry":{"type":"Point","coordinates":[72.972948,19.173786]},"properties":{"id":"osm:way/1308852076","name":"Kaveri Vrundawan","category":"park","subtype":"leisure=park","source":"osm","access":"private"}},{"type":"Feature","geometry":{"type":"Point","coordinates":[73.00906,18.966296]},"properties":{"id":"osm:way/1310990253","name":null,"category":"park","subtype":"leisure=garden","source":"osm"}},{"type":"Feature","geometry":{"type":"Point","coordinates":[73.006963,18.966356]},"properties":{"id":"osm:way/1310990255","name":null,"category":"park","subtype":"leisure=garden","source":"osm"}},{"type":"Feature","geometry":{"type":"Point","coordinates":[73.013824,19.01803]},"properties":{"id":"osm:way/1311209837","name":null,"category":"park","subtype":"leisure=park","source":"osm"}},{"type":"Feature","geometry":{"type":"Point","coordinates":[72.823606,19.054373]},"properties":{"id":"osm:way/1311295550","name":null,"category":"park","subtype":"leisure=park","source":"osm"}},{"type":"Feature","geometry":{"type":"Point","coordinates":[72.966033,19.170309]},"properties":{"id":"osm:way/1325271004","name":"Nana Nani park","category":"park","subtype":"leisure=park","source":"osm"}},{"type":"Feature","geometry":{"type":"Point","coordinates":[72.947726,19.179286]},"properties":{"id":"osm:way/1330126866","name":null,"category":"park","subtype":"leisure=park","source":"osm"}},{"type":"Feature","geometry":{"type":"Point","coordinates":[72.907083,19.083239]},"properties":{"id":"osm:way/1330621916","name":"Jaswantrai Mehta Udyan","category":"park","subtype":"leisure=park","source":"osm"}},{"type":"Feature","geometry":{"type":"Point","coordinates":[72.905209,19.083634]},"properties":{"id":"osm:way/1330621918","name":null,"category":"park","subtype":"leisure=garden","source":"osm"}},{"type":"Feature","geometry":{"type":"Point","coordinates":[72.871633,19.135018]},"properties":{"id":"osm:way/1330724364","name":"Matoshree Minatai Thakrey Shilpgram","category":"park","subtype":"leisure=park","source":"osm"}},{"type":"Feature","geometry":{"type":"Point","coordinates":[72.837988,19.227785]},"properties":{"id":"osm:way/1340730635","name":null,"category":"park","subtype":"leisure=park","source":"osm"}},{"type":"Feature","geometry":{"type":"Point","coordinates":[72.852754,19.080294]},"properties":{"id":"osm:way/1341468166","name":"St.Charles Playground","category":"park","subtype":"leisure=park","source":"osm","opening_hours":"Mo-Sa 08:00-20:00","access":"private","operator":"Government playground"}},{"type":"Feature","geometry":{"type":"Point","coordinates":[72.848649,19.081103]},"properties":{"id":"osm:way/1341470187","name":"Anand Nagar Garden","category":"park","subtype":"leisure=park","source":"osm","opening_hours":"Mo-Su 06:00-22:00","operator":"BMC"}},{"type":"Feature","geometry":{"type":"Point","coordinates":[72.867309,19.242108]},"properties":{"id":"osm:way/1341471445","name":"Aaji Ajoba Udyan","category":"park","subtype":"leisure=park","source":"osm","opening_hours":"Mo-Fr 08:00-17:00","operator":"BMC"}},{"type":"Feature","geometry":{"type":"Point","coordinates":[72.81974,18.983874]},"properties":{"id":"osm:way/1341472135","name":"Racecourse Ground","category":"park","subtype":"leisure=park","source":"osm","opening_hours":"Mo-Su 08:00-22:00","operator":"mahalaxmi"}},{"type":"Feature","geometry":{"type":"Point","coordinates":[72.836363,19.139746]},"properties":{"id":"osm:way/1341473109","name":"Common Ground","category":"park","subtype":"leisure=park","source":"osm","opening_hours":"Mo-Fr 09:00-17:00","operator":"BMC"}},{"type":"Feature","geometry":{"type":"Point","coordinates":[72.832547,19.217756]},"properties":{"id":"osm:way/1341927004","name":null,"category":"park","subtype":"leisure=park","source":"osm"}},{"type":"Feature","geometry":{"type":"Point","coordinates":[72.876319,19.179478]},"properties":{"id":"osm:way/1342073695","name":"Raheja Garden","category":"park","subtype":"leisure=park","source":"osm"}},{"type":"Feature","geometry":{"type":"Point","coordinates":[72.888988,19.031167]},"properties":{"id":"osm:way/1349066763","name":"global park","category":"park","subtype":"leisure=park","source":"osm","opening_hours":"Mo-Sa 07:00-20:00","operator":"BMC"}},{"type":"Feature","geometry":{"type":"Point","coordinates":[72.831453,19.226283]},"properties":{"id":"osm:way/1349792273","name":"Gorai Udyan","category":"park","subtype":"leisure=park","source":"osm","operator":"Brihanmumbai Mahanagar Palika"}},{"type":"Feature","geometry":{"type":"Point","coordinates":[72.960206,19.224655]},"properties":{"id":"osm:way/1352853127","name":"Surya Garden","category":"park","subtype":"leisure=park","source":"osm"}},{"type":"Feature","geometry":{"type":"Point","coordinates":[72.844193,19.028377]},"properties":{"id":"osm:way/1354879489","name":"Dnyaneshwar Udhyodhan Park","category":"park","subtype":"leisure=park","source":"osm","opening_hours":"Mo-Sa 08:00-20:00"}},{"type":"Feature","geometry":{"type":"Point","coordinates":[72.845728,19.029487]},"properties":{"id":"osm:way/1354880129","name":"Dyaneshwar Udhyodhan Park","category":"park","subtype":"leisure=park","source":"osm","opening_hours":"Mo-Su 07:00-22:00","operator":"Brihamumbai Nagarpalika"}},{"type":"Feature","geometry":{"type":"Point","coordinates":[72.855255,19.146501]},"properties":{"id":"osm:way/1354880442","name":"silver meadows","category":"park","subtype":"leisure=park","source":"osm"}},{"type":"Feature","geometry":{"type":"Point","coordinates":[72.864079,19.108329]},"properties":{"id":"osm:way/1354903440","name":null,"category":"park","subtype":"leisure=park","source":"osm"}},{"type":"Feature","geometry":{"type":"Point","coordinates":[72.867573,19.047085]},"properties":{"id":"osm:way/1355446083","name":"Mahatma Gandhi Udyan","category":"park","subtype":"leisure=park","source":"osm","opening_hours":"Mo-Sa 08:00-20:00","operator":"MCGC"}},{"type":"Feature","geometry":{"type":"Point","coordinates":[72.844065,18.998358]},"properties":{"id":"osm:way/1356569478","name":null,"category":"park","subtype":"leisure=park","source":"osm"}},{"type":"Feature","geometry":{"type":"Point","coordinates":[72.830984,19.112104]},"properties":{"id":"osm:way/1356803745","name":"Kaifi Azmi Park","category":"park","subtype":"leisure=park","source":"osm","operator":"Municipal Corporation of Greater Mumbai"}},{"type":"Feature","geometry":{"type":"Point","coordinates":[72.99531,19.083642]},"properties":{"id":"osm:way/1360694681","name":"OPEN GYM","category":"park","subtype":"leisure=park","source":"osm"}},{"type":"Feature","geometry":{"type":"Point","coordinates":[72.915687,19.134369]},"properties":{"id":"osm:way/1366187569","name":null,"category":"park","subtype":"leisure=garden","source":"osm"}},{"type":"Feature","geometry":{"type":"Point","coordinates":[72.824251,19.051991]},"properties":{"id":"osm:way/1370700238","name":"Madhukar Kulkarni Garden","category":"park","subtype":"leisure=park","source":"osm","opening_hours":"Mo-Fr 05:00-13:00,15:00-22:00; Sa-Su 05:00-22:00; PH 05:00-22:00","fee":"no","access":"yes","operator":"BMC"}},{"type":"Feature","geometry":{"type":"Point","coordinates":[72.854063,19.048726]},"properties":{"id":"osm:way/1373612991","name":"Garden of Festivities","category":"park","subtype":"leisure=park","source":"osm","access":"permissive","operator":"Dharavi Koli Jamat"}},{"type":"Feature","geometry":{"type":"Point","coordinates":[72.840162,19.042338]},"properties":{"id":"osm:way/1381366791","name":null,"category":"park","subtype":"leisure=garden","source":"osm"}},{"type":"Feature","geometry":{"type":"Point","coordinates":[72.860752,19.271996]},"properties":{"id":"osm:way/1382352367","name":"Swapnadeep garden","category":"park","subtype":"leisure=garden","source":"osm","access":"private"}},{"type":"Feature","geometry":{"type":"Point","coordinates":[72.859431,19.273198]},"properties":{"id":"osm:way/1382488970","name":null,"category":"park","subtype":"leisure=park","source":"osm"}},{"type":"Feature","geometry":{"type":"Point","coordinates":[72.864065,19.271953]},"properties":{"id":"osm:way/1382531643","name":"Rani Laksmibai Udyan","category":"park","subtype":"leisure=park","source":"osm"}},{"type":"Feature","geometry":{"type":"Point","coordinates":[72.863258,19.272922]},"properties":{"id":"osm:way/1382531647","name":null,"category":"park","subtype":"leisure=garden","source":"osm"}},{"type":"Feature","geometry":{"type":"Point","coordinates":[72.832335,18.925397]},"properties":{"id":"osm:way/1382534682","name":"Wellington Fountain","category":"park","subtype":"leisure=garden","source":"osm"}},{"type":"Feature","geometry":{"type":"Point","coordinates":[72.853943,19.047984]},"properties":{"id":"osm:way/1382535720","name":"Jai Machindranath Mitra Mandal","category":"park","subtype":"leisure=park","source":"osm"}},{"type":"Feature","geometry":{"type":"Point","coordinates":[72.86,19.273667]},"properties":{"id":"osm:way/1382622425","name":null,"category":"park","subtype":"leisure=garden","source":"osm"}},{"type":"Feature","geometry":{"type":"Point","coordinates":[72.863344,19.274735]},"properties":{"id":"osm:way/1382715841","name":"Sector-9 Ground","category":"park","subtype":"leisure=park","source":"osm"}},{"type":"Feature","geometry":{"type":"Point","coordinates":[72.864481,19.276574]},"properties":{"id":"osm:way/1382744504","name":"Sector 8 ground","category":"park","subtype":"leisure=park","source":"osm"}},{"type":"Feature","geometry":{"type":"Point","coordinates":[72.863871,19.276293]},"properties":{"id":"osm:way/1382934734","name":null,"category":"park","subtype":"leisure=park","source":"osm"}},{"type":"Feature","geometry":{"type":"Point","coordinates":[72.863,19.277587]},"properties":{"id":"osm:way/1382952644","name":"Sector-7 ground","category":"park","subtype":"leisure=park","source":"osm"}},{"type":"Feature","geometry":{"type":"Point","coordinates":[72.861187,19.275866]},"properties":{"id":"osm:way/1383233059","name":"Sector-10 Ground","category":"park","subtype":"leisure=park","source":"osm"}},{"type":"Feature","geometry":{"type":"Point","coordinates":[72.858877,19.278021]},"properties":{"id":"osm:way/1383776109","name":"Yogiji Maharaj Udyan","category":"park","subtype":"leisure=park","source":"osm"}},{"type":"Feature","geometry":{"type":"Point","coordinates":[72.860219,19.277078]},"properties":{"id":"osm:way/1383776133","name":"Sachidanand Maharj Udyan","category":"park","subtype":"leisure=park","source":"osm"}},{"type":"Feature","geometry":{"type":"Point","coordinates":[72.859357,19.277097]},"properties":{"id":"osm:way/1383776135","name":"Thagiji Maharaj Udyan","category":"park","subtype":"leisure=park","source":"osm"}},{"type":"Feature","geometry":{"type":"Point","coordinates":[72.863798,19.299832]},"properties":{"id":"osm:way/1384405016","name":null,"category":"park","subtype":"leisure=garden","source":"osm"}},{"type":"Feature","geometry":{"type":"Point","coordinates":[72.864131,19.30015]},"properties":{"id":"osm:way/1384408319","name":null,"category":"park","subtype":"leisure=garden","source":"osm"}},{"type":"Feature","geometry":{"type":"Point","coordinates":[72.860547,19.277312]},"properties":{"id":"osm:way/1384662195","name":null,"category":"park","subtype":"leisure=park","source":"osm"}},{"type":"Feature","geometry":{"type":"Point","coordinates":[72.8606,19.277673]},"properties":{"id":"osm:way/1384662196","name":null,"category":"park","subtype":"leisure=park","source":"osm"}},{"type":"Feature","geometry":{"type":"Point","coordinates":[72.824694,19.104981]},"properties":{"id":"osm:way/1387274682","name":"Birla Garden","category":"park","subtype":"leisure=park","source":"osm"}},{"type":"Feature","geometry":{"type":"Point","coordinates":[72.83932,19.101598]},"properties":{"id":"osm:way/1387383765","name":null,"category":"park","subtype":"leisure=garden","source":"osm","fee":"no"}},{"type":"Feature","geometry":{"type":"Point","coordinates":[72.963209,19.192543]},"properties":{"id":"osm:way/1387674199","name":null,"category":"park","subtype":"leisure=park","source":"osm"}},{"type":"Feature","geometry":{"type":"Point","coordinates":[72.967617,19.176129]},"properties":{"id":"osm:way/1387774667","name":null,"category":"park","subtype":"leisure=park","source":"osm"}},{"type":"Feature","geometry":{"type":"Point","coordinates":[72.931819,19.167468]},"properties":{"id":"osm:way/1388040420","name":null,"category":"park","subtype":"leisure=garden","source":"osm"}},{"type":"Feature","geometry":{"type":"Point","coordinates":[72.932314,19.171057]},"properties":{"id":"osm:way/1388424955","name":null,"category":"park","subtype":"leisure=park","source":"osm"}},{"type":"Feature","geometry":{"type":"Point","coordinates":[72.96663,19.18114]},"properties":{"id":"osm:way/1388748291","name":null,"category":"park","subtype":"leisure=park","source":"osm"}},{"type":"Feature","geometry":{"type":"Point","coordinates":[72.966418,19.180135]},"properties":{"id":"osm:way/1388751899","name":null,"category":"park","subtype":"leisure=park","source":"osm"}},{"type":"Feature","geometry":{"type":"Point","coordinates":[72.835408,19.062288]},"properties":{"id":"osm:way/1388813516","name":"Nilgiri Park","category":"park","subtype":"leisure=park","source":"osm","opening_hours":"Mo-Sa 05:00-13:00,15:00-22:00; Su 05:00-22:00; PH 05:00-22:00","access":"yes","operator":"BMC"}},{"type":"Feature","geometry":{"type":"Point","coordinates":[72.999541,19.110156]},"properties":{"id":"osm:way/1391308866","name":null,"category":"park","subtype":"leisure=park","source":"osm"}},{"type":"Feature","geometry":{"type":"Point","coordinates":[72.859256,19.279901]},"properties":{"id":"osm:way/1393743745","name":null,"category":"park","subtype":"leisure=park","source":"osm"}},{"type":"Feature","geometry":{"type":"Point","coordinates":[72.858691,19.279663]},"properties":{"id":"osm:way/1393743747","name":null,"category":"park","subtype":"leisure=park","source":"osm"}},{"type":"Feature","geometry":{"type":"Point","coordinates":[72.858846,19.280586]},"properties":{"id":"osm:way/1393743750","name":"Minatai Balasaheb Thackeray Garden","category":"park","subtype":"leisure=park","source":"osm","fee":"no","access":"yes"}},{"type":"Feature","geometry":{"type":"Point","coordinates":[72.854637,19.046221]},"properties":{"id":"osm:way/1394097473","name":"Lejhim Maidan","category":"park","subtype":"leisure=park","source":"osm","access":"yes"}},{"type":"Feature","geometry":{"type":"Point","coordinates":[72.853828,19.046424]},"properties":{"id":"osm:way/1394136080","name":"Jai Shree Ganesh Mitra Mandal","category":"park","subtype":"leisure=park","source":"osm"}},{"type":"Feature","geometry":{"type":"Point","coordinates":[72.854629,19.047899]},"properties":{"id":"osm:way/1394136082","name":"Sagar Tarun Mitra Mandal","category":"park","subtype":"leisure=park","source":"osm"}},{"type":"Feature","geometry":{"type":"Point","coordinates":[72.861457,19.281192]},"properties":{"id":"osm:way/1394537333","name":"Nana Nani Park Udyan","category":"park","subtype":"leisure=park","source":"osm"}},{"type":"Feature","geometry":{"type":"Point","coordinates":[72.860812,19.280834]},"properties":{"id":"osm:way/1394537357","name":"Sector-4 Park","category":"park","subtype":"leisure=park","source":"osm"}},{"type":"Feature","geometry":{"type":"Point","coordinates":[72.861541,19.279265]},"properties":{"id":"osm:way/1394904911","name":"Pramukh Swami Maharaja Park","category":"park","subtype":"leisure=park","source":"osm"}},{"type":"Feature","geometry":{"type":"Point","coordinates":[72.861723,19.278974]},"properties":{"id":"osm:way/1394904916","name":"Sector-3 park","category":"park","subtype":"leisure=park","source":"osm"}},{"type":"Feature","geometry":{"type":"Point","coordinates":[72.863021,19.281755]},"properties":{"id":"osm:way/1395746731","name":"Sector-5 Park","category":"park","subtype":"leisure=park","source":"osm"}},{"type":"Feature","geometry":{"type":"Point","coordinates":[72.863303,19.281914]},"properties":{"id":"osm:way/1395747957","name":"Sardar Vallabhbhai Patel Garden And Maidaan","category":"park","subtype":"leisure=park","source":"osm"}},{"type":"Feature","geometry":{"type":"Point","coordinates":[72.863897,19.280244]},"properties":{"id":"osm:way/1396245691","name":"United Sports Club Ground","category":"park","subtype":"leisure=park","source":"osm"}},{"type":"Feature","geometry":{"type":"Point","coordinates":[72.862725,19.280441]},"properties":{"id":"osm:way/1396299796","name":"Swami Vivekanand Udyan","category":"park","subtype":"leisure=park","source":"osm"}},{"type":"Feature","geometry":{"type":"Point","coordinates":[72.835645,19.062045]},"properties":{"id":"osm:way/1396612956","name":null,"category":"park","subtype":"leisure=garden","source":"osm"}},{"type":"Feature","geometry":{"type":"Point","coordinates":[72.925331,18.873512]},"properties":{"id":"osm:way/1409173646","name":"Silver Oak By Bay Hotels","category":"park","subtype":"leisure=garden","source":"osm","fee":"no","access":"customers","operator":"Silver Oak By Bay Hotels"}},{"type":"Feature","geometry":{"type":"Point","coordinates":[72.884712,19.11081]},"properties":{"id":"osm:way/1410354480","name":"Mahatapasvi Acharya Shri Mahashramanji City Park","category":"park","subtype":"leisure=park","source":"osm"}},{"type":"Feature","geometry":{"type":"Point","coordinates":[72.821602,19.051251]},"properties":{"id":"osm:way/1411967076","name":null,"category":"park","subtype":"leisure=garden","source":"osm"}},{"type":"Feature","geometry":{"type":"Point","coordinates":[72.821856,19.051135]},"properties":{"id":"osm:way/1411967081","name":"Arbour Park","category":"park","subtype":"leisure=park","source":"osm","operator":"M. C. G. M"}},{"type":"Feature","geometry":{"type":"Point","coordinates":[72.822216,19.04603]},"properties":{"id":"osm:way/1415665102","name":null,"category":"park","subtype":"leisure=garden","source":"osm"}},{"type":"Feature","geometry":{"type":"Point","coordinates":[72.897629,19.073161]},"properties":{"id":"osm:way/1419133755","name":"Biodiversity Garden","category":"park","subtype":"leisure=garden","source":"osm","fee":"no","operator":"Somaiya Vidyavihar"}},{"type":"Feature","geometry":{"type":"Point","coordinates":[72.899229,19.074257]},"properties":{"id":"osm:way/1420125664","name":"Indian Flag Garden","category":"park","subtype":"leisure=garden","source":"osm","fee":"no","operator":"Somaiya Vidyavihar"}},{"type":"Feature","geometry":{"type":"Point","coordinates":[72.825913,19.06383]},"properties":{"id":"osm:way/1423959431","name":null,"category":"park","subtype":"leisure=garden","source":"osm"}},{"type":"Feature","geometry":{"type":"Point","coordinates":[72.876674,19.194227]},"properties":{"id":"osm:way/1424411756","name":"Step Up Garden","category":"park","subtype":"leisure=park","source":"osm"}},{"type":"Feature","geometry":{"type":"Point","coordinates":[73.006947,19.10289]},"properties":{"id":"osm:way/1427114466","name":"Shivaji Rao Annasaheb Patil Udyan","category":"park","subtype":"leisure=park","source":"osm"}},{"type":"Feature","geometry":{"type":"Point","coordinates":[72.813894,19.140289]},"properties":{"id":"osm:way/1428261585","name":"BMC Park","category":"park","subtype":"leisure=park","source":"osm","opening_hours":"Mo-Su 06:00-21:00","access":"yes","operator":"Brihanmumbai Municipal Corporation","description":"Food and Drinks are strictly prohibited. There is a children's play area, an adult's exercise area, and numerous covered bench swings and gazebos."}},{"type":"Feature","geometry":{"type":"Point","coordinates":[72.830213,19.010715]},"properties":{"id":"osm:way/1429909784","name":null,"category":"park","subtype":"leisure=dog_park","source":"osm","access":"private"}},{"type":"Feature","geometry":{"type":"Point","coordinates":[72.891584,19.050336]},"properties":{"id":"osm:way/1430847494","name":"sng park","category":"park","subtype":"leisure=park","source":"osm","opening_hours":"Mo-Su 10:00-22:00"}},{"type":"Feature","geometry":{"type":"Point","coordinates":[72.829599,19.049021]},"properties":{"id":"osm:way/1436642367","name":"Long garden","category":"park","subtype":"leisure=park","source":"osm","operator":"IES college"}},{"type":"Feature","geometry":{"type":"Point","coordinates":[72.861614,19.289371]},"properties":{"id":"osm:way/1443641715","name":null,"category":"park","subtype":"leisure=park","source":"osm"}},{"type":"Feature","geometry":{"type":"Point","coordinates":[72.865437,19.30226]},"properties":{"id":"osm:way/1446495887","name":null,"category":"park","subtype":"leisure=park","source":"osm"}},{"type":"Feature","geometry":{"type":"Point","coordinates":[72.841587,19.083962]},"properties":{"id":"osm:way/1447316456","name":"pushpavatika park","category":"park","subtype":"leisure=park","source":"osm","opening_hours":"sunrise-sunset","description":"its apark with kid area, gym area and a walking and a sitting area"}},{"type":"Feature","geometry":{"type":"Point","coordinates":[72.863866,19.246297]},"properties":{"id":"osm:way/1447322320","name":"Ground","category":"park","subtype":"leisure=park","source":"osm","access":"private","description":"School ground"}},{"type":"Feature","geometry":{"type":"Point","coordinates":[72.937958,19.184559]},"properties":{"id":"osm:way/1447323211","name":"Garden","category":"park","subtype":"leisure=park","source":"osm","operator":"Yogi Hills Commitee","description":"Park"}},{"type":"Feature","geometry":{"type":"Point","coordinates":[72.866275,19.301965]},"properties":{"id":"osm:way/1448598510","name":null,"category":"park","subtype":"leisure=park","source":"osm"}},{"type":"Feature","geometry":{"type":"Point","coordinates":[72.835807,18.979917]},"properties":{"id":"osm:way/1453880222","name":"Elephant Enclosure","category":"park","subtype":"leisure=park","source":"osm","operator":"Byculla Zoo"}},{"type":"Feature","geometry":{"type":"Point","coordinates":[72.912068,19.12245]},"properties":{"id":"osm:way/1457229808","name":"Nirvana Park","category":"park","subtype":"leisure=park","source":"osm","opening_hours":"Mo-Su 10:00-21:00"}},{"type":"Feature","geometry":{"type":"Point","coordinates":[72.854999,19.103825]},"properties":{"id":"osm:way/1458027974","name":null,"category":"park","subtype":"leisure=park","source":"osm"}},{"type":"Feature","geometry":{"type":"Point","coordinates":[72.86437,19.278982]},"properties":{"id":"osm:way/1459813947","name":"Late Harshadbhai Poonamchand Doshi Park","category":"park","subtype":"leisure=park","source":"osm"}},{"type":"Feature","geometry":{"type":"Point","coordinates":[72.937348,19.03908]},"properties":{"id":"osm:way/1462324807","name":"Anuban","category":"park","subtype":"leisure=park","source":"osm","opening_hours":"Mo-Su 08:00-20:00","access":"permissive","operator":"BARC"}},{"type":"Feature","geometry":{"type":"Point","coordinates":[72.819994,18.991328]},"properties":{"id":"osm:way/1463026801","name":"Science Park","category":"park","subtype":"leisure=park","source":"osm"}},{"type":"Feature","geometry":{"type":"Point","coordinates":[72.847716,19.195729]},"properties":{"id":"osm:way/1464362915","name":"bmc garden","category":"park","subtype":"leisure=park","source":"osm","opening_hours":"sunrise-sunset"}},{"type":"Feature","geometry":{"type":"Point","coordinates":[72.849191,19.196227]},"properties":{"id":"osm:way/1464362916","name":null,"category":"park","subtype":"leisure=park","source":"osm"}},{"type":"Feature","geometry":{"type":"Point","coordinates":[72.847406,19.142308]},"properties":{"id":"osm:way/1466779993","name":"Nana Nani Park","category":"park","subtype":"leisure=park","source":"osm"}},{"type":"Feature","geometry":{"type":"Point","coordinates":[72.822898,18.970625]},"properties":{"id":"osm:way/1469064983","name":null,"category":"park","subtype":"leisure=garden","source":"osm"}},{"type":"Feature","geometry":{"type":"Point","coordinates":[72.882974,19.16513]},"properties":{"id":"osm:way/1471908159","name":"Film City Ground","category":"park","subtype":"leisure=park","source":"osm","opening_hours":"Mo-Su 06:00-18:00","access":"yes"}},{"type":"Feature","geometry":{"type":"Point","coordinates":[72.834448,18.939947]},"properties":{"id":"osm:way/1472321752","name":null,"category":"park","subtype":"leisure=garden","source":"osm"}},{"type":"Feature","geometry":{"type":"Point","coordinates":[72.824975,19.124876]},"properties":{"id":"osm:way/1480592896","name":null,"category":"park","subtype":"leisure=park","source":"osm"}},{"type":"Feature","geometry":{"type":"Point","coordinates":[72.82481,19.124587]},"properties":{"id":"osm:way/1480592901","name":null,"category":"park","subtype":"leisure=park","source":"osm"}},{"type":"Feature","geometry":{"type":"Point","coordinates":[72.837684,19.181884]},"properties":{"id":"osm:way/1481316976","name":"Aai Patladevi Udyan","category":"park","subtype":"leisure=park","source":"osm","opening_hours":"Mo-Su 06:00-19:00","operator":"BrihanMumbai Corporation"}},{"type":"Feature","geometry":{"type":"Point","coordinates":[72.843768,19.293654]},"properties":{"id":"osm:way/1485722100","name":null,"category":"park","subtype":"leisure=park","source":"osm"}},{"type":"Feature","geometry":{"type":"Point","coordinates":[72.820212,18.964571]},"properties":{"id":"osm:way/1489064959","name":null,"category":"park","subtype":"leisure=garden","source":"osm"}},{"type":"Feature","geometry":{"type":"Point","coordinates":[73.009038,18.965214]},"properties":{"id":"osm:way/1490927029","name":null,"category":"park","subtype":"leisure=garden","source":"osm"}},{"type":"Feature","geometry":{"type":"Point","coordinates":[72.92104,19.093559]},"properties":{"id":"osm:way/1493349918","name":null,"category":"park","subtype":"leisure=garden","source":"osm"}},{"type":"Feature","geometry":{"type":"Point","coordinates":[72.834188,19.130222]},"properties":{"id":"osm:way/1494524959","name":null,"category":"park","subtype":"leisure=garden","source":"osm"}},{"type":"Feature","geometry":{"type":"Point","coordinates":[72.92289,19.011692]},"properties":{"id":"osm:way/1497195478","name":null,"category":"park","subtype":"leisure=garden","source":"osm"}},{"type":"Feature","geometry":{"type":"Point","coordinates":[72.86151,19.059689]},"properties":{"id":"osm:way/1498595411","name":null,"category":"park","subtype":"leisure=park","source":"osm"}},{"type":"Feature","geometry":{"type":"Point","coordinates":[72.863459,19.059839]},"properties":{"id":"osm:way/1498595412","name":null,"category":"park","subtype":"leisure=park","source":"osm"}},{"type":"Feature","geometry":{"type":"Point","coordinates":[72.875003,19.27823]},"properties":{"id":"osm:way/1500741217","name":"MBMC Park","category":"park","subtype":"leisure=park","source":"osm"}},{"type":"Feature","geometry":{"type":"Point","coordinates":[73.015323,19.210492]},"properties":{"id":"osm:way/1502747335","name":null,"category":"park","subtype":"leisure=park","source":"osm"}},{"type":"Feature","geometry":{"type":"Point","coordinates":[72.937303,19.169544]},"properties":{"id":"osm:way/1503408174","name":null,"category":"park","subtype":"leisure=garden","source":"osm"}},{"type":"Feature","geometry":{"type":"Point","coordinates":[72.938481,19.168739]},"properties":{"id":"osm:way/1503408175","name":null,"category":"park","subtype":"leisure=garden","source":"osm"}},{"type":"Feature","geometry":{"type":"Point","coordinates":[72.937961,19.169098]},"properties":{"id":"osm:way/1503408176","name":null,"category":"park","subtype":"leisure=garden","source":"osm"}},{"type":"Feature","geometry":{"type":"Point","coordinates":[72.892733,19.1627]},"properties":{"id":"osm:way/1535484031","name":"BNHS Nature Reserve","category":"park","subtype":"leisure=nature_reserve","source":"osm"}},{"type":"Feature","geometry":{"type":"Point","coordinates":[72.957589,19.139583]},"properties":{"id":"osm:way/1535652101","name":"Butterfly Garden","category":"park","subtype":"leisure=garden","source":"osm"}},{"type":"Feature","geometry":{"type":"Point","coordinates":[72.878876,19.16602]},"properties":{"id":"osm:way/1544960678","name":null,"category":"park","subtype":"leisure=park","source":"osm"}},{"type":"Feature","geometry":{"type":"Point","coordinates":[72.838252,19.128252]},"properties":{"id":"osm:way/1545097878","name":null,"category":"park","subtype":"leisure=park","source":"osm"}},{"type":"Feature","geometry":{"type":"Point","coordinates":[72.982553,19.181899]},"properties":{"id":"osm:way/1547016027","name":null,"category":"park","subtype":"leisure=park","source":"osm"}},{"type":"Feature","geometry":{"type":"Point","coordinates":[72.980615,19.180889]},"properties":{"id":"osm:way/1547845476","name":null,"category":"park","subtype":"leisure=park","source":"osm"}},{"type":"Feature","geometry":{"type":"Point","coordinates":[72.981311,19.182161]},"properties":{"id":"osm:way/1551102572","name":null,"category":"park","subtype":"leisure=garden","source":"osm"}},{"type":"Feature","geometry":{"type":"Point","coordinates":[72.873217,19.229949]},"properties":{"id":"osm:way/1552358132","name":"Orchidarium","category":"park","subtype":"leisure=garden","source":"osm"}},{"type":"Feature","geometry":{"type":"Point","coordinates":[72.872578,19.22991]},"properties":{"id":"osm:way/1552358142","name":"Fragrance garden","category":"park","subtype":"leisure=garden","source":"osm"}},{"type":"Feature","geometry":{"type":"Point","coordinates":[72.853148,19.02186]},"properties":{"id":"osm:way/1554734895","name":"hoppers ground","category":"park","subtype":"leisure=park","source":"osm","opening_hours":"mo-sun 6:00-19:00","access":"yes"}},{"type":"Feature","geometry":{"type":"Point","coordinates":[72.964361,19.209917]},"properties":{"id":"osm:way/1554736471","name":"Happy ground","category":"park","subtype":"leisure=park","source":"osm","opening_hours":"mo-fr 09:00-20:00"}},{"type":"Feature","geometry":{"type":"Point","coordinates":[72.836527,19.22227]},"properties":{"id":"osm:way/1554737757","name":"bmc ground","category":"park","subtype":"leisure=park","source":"osm","operator":"sukhbinder"}},{"type":"Feature","geometry":{"type":"Point","coordinates":[72.894097,19.075567]},"properties":{"id":"osm:way/1554738133","name":"emerald park","category":"park","subtype":"leisure=park","source":"osm","opening_hours":"mo-su 7:00-22:00","operator":"rohan patil"}},{"type":"Feature","geometry":{"type":"Point","coordinates":[72.855395,19.026875]},"properties":{"id":"osm:way/1554738480","name":"King Circle Udyan","category":"park","subtype":"leisure=park","source":"osm","access":"yes"}},{"type":"Feature","geometry":{"type":"Point","coordinates":[72.844243,18.988945]},"properties":{"id":"osm:way/1554739072","name":"poonaam park","category":"park","subtype":"leisure=park","source":"osm","opening_hours":"03:00-07:00"}},{"type":"Feature","geometry":{"type":"Point","coordinates":[72.895871,19.119905]},"properties":{"id":"osm:way/1557372805","name":null,"category":"park","subtype":"leisure=park","source":"osm"}},{"type":"Feature","geometry":{"type":"Point","coordinates":[72.936499,19.050549]},"properties":{"id":"osm:way/1558058304","name":"mankhurd bridge graden BMC chlidren","category":"park","subtype":"leisure=park","source":"osm"}},{"type":"Feature","geometry":{"type":"Point","coordinates":[72.908757,19.078532]},"properties":{"id":"osm:way/1558181722","name":"Park View Garden","category":"park","subtype":"leisure=park","source":"osm","opening_hours":"Mo-Su 06:00-22:00"}},{"type":"Feature","geometry":{"type":"Point","coordinates":[72.821027,18.913898]},"properties":{"id":"osm:way/1558556960","name":null,"category":"park","subtype":"leisure=garden","source":"osm"}},{"type":"Feature","geometry":{"type":"Point","coordinates":[72.819953,18.91263]},"properties":{"id":"osm:way/1558556964","name":null,"category":"park","subtype":"leisure=garden","source":"osm"}},{"type":"Feature","geometry":{"type":"Point","coordinates":[72.819197,18.911745]},"properties":{"id":"osm:way/1558556965","name":null,"category":"park","subtype":"leisure=garden","source":"osm"}},{"type":"Feature","geometry":{"type":"Point","coordinates":[72.920608,19.240623]},"properties":{"id":"osm:relation/6245228","name":"Sanjay Gandhi National Park","category":"park","subtype":"leisure=nature_reserve","source":"osm","operator":"Ministry of Environment and Forests"}},{"type":"Feature","geometry":{"type":"Point","coordinates":[72.874844,19.122957]},"properties":{"id":"osm:relation/8753211","name":null,"category":"park","subtype":"leisure=park","source":"osm"}},{"type":"Feature","geometry":{"type":"Point","coordinates":[72.962885,19.114768]},"properties":{"id":"osm:relation/15073373","name":"Thane Creek Flamingo Sanctuary","category":"park","subtype":"leisure=nature_reserve","source":"osm"}},{"type":"Feature","geometry":{"type":"Point","coordinates":[72.793918,18.942392]},"properties":{"id":"osm:relation/19148831","name":null,"category":"park","subtype":"leisure=garden","source":"osm"}},{"type":"Feature","geometry":{"type":"Point","coordinates":[72.838686,19.160618]},"properties":{"id":"osm:relation/19691449","name":"Guru Nanak Sports Ground","category":"park","subtype":"leisure=park","source":"osm","opening_hours":"Mo-Su 09:00-22:00","access":"yes","operator":"Sikh Community"}},{"type":"Feature","geometry":{"type":"Point","coordinates":[72.898823,19.072955]},"properties":{"id":"osm:relation/20679326","name":null,"category":"park","subtype":"leisure=garden","source":"osm","fee":"no","access":"private","operator":"Somaiya Vidyavihar"}},{"type":"Feature","geometry":{"type":"Point","coordinates":[72.924178,19.409118]},"properties":{"id":"osm:relation/21057459","name":"Tungareshwar WLS ESZ","category":"park","subtype":"leisure=nature_reserve","source":"osm"}},{"type":"Feature","geometry":{"type":"Point","coordinates":[72.934949,19.390805]},"properties":{"id":"osm:relation/21057460","name":"Tungareshwar Wildlife Sanctuary","category":"park","subtype":"leisure=nature_reserve","source":"osm"}},{"type":"Feature","geometry":{"type":"Point","coordinates":[72.849753,19.184082]},"properties":{"id":"osm:relation/21372079","name":"building park","category":"park","subtype":"leisure=park","source":"osm","opening_hours":"24/7","operator":"ganga yamuna"}}]}