{"type":"FeatureCollection","attribution":"© OpenStreetMap contributors (ODbL)","generated":"2026-08-13T12:54:49.748Z","bbox":"18.87,72.77,19.32,73.02","features":[{"type":"Feature","geometry":{"type":"LineString","coordinates":[[72.82139,19.13028],[72.82239,19.13005],[72.82308,19.1299],[72.82365,19.12976],[72.82716,19.12898],[72.83081,19.12818],[72.83422,19.12742],[72.8346,19.12732],[72.83478,19.12727],[72.83495,19.12724],[72.83502,19.12722],[72.83509,19.12722],[72.83525,19.1272],[72.83618,19.12719],[72.83637,19.12717],[72.83654,19.12716],[72.83676,19.12712],[72.83827,19.12681],[72.83866,19.12672],[72.83903,19.12663],[72.84025,19.12628],[72.8405,19.1262],[72.84067,19.12612],[72.84083,19.12603],[72.84098,19.12592],[72.84114,19.12579],[72.8413,19.12564],[72.84147,19.12544],[72.84156,19.12533],[72.84163,19.1252],[72.84171,19.12505],[72.84195,19.12447],[72.84203,19.12435],[72.84209,19.12428],[72.84214,19.12422],[72.84221,19.12416],[72.84228,19.1241],[72.84237,19.12403],[72.84247,19.12396],[72.84259,19.12389],[72.84424,19.12315],[72.84461,19.12297],[72.84583,19.12232],[72.84623,19.1221],[72.84659,19.12189],[72.84802,19.12098],[72.84948,19.12004],[72.85217,19.11837],[72.85304,19.11784],[72.85386,19.11737],[72.85487,19.1168],[72.85587,19.11622],[72.85698,19.11556],[72.857,19.11555],[72.85704,19.11553],[72.85721,19.11543],[72.85737,19.11536],[72.85751,19.1153],[72.85767,19.11524],[72.85772,19.11522],[72.85784,19.11519],[72.85832,19.11508],[72.85871,19.11501],[72.85881,19.11499],[72.85893,19.11497],[72.85913,19.11495],[72.85948,19.11492],[72.86027,19.11486],[72.8605,19.11482],[72.86068,19.11478],[72.86086,19.11473],[72.861,19.11469],[72.86114,19.11463],[72.86128,19.11458],[72.86149,19.11448],[72.86169,19.1144],[72.8619,19.1143],[72.86212,19.11419],[72.86229,19.1141],[72.86395,19.11319],[72.86419,19.11307],[72.86438,19.11298],[72.8646,19.11289],[72.86481,19.11282],[72.86503,19.11275],[72.86693,19.11225],[72.86824,19.11191],[72.86911,19.11168],[72.87021,19.11137],[72.87181,19.11094],[72.87213,19.11085],[72.87241,19.11077],[72.87269,19.11068],[72.87297,19.11058],[72.87354,19.11037],[72.8748,19.10991],[72.87481,19.10991],[72.87628,19.10937],[72.87672,19.10922],[72.87712,19.10908],[72.87887,19.10841],[72.88011,19.10795],[72.88012,19.10794],[72.88063,19.10775],[72.88084,19.10767],[72.88099,19.10763],[72.88116,19.10758],[72.88132,19.10755],[72.88149,19.10754],[72.88296,19.10744],[72.88314,19.10742],[72.8833,19.10739],[72.88346,19.10735],[72.8836,19.10731],[72.88376,19.10724],[72.88389,19.10718],[72.884,19.10713],[72.88413,19.10706],[72.88425,19.10698],[72.8844,19.10688],[72.88454,19.10676],[72.88467,19.10662],[72.88616,19.10486],[72.88627,19.10473],[72.88638,19.10462],[72.8865,19.10452],[72.88665,19.1044],[72.88681,19.10428],[72.88701,19.10416],[72.88851,19.10322],[72.88862,19.10315],[72.88893,19.10293],[72.88915,19.10276],[72.8894,19.10256],[72.89057,19.10158],[72.89072,19.10143],[72.89086,19.10128],[72.89101,19.1011],[72.89115,19.10093],[72.89129,19.10074],[72.89142,19.10055],[72.89285,19.09814],[72.89293,19.09803],[72.893,19.09792],[72.89314,19.09776],[72.89329,19.09762],[72.8935,19.09742],[72.89367,19.09727],[72.89388,19.09709],[72.89432,19.09679],[72.89541,19.0961],[72.89643,19.09544],[72.89677,19.09525],[72.8971,19.09506],[72.89734,19.09491],[72.89798,19.09451],[72.89905,19.09382],[72.89919,19.09373],[72.89933,19.09365],[72.89952,19.09357],[72.89968,19.09351],[72.89995,19.09343],[72.90067,19.09322],[72.90082,19.09316],[72.90101,19.09308],[72.90121,19.09297],[72.9026,19.09217],[72.90266,19.09214],[72.90293,19.09199],[72.90311,19.0919],[72.90394,19.09154],[72.9041,19.09147],[72.90421,19.09143],[72.90437,19.09137],[72.90488,19.09119],[72.90499,19.09116],[72.90511,19.09114],[72.90523,19.09112],[72.90535,19.09111],[72.90546,19.09111],[72.90562,19.09111],[72.90576,19.09112],[72.90591,19.09114],[72.90664,19.09124],[72.9068,19.09125],[72.9069,19.09125],[72.907,19.09124],[72.90713,19.09121],[72.90722,19.09118],[72.90729,19.09115],[72.90738,19.09109],[72.90749,19.09101],[72.90755,19.09096],[72.9076,19.0909],[72.90765,19.09083],[72.90769,19.09075],[72.90775,19.09064],[72.90779,19.09056],[72.90781,19.09044],[72.90782,19.09036],[72.90783,19.09018],[72.90782,19.09004],[72.9078,19.08969],[72.9078,19.08961],[72.90781,19.08951],[72.90784,19.08941],[72.90795,19.08912],[72.90798,19.08903],[72.908,19.08894],[72.90801,19.08884],[72.90802,19.08876],[72.90803,19.08844],[72.90804,19.0882],[72.90805,19.08795],[72.90807,19.08782],[72.90811,19.08766],[72.90812,19.08629]]},"properties":{"id":"osm:way/49180854","name":"Mumbai Metro Line 1","railway":"subway","colour":"blue"}},{"type":"Feature","geometry":{"type":"LineString","coordinates":[[72.87405,19.04016],[72.8741,19.04046],[72.87412,19.04055],[72.87415,19.04063],[72.87419,19.0407],[72.87424,19.04074],[72.8743,19.04079],[72.87435,19.04082],[72.87439,19.04085],[72.87463,19.04093],[72.87473,19.04096],[72.87482,19.04098],[72.87491,19.04097],[72.875,19.04096],[72.87507,19.04093],[72.87514,19.04089],[72.8752,19.04083],[72.87525,19.04078],[72.87529,19.04071],[72.87531,19.04064],[72.87532,19.04057],[72.87532,19.04041]]},"properties":{"id":"osm:way/260760425","name":null,"railway":"monorail","colour":null}},{"type":"Feature","geometry":{"type":"LineString","coordinates":[[72.89695,19.06023],[72.89655,19.05957]]},"properties":{"id":"osm:way/281323823","name":"Mumbai Monorail Phase1","railway":"monorail","colour":null}},{"type":"Feature","geometry":{"type":"LineString","coordinates":[[72.82784,19.13215],[72.82766,19.13218],[72.82757,19.13219],[72.82749,19.1322],[72.82741,19.13219],[72.82735,19.13218],[72.82726,19.13216],[72.82718,19.13214],[72.82713,19.13211],[72.82707,19.13207],[72.82701,19.13203],[72.82695,19.13197],[72.82689,19.13191],[72.82684,19.13186],[72.82681,19.13181],[72.82678,19.13176],[72.82675,19.13171],[72.82672,19.13162],[72.8267,19.13154],[72.8267,19.13148],[72.82669,19.13138],[72.82669,19.13119],[72.8267,19.13107],[72.82673,19.13098],[72.82682,19.13075],[72.82683,19.13073]]},"properties":{"id":"osm:way/287299822","name":"Mumbai Metro Line 1","railway":"subway","colour":null}},{"type":"Feature","geometry":{"type":"LineString","coordinates":[[72.82718,19.13044],[72.82721,19.13039],[72.82723,19.13032],[72.82724,19.13024],[72.82725,19.13016],[72.82725,19.13007],[72.82725,19.13001],[72.82723,19.12994],[72.82721,19.12986],[72.82718,19.12978],[72.82715,19.12972],[72.82711,19.12965],[72.82707,19.12959],[72.82699,19.12951],[72.82692,19.12945],[72.82686,19.12941],[72.8268,19.12937],[72.82672,19.12933],[72.82662,19.12929],[72.82654,19.12927],[72.82643,19.12925],[72.82631,19.12925],[72.82615,19.12926]]},"properties":{"id":"osm:way/287299825","name":"Mumbai Metro Line 1","railway":"subway","colour":null}},{"type":"Feature","geometry":{"type":"LineString","coordinates":[[72.82691,19.13089],[72.82688,19.13097],[72.82684,19.13108],[72.82681,19.13117],[72.8268,19.13125],[72.8268,19.13134],[72.82681,19.13143],[72.82682,19.1315],[72.82684,19.13159],[72.82687,19.13165],[72.8269,19.13171],[72.82694,19.13177],[72.82698,19.13183],[72.82702,19.13189],[72.82707,19.13193],[72.82712,19.13198],[72.82719,19.13202],[72.82724,19.13206],[72.82732,19.13209]]},"properties":{"id":"osm:way/287299826","name":"Mumbai Metro Line 1","railway":"subway","colour":null}},{"type":"Feature","geometry":{"type":"LineString","coordinates":[[72.82735,19.13205],[72.82729,19.13202],[72.82722,19.13198],[72.82715,19.13193],[72.82708,19.13186],[72.82702,19.13179],[72.82697,19.13172],[72.82693,19.13165],[72.8269,19.13158],[72.82688,19.13148],[72.82687,19.1314],[72.82687,19.13132],[72.82687,19.13124],[72.82688,19.13115],[72.8269,19.13108],[72.82693,19.13101],[72.82697,19.13091]]},"properties":{"id":"osm:way/287299828","name":"Mumbai Metro Line 1","railway":"subway","colour":null}},{"type":"Feature","geometry":{"type":"LineString","coordinates":[[72.82592,19.12932],[72.82612,19.1293],[72.82622,19.12929],[72.82634,19.12929],[72.82644,19.1293],[72.82653,19.12931],[72.82662,19.12934],[72.8267,19.12937],[72.82677,19.1294],[72.82684,19.12944],[72.82691,19.1295],[72.82696,19.12954],[72.82702,19.12961],[72.82707,19.12967],[72.82712,19.12975],[72.82715,19.12983],[72.82718,19.12992],[72.8272,19.13002],[72.8272,19.1301],[72.82719,19.13018],[72.82718,19.13026],[72.82716,19.13033],[72.82713,19.13042]]},"properties":{"id":"osm:way/287299831","name":"Mumbai Metro Line 1","railway":"subway","colour":null}},{"type":"Feature","geometry":{"type":"LineString","coordinates":[[72.82697,19.13091],[72.82718,19.13044]]},"properties":{"id":"osm:way/287299839","name":"Mumbai Metro Line 1","railway":"subway","colour":null}},{"type":"Feature","geometry":{"type":"LineString","coordinates":[[72.82713,19.13042],[72.82691,19.13089]]},"properties":{"id":"osm:way/287299841","name":"Mumbai Metro Line 1","railway":"subway","colour":null}},{"type":"Feature","geometry":{"type":"LineString","coordinates":[[72.8204,19.1305],[72.82025,19.13052],[72.82012,19.13053],[72.81994,19.13055]]},"properties":{"id":"osm:way/287299843","name":"Mumbai Metro Line 1","railway":"subway","colour":"blue"}},{"type":"Feature","geometry":{"type":"LineString","coordinates":[[72.82384,19.12979],[72.82439,19.12967],[72.82592,19.12932],[72.82615,19.12926],[72.82649,19.12918],[72.82717,19.12904]]},"properties":{"id":"osm:way/287299846","name":"Mumbai Metro Line 1","railway":"subway","colour":null}},{"type":"Feature","geometry":{"type":"LineString","coordinates":[[72.82716,19.12898],[72.82704,19.12902],[72.82694,19.12905],[72.82672,19.12912],[72.82661,19.12915],[72.82649,19.12918]]},"properties":{"id":"osm:way/287299848","name":"Mumbai Metro Line 1","railway":"subway","colour":null}},{"type":"Feature","geometry":{"type":"LineString","coordinates":[[72.82439,19.12967],[72.8243,19.12968],[72.82416,19.1297],[72.82401,19.12971],[72.82382,19.12974],[72.82365,19.12976]]},"properties":{"id":"osm:way/287299851","name":"Mumbai Metro Line 1","railway":"subway","colour":null}},{"type":"Feature","geometry":{"type":"LineString","coordinates":[[72.82935,19.1318],[72.829,19.13188],[72.8289,19.13191],[72.8288,19.13193],[72.82872,19.13196],[72.82863,19.13199],[72.82853,19.13203],[72.8284,19.13206],[72.82819,19.1321],[72.82784,19.13215],[72.82774,19.13216],[72.82765,19.13216],[72.8276,19.13216],[72.8275,19.13215],[72.82743,19.13213],[72.82738,19.13212],[72.82732,19.13209]]},"properties":{"id":"osm:way/287299853","name":"Mumbai Metro Line 1","railway":"subway","colour":null}},{"type":"Feature","geometry":{"type":"LineString","coordinates":[[72.82239,19.13005],[72.82256,19.13001],[72.82264,19.12999],[72.82273,19.12996],[72.82281,19.12993],[72.8229,19.1299],[72.82307,19.12986]]},"properties":{"id":"osm:way/287299856","name":"Mumbai Metro Line 1","railway":"subway","colour":"blue"}},{"type":"Feature","geometry":{"type":"LineString","coordinates":[[72.82238,19.13001],[72.82255,19.12998],[72.82264,19.12997],[72.82273,19.12996],[72.82281,19.12995],[72.8229,19.12993],[72.82308,19.1299]]},"properties":{"id":"osm:way/287299857","name":"Mumbai Metro Line 1","railway":"subway","colour":"blue"}},{"type":"Feature","geometry":{"type":"LineString","coordinates":[[72.82904,19.1303],[72.82914,19.13068],[72.82916,19.1308],[72.82918,19.13097],[72.82918,19.13102],[72.82917,19.13109],[72.82915,19.1312],[72.82912,19.1313],[72.82908,19.13138],[72.82903,19.13146],[72.82897,19.13155],[72.8289,19.13165],[72.82882,19.13175],[72.82878,19.13179],[72.82872,19.13185],[72.82858,19.13194],[72.82849,19.13198],[72.82838,19.13202],[72.82828,19.13204],[72.82818,19.13206],[72.82793,19.1321],[72.8278,19.13212],[72.82771,19.13213],[72.82761,19.13212],[72.8275,19.1321],[72.8274,19.13207],[72.82735,19.13205]]},"properties":{"id":"osm:way/287299859","name":"Mumbai Metro Line 1","railway":"subway","colour":null}},{"type":"Feature","geometry":{"type":"LineString","coordinates":[[72.87463,19.0409],[72.87469,19.04091],[72.87476,19.04091],[72.87483,19.04091],[72.8749,19.04089],[72.87497,19.04086],[72.87502,19.04083],[72.87507,19.04079],[72.87512,19.04075],[72.87516,19.04069],[72.8752,19.04063],[72.87522,19.04058],[72.87523,19.0405],[72.87523,19.04043],[72.87523,19.04037],[72.87522,19.04032],[72.8752,19.04027],[72.87516,19.0402],[72.87506,19.04005]]},"properties":{"id":"osm:way/289412608","name":null,"railway":"monorail","colour":null}},{"type":"Feature","geometry":{"type":"LineString","coordinates":[[72.87532,19.03797],[72.8753,19.03899]]},"properties":{"id":"osm:way/289412609","name":null,"railway":"monorail","colour":null}},{"type":"Feature","geometry":{"type":"LineString","coordinates":[[72.87542,19.03797],[72.8754,19.039]]},"properties":{"id":"osm:way/289412610","name":null,"railway":"monorail","colour":null}},{"type":"Feature","geometry":{"type":"LineString","coordinates":[[72.87537,19.03797],[72.87535,19.039]]},"properties":{"id":"osm:way/289412611","name":null,"railway":"monorail","colour":null}},{"type":"Feature","geometry":{"type":"LineString","coordinates":[[72.87547,19.03797],[72.87545,19.039]]},"properties":{"id":"osm:way/289412612","name":null,"railway":"monorail","colour":null}},{"type":"Feature","geometry":{"type":"LineString","coordinates":[[72.87496,19.03932],[72.87497,19.03844]]},"properties":{"id":"osm:way/289412613","name":null,"railway":"monorail","colour":null}},{"type":"Feature","geometry":{"type":"LineString","coordinates":[[72.87471,19.03931],[72.87472,19.03844]]},"properties":{"id":"osm:way/289412614","name":null,"railway":"monorail","colour":null}},{"type":"Feature","geometry":{"type":"LineString","coordinates":[[72.87479,19.03932],[72.8748,19.03844]]},"properties":{"id":"osm:way/289412615","name":null,"railway":"monorail","colour":null}},{"type":"Feature","geometry":{"type":"LineString","coordinates":[[72.87487,19.03932],[72.87489,19.03844]]},"properties":{"id":"osm:way/289412616","name":null,"railway":"monorail","colour":null}},{"type":"Feature","geometry":{"type":"LineString","coordinates":[[72.87454,19.03931],[72.87455,19.0385]]},"properties":{"id":"osm:way/289412617","name":null,"railway":"monorail","colour":null}},{"type":"Feature","geometry":{"type":"LineString","coordinates":[[72.90805,19.08795],[72.90804,19.08802],[72.90799,19.08829],[72.90798,19.08835],[72.90798,19.08844]]},"properties":{"id":"osm:way/311841893","name":"Mumbai Metro Line 1","railway":"subway","colour":null}},{"type":"Feature","geometry":{"type":"LineString","coordinates":[[72.90803,19.08844],[72.90802,19.08835],[72.90802,19.08829],[72.90798,19.08802],[72.90797,19.08795]]},"properties":{"id":"osm:way/311841894","name":"Mumbai Metro Line 1","railway":"subway","colour":null}},{"type":"Feature","geometry":{"type":"LineString","coordinates":[[72.87532,19.04041],[72.87532,19.04035],[72.87531,19.04029],[72.8753,19.04024],[72.87529,19.0402],[72.87518,19.0399],[72.87517,19.03984],[72.87515,19.03978],[72.87514,19.03971],[72.87513,19.03964],[72.87513,19.03952],[72.87514,19.0386],[72.87513,19.03849],[72.87511,19.03811],[72.87511,19.03804],[72.87512,19.03797],[72.87512,19.0379],[72.87512,19.03787],[72.87512,19.03784],[72.87513,19.0378],[72.87513,19.03775],[72.87514,19.03772],[72.87516,19.03768],[72.87518,19.03765]]},"properties":{"id":"osm:way/342485661","name":null,"railway":"monorail","colour":null}},{"type":"Feature","geometry":{"type":"LineString","coordinates":[[72.87518,19.03765],[72.87521,19.0376],[72.87523,19.03755],[72.87524,19.03749],[72.87525,19.03743],[72.87525,19.03736],[72.87524,19.03729],[72.87522,19.03723],[72.87519,19.03717],[72.87514,19.0371],[72.87509,19.03705],[72.87503,19.03702],[72.87497,19.03699],[72.87493,19.03697],[72.87487,19.03695],[72.87481,19.03695],[72.87474,19.03695],[72.8745,19.03698],[72.87444,19.03699],[72.87437,19.03702],[72.87433,19.03705],[72.87428,19.03709],[72.87423,19.03714],[72.8742,19.03718],[72.87418,19.03722],[72.87416,19.03726],[72.87408,19.0376]]},"properties":{"id":"osm:way/342485662","name":null,"railway":"monorail","colour":null}},{"type":"Feature","geometry":{"type":"LineString","coordinates":[[72.87472,19.03844],[72.87472,19.03834],[72.87472,19.03827],[72.87474,19.0382],[72.87477,19.03813],[72.87481,19.03806],[72.87485,19.038],[72.87504,19.03782]]},"properties":{"id":"osm:way/342485663","name":null,"railway":"monorail","colour":null}},{"type":"Feature","geometry":{"type":"LineString","coordinates":[[72.87497,19.03844],[72.87497,19.03836],[72.87498,19.0383],[72.87499,19.03825],[72.875,19.03819],[72.87502,19.03813],[72.87511,19.03786]]},"properties":{"id":"osm:way/342485664","name":null,"railway":"monorail","colour":null}},{"type":"Feature","geometry":{"type":"LineString","coordinates":[[72.8748,19.03844],[72.8748,19.03831],[72.87481,19.03825],[72.87483,19.03818],[72.87486,19.03811],[72.87489,19.03804],[72.87494,19.03798],[72.87506,19.03784]]},"properties":{"id":"osm:way/342485665","name":null,"railway":"monorail","colour":null}},{"type":"Feature","geometry":{"type":"LineString","coordinates":[[72.87489,19.03844],[72.87489,19.03832],[72.87489,19.03826],[72.87491,19.0382],[72.87494,19.03813],[72.87498,19.03804],[72.87508,19.03785]]},"properties":{"id":"osm:way/342485666","name":null,"railway":"monorail","colour":null}},{"type":"Feature","geometry":{"type":"LineString","coordinates":[[72.87474,19.03693],[72.87483,19.03691],[72.8749,19.03689],[72.87498,19.03689],[72.87506,19.0369],[72.87515,19.03692],[72.87522,19.03696],[72.87529,19.03701],[72.87534,19.03707],[72.87538,19.03713],[72.87541,19.03719],[72.87542,19.03725],[72.87543,19.03733],[72.87542,19.0374]]},"properties":{"id":"osm:way/377302330","name":null,"railway":"monorail","colour":null}},{"type":"Feature","geometry":{"type":"LineString","coordinates":[[72.874,19.03882],[72.87399,19.04032],[72.87399,19.04045],[72.87401,19.04053],[72.87404,19.04063],[72.87407,19.04069],[72.87411,19.04076],[72.87415,19.04082],[72.87421,19.0409],[72.87426,19.04095],[72.87431,19.041],[72.87438,19.04105],[72.87445,19.04109],[72.87456,19.04115],[72.87469,19.0412],[72.87823,19.04247],[72.87839,19.04252],[72.87849,19.04255],[72.87855,19.04255],[72.87862,19.04256],[72.87871,19.04256],[72.87877,19.04256],[72.87883,19.04255],[72.87891,19.04253],[72.879,19.04249],[72.87907,19.04246],[72.87912,19.04243],[72.87918,19.04239],[72.87924,19.04234],[72.87929,19.04229],[72.87933,19.04222],[72.87938,19.04215],[72.87942,19.04207],[72.87945,19.04198],[72.87946,19.0419],[72.87948,19.04182],[72.88011,19.03729],[72.88013,19.03705],[72.88013,19.03683],[72.88013,19.03654],[72.88011,19.03634],[72.88005,19.03604],[72.87979,19.03501],[72.87969,19.03471],[72.87957,19.03443],[72.87838,19.03228],[72.8783,19.03207],[72.87821,19.03175],[72.87793,19.03065],[72.87774,19.02975],[72.87759,19.02897],[72.87708,19.02631],[72.877,19.02591],[72.87696,19.02569],[72.87696,19.02549],[72.87701,19.02527],[72.87708,19.02509],[72.8772,19.02491],[72.87731,19.02479],[72.87749,19.02463],[72.87774,19.02451],[72.87823,19.02433],[72.87846,19.02432],[72.87867,19.02433],[72.87892,19.0244],[72.88756,19.02845],[72.88769,19.02849],[72.88781,19.02851],[72.88795,19.02849],[72.88805,19.02846],[72.88816,19.0284],[72.88826,19.02833],[72.88835,19.02822],[72.88851,19.02804],[72.8886,19.02795],[72.88869,19.02788],[72.88884,19.0278],[72.88897,19.02775],[72.88914,19.02771],[72.8893,19.02769],[72.89144,19.02773],[72.89199,19.02774],[72.89227,19.02776],[72.89254,19.0278],[72.89277,19.02784],[72.89295,19.02786],[72.893,19.02787],[72.89325,19.02788],[72.89383,19.02791],[72.89681,19.02803],[72.89694,19.02805],[72.89704,19.02809],[72.89711,19.02812],[72.89717,19.02817],[72.89724,19.02823],[72.89729,19.0283],[72.89732,19.02836],[72.89735,19.02843],[72.89736,19.02849],[72.89737,19.02855],[72.89736,19.02862],[72.89735,19.02868],[72.89734,19.02874],[72.89731,19.02882],[72.89709,19.02926],[72.89703,19.0294],[72.89699,19.02957],[72.89697,19.02974],[72.89693,19.03068],[72.89692,19.03088],[72.89686,19.03112],[72.89664,19.03175],[72.89661,19.03191],[72.89657,19.0321],[72.89652,19.03238],[72.89649,19.03253],[72.89644,19.0327],[72.89614,19.03355],[72.89554,19.03528],[72.89523,19.03615],[72.89518,19.03635],[72.89514,19.0365],[72.89511,19.03666],[72.89498,19.03774],[72.89495,19.03818],[72.89492,19.03845],[72.89483,19.03922],[72.89478,19.03945],[72.89472,19.03962],[72.89467,19.03972],[72.89459,19.03987],[72.89393,19.04102],[72.89387,19.04112],[72.89379,19.04129],[72.89375,19.04143],[72.89357,19.04201],[72.89354,19.04216],[72.89353,19.0423],[72.89349,19.04315],[72.89344,19.04388],[72.89336,19.04473],[72.89331,19.04569],[72.8933,19.046],[72.89329,19.04672],[72.8933,19.04686],[72.89332,19.04698],[72.89337,19.04722],[72.8934,19.04737],[72.89341,19.0475],[72.89341,19.04763],[72.89338,19.04885],[72.89339,19.04904],[72.89341,19.04925],[72.89345,19.04948],[72.89349,19.04971],[72.89361,19.05013],[72.89372,19.05042],[72.89392,19.05083],[72.894,19.05103],[72.89403,19.05116],[72.89404,19.05129],[72.89403,19.05152],[72.89403,19.05163],[72.89403,19.05195],[72.89405,19.05214],[72.89409,19.05229],[72.89421,19.05266],[72.89445,19.05331],[72.8945,19.05357],[72.89469,19.0544],[72.89516,19.05652],[72.89521,19.05677],[72.89528,19.05726],[72.89533,19.0575],[72.89536,19.05766],[72.89539,19.05773],[72.89548,19.05797],[72.89558,19.05818],[72.8958,19.05855],[72.89695,19.06023],[72.89714,19.06052],[72.8973,19.06076],[72.89757,19.06122],[72.89778,19.0616]]},"properties":{"id":"osm:way/441260823","name":"Mumbai Monorail Line 1","railway":"monorail","colour":null}},{"type":"Feature","geometry":{"type":"LineString","coordinates":[[72.89787,19.06166],[72.8976,19.06121],[72.89733,19.06074],[72.89718,19.0605],[72.89655,19.05957],[72.89584,19.05853],[72.89562,19.05817],[72.89551,19.05795],[72.89542,19.05772],[72.89536,19.05749],[72.89532,19.05725],[72.89525,19.05677],[72.8952,19.05651],[72.89473,19.05439],[72.89464,19.05393],[72.89459,19.05354],[72.89455,19.05327],[72.89451,19.05313],[72.89434,19.05262],[72.89418,19.05212],[72.89413,19.05195],[72.89408,19.05177],[72.89406,19.05152],[72.89407,19.05116],[72.89404,19.05102],[72.89396,19.05082],[72.89375,19.05041],[72.89365,19.05012],[72.89353,19.0497],[72.89349,19.04947],[72.89345,19.04925],[72.89343,19.04904],[72.89342,19.04885],[72.89345,19.04763],[72.89344,19.0475],[72.89343,19.04737],[72.89341,19.04721],[72.89336,19.04698],[72.89334,19.04685],[72.89333,19.04672],[72.89333,19.046],[72.89335,19.04569],[72.89341,19.04473],[72.89347,19.04388],[72.89353,19.04315],[72.89357,19.0423],[72.89358,19.04217],[72.89361,19.04202],[72.89378,19.04144],[72.89383,19.0413],[72.8939,19.04113],[72.89462,19.03989],[72.89471,19.03973],[72.89476,19.03963],[72.89481,19.03946],[72.89496,19.03846],[72.89498,19.03818],[72.895,19.03793],[72.89501,19.03788],[72.89502,19.03774],[72.89515,19.03666],[72.89518,19.03651],[72.89521,19.03636],[72.89527,19.03616],[72.89534,19.03595],[72.89557,19.03529],[72.89571,19.03491],[72.89618,19.03356],[72.8962,19.03349],[72.89648,19.03271],[72.89653,19.03254],[72.89656,19.03238],[72.89661,19.03211],[72.89664,19.03192],[72.89668,19.03176],[72.8969,19.03113],[72.89695,19.03089],[72.89697,19.03069],[72.89701,19.02975],[72.89703,19.02958],[72.89707,19.02941],[72.89712,19.02927],[72.89734,19.02883],[72.89737,19.02875],[72.89739,19.02868],[72.8974,19.02862],[72.8974,19.02855],[72.8974,19.02848],[72.89739,19.02842],[72.89736,19.02835],[72.89732,19.02828],[72.89727,19.02821],[72.8972,19.02814],[72.89714,19.02809],[72.89706,19.02805],[72.89695,19.02802],[72.89682,19.028],[72.89326,19.02785],[72.893,19.02783],[72.89277,19.0278],[72.89255,19.02776],[72.89227,19.02773],[72.89199,19.02771],[72.89144,19.0277],[72.8893,19.02766],[72.88914,19.02767],[72.88896,19.02771],[72.88882,19.02777],[72.88867,19.02785],[72.88858,19.02793],[72.88848,19.02802],[72.88832,19.0282],[72.88823,19.0283],[72.88814,19.02837],[72.88804,19.02842],[72.88794,19.02845],[72.88781,19.02847],[72.8877,19.02846],[72.88758,19.02841],[72.87894,19.02437],[72.87868,19.02429],[72.87847,19.02428],[72.87822,19.0243],[72.87772,19.02448],[72.87747,19.0246],[72.87729,19.02476],[72.87717,19.02489],[72.87705,19.02507],[72.87698,19.02526],[72.87692,19.02549],[72.87692,19.02569],[72.87696,19.02592],[72.87704,19.02632],[72.87756,19.02897],[72.8777,19.02976],[72.8779,19.03065],[72.87818,19.03176],[72.87826,19.03208],[72.87835,19.03229],[72.87953,19.03445],[72.87965,19.03472],[72.87975,19.03502],[72.88002,19.03605],[72.88007,19.03635],[72.88009,19.03654],[72.88009,19.03683],[72.88009,19.03705],[72.88007,19.03728],[72.87944,19.04181],[72.87942,19.04189],[72.87941,19.04197],[72.87939,19.04205],[72.87935,19.04212],[72.87931,19.04219],[72.87926,19.04226],[72.8792,19.04232],[72.87913,19.04237],[72.87906,19.04242],[72.87898,19.04246],[72.87889,19.04249],[72.87881,19.04251],[72.87871,19.04253],[72.87861,19.04253],[72.87848,19.04251],[72.87837,19.04248],[72.87825,19.04244],[72.8747,19.04117],[72.87457,19.04111],[72.87448,19.04107],[72.8744,19.04102],[72.87434,19.04097],[72.87426,19.04089],[72.87419,19.04081],[72.87414,19.04073],[72.8741,19.04066],[72.87406,19.04057],[72.87404,19.04049],[72.87403,19.04038],[72.87402,19.04025],[72.87403,19.04016],[72.87403,19.03993],[72.87404,19.03921],[72.87405,19.03882]]},"properties":{"id":"osm:way/441260838","name":"Mumbai Monorail Line 1","railway":"monorail","colour":null}},{"type":"Feature","geometry":{"type":"LineString","coordinates":[[72.82783,18.98229],[72.82859,18.98312],[72.83024,18.98495],[72.83137,18.98614],[72.83157,18.98637],[72.83164,18.98647],[72.83172,18.98666],[72.83174,18.98683],[72.83173,18.98709],[72.83167,18.98839],[72.8315,18.99186],[72.83145,18.9931],[72.83138,18.99436],[72.83139,18.99483],[72.83146,18.99505],[72.83157,18.99516],[72.8317,18.99521],[72.8318,18.99523],[72.83194,18.99525],[72.83221,18.99526],[72.83273,18.99523],[72.83332,18.9952],[72.83383,18.99521],[72.83427,18.99524],[72.83562,18.99539],[72.8361,18.99544],[72.83629,18.99544],[72.83645,18.99543],[72.83657,18.99542],[72.83804,18.99515],[72.83936,18.99491],[72.83971,18.99486],[72.84073,18.99476],[72.84199,18.99466],[72.84238,18.99462],[72.84331,18.99453],[72.84416,18.99445],[72.8443,18.99444],[72.84438,18.99445],[72.84456,18.99448],[72.84466,18.99453],[72.84477,18.9946],[72.84484,18.99469],[72.84491,18.99478],[72.84497,18.99491],[72.84512,18.99587],[72.8452,18.99632],[72.84525,18.99652],[72.84534,18.99676],[72.84544,18.99697],[72.84593,18.99788],[72.84602,18.99809],[72.84611,18.99831],[72.84616,18.99853],[72.84621,18.99878],[72.84623,18.999],[72.84626,18.99956],[72.84628,18.99973],[72.84634,19],[72.84636,19.00017],[72.84635,19.00028],[72.84633,19.00037],[72.84628,19.00045],[72.84623,19.00051],[72.84607,19.00064],[72.84596,19.00069],[72.84567,19.0008],[72.84543,19.00088],[72.84517,19.00098],[72.845,19.00106],[72.84478,19.0012],[72.84423,19.00158],[72.84369,19.00194],[72.84333,19.00224],[72.84268,19.00285],[72.84242,19.00305],[72.84224,19.00321],[72.84218,19.00328],[72.84214,19.00337],[72.84212,19.00345],[72.84212,19.00357],[72.84216,19.00372],[72.8422,19.00379],[72.84226,19.00386],[72.84264,19.00413],[72.84333,19.00459],[72.84385,19.00497],[72.84424,19.00525],[72.84449,19.0054],[72.84467,19.00547],[72.84495,19.00555],[72.84589,19.00578],[72.84604,19.00584],[72.84614,19.00589],[72.84624,19.00597],[72.8464,19.00613],[72.84686,19.00667],[72.84693,19.0068],[72.84701,19.00695],[72.84708,19.00715],[72.84712,19.00738],[72.84719,19.00792],[72.84721,19.00801],[72.84724,19.00815],[72.84733,19.00838],[72.84786,19.00954],[72.84811,19.01013],[72.8485,19.01101],[72.84888,19.01188],[72.84913,19.01246],[72.84925,19.01267],[72.84941,19.01296],[72.84967,19.01337],[72.85011,19.01404],[72.85022,19.01421],[72.8506,19.0147],[72.85088,19.01502],[72.85164,19.01574],[72.85222,19.01628],[72.85261,19.01665],[72.85298,19.01696],[72.85333,19.0172],[72.85364,19.01743],[72.85403,19.01766],[72.85454,19.01793],[72.85464,19.01798],[72.85518,19.0183],[72.85534,19.01842],[72.85551,19.01853],[72.85566,19.01861],[72.85583,19.01863],[72.85605,19.01862],[72.8562,19.01857],[72.8563,19.01851],[72.85723,19.01787],[72.85838,19.01712],[72.85852,19.01706],[72.85865,19.01704],[72.85874,19.01705],[72.85882,19.01707],[72.85891,19.0171],[72.85901,19.01718],[72.85929,19.01748],[72.85957,19.01779],[72.8597,19.01796],[72.85984,19.0182],[72.85995,19.01839],[72.86001,19.01849],[72.86007,19.01853],[72.86017,19.01858],[72.86027,19.01861],[72.8604,19.01862],[72.86079,19.01859],[72.86137,19.01855],[72.86321,19.01842],[72.86338,19.01844],[72.8635,19.01846],[72.86363,19.01851],[72.86376,19.01859],[72.8639,19.01873],[72.86423,19.01915],[72.86433,19.01929],[72.86441,19.01946],[72.86445,19.01959],[72.86446,19.01967],[72.86449,19.01994],[72.86453,19.02028],[72.86455,19.02051],[72.86454,19.02062],[72.86451,19.02071],[72.86446,19.02079],[72.86436,19.02089],[72.86422,19.02097],[72.86389,19.02106],[72.86374,19.02114],[72.86364,19.02124],[72.86356,19.02139],[72.86354,19.02152],[72.86356,19.02166],[72.86365,19.02207],[72.86371,19.02237],[72.86374,19.02279],[72.86378,19.02365],[72.86383,19.02449],[72.86387,19.02473],[72.86393,19.02508],[72.86397,19.02523],[72.86405,19.02537],[72.8642,19.02553],[72.86467,19.02581],[72.86496,19.02592],[72.86519,19.02596],[72.8655,19.02598],[72.86564,19.02599],[72.86583,19.02604],[72.86594,19.02608],[72.8661,19.02622],[72.8662,19.02638],[72.86653,19.02708],[72.86659,19.02724],[72.8666,19.02742],[72.8666,19.02757],[72.86643,19.02824],[72.8664,19.02845],[72.86639,19.02862],[72.86642,19.02879],[72.86648,19.02898],[72.86656,19.02917],[72.86667,19.02938],[72.86675,19.02959],[72.86693,19.03018],[72.86707,19.03063],[72.86713,19.03087],[72.86715,19.03104],[72.86716,19.0312],[72.86715,19.03142],[72.86711,19.03162],[72.86704,19.03182],[72.86653,19.03327],[72.86648,19.03343],[72.86648,19.03356],[72.8665,19.0337],[72.86656,19.03388],[72.867,19.03468],[72.86747,19.03559],[72.86758,19.03577],[72.86764,19.03586],[72.86771,19.03596],[72.86801,19.03636],[72.86811,19.03647],[72.8682,19.03656],[72.86835,19.03665],[72.86848,19.03669],[72.86863,19.03672],[72.86981,19.03673],[72.87079,19.0367],[72.87124,19.03669],[72.87336,19.03669],[72.87343,19.0367],[72.87348,19.03671],[72.87356,19.03673],[72.87362,19.03675],[72.87369,19.03679],[72.87375,19.03682],[72.8738,19.03686],[72.87385,19.03691],[72.87389,19.03695],[72.87392,19.037],[72.87396,19.03706],[72.87398,19.03711],[72.874,19.03717],[72.87401,19.03724],[72.87402,19.03732],[72.87402,19.0374],[72.87401,19.03831],[72.87401,19.03839],[72.874,19.03882]]},"properties":{"id":"osm:way/441260839","name":"Mumbai Monorail Line 1","railway":"monorail","colour":null}},{"type":"Feature","geometry":{"type":"LineString","coordinates":[[72.87405,19.03882],[72.87405,19.03839],[72.87406,19.03789],[72.87406,19.03781],[72.87406,19.03764],[72.87406,19.03741],[72.87406,19.03733],[72.87405,19.03727],[72.87404,19.0372],[72.87403,19.03713],[72.874,19.03706],[72.87397,19.037],[72.87393,19.03695],[72.8739,19.03689],[72.87384,19.03684],[72.87378,19.0368],[72.87371,19.03675],[72.87366,19.03673],[72.8736,19.0367],[72.87353,19.03668],[72.87346,19.03667],[72.87336,19.03666],[72.87125,19.03666],[72.87078,19.03667],[72.86981,19.03669],[72.86864,19.03668],[72.8685,19.03666],[72.86843,19.03664],[72.86835,19.0366],[72.86821,19.03652],[72.86809,19.0364],[72.86773,19.03593],[72.86767,19.03584],[72.86758,19.03571],[72.86751,19.03557],[72.8669,19.03445],[72.8666,19.03388],[72.86656,19.03378],[72.86652,19.03362],[72.86652,19.03353],[72.86653,19.03342],[72.86655,19.03332],[72.86694,19.03223],[72.8671,19.03177],[72.86717,19.03153],[72.86719,19.0314],[72.8672,19.03111],[72.86718,19.03092],[72.86714,19.03077],[72.86697,19.03018],[72.86679,19.02959],[72.8667,19.02937],[72.86652,19.02898],[72.86649,19.02889],[72.86644,19.02873],[72.86644,19.02858],[72.86645,19.02833],[72.86663,19.02762],[72.86664,19.02748],[72.86663,19.02729],[72.86659,19.02712],[72.86624,19.02636],[72.86613,19.02619],[72.86604,19.0261],[72.86585,19.026],[72.8657,19.02595],[72.86543,19.02594],[72.86514,19.02592],[72.86488,19.02585],[72.86467,19.02577],[72.86422,19.0255],[72.86411,19.02537],[72.86402,19.02525],[72.86397,19.02508],[72.8639,19.02472],[72.86386,19.02449],[72.86381,19.02364],[72.86375,19.02242],[72.86372,19.02223],[72.86361,19.0217],[72.86358,19.02154],[72.86359,19.02142],[72.86362,19.02136],[72.86367,19.02126],[72.86378,19.02117],[72.86388,19.02111],[72.86417,19.02102],[72.86432,19.02096],[72.86442,19.02089],[72.86451,19.02078],[72.86457,19.02066],[72.86459,19.02055],[72.86457,19.02029],[72.86449,19.01959],[72.86445,19.01944],[72.86437,19.01927],[72.86402,19.01881],[72.86386,19.01864],[72.86376,19.01854],[72.86358,19.01844],[72.86341,19.0184],[72.86321,19.01839],[72.86136,19.01852],[72.86079,19.01856],[72.8604,19.01859],[72.8603,19.01858],[72.86018,19.01855],[72.86007,19.01849],[72.85999,19.01838],[72.85988,19.01819],[72.85981,19.01806],[72.85972,19.01792],[72.85932,19.01746],[72.85904,19.01715],[72.85892,19.01707],[72.8588,19.01702],[72.85867,19.01699],[72.85854,19.01701],[72.85839,19.01707],[72.85737,19.01774],[72.85643,19.01837],[72.85624,19.0185],[72.85606,19.01858],[72.85595,19.01861],[72.85577,19.0186],[72.85562,19.01855],[72.85547,19.01846],[72.85519,19.01825],[72.85481,19.01804],[72.85405,19.01763],[72.85367,19.0174],[72.85362,19.01737],[72.85334,19.01717],[72.85313,19.01701],[72.85286,19.01681],[72.85228,19.01628],[72.85208,19.0161],[72.85201,19.01603],[72.85134,19.01543],[72.85123,19.01531],[72.85098,19.01505],[72.85072,19.01479],[72.85038,19.01436],[72.85023,19.01416],[72.85006,19.01391],[72.84967,19.01328],[72.84938,19.01285],[72.84926,19.0126],[72.84917,19.01246],[72.8489,19.01185],[72.84855,19.01105],[72.84813,19.01009],[72.84788,19.00953],[72.84758,19.00884],[72.84737,19.00837],[72.8473,19.00821],[72.84727,19.00811],[72.84724,19.008],[72.84716,19.00739],[72.84714,19.00724],[72.84708,19.00702],[72.84698,19.00679],[72.84687,19.00662],[72.84668,19.00641],[72.84632,19.006],[72.84617,19.00587],[72.84602,19.00579],[72.84595,19.00577],[72.84572,19.00571],[72.84481,19.00547],[72.84462,19.00541],[72.8444,19.0053],[72.84419,19.00517],[72.84403,19.00505],[72.84353,19.0047],[72.8424,19.00391],[72.84229,19.00383],[72.84219,19.00372],[72.84216,19.00357],[72.84216,19.00346],[72.84218,19.00339],[72.84221,19.0033],[72.84227,19.00323],[72.84242,19.00309],[72.84273,19.00284],[72.84348,19.00216],[72.84385,19.00188],[72.84425,19.0016],[72.84465,19.00133],[72.84493,19.00115],[72.84505,19.00108],[72.84522,19.001],[72.84546,19.00091],[72.84599,19.00072],[72.84612,19.00066],[72.84627,19.00053],[72.84634,19.00043],[72.84637,19.00034],[72.8464,19.0002],[72.84639,19.00009],[72.84634,18.99979],[72.84631,18.99962],[72.84629,18.99948],[72.84628,18.99908],[72.84626,18.99883],[72.84619,18.99847],[72.84612,18.99824],[72.84598,18.99789],[72.84588,18.9977],[72.84542,18.99683],[72.84533,18.99662],[72.84528,18.99649],[72.84522,18.99622],[72.8452,18.99611],[72.84517,18.99591],[72.84506,18.9952],[72.845,18.99489],[72.84494,18.99475],[72.84487,18.99465],[72.84476,18.99455],[72.84465,18.99448],[72.84449,18.99443],[72.84436,18.99441],[72.84418,18.99442],[72.84331,18.9945],[72.84238,18.99459],[72.84086,18.99472],[72.83977,18.99481],[72.83949,18.99485],[72.83881,18.99497],[72.83726,18.99526],[72.83655,18.99539],[72.83639,18.9954],[72.83625,18.99541],[72.8361,18.99541],[72.83562,18.99536],[72.83427,18.9952],[72.83383,18.99517],[72.83332,18.99515],[72.83272,18.99517],[72.83221,18.99521],[72.83195,18.99521],[72.83178,18.99518],[72.83166,18.99515],[72.83158,18.99511],[72.83151,18.99504],[72.83145,18.99492],[72.83144,18.99482],[72.83143,18.99436],[72.83148,18.99311],[72.83154,18.99185],[72.83171,18.98837],[72.83177,18.98709],[72.83178,18.98682],[72.83176,18.98666],[72.83168,18.98646],[72.83159,18.98635],[72.83141,18.98613],[72.83135,18.98607],[72.83038,18.98505],[72.82862,18.9831],[72.82786,18.98226]]},"properties":{"id":"osm:way/441260840","name":"Mumbai Monorail Line 1","railway":"monorail","colour":null}},{"type":"Feature","geometry":{"type":"LineString","coordinates":[[72.83143,19.12918],[72.83161,19.12995],[72.83163,19.13006],[72.83165,19.13016],[72.83167,19.13027],[72.83167,19.13039],[72.83167,19.1305],[72.83165,19.13061],[72.8316,19.13083],[72.83156,19.13094],[72.83153,19.13106],[72.83151,19.13117],[72.83149,19.13129],[72.83149,19.13142],[72.83149,19.13156],[72.8315,19.13169],[72.83167,19.1326],[72.8321,19.13482],[72.83212,19.13505],[72.83213,19.13528],[72.83212,19.1356],[72.83184,19.13891],[72.83176,19.13981],[72.83169,19.14072],[72.83132,19.14458],[72.83132,19.14469],[72.83132,19.14487],[72.83133,19.14498],[72.83136,19.14508],[72.83139,19.14518],[72.83143,19.14527],[72.83148,19.14536],[72.83153,19.14545],[72.8316,19.14553],[72.83167,19.14561],[72.83175,19.14568],[72.83184,19.14574],[72.83192,19.1458],[72.83202,19.14585],[72.83211,19.14589],[72.83221,19.14592],[72.83232,19.14594],[72.83242,19.14596],[72.83253,19.14597],[72.83395,19.14606],[72.83441,19.14608],[72.83563,19.14621],[72.83572,19.14624],[72.83582,19.14627],[72.83591,19.14631],[72.83599,19.14635],[72.83607,19.1464],[72.83615,19.14646],[72.83622,19.14653],[72.83629,19.1466],[72.83635,19.14667],[72.8364,19.14675],[72.83644,19.14683],[72.83647,19.14692],[72.8365,19.147],[72.83652,19.14709],[72.83653,19.14718],[72.83654,19.14727],[72.83654,19.14736],[72.8365,19.14763],[72.83569,19.15302],[72.83553,19.15403],[72.83526,19.15582],[72.83524,19.15607],[72.83523,19.15634],[72.83524,19.15698],[72.8353,19.15877],[72.83528,19.15902],[72.83523,19.1593],[72.83516,19.1596],[72.83498,19.16027],[72.83495,19.1604],[72.83491,19.16065],[72.83488,19.16091],[72.83485,19.16122],[72.83485,19.16148],[72.83484,19.16287],[72.83487,19.16336],[72.83495,19.1645],[72.83516,19.16726],[72.83536,19.16976],[72.8354,19.17009],[72.83545,19.17034],[72.83555,19.17067],[72.83577,19.17134],[72.83609,19.17219],[72.83645,19.17311],[72.83671,19.1738],[72.8369,19.17426],[72.83708,19.1748],[72.83718,19.17525],[72.83721,19.17567],[72.8372,19.17597],[72.83716,19.17636],[72.83704,19.17707],[72.83663,19.17949],[72.83654,19.17991],[72.83645,19.18024],[72.83629,19.1807],[72.83621,19.18095],[72.83612,19.18124],[72.83606,19.18153],[72.83601,19.18194],[72.83594,19.18239],[72.83589,19.18288],[72.83588,19.1832],[72.83587,19.18446],[72.83583,19.18529],[72.83582,19.18617],[72.83579,19.1875],[72.83576,19.18775],[72.83571,19.18817],[72.83562,19.18876],[72.83552,19.1893],[72.8354,19.18978],[72.83487,19.19189],[72.83471,19.19242],[72.83442,19.19322],[72.83404,19.19413],[72.8339,19.19451],[72.83383,19.19475],[72.83378,19.195],[72.83374,19.19526],[72.83372,19.19548],[72.83372,19.19574],[72.83373,19.19606],[72.83379,19.19682],[72.83386,19.19775],[72.83391,19.19853],[72.83394,19.19931],[72.83395,19.19995]]},"properties":{"id":"osm:way/539415736","name":"Dahisar (W) to Mandale Metro (Line-2)","railway":"subway","colour":"yellow"}},{"type":"Feature","geometry":{"type":"LineString","coordinates":[[72.8179,18.99753],[72.81941,18.99476],[72.82138,18.9909],[72.8239,18.98625],[72.8247,18.98465],[72.82561,18.98307],[72.82624,18.98209],[72.82658,18.98148],[72.8266,18.98137],[72.82663,18.98114],[72.82653,18.98086],[72.82598,18.98013],[72.82542,18.97945],[72.82429,18.97824],[72.82417,18.97757],[72.82388,18.9765],[72.82344,18.97537],[72.82272,18.97383],[72.82196,18.97219],[72.82155,18.97081],[72.8212,18.96998],[72.82047,18.96824],[72.81954,18.96653],[72.81947,18.96642],[72.81903,18.96569],[72.81872,18.96496],[72.81832,18.96394],[72.81807,18.96321],[72.81771,18.96232],[72.81757,18.96192],[72.81748,18.9616],[72.81737,18.96096],[72.81731,18.96015],[72.8173,18.96003],[72.81734,18.95965],[72.81734,18.95948],[72.81736,18.95932],[72.81737,18.95923],[72.81736,18.95901],[72.81745,18.95784],[72.8178,18.95657],[72.81862,18.95532],[72.82113,18.95327],[72.82195,18.95242],[72.82223,18.95213],[72.82251,18.95183],[72.82347,18.95093],[72.8246,18.94973],[72.82538,18.94886],[72.82625,18.94791],[72.82652,18.94761],[72.82674,18.94726],[72.8272,18.94635],[72.82765,18.94559],[72.82867,18.94392],[72.82905,18.94352],[72.83022,18.94218],[72.83086,18.94162],[72.8319,18.94087],[72.83376,18.93956],[72.83424,18.93909],[72.83444,18.93867],[72.83448,18.93832],[72.83429,18.93754],[72.83385,18.93622],[72.83381,18.93615],[72.8333,18.93525],[72.83252,18.93417],[72.83182,18.93319],[72.83148,18.93284],[72.83119,18.93267],[72.8308,18.93259],[72.83001,18.93268],[72.82882,18.93285],[72.82838,18.93277],[72.82806,18.93254],[72.82769,18.93227],[72.82696,18.93148],[72.82554,18.92973],[72.8255,18.92967],[72.82548,18.92965]]},"properties":{"id":"osm:way/539615484","name":"Colaba to SEEPZ (Line-3)","railway":"subway","colour":null}},{"type":"Feature","geometry":{"type":"LineString","coordinates":[[72.90799,19.08628],[72.90797,19.08765],[72.90798,19.08782],[72.90797,19.08795],[72.90798,19.0882],[72.90798,19.08844],[72.90797,19.08876],[72.90797,19.08883],[72.90795,19.08893],[72.90793,19.08901],[72.9079,19.0891],[72.90779,19.0894],[72.90776,19.08951],[72.90775,19.08961],[72.90776,19.0897],[72.90777,19.09005],[72.90778,19.09018],[72.90777,19.09036],[72.90777,19.09044],[72.90774,19.09054],[72.9077,19.09063],[72.90765,19.09073],[72.90761,19.09081],[72.90756,19.09088],[72.90751,19.09093],[72.90746,19.09097],[72.90735,19.09106],[72.90727,19.09111],[72.9072,19.09114],[72.90712,19.09117],[72.907,19.09119],[72.9069,19.0912],[72.9068,19.09121],[72.90664,19.09119],[72.90591,19.0911],[72.90576,19.09108],[72.90563,19.09107],[72.90546,19.09107],[72.90534,19.09107],[72.90522,19.09108],[72.9051,19.0911],[72.90497,19.09112],[72.90486,19.09115],[72.90436,19.09133],[72.9042,19.09139],[72.90408,19.09143],[72.90392,19.0915],[72.90309,19.09186],[72.90291,19.09195],[72.90264,19.0921],[72.90128,19.09288],[72.90119,19.09293],[72.90099,19.09304],[72.90081,19.09312],[72.90065,19.09317],[72.89994,19.09338],[72.89966,19.09347],[72.8995,19.09352],[72.89931,19.09362],[72.89917,19.09369],[72.89902,19.09378],[72.89796,19.09447],[72.89732,19.09487],[72.89707,19.09502],[72.89674,19.09521],[72.89641,19.09541],[72.89433,19.09674],[72.8943,19.09676],[72.89385,19.09706],[72.89363,19.09723],[72.89346,19.09738],[72.89326,19.09758],[72.8931,19.09773],[72.89297,19.09789],[72.89289,19.09801],[72.89281,19.09812],[72.89138,19.10053],[72.89125,19.10072],[72.89111,19.10091],[72.89098,19.10108],[72.89082,19.10125],[72.89069,19.1014],[72.89054,19.10155],[72.88936,19.10253],[72.88912,19.10273],[72.8889,19.1029],[72.88859,19.10311],[72.88742,19.10385],[72.88698,19.10412],[72.88678,19.10425],[72.88662,19.10436],[72.88647,19.10448],[72.88635,19.10459],[72.88624,19.1047],[72.88613,19.10483],[72.88463,19.10659],[72.88451,19.10672],[72.88437,19.10685],[72.88422,19.10694],[72.88411,19.10702],[72.88398,19.10709],[72.88387,19.10714],[72.88374,19.1072],[72.88358,19.10726],[72.88344,19.10731],[72.88329,19.10735],[72.88314,19.10738],[72.88295,19.1074],[72.88149,19.10749],[72.88132,19.10751],[72.88114,19.10753],[72.88098,19.10758],[72.88083,19.10763],[72.88062,19.10771],[72.8801,19.1079],[72.87887,19.10837],[72.87886,19.10837],[72.8771,19.10904],[72.8767,19.10918],[72.87627,19.10933],[72.87479,19.10987],[72.87353,19.11033],[72.87352,19.11033],[72.87295,19.11054],[72.87268,19.11064],[72.87239,19.11072],[72.87212,19.11081],[72.8718,19.11089],[72.8702,19.11133],[72.86909,19.11163],[72.86745,19.11207],[72.867,19.11219],[72.86692,19.11221],[72.86501,19.11271],[72.86479,19.11278],[72.86458,19.11285],[72.86436,19.11293],[72.86417,19.11303],[72.86393,19.11316],[72.86227,19.11406],[72.8621,19.11415],[72.86187,19.11426],[72.86167,19.11436],[72.86147,19.11444],[72.86126,19.11453],[72.86112,19.11459],[72.86098,19.11465],[72.86085,19.11469],[72.86067,19.11473],[72.86049,19.11477],[72.86026,19.11481],[72.85947,19.11488],[72.85912,19.1149],[72.85893,19.11493],[72.8587,19.11497],[72.85831,19.11503],[72.85782,19.11514],[72.85766,19.1152],[72.85749,19.11526],[72.85735,19.11531],[72.85719,19.11539],[72.85701,19.11549],[72.85698,19.11552],[72.85587,19.11616],[72.85585,19.11618],[72.85485,19.11676],[72.85384,19.11733],[72.85301,19.1178],[72.85214,19.11833],[72.84946,19.12],[72.84803,19.12091],[72.84799,19.12094],[72.84656,19.12185],[72.8462,19.12206],[72.84581,19.12228],[72.84578,19.12229],[72.84459,19.12293],[72.84422,19.12311],[72.84399,19.12321],[72.84257,19.12385],[72.84244,19.12393],[72.84234,19.124],[72.84225,19.12406],[72.84218,19.12413],[72.84211,19.12419],[72.84205,19.12425],[72.84199,19.12433],[72.84191,19.12445],[72.84166,19.12503],[72.84159,19.12518],[72.84152,19.12531],[72.84143,19.12542],[72.84127,19.12561],[72.84111,19.12576],[72.84095,19.12588],[72.84081,19.12599],[72.84064,19.12608],[72.84048,19.12616],[72.84023,19.12624],[72.83902,19.12659],[72.83864,19.12668],[72.83702,19.12702],[72.83675,19.12708],[72.83653,19.12711],[72.83637,19.12713],[72.83618,19.12714],[72.83525,19.12716],[72.83509,19.12717],[72.83502,19.12718],[72.83495,19.12719],[72.83477,19.12723],[72.83458,19.12728],[72.83421,19.12737],[72.82957,19.12841],[72.82307,19.12986],[72.82238,19.13001],[72.82138,19.13023]]},"properties":{"id":"osm:way/566154570","name":"Mumbai Metro Line 1","railway":"subway","colour":"blue"}},{"type":"Feature","geometry":{"type":"LineString","coordinates":[[72.85884,19.16953],[72.85903,19.17128],[72.8593,19.17403],[72.8593,19.17434],[72.8593,19.17455],[72.85927,19.17496],[72.85921,19.17542],[72.85909,19.17584],[72.8585,19.17762],[72.85839,19.17805],[72.85835,19.17839],[72.85834,19.17873],[72.85832,19.17976],[72.85829,19.18086],[72.85837,19.18194],[72.85839,19.18411],[72.85843,19.18449],[72.85851,19.18511],[72.85854,19.18541],[72.85854,19.1871],[72.85853,19.18834],[72.85853,19.18876],[72.85849,19.18914],[72.85835,19.18986],[72.85832,19.19022],[72.85831,19.19105],[72.85833,19.19139],[72.85843,19.19174],[72.85861,19.19205],[72.8592,19.1931],[72.8594,19.19344],[72.85958,19.1938],[72.85984,19.19449],[72.86065,19.19831],[72.86081,19.19908],[72.86103,19.19989],[72.8614,19.20093],[72.86163,19.20148],[72.86188,19.20195],[72.86223,19.2025],[72.86257,19.20297],[72.86334,19.20376],[72.86669,19.20722],[72.86719,19.20784],[72.86766,19.20854],[72.86805,19.20931],[72.86826,19.21004],[72.86838,19.21089],[72.86836,19.21184],[72.86829,19.21245],[72.86815,19.21306],[72.8668,19.21713],[72.86644,19.21816],[72.86529,19.22111],[72.86423,19.22434],[72.86352,19.22636],[72.86336,19.22691],[72.86324,19.22752],[72.86322,19.22783],[72.86318,19.23377],[72.86316,19.23462],[72.86315,19.23557],[72.86317,19.23605],[72.86321,19.23651],[72.8638,19.24024],[72.86397,19.24133],[72.86402,19.2419],[72.86413,19.24247],[72.8642,19.24294],[72.86452,19.24536],[72.86461,19.24605],[72.86464,19.24621],[72.86475,19.24689],[72.86479,19.24713],[72.86484,19.24739],[72.86491,19.24764],[72.86498,19.24787],[72.86507,19.24812],[72.86521,19.24844],[72.86541,19.24883],[72.8656,19.24911],[72.86666,19.25062]]},"properties":{"id":"osm:way/610015451","name":"Line 7","railway":"subway","colour":null}},{"type":"Feature","geometry":{"type":"LineString","coordinates":[[72.81886,18.91151],[72.82067,18.91359],[72.82312,18.91639],[72.82448,18.91766],[72.8255,18.9189],[72.82584,18.91953],[72.82644,18.92181],[72.82626,18.92289],[72.82542,18.92476],[72.82512,18.92543],[72.82482,18.92732],[72.82471,18.92824],[72.82502,18.92917],[72.82506,18.92929],[72.82691,18.9315],[72.8273,18.93196],[72.82766,18.9323],[72.82802,18.93258],[72.82836,18.93281],[72.82882,18.9329],[72.83001,18.93273],[72.8308,18.93264],[72.83117,18.93271],[72.83145,18.93288],[72.83178,18.93322],[72.83249,18.93419],[72.83326,18.93527],[72.8338,18.93624],[72.83408,18.937],[72.83425,18.93756],[72.83441,18.93832],[72.83437,18.93864],[72.83416,18.93902],[72.83368,18.93948],[72.83182,18.9408],[72.83078,18.94154],[72.83014,18.94211],[72.82901,18.94348],[72.82863,18.94389],[72.82761,18.94556],[72.82718,18.94631],[72.82718,18.94632],[72.82667,18.94722],[72.82646,18.94757],[72.8262,18.94786],[72.82534,18.94883],[72.82456,18.9497],[72.82343,18.9509],[72.82245,18.95179],[72.82217,18.95207],[72.82187,18.95237],[72.8211,18.95323],[72.81858,18.95529],[72.81775,18.95655],[72.8174,18.95783],[72.81731,18.95901],[72.81729,18.95917],[72.81731,18.95932],[72.81729,18.95948],[72.81729,18.95965],[72.81725,18.96003],[72.81726,18.96015],[72.81728,18.96049],[72.81732,18.96096],[72.81744,18.96161],[72.81751,18.96193],[72.81767,18.96233],[72.81802,18.96323],[72.81845,18.96436],[72.81863,18.96484],[72.81868,18.96498],[72.81899,18.96571],[72.81906,18.96583],[72.81949,18.96655],[72.82043,18.96826],[72.82116,18.97],[72.8215,18.97082],[72.82191,18.97221],[72.82267,18.97384],[72.8234,18.97539],[72.82383,18.97652],[72.82412,18.97758],[72.82424,18.97826],[72.82538,18.97948],[72.82594,18.98016],[72.82649,18.98088],[72.82657,18.98115],[72.82653,18.98147],[72.8262,18.98207],[72.82557,18.98305],[72.82466,18.98463],[72.82386,18.98622],[72.82133,18.99088],[72.81936,18.99474],[72.81785,18.99751]]},"properties":{"id":"osm:way/610015452","name":"Colaba to SEEPZ (Line-3)","railway":"subway","colour":null}},{"type":"Feature","geometry":{"type":"LineString","coordinates":[[72.83147,19.12917],[72.83165,19.12994],[72.83168,19.13005],[72.8317,19.13016],[72.83171,19.13027],[72.83171,19.13039],[72.83171,19.1305],[72.83169,19.13062],[72.83164,19.13084],[72.8316,19.13095],[72.83157,19.13106],[72.83155,19.13118],[72.83154,19.13129],[72.83153,19.13142],[72.83153,19.13155],[72.83155,19.13168],[72.83171,19.13259],[72.83214,19.13481],[72.83216,19.13505],[72.83217,19.13528],[72.83217,19.1356],[72.83188,19.13891],[72.83181,19.13981],[72.83173,19.14072],[72.83136,19.14458],[72.83136,19.14469],[72.83136,19.14487],[72.83138,19.14497],[72.8314,19.14507],[72.83143,19.14516],[72.83147,19.14525],[72.83151,19.14534],[72.83157,19.14543],[72.83163,19.14551],[72.8317,19.14558],[72.83178,19.14565],[72.83186,19.14571],[72.83195,19.14576],[72.83204,19.14581],[72.83213,19.14585],[72.83223,19.14588],[72.83232,19.1459],[72.83243,19.14592],[72.83253,19.14593],[72.83395,19.14602],[72.83442,19.14604],[72.83563,19.14617],[72.83574,19.1462],[72.83583,19.14623],[72.83593,19.14627],[72.83602,19.14632],[72.8361,19.14637],[72.83618,19.14643],[72.83625,19.1465],[72.83632,19.14657],[72.83638,19.14665],[72.83643,19.14674],[72.83648,19.14682],[72.83651,19.1469],[72.83654,19.14699],[72.83656,19.14708],[72.83658,19.14718],[72.83658,19.14727],[72.83658,19.14736],[72.83655,19.14763],[72.83574,19.15303],[72.83558,19.15404],[72.8353,19.15582],[72.83528,19.15607],[72.83528,19.15634],[72.83529,19.15698],[72.83534,19.15877],[72.83532,19.15902],[72.83527,19.15931],[72.8352,19.15961],[72.83502,19.16028],[72.835,19.1604],[72.83495,19.16065],[72.83492,19.16091],[72.83489,19.16122],[72.83489,19.16148],[72.83489,19.16175],[72.83488,19.16287],[72.83492,19.16335],[72.835,19.1645],[72.8352,19.16726],[72.8354,19.16976],[72.83544,19.17009],[72.83549,19.17033],[72.83559,19.17066],[72.83581,19.17132],[72.83613,19.17217],[72.83649,19.17309],[72.83675,19.17378],[72.83694,19.17425],[72.83712,19.17479],[72.83722,19.17525],[72.83725,19.17567],[72.83725,19.17598],[72.8372,19.17637],[72.83708,19.17708],[72.83667,19.17949],[72.83659,19.17992],[72.83649,19.18026],[72.83633,19.18071],[72.83625,19.18096],[72.83617,19.18125],[72.83611,19.18153],[72.83605,19.18195],[72.83598,19.18239],[72.83594,19.18289],[72.83592,19.1832],[72.83591,19.18446],[72.83588,19.18529],[72.83586,19.18618],[72.83583,19.1875],[72.8358,19.18776],[72.83575,19.18818],[72.83566,19.18877],[72.83556,19.18931],[72.83544,19.18979],[72.83491,19.1919],[72.83475,19.19243],[72.83446,19.19323],[72.83408,19.19414],[72.83394,19.19452],[72.83387,19.19476],[72.83382,19.195],[72.83378,19.19527],[72.83376,19.19548],[72.83377,19.19574],[72.83377,19.19606],[72.83383,19.19682],[72.8339,19.19775],[72.83395,19.19853],[72.83398,19.19931],[72.83399,19.19995]]},"properties":{"id":"osm:way/610015453","name":"Dahisar (W) to Mandale Metro (Line-2)","railway":"subway","colour":"yellow"}},{"type":"Feature","geometry":{"type":"LineString","coordinates":[[72.82904,19.1306],[72.82905,19.13062],[72.82905,19.13069],[72.82905,19.13099],[72.82905,19.13108],[72.82904,19.13116],[72.82903,19.13127],[72.82901,19.13137],[72.82898,19.13144],[72.82894,19.13153],[72.8289,19.13161],[72.82882,19.13175]]},"properties":{"id":"osm:way/816807563","name":"Mumbai Metro Line 1","railway":"subway","colour":null}},{"type":"Feature","geometry":{"type":"LineString","coordinates":[[72.82903,19.13127],[72.82902,19.13115],[72.82902,19.13108],[72.829,19.13099],[72.82896,19.13088],[72.82893,19.13081],[72.82889,19.13074],[72.8288,19.13059],[72.82875,19.13049],[72.82873,19.13041],[72.82872,19.13036]]},"properties":{"id":"osm:way/816807565","name":"Mumbai Metro Line 1","railway":"subway","colour":null}},{"type":"Feature","geometry":{"type":"LineString","coordinates":[[72.82935,19.13063],[72.82926,19.13025]]},"properties":{"id":"osm:way/816807566","name":"Mumbai Metro Line 1","railway":"subway","colour":null}},{"type":"Feature","geometry":{"type":"LineString","coordinates":[[72.8294,19.1309],[72.82939,19.13079],[72.82937,19.13071],[72.82935,19.13063],[72.82932,19.13055],[72.82926,19.13042],[72.82924,19.13035],[72.82922,19.13026]]},"properties":{"id":"osm:way/816807567","name":"Mumbai Metro Line 1","railway":"subway","colour":null}},{"type":"Feature","geometry":{"type":"LineString","coordinates":[[72.8294,19.13072],[72.82939,19.13061],[72.82938,19.13054],[72.82931,19.13024]]},"properties":{"id":"osm:way/816807568","name":"Mumbai Metro Line 1","railway":"subway","colour":null}},{"type":"Feature","geometry":{"type":"LineString","coordinates":[[72.82882,19.13182],[72.82894,19.13175],[72.82901,19.1317],[72.82907,19.13164],[72.82914,19.13158],[72.8292,19.1315],[72.82926,19.13143],[72.82931,19.13134],[72.82934,19.13126],[72.82937,19.13115],[72.82939,19.13108],[72.82939,19.13098],[72.8294,19.1309],[72.8294,19.13072],[72.82939,19.13044],[72.82939,19.13036],[72.82938,19.13029],[72.82936,19.13023]]},"properties":{"id":"osm:way/816807569","name":"Mumbai Metro Line 1","railway":"subway","colour":null}},{"type":"Feature","geometry":{"type":"LineString","coordinates":[[72.82943,19.13022],[72.82952,19.13065],[72.82953,19.13072],[72.82954,19.13082],[72.82955,19.1309],[72.82955,19.13097],[72.82954,19.13105],[72.82953,19.13111],[72.82951,19.13119],[72.82948,19.13126],[72.82943,19.13134],[72.82938,19.13143],[72.82932,19.1315],[72.82926,19.13155],[72.8292,19.1316],[72.82914,19.13165],[72.82902,19.13172]]},"properties":{"id":"osm:way/816807570","name":"Mumbai Metro Line 1","railway":"subway","colour":null}},{"type":"Feature","geometry":{"type":"LineString","coordinates":[[72.82892,19.13185],[72.82921,19.13169],[72.82928,19.13167],[72.82932,19.13165]]},"properties":{"id":"osm:way/816807571","name":"Mumbai Metro Line 1","railway":"subway","colour":null}},{"type":"Feature","geometry":{"type":"LineString","coordinates":[[72.82863,19.13199],[72.82892,19.13185],[72.82904,19.13181],[72.82908,19.13179],[72.82911,19.13178],[72.82917,19.13176],[72.82926,19.13172],[72.8293,19.13171],[72.82933,19.1317]]},"properties":{"id":"osm:way/816807572","name":"Mumbai Metro Line 1","railway":"subway","colour":null}},{"type":"Feature","geometry":{"type":"LineString","coordinates":[[72.8289,19.13191],[72.82908,19.13184],[72.82919,19.13179],[72.82928,19.13176],[72.82934,19.13174]]},"properties":{"id":"osm:way/816807573","name":"Mumbai Metro Line 1","railway":"subway","colour":null}},{"type":"Feature","geometry":{"type":"LineString","coordinates":[[72.82894,19.13197],[72.82914,19.13194],[72.82925,19.13192],[72.82938,19.1319]]},"properties":{"id":"osm:way/816807575","name":"Mumbai Metro Line 1","railway":"subway","colour":null}},{"type":"Feature","geometry":{"type":"LineString","coordinates":[[72.82869,19.13201],[72.82894,19.13197],[72.82904,19.13195],[72.8291,19.13193],[72.8292,19.13189],[72.82932,19.13186],[72.82936,19.13185]]},"properties":{"id":"osm:way/816807576","name":"Mumbai Metro Line 1","railway":"subway","colour":null}},{"type":"Feature","geometry":{"type":"LineString","coordinates":[[72.8284,19.13206],[72.82869,19.13201],[72.8288,19.132],[72.82887,19.132],[72.82898,19.132],[72.82907,19.132],[72.8292,19.13199],[72.82931,19.13197],[72.82938,19.13195]]},"properties":{"id":"osm:way/816807577","name":"Mumbai Metro Line 1","railway":"subway","colour":null}},{"type":"Feature","geometry":{"type":"LineString","coordinates":[[72.82646,19.13016],[72.82659,19.13066],[72.82663,19.13084],[72.82667,19.13109]]},"properties":{"id":"osm:way/816807696","name":"Mumbai Metro Line 1","railway":"subway","colour":null}},{"type":"Feature","geometry":{"type":"LineString","coordinates":[[72.82696,19.12932],[72.82703,19.12964],[72.82704,19.12972],[72.82705,19.1298],[72.82704,19.12989],[72.82703,19.12998],[72.827,19.13008],[72.82696,19.13018],[72.8269,19.13032],[72.82689,19.13034]]},"properties":{"id":"osm:way/816807697","name":"Mumbai Metro Line 1","railway":"subway","colour":null}},{"type":"Feature","geometry":{"type":"LineString","coordinates":[[72.82849,19.12895],[72.82879,19.13035]]},"properties":{"id":"osm:way/837182324","name":null,"railway":"subway","colour":null}},{"type":"Feature","geometry":{"type":"LineString","coordinates":[[72.82855,19.12894],[72.82886,19.13033]]},"properties":{"id":"osm:way/837182325","name":null,"railway":"subway","colour":null}},{"type":"Feature","geometry":{"type":"LineString","coordinates":[[72.82841,19.12897],[72.82872,19.13036]]},"properties":{"id":"osm:way/837182326","name":null,"railway":"subway","colour":null}},{"type":"Feature","geometry":{"type":"LineString","coordinates":[[72.82874,19.1289],[72.82904,19.1303]]},"properties":{"id":"osm:way/837182327","name":null,"railway":"subway","colour":null}},{"type":"Feature","geometry":{"type":"LineString","coordinates":[[72.82879,19.12889],[72.8291,19.13029]]},"properties":{"id":"osm:way/837182328","name":null,"railway":"subway","colour":null}},{"type":"Feature","geometry":{"type":"LineString","coordinates":[[72.82884,19.12888],[72.82915,19.13028]]},"properties":{"id":"osm:way/837182329","name":null,"railway":"subway","colour":null}},{"type":"Feature","geometry":{"type":"LineString","coordinates":[[72.82891,19.12887],[72.82922,19.13026]]},"properties":{"id":"osm:way/837182330","name":null,"railway":"subway","colour":null}},{"type":"Feature","geometry":{"type":"LineString","coordinates":[[72.82896,19.12886],[72.82926,19.13025]]},"properties":{"id":"osm:way/837182331","name":null,"railway":"subway","colour":null}},{"type":"Feature","geometry":{"type":"LineString","coordinates":[[72.82901,19.12885],[72.82931,19.13024]]},"properties":{"id":"osm:way/837182332","name":null,"railway":"subway","colour":null}},{"type":"Feature","geometry":{"type":"LineString","coordinates":[[72.82906,19.12884],[72.82936,19.13023]]},"properties":{"id":"osm:way/837182333","name":null,"railway":"subway","colour":null}},{"type":"Feature","geometry":{"type":"LineString","coordinates":[[72.82912,19.12883],[72.82943,19.13022]]},"properties":{"id":"osm:way/837182334","name":null,"railway":"subway","colour":null}},{"type":"Feature","geometry":{"type":"LineString","coordinates":[[72.82917,19.12882],[72.82948,19.13021]]},"properties":{"id":"osm:way/837182335","name":null,"railway":"subway","colour":null}},{"type":"Feature","geometry":{"type":"LineString","coordinates":[[72.82922,19.12881],[72.82952,19.1302]]},"properties":{"id":"osm:way/837182336","name":null,"railway":"subway","colour":null}},{"type":"Feature","geometry":{"type":"LineString","coordinates":[[72.8303,19.1314],[72.82937,19.13158],[72.82932,19.13159]]},"properties":{"id":"osm:way/837182337","name":null,"railway":"subway","colour":null}},{"type":"Feature","geometry":{"type":"LineString","coordinates":[[72.83031,19.13145],[72.82942,19.13162],[72.82932,19.13165]]},"properties":{"id":"osm:way/837182338","name":null,"railway":"subway","colour":null}},{"type":"Feature","geometry":{"type":"LineString","coordinates":[[72.83032,19.1315],[72.82933,19.1317]]},"properties":{"id":"osm:way/837182339","name":null,"railway":"subway","colour":null}},{"type":"Feature","geometry":{"type":"LineString","coordinates":[[72.83033,19.13155],[72.82934,19.13174]]},"properties":{"id":"osm:way/837182340","name":null,"railway":"subway","colour":null}},{"type":"Feature","geometry":{"type":"LineString","coordinates":[[72.83035,19.1316],[72.82935,19.1318]]},"properties":{"id":"osm:way/837182341","name":null,"railway":"subway","colour":null}},{"type":"Feature","geometry":{"type":"LineString","coordinates":[[72.83036,19.13165],[72.82936,19.13185]]},"properties":{"id":"osm:way/837182342","name":null,"railway":"subway","colour":null}},{"type":"Feature","geometry":{"type":"LineString","coordinates":[[72.83037,19.1317],[72.82938,19.1319]]},"properties":{"id":"osm:way/837182343","name":null,"railway":"subway","colour":null}},{"type":"Feature","geometry":{"type":"LineString","coordinates":[[72.83039,19.13175],[72.82938,19.13195]]},"properties":{"id":"osm:way/837182344","name":null,"railway":"subway","colour":null}},{"type":"Feature","geometry":{"type":"LineString","coordinates":[[72.82932,19.13159],[72.82926,19.13161],[72.82902,19.13172],[72.82882,19.13182],[72.82858,19.13194]]},"properties":{"id":"osm:way/837182345","name":"Mumbai Metro Line 1","railway":"subway","colour":null}},{"type":"Feature","geometry":{"type":"LineString","coordinates":[[72.82896,19.1308],[72.82893,19.13071],[72.8289,19.13064],[72.82883,19.13051],[72.82882,19.13046],[72.8288,19.1304],[72.82879,19.13035]]},"properties":{"id":"osm:way/837182346","name":"Mumbai Metro Line 1","railway":"subway","colour":null}},{"type":"Feature","geometry":{"type":"LineString","coordinates":[[72.829,19.13099],[72.82896,19.1308],[72.82893,19.13063],[72.82891,19.13054],[72.82886,19.13033]]},"properties":{"id":"osm:way/837182347","name":"Mumbai Metro Line 1","railway":"subway","colour":null}},{"type":"Feature","geometry":{"type":"LineString","coordinates":[[72.82905,19.13099],[72.82903,19.13086],[72.82902,19.13076],[72.82901,19.13067],[72.82899,19.13061]]},"properties":{"id":"osm:way/837182348","name":"Mumbai Metro Line 1","railway":"subway","colour":null}},{"type":"Feature","geometry":{"type":"LineString","coordinates":[[72.82918,19.13076],[72.82914,19.1305],[72.8291,19.13029]]},"properties":{"id":"osm:way/837182349","name":"Mumbai Metro Line 1","railway":"subway","colour":null}},{"type":"Feature","geometry":{"type":"LineString","coordinates":[[72.82918,19.13097],[72.82918,19.13076],[72.82918,19.1305],[72.82918,19.13042],[72.82916,19.13035],[72.82915,19.13028]]},"properties":{"id":"osm:way/837182350","name":"Mumbai Metro Line 1","railway":"subway","colour":null}},{"type":"Feature","geometry":{"type":"LineString","coordinates":[[72.82954,19.13064],[72.82953,19.13052],[72.82952,19.13045],[72.82951,19.13039],[72.82948,19.13021]]},"properties":{"id":"osm:way/837182351","name":"Mumbai Metro Line 1","railway":"subway","colour":null}},{"type":"Feature","geometry":{"type":"LineString","coordinates":[[72.82954,19.13082],[72.82954,19.13064],[72.82955,19.13037],[72.82954,19.13032],[72.82953,19.13026],[72.82952,19.1302]]},"properties":{"id":"osm:way/837182352","name":"Mumbai Metro Line 1","railway":"subway","colour":null}},{"type":"Feature","geometry":{"type":"LineString","coordinates":[[72.82333,19.19898],[72.82334,19.19898],[72.82342,19.19895],[72.82351,19.19893],[72.82359,19.19891],[72.82368,19.1989],[72.8238,19.1989],[72.82391,19.1989],[72.82423,19.19892]]},"properties":{"id":"osm:way/937767590","name":null,"railway":"subway","colour":null}},{"type":"Feature","geometry":{"type":"LineString","coordinates":[[72.82284,19.19929],[72.8237,19.19898],[72.82377,19.19896],[72.82386,19.19894],[72.82394,19.19893],[72.82403,19.19892],[72.82411,19.19892],[72.82423,19.19892],[72.82431,19.19893],[72.82442,19.19893],[72.82455,19.19892],[72.82477,19.19889],[72.82486,19.19888],[72.82493,19.19886],[72.82504,19.19883]]},"properties":{"id":"osm:way/937767591","name":null,"railway":"subway","colour":null}},{"type":"Feature","geometry":{"type":"LineString","coordinates":[[72.82417,19.20007],[72.82464,19.19974],[72.8252,19.1994],[72.82536,19.19929],[72.82566,19.19908]]},"properties":{"id":"osm:way/937767592","name":null,"railway":"subway","colour":null}},{"type":"Feature","geometry":{"type":"LineString","coordinates":[[72.82276,19.20184],[72.82289,19.20147],[72.82293,19.20135],[72.82297,19.20127],[72.82301,19.2012],[72.82307,19.20111],[72.82314,19.20101],[72.82326,19.20087],[72.82341,19.20072],[72.82439,19.20005],[72.82507,19.19955],[72.82569,19.19911]]},"properties":{"id":"osm:way/937767593","name":null,"railway":"subway","colour":null}},{"type":"Feature","geometry":{"type":"LineString","coordinates":[[72.82288,19.2019],[72.82302,19.20161],[72.82311,19.20145],[72.82323,19.20127],[72.82334,19.20112],[72.82347,19.20094],[72.82359,19.2008],[72.82372,19.20066],[72.82386,19.20052],[72.82399,19.2004],[72.82416,19.20027],[72.82462,19.19994],[72.82659,19.19854]]},"properties":{"id":"osm:way/937767594","name":null,"railway":"subway","colour":null}},{"type":"Feature","geometry":{"type":"LineString","coordinates":[[72.82708,19.19816],[72.82739,19.19805],[72.82756,19.19798],[72.82767,19.19793],[72.82781,19.19787],[72.82804,19.19774],[72.82823,19.19763],[72.82838,19.19753],[72.82838,19.19752],[72.82883,19.19724],[72.82901,19.19712],[72.82908,19.19708],[72.82917,19.19703],[72.82926,19.19699],[72.82939,19.19695],[72.82949,19.19694],[72.82961,19.19692],[72.8297,19.19692],[72.82982,19.19693],[72.82991,19.19695],[72.83,19.19697],[72.83007,19.197],[72.83017,19.19703],[72.83024,19.19708],[72.83143,19.19785],[72.83182,19.19809],[72.83323,19.19878],[72.83333,19.19884],[72.83344,19.19892],[72.83355,19.19902],[72.83363,19.19911],[72.83368,19.19919],[72.83375,19.19931],[72.83378,19.19938],[72.83382,19.1995],[72.83384,19.19959],[72.83385,19.19966],[72.83386,19.19977],[72.83386,19.19987]]},"properties":{"id":"osm:way/937767606","name":"Metro 2 Depot Line","railway":"subway","colour":null}},{"type":"Feature","geometry":{"type":"LineString","coordinates":[[72.82251,19.19972],[72.82448,19.19903],[72.82476,19.19893],[72.82504,19.19883],[72.82513,19.1988],[72.82547,19.19865]]},"properties":{"id":"osm:way/945059959","name":null,"railway":"subway","colour":null}},{"type":"Feature","geometry":{"type":"LineString","coordinates":[[72.82695,19.19813],[72.82706,19.19809],[72.82733,19.19799],[72.82748,19.19794],[72.82761,19.1979],[72.82771,19.19785],[72.82784,19.19779],[72.82795,19.19773],[72.82803,19.19769],[72.82816,19.19761],[72.82836,19.19748],[72.82879,19.1972],[72.82896,19.1971],[72.82905,19.19705],[72.82915,19.19699],[72.82926,19.19695],[72.82936,19.19692],[72.82948,19.1969],[72.82958,19.19689],[72.82968,19.19688],[72.82979,19.19689],[72.82991,19.19691],[72.83001,19.19693],[72.8301,19.19696],[72.83019,19.197],[72.83027,19.19704],[72.83139,19.19775],[72.83186,19.19804],[72.83326,19.19874],[72.83336,19.1988],[72.83344,19.19885],[72.83352,19.19892],[72.8336,19.199],[72.83363,19.19904],[72.83369,19.19911],[72.83375,19.19919],[72.83377,19.19924],[72.83381,19.19932],[72.83384,19.19939],[72.83386,19.19946],[72.83388,19.19953],[72.83389,19.1996],[72.8339,19.19968],[72.8339,19.19978],[72.83391,19.20018]]},"properties":{"id":"osm:way/945059962","name":"Metro 2 Depot Line","railway":"subway","colour":null}},{"type":"Feature","geometry":{"type":"LineString","coordinates":[[72.8242,19.19822],[72.82424,19.19823],[72.82426,19.19823],[72.82429,19.19825],[72.82456,19.19837],[72.82471,19.19844],[72.82487,19.19851]]},"properties":{"id":"osm:way/945059987","name":null,"railway":"subway","colour":null}},{"type":"Feature","geometry":{"type":"LineString","coordinates":[[72.82417,19.1983],[72.82422,19.19831],[72.82487,19.19851],[72.82503,19.19855]]},"properties":{"id":"osm:way/945059988","name":null,"railway":"subway","colour":null}},{"type":"Feature","geometry":{"type":"LineString","coordinates":[[72.82414,19.19838],[72.82418,19.19839],[72.82423,19.19841],[72.82433,19.19843],[72.82442,19.19845],[72.82482,19.19851]]},"properties":{"id":"osm:way/945059989","name":null,"railway":"subway","colour":null}},{"type":"Feature","geometry":{"type":"LineString","coordinates":[[72.82413,19.19843],[72.82417,19.19844],[72.82425,19.19846],[72.82433,19.19847],[72.82441,19.19849],[72.82458,19.1985]]},"properties":{"id":"osm:way/945059990","name":null,"railway":"subway","colour":null}},{"type":"Feature","geometry":{"type":"LineString","coordinates":[[72.82411,19.19847],[72.82415,19.19847],[72.82421,19.19849],[72.82426,19.19849],[72.82458,19.1985],[72.82465,19.1985],[72.82471,19.1985],[72.82482,19.19851],[72.82503,19.19855],[72.82514,19.19857],[72.82525,19.19859],[72.82535,19.19859],[72.82544,19.19859]]},"properties":{"id":"osm:way/945059991","name":null,"railway":"subway","colour":null}},{"type":"Feature","geometry":{"type":"LineString","coordinates":[[72.82243,19.19951],[72.82377,19.19904],[72.82388,19.19901],[72.82397,19.19898],[72.82409,19.19896],[72.82421,19.19895],[72.82442,19.19893]]},"properties":{"id":"osm:way/945059992","name":null,"railway":"subway","colour":null}},{"type":"Feature","geometry":{"type":"LineString","coordinates":[[72.82245,19.19956],[72.82389,19.19905],[72.82398,19.19902],[72.82408,19.199],[72.82419,19.19899],[72.82428,19.19898],[72.82436,19.19898],[72.82449,19.19896]]},"properties":{"id":"osm:way/945059993","name":null,"railway":"subway","colour":null}},{"type":"Feature","geometry":{"type":"LineString","coordinates":[[72.82247,19.1996],[72.82392,19.19909],[72.82403,19.19906],[72.82412,19.19903],[72.82449,19.19896],[72.82477,19.19889]]},"properties":{"id":"osm:way/945059994","name":null,"railway":"subway","colour":null}},{"type":"Feature","geometry":{"type":"LineString","coordinates":[[72.82248,19.19964],[72.82393,19.19913],[72.82405,19.19909],[72.82415,19.19906],[72.82427,19.19904],[72.82456,19.19899],[72.82464,19.19897],[72.82476,19.19893]]},"properties":{"id":"osm:way/945059995","name":null,"railway":"subway","colour":null}},{"type":"Feature","geometry":{"type":"LineString","coordinates":[[72.8225,19.19968],[72.82393,19.19917],[72.82403,19.19914],[72.82419,19.1991],[72.82429,19.19908],[72.82437,19.19906],[72.82448,19.19903]]},"properties":{"id":"osm:way/945059996","name":null,"railway":"subway","colour":null}},{"type":"Feature","geometry":{"type":"LineString","coordinates":[[72.82253,19.19976],[72.82428,19.19915],[72.82506,19.19887],[72.82526,19.1988],[72.82549,19.19872]]},"properties":{"id":"osm:way/945059997","name":null,"railway":"subway","colour":null}},{"type":"Feature","geometry":{"type":"LineString","coordinates":[[72.82255,19.19981],[72.82429,19.19919],[72.82459,19.19909],[72.82466,19.19906],[72.82478,19.199]]},"properties":{"id":"osm:way/945059998","name":null,"railway":"subway","colour":null}},{"type":"Feature","geometry":{"type":"LineString","coordinates":[[72.82256,19.19984],[72.82431,19.19923],[72.82441,19.19919],[72.8245,19.19915],[72.8246,19.1991],[72.82478,19.199],[72.82486,19.19896],[72.82494,19.19892],[72.82506,19.19887]]},"properties":{"id":"osm:way/945059999","name":null,"railway":"subway","colour":null}},{"type":"Feature","geometry":{"type":"LineString","coordinates":[[72.82268,19.19985],[72.82457,19.19918],[72.8247,19.19913],[72.82501,19.19899],[72.82517,19.19892]]},"properties":{"id":"osm:way/945060000","name":null,"railway":"subway","colour":null}},{"type":"Feature","geometry":{"type":"LineString","coordinates":[[72.8227,19.19989],[72.82463,19.19921],[72.82473,19.19917],[72.82482,19.19913],[72.82491,19.19907],[72.82501,19.19901],[72.82507,19.19897],[72.82517,19.19892],[72.82552,19.19878]]},"properties":{"id":"osm:way/945060001","name":null,"railway":"subway","colour":null}},{"type":"Feature","geometry":{"type":"LineString","coordinates":[[72.82552,19.19878],[72.82586,19.19866],[72.82596,19.19863],[72.82608,19.19857],[72.82633,19.19844],[72.82643,19.1984],[72.82656,19.19834]]},"properties":{"id":"osm:way/945060003","name":null,"railway":"subway","colour":null}},{"type":"Feature","geometry":{"type":"LineString","coordinates":[[72.82469,19.19924],[72.82476,19.19922],[72.82485,19.19918],[72.82494,19.19913],[72.82509,19.19904],[72.82519,19.199],[72.82532,19.19894],[72.82543,19.1989],[72.82555,19.19886]]},"properties":{"id":"osm:way/945060004","name":null,"railway":"subway","colour":null}},{"type":"Feature","geometry":{"type":"LineString","coordinates":[[72.82471,19.19928],[72.8251,19.19914],[72.82517,19.19911],[72.82529,19.19906]]},"properties":{"id":"osm:way/945060005","name":null,"railway":"subway","colour":null}},{"type":"Feature","geometry":{"type":"LineString","coordinates":[[72.82473,19.19932],[72.82483,19.19928],[72.82492,19.19925],[72.82502,19.1992],[72.82529,19.19906],[72.82557,19.19891]]},"properties":{"id":"osm:way/945060006","name":null,"railway":"subway","colour":null}},{"type":"Feature","geometry":{"type":"LineString","coordinates":[[72.82474,19.19936],[72.82486,19.19932],[72.82494,19.19929],[72.82501,19.19925],[72.8253,19.1991]]},"properties":{"id":"osm:way/945060007","name":null,"railway":"subway","colour":null}},{"type":"Feature","geometry":{"type":"LineString","coordinates":[[72.82476,19.1994],[72.82482,19.19938],[72.82491,19.19934],[72.82498,19.19931],[72.82504,19.19927],[72.82516,19.19919],[72.82522,19.19915],[72.8253,19.1991],[72.82558,19.19896]]},"properties":{"id":"osm:way/945060008","name":null,"railway":"subway","colour":null}},{"type":"Feature","geometry":{"type":"LineString","coordinates":[[72.82562,19.19901],[72.82605,19.19871],[72.82631,19.19852],[72.82638,19.19847],[72.82647,19.19841],[72.82655,19.19837],[72.82663,19.19833],[72.82673,19.19829],[72.82686,19.19824]]},"properties":{"id":"osm:way/945060009","name":null,"railway":"subway","colour":null}},{"type":"Feature","geometry":{"type":"LineString","coordinates":[[72.82447,19.19972],[72.82467,19.19958],[72.82474,19.19953],[72.8248,19.1995],[72.82486,19.19947],[72.82521,19.19931],[72.82527,19.19928],[72.82534,19.19925],[72.82541,19.1992],[72.82564,19.19904]]},"properties":{"id":"osm:way/945060010","name":null,"railway":"subway","colour":null}},{"type":"Feature","geometry":{"type":"LineString","coordinates":[[72.82462,19.19994],[72.82472,19.19986],[72.82478,19.19981],[72.8249,19.1997],[72.82497,19.19963],[72.82507,19.19955]]},"properties":{"id":"osm:way/945060011","name":null,"railway":"subway","colour":null}},{"type":"Feature","geometry":{"type":"LineString","coordinates":[[72.8238,19.20034],[72.82417,19.20007]]},"properties":{"id":"osm:way/945238512","name":null,"railway":"subway","colour":null}},{"type":"Feature","geometry":{"type":"LineString","coordinates":[[72.82271,19.20182],[72.82284,19.20145],[72.82287,19.20136],[72.82291,19.20127],[72.82296,19.20116],[72.82301,19.20107],[72.82307,19.20097],[72.82315,19.20087],[72.82322,19.20079],[72.82329,19.20071],[72.82339,19.20063],[72.82348,19.20056],[72.8238,19.20034]]},"properties":{"id":"osm:way/945238513","name":null,"railway":"subway","colour":null}},{"type":"Feature","geometry":{"type":"LineString","coordinates":[[72.8225,19.19942],[72.82284,19.19929]]},"properties":{"id":"osm:way/945238514","name":null,"railway":"subway","colour":null}},{"type":"Feature","geometry":{"type":"LineString","coordinates":[[72.8229,19.19913],[72.82333,19.19898]]},"properties":{"id":"osm:way/945238515","name":null,"railway":"subway","colour":null}},{"type":"Feature","geometry":{"type":"LineString","coordinates":[[72.8229,19.20083],[72.82447,19.19972]]},"properties":{"id":"osm:way/945238516","name":null,"railway":"subway","colour":null}},{"type":"Feature","geometry":{"type":"LineString","coordinates":[[72.8225,19.19769],[72.8242,19.19822]]},"properties":{"id":"osm:way/945238517","name":null,"railway":"subway","colour":null}},{"type":"Feature","geometry":{"type":"LineString","coordinates":[[72.82247,19.19777],[72.82417,19.1983]]},"properties":{"id":"osm:way/945238518","name":null,"railway":"subway","colour":null}},{"type":"Feature","geometry":{"type":"LineString","coordinates":[[72.82244,19.19786],[72.82414,19.19838]]},"properties":{"id":"osm:way/945238519","name":null,"railway":"subway","colour":null}},{"type":"Feature","geometry":{"type":"LineString","coordinates":[[72.82243,19.1979],[72.82413,19.19843]]},"properties":{"id":"osm:way/945238520","name":null,"railway":"subway","colour":null}},{"type":"Feature","geometry":{"type":"LineString","coordinates":[[72.82241,19.19794],[72.82411,19.19847]]},"properties":{"id":"osm:way/945238521","name":null,"railway":"subway","colour":null}},{"type":"Feature","geometry":{"type":"LineString","coordinates":[[72.82287,19.19988],[72.82469,19.19924]]},"properties":{"id":"osm:way/945238522","name":null,"railway":"subway","colour":null}},{"type":"Feature","geometry":{"type":"LineString","coordinates":[[72.82295,19.20008],[72.82478,19.19944]]},"properties":{"id":"osm:way/945238523","name":null,"railway":"subway","colour":null}},{"type":"Feature","geometry":{"type":"LineString","coordinates":[[72.82288,19.19992],[72.82471,19.19928]]},"properties":{"id":"osm:way/945238524","name":null,"railway":"subway","colour":null}},{"type":"Feature","geometry":{"type":"LineString","coordinates":[[72.8229,19.19996],[72.82473,19.19932]]},"properties":{"id":"osm:way/945238525","name":null,"railway":"subway","colour":null}},{"type":"Feature","geometry":{"type":"LineString","coordinates":[[72.82292,19.2],[72.82474,19.19936]]},"properties":{"id":"osm:way/945238526","name":null,"railway":"subway","colour":null}},{"type":"Feature","geometry":{"type":"LineString","coordinates":[[72.82293,19.20004],[72.82476,19.1994]]},"properties":{"id":"osm:way/945238527","name":null,"railway":"subway","colour":null}},{"type":"Feature","geometry":{"type":"LineString","coordinates":[[72.86447,19.24537],[72.86461,19.24605]]},"properties":{"id":"osm:way/987798912","name":null,"railway":"subway","colour":"red"}},{"type":"Feature","geometry":{"type":"LineString","coordinates":[[72.84084,19.23139],[72.84061,19.23313],[72.84058,19.2337],[72.84057,19.23439],[72.84055,19.23479],[72.84057,19.23518],[72.84065,19.23575],[72.84073,19.23619],[72.84082,19.23651],[72.84091,19.23677],[72.84111,19.23724],[72.84165,19.23823],[72.84173,19.23836],[72.8418,19.23849],[72.84189,19.23862],[72.84199,19.23877],[72.8421,19.23891],[72.84222,19.23905],[72.84239,19.23926],[72.84285,19.23975],[72.84305,19.23996],[72.84348,19.24044],[72.84406,19.24104],[72.84445,19.2415],[72.84491,19.24229],[72.84512,19.24289],[72.84537,19.24383],[72.84541,19.24413],[72.84543,19.24457],[72.84541,19.24554],[72.84536,19.24618],[72.84532,19.24687],[72.84535,19.24752],[72.84555,19.24877],[72.84571,19.24958],[72.84579,19.24989],[72.84597,19.25045],[72.84622,19.25121],[72.84656,19.25189],[72.84674,19.25224],[72.84732,19.25322],[72.84758,19.2536],[72.84847,19.25473],[72.84877,19.25506],[72.84916,19.25541],[72.85,19.25614],[72.85062,19.25664],[72.85091,19.25685],[72.852,19.25758],[72.85224,19.25773],[72.85254,19.25788],[72.85368,19.25835],[72.85424,19.25852],[72.85467,19.25864],[72.85516,19.25871],[72.85563,19.25875],[72.85633,19.25875],[72.85702,19.25871],[72.85739,19.25868],[72.85781,19.25861],[72.8582,19.25854],[72.85905,19.25847],[72.86213,19.2582],[72.8625,19.25815],[72.86285,19.25808],[72.86315,19.25801],[72.86416,19.25775],[72.86515,19.25753],[72.86558,19.25742],[72.866,19.25729],[72.86643,19.25716],[72.86688,19.25699],[72.86729,19.25681],[72.86812,19.25641],[72.86844,19.2562],[72.8687,19.25597],[72.86895,19.25568],[72.86907,19.25543],[72.86915,19.2551],[72.86916,19.25476],[72.86913,19.25439],[72.86902,19.25406],[72.86886,19.25376],[72.86864,19.25343],[72.86736,19.25156]]},"properties":{"id":"osm:way/1046920877","name":"Line 2","railway":"subway","colour":"yellow"}},{"type":"Feature","geometry":{"type":"LineString","coordinates":[[72.86732,19.25158],[72.86882,19.25379],[72.86898,19.25408],[72.86908,19.2544],[72.86913,19.25476],[72.86909,19.2551],[72.86899,19.25542],[72.86885,19.25565],[72.86864,19.25592],[72.86841,19.25613],[72.86808,19.25635],[72.86763,19.25658],[72.86726,19.25677],[72.86687,19.25695],[72.86642,19.25711],[72.86599,19.25724],[72.86557,19.25737],[72.86514,19.25747],[72.86437,19.25764],[72.86311,19.25798],[72.86255,19.2581],[72.86213,19.25817],[72.85902,19.25842],[72.85821,19.2585],[72.85741,19.25863],[72.85633,19.25871],[72.85564,19.25871],[72.85529,19.25868],[72.85466,19.25859],[72.85434,19.25852],[72.85361,19.25826],[72.85254,19.25783],[72.85224,19.25768],[72.85202,19.25754],[72.85094,19.25682],[72.85065,19.2566],[72.85003,19.2561],[72.84919,19.25538],[72.8488,19.25503],[72.8485,19.2547],[72.84762,19.25357],[72.84737,19.25319],[72.84679,19.25222],[72.84638,19.25139],[72.84627,19.2512],[72.846,19.25041],[72.84584,19.24988],[72.84576,19.24958],[72.8456,19.24877],[72.84543,19.24782],[72.8454,19.24752],[72.84537,19.24687],[72.84541,19.24619],[72.84546,19.24554],[72.84548,19.24458],[72.84546,19.24413],[72.84542,19.24382],[72.84516,19.24287],[72.84496,19.24227],[72.8445,19.24147],[72.84408,19.241],[72.84352,19.24041],[72.84309,19.23993],[72.84289,19.23972],[72.84243,19.23923],[72.84226,19.23903],[72.84214,19.23889],[72.84203,19.23874],[72.84193,19.23859],[72.84185,19.23847],[72.84177,19.23834],[72.8417,19.23821],[72.84115,19.23722],[72.84095,19.23675],[72.84086,19.2365],[72.84078,19.23618],[72.8407,19.23575],[72.84062,19.23517],[72.8406,19.23479],[72.84061,19.23439],[72.84062,19.23369],[72.84067,19.23313],[72.84088,19.23139],[72.84099,19.23053],[72.84105,19.22994],[72.84104,19.22961],[72.84097,19.22817],[72.8409,19.22597],[72.84089,19.22491],[72.84094,19.22376],[72.84096,19.22283],[72.84097,19.22142],[72.84096,19.22095],[72.84093,19.22048],[72.84058,19.21864],[72.84041,19.21806],[72.83994,19.21706],[72.83927,19.21604],[72.838,19.21475],[72.83733,19.21398],[72.83708,19.21367],[72.83648,19.21277],[72.83625,19.21231],[72.83554,19.21073],[72.83541,19.21033],[72.83531,19.20993],[72.83516,19.20881],[72.83511,19.20842],[72.83494,19.20698],[72.83482,19.2062],[72.83463,19.20531],[72.83455,19.20487],[72.83437,19.20423],[72.83433,19.20402],[72.83422,19.20362],[72.83415,19.20316],[72.83412,19.20296],[72.8341,19.20273],[72.83407,19.20244],[72.83405,19.20215],[72.83404,19.20186],[72.83404,19.20165],[72.83399,19.19995]]},"properties":{"id":"osm:way/1046920878","name":"Line 2","railway":"subway","colour":"yellow"}},{"type":"Feature","geometry":{"type":"LineString","coordinates":[[72.86452,19.24536],[72.86466,19.24604],[72.86469,19.2462],[72.86485,19.24685],[72.86493,19.2471],[72.86499,19.2473],[72.86506,19.24749],[72.86514,19.24767],[72.86525,19.24788],[72.86538,19.24808],[72.86568,19.24851],[72.86614,19.24915],[72.86692,19.25027]]},"properties":{"id":"osm:way/1046920881","name":"Line 9","railway":"subway","colour":null}},{"type":"Feature","geometry":{"type":"LineString","coordinates":[[72.85518,19.11451],[72.85543,19.11624],[72.85552,19.11697],[72.8557,19.11821],[72.85592,19.11941],[72.85598,19.11986],[72.85604,19.12061],[72.8561,19.12109],[72.85618,19.12152],[72.85657,19.12313],[72.85665,19.12355],[72.85667,19.12381],[72.85667,19.12407],[72.85664,19.12449],[72.85657,19.12485],[72.85642,19.1252],[72.85641,19.12522],[72.85619,19.12558],[72.85575,19.12634],[72.85568,19.1265],[72.85561,19.1267],[72.85551,19.1272],[72.85548,19.12767],[72.85546,19.12845],[72.85544,19.12948],[72.85514,19.13638],[72.85508,19.13711],[72.85491,19.13807],[72.85483,19.13853],[72.85472,19.14058],[72.85471,19.14102],[72.85475,19.1414],[72.85484,19.14176],[72.85521,19.14293],[72.85567,19.14442],[72.85581,19.14495],[72.85592,19.14573],[72.85618,19.14864],[72.85654,19.15145],[72.85662,19.15241],[72.85676,19.15429],[72.85696,19.15547],[72.85722,19.15736],[72.85743,19.15894],[72.85764,19.16066],[72.85849,19.16655]]},"properties":{"id":"osm:way/1046920882","name":"Line 7","railway":"subway","colour":null}},{"type":"Feature","geometry":{"type":"LineString","coordinates":[[72.86688,19.2503],[72.86614,19.24926],[72.86607,19.24916],[72.86547,19.24831],[72.86532,19.24809],[72.8652,19.2479],[72.8651,19.2477],[72.86502,19.24751],[72.86494,19.24731],[72.86487,19.24711],[72.86481,19.24685],[72.86464,19.24621]]},"properties":{"id":"osm:way/1047353832","name":"Line 9","railway":"subway","colour":null}},{"type":"Feature","geometry":{"type":"LineString","coordinates":[[72.86662,19.25064],[72.86555,19.24914],[72.86536,19.24885],[72.86516,19.24847],[72.86502,19.24813],[72.86493,19.24789],[72.86486,19.24765],[72.86479,19.2474],[72.86474,19.24716],[72.8647,19.2469],[72.86456,19.24596],[72.86447,19.24537],[72.86415,19.24295],[72.86408,19.24248],[72.86397,19.24191],[72.86392,19.24133],[72.86375,19.24025],[72.86316,19.23652],[72.86312,19.23606],[72.86311,19.23557],[72.86311,19.23462],[72.86313,19.23377],[72.86317,19.22782],[72.86319,19.22752],[72.86331,19.2269],[72.86348,19.22635],[72.86419,19.22433],[72.86524,19.2211],[72.86639,19.21814],[72.86675,19.21711],[72.8681,19.21305],[72.86824,19.21244],[72.86831,19.21184],[72.86833,19.2109],[72.86822,19.21005],[72.868,19.20933],[72.86762,19.20857],[72.86715,19.20787],[72.86666,19.20725],[72.8633,19.20379],[72.86253,19.203],[72.86219,19.20252],[72.86184,19.20197],[72.86159,19.2015],[72.86136,19.20094],[72.86098,19.1999],[72.86076,19.19909],[72.8606,19.19832],[72.8598,19.1945],[72.85954,19.19382],[72.85935,19.19346],[72.85916,19.19312],[72.85856,19.19208],[72.85839,19.19176],[72.85829,19.1914],[72.85826,19.19105],[72.85827,19.19022],[72.8583,19.18985],[72.85844,19.18913],[72.85848,19.18876],[72.85848,19.18834],[72.85849,19.1871],[72.85849,19.18541],[72.85846,19.18511],[72.85838,19.1845],[72.85834,19.18411],[72.85832,19.18195],[72.85826,19.18124],[72.85824,19.18085]]},"properties":{"id":"osm:way/1047353833","name":"Line 7","railway":"subway","colour":null}},{"type":"Feature","geometry":{"type":"LineString","coordinates":[[72.90799,19.08618],[72.90799,19.08628]]},"properties":{"id":"osm:way/1047356054","name":"Mumbai Metro Line 1","railway":"subway","colour":null}},{"type":"Feature","geometry":{"type":"LineString","coordinates":[[72.90812,19.08629],[72.90812,19.08618]]},"properties":{"id":"osm:way/1047356055","name":"Mumbai Metro Line 1","railway":"subway","colour":null}},{"type":"Feature","geometry":{"type":"LineString","coordinates":[[72.81836,19.13011],[72.81917,19.13049],[72.81925,19.13053],[72.81936,19.13056],[72.81946,19.13059],[72.81956,19.1306],[72.81965,19.1306],[72.81979,19.1306],[72.81994,19.13059],[72.82006,19.13057],[72.8204,19.1305],[72.82139,19.13028]]},"properties":{"id":"osm:way/1047356056","name":"Mumbai Metro Line 1","railway":"subway","colour":"blue"}},{"type":"Feature","geometry":{"type":"LineString","coordinates":[[72.82138,19.13023],[72.82005,19.13053],[72.81994,19.13055],[72.81979,19.13056],[72.81965,19.13056],[72.81956,19.13056],[72.81947,19.13054],[72.81937,19.13052],[72.81927,19.13048],[72.81919,19.13045],[72.81838,19.13007]]},"properties":{"id":"osm:way/1047356057","name":"Mumbai Metro Line 1","railway":"subway","colour":"blue"}},{"type":"Feature","geometry":{"type":"LineString","coordinates":[[72.86732,19.25158],[72.86662,19.25064]]},"properties":{"id":"osm:way/1047356058","name":"Line 7","railway":"subway","colour":null}},{"type":"Feature","geometry":{"type":"LineString","coordinates":[[72.86666,19.25062],[72.86736,19.25156]]},"properties":{"id":"osm:way/1047356059","name":"Line 7","railway":"subway","colour":null}},{"type":"Feature","geometry":{"type":"LineString","coordinates":[[72.85849,19.16655],[72.85861,19.16755],[72.85884,19.16953]]},"properties":{"id":"osm:way/1047356060","name":"Line 7","railway":"subway","colour":null}},{"type":"Feature","geometry":{"type":"LineString","coordinates":[[72.85879,19.16954],[72.85862,19.16817],[72.85843,19.16656]]},"properties":{"id":"osm:way/1047356061","name":"Line 7","railway":"subway","colour":null}},{"type":"Feature","geometry":{"type":"LineString","coordinates":[[72.85824,19.18085],[72.85827,19.17976],[72.85829,19.17873],[72.85831,19.17839],[72.85835,19.17805],[72.85846,19.17761],[72.85904,19.17583],[72.85916,19.17541],[72.85923,19.17496],[72.85925,19.17454],[72.85925,19.17433],[72.85925,19.17404],[72.85899,19.17128],[72.85879,19.16954]]},"properties":{"id":"osm:way/1075185398","name":"Line 7","railway":"subway","colour":null}},{"type":"Feature","geometry":{"type":"LineString","coordinates":[[72.88799,19.1327],[72.88715,19.13152],[72.88707,19.13141],[72.887,19.13133],[72.88694,19.13127],[72.88688,19.1312],[72.88681,19.13115],[72.88673,19.1311],[72.88665,19.13105],[72.88656,19.13101],[72.88646,19.13099],[72.88636,19.13097],[72.88626,19.13095],[72.88617,19.13095],[72.88607,19.13096],[72.8856,19.13102],[72.88313,19.13132],[72.88282,19.13135],[72.88181,19.13148],[72.87975,19.13171],[72.87893,19.13181],[72.87869,19.13182],[72.87854,19.13182],[72.8784,19.13181],[72.87825,19.13179],[72.87811,19.13177],[72.87797,19.13173],[72.87783,19.13169],[72.87771,19.13164],[72.87758,19.13159],[72.87746,19.13153],[72.87735,19.13146],[72.87724,19.13138],[72.87713,19.1313],[72.87703,19.13122]]},"properties":{"id":"osm:way/1080263620","name":null,"railway":"subway","colour":null}},{"type":"Feature","geometry":{"type":"LineString","coordinates":[[72.8842,19.13105],[72.87907,19.13165],[72.87878,19.13165],[72.87857,19.13163],[72.87835,19.13159],[72.87816,19.13153]]},"properties":{"id":"osm:way/1080263621","name":null,"railway":"subway","colour":null}},{"type":"Feature","geometry":{"type":"LineString","coordinates":[[72.94208,19.04736],[72.94256,19.04697],[72.94334,19.04637],[72.94437,19.04564],[72.9474,19.04351],[72.94827,19.0429]]},"properties":{"id":"osm:way/1123961005","name":"Dahisar (W) to Mandale Metro (Line-2)","railway":"subway","colour":null}},{"type":"Feature","geometry":{"type":"LineString","coordinates":[[72.94817,19.04273],[72.94428,19.04559],[72.94218,19.04714]]},"properties":{"id":"osm:way/1123961006","name":"Dahisar (W) to Mandale Metro (Line-2)","railway":"subway","colour":null}},{"type":"Feature","geometry":{"type":"LineString","coordinates":[[72.94218,19.04714],[72.94165,19.04742],[72.94113,19.04768],[72.94075,19.04788],[72.94016,19.04822],[72.93924,19.04903],[72.93915,19.04911]]},"properties":{"id":"osm:way/1123961007","name":"Dahisar (W) to Mandale Metro (Line-2)","railway":"subway","colour":null}},{"type":"Feature","geometry":{"type":"LineString","coordinates":[[72.93922,19.04916],[72.93967,19.04874],[72.94023,19.04834],[72.94095,19.048],[72.94118,19.04787],[72.94208,19.04736]]},"properties":{"id":"osm:way/1123961008","name":"Dahisar (W) to Mandale Metro (Line-2)","railway":"subway","colour":null}},{"type":"Feature","geometry":{"type":"LineString","coordinates":[[72.85538,19.10275],[72.85508,19.10295],[72.85481,19.10321],[72.85462,19.1035],[72.85451,19.10377],[72.85444,19.10406],[72.85423,19.10503]]},"properties":{"id":"osm:way/1134499128","name":"Line 7A","railway":"subway","colour":null}},{"type":"Feature","geometry":{"type":"LineString","coordinates":[[72.85513,19.11452],[72.855,19.11367],[72.85459,19.11179],[72.85425,19.11025]]},"properties":{"id":"osm:way/1134499129","name":"Line 7","railway":"subway","colour":null}},{"type":"Feature","geometry":{"type":"LineString","coordinates":[[72.85843,19.16656],[72.85737,19.15895],[72.85716,19.15736],[72.85691,19.15548],[72.85671,19.15429],[72.85656,19.15242],[72.85649,19.15146],[72.85614,19.14864],[72.85589,19.14573],[72.85577,19.14496],[72.85561,19.14443],[72.85555,19.14423],[72.85523,19.14315],[72.85516,19.14295],[72.85479,19.14177],[72.8547,19.1414],[72.85466,19.14101],[72.85466,19.14057],[72.85479,19.13852],[72.85487,19.13807],[72.85504,19.13711],[72.8551,19.13637],[72.85539,19.12948],[72.85542,19.12845],[72.85543,19.12767],[72.85545,19.12722],[72.85556,19.1267],[72.85564,19.12648],[72.85571,19.12632],[72.85615,19.12557],[72.85638,19.12521],[72.85653,19.12484],[72.8566,19.12448],[72.85662,19.12407],[72.85662,19.12379],[72.8566,19.12354],[72.85652,19.12313],[72.85613,19.12153],[72.85604,19.12109],[72.85599,19.12061],[72.85593,19.11986],[72.85587,19.11941],[72.85564,19.11822],[72.85541,19.11652],[72.85539,19.11625],[72.85513,19.11452]]},"properties":{"id":"osm:way/1134499130","name":"Line 7","railway":"subway","colour":null}},{"type":"Feature","geometry":{"type":"LineString","coordinates":[[72.83011,19.12201],[72.8306,19.12402],[72.83069,19.12435],[72.83076,19.12457],[72.83083,19.12471],[72.83097,19.12503],[72.83101,19.12512],[72.83104,19.12521],[72.83107,19.1253],[72.83111,19.12544],[72.83114,19.12558],[72.83116,19.12571],[72.83117,19.12585],[72.83117,19.12653],[72.83114,19.12755],[72.83116,19.12773],[72.83119,19.1279],[72.83122,19.12808],[72.83126,19.12826],[72.83147,19.12917]]},"properties":{"id":"osm:way/1134512443","name":"Dahisar (W) to Mandale Metro (Line-2)","railway":"subway","colour":"yellow"}},{"type":"Feature","geometry":{"type":"LineString","coordinates":[[72.83006,19.12202],[72.83055,19.12404],[72.83064,19.12437],[72.83072,19.12459],[72.83078,19.12473],[72.83092,19.12505],[72.83096,19.12514],[72.831,19.12523],[72.83103,19.12532],[72.83106,19.12545],[72.83109,19.12558],[72.83111,19.12572],[72.83112,19.12585],[72.83112,19.12653],[72.83109,19.12755],[72.83111,19.12773],[72.83114,19.12791],[72.83117,19.12809],[72.83121,19.12827],[72.83143,19.12918]]},"properties":{"id":"osm:way/1134512444","name":"Dahisar (W) to Mandale Metro (Line-2)","railway":"subway","colour":"yellow"}},{"type":"Feature","geometry":{"type":"LineString","coordinates":[[72.87493,19.03987],[72.87483,19.03977],[72.87479,19.03972],[72.87475,19.03966],[72.87473,19.03961],[72.87471,19.03954],[72.87471,19.03947],[72.87471,19.03931]]},"properties":{"id":"osm:way/1187920639","name":null,"railway":"monorail","colour":null}},{"type":"Feature","geometry":{"type":"LineString","coordinates":[[72.87506,19.04005],[72.87484,19.0397],[72.87481,19.03964],[72.87479,19.03958],[72.87479,19.0395],[72.87479,19.03941],[72.87479,19.03932]]},"properties":{"id":"osm:way/1187920640","name":null,"railway":"monorail","colour":null}},{"type":"Feature","geometry":{"type":"LineString","coordinates":[[72.87497,19.03984],[72.87492,19.03974],[72.87489,19.03966],[72.87488,19.0396],[72.87487,19.03954],[72.87487,19.03949],[72.87487,19.03932]]},"properties":{"id":"osm:way/1187920641","name":null,"railway":"monorail","colour":null}},{"type":"Feature","geometry":{"type":"LineString","coordinates":[[72.87498,19.03983],[72.87497,19.03977],[72.87496,19.0397],[72.87495,19.03963],[72.87496,19.03932]]},"properties":{"id":"osm:way/1187920642","name":null,"railway":"monorail","colour":null}},{"type":"Feature","geometry":{"type":"LineString","coordinates":[[72.87491,19.03988],[72.87471,19.03973],[72.87465,19.03967],[72.87461,19.03962],[72.87457,19.03955],[72.87455,19.03948],[72.87454,19.0394],[72.87454,19.03931]]},"properties":{"id":"osm:way/1187920643","name":null,"railway":"monorail","colour":null}},{"type":"Feature","geometry":{"type":"LineString","coordinates":[[72.8753,19.03899],[72.87528,19.04],[72.87529,19.04007],[72.8753,19.04014],[72.87531,19.0402]]},"properties":{"id":"osm:way/1187920948","name":null,"railway":"monorail","colour":null}},{"type":"Feature","geometry":{"type":"LineString","coordinates":[[72.87535,19.039],[72.87533,19.0402]]},"properties":{"id":"osm:way/1187920949","name":null,"railway":"monorail","colour":null}},{"type":"Feature","geometry":{"type":"LineString","coordinates":[[72.8754,19.039],[72.87538,19.04001],[72.87537,19.04008],[72.87536,19.04015],[72.87535,19.0402]]},"properties":{"id":"osm:way/1187920950","name":null,"railway":"monorail","colour":null}},{"type":"Feature","geometry":{"type":"LineString","coordinates":[[72.87545,19.039],[72.87543,19.03991],[72.87543,19.03998],[72.87542,19.04003],[72.87541,19.04009],[72.87539,19.04015],[72.87537,19.0402]]},"properties":{"id":"osm:way/1187920951","name":null,"railway":"monorail","colour":null}},{"type":"Feature","geometry":{"type":"LineString","coordinates":[[72.87538,19.03762],[72.87536,19.03764],[72.87535,19.03768],[72.87534,19.03771],[72.87533,19.03777],[72.87532,19.03784],[72.87532,19.03797]]},"properties":{"id":"osm:way/1187920952","name":null,"railway":"monorail","colour":null}},{"type":"Feature","geometry":{"type":"LineString","coordinates":[[72.8754,19.03762],[72.87539,19.03767],[72.87538,19.03775],[72.87537,19.03781],[72.87537,19.03797]]},"properties":{"id":"osm:way/1187920953","name":null,"railway":"monorail","colour":null}},{"type":"Feature","geometry":{"type":"LineString","coordinates":[[72.87542,19.03762],[72.87542,19.03797]]},"properties":{"id":"osm:way/1187920954","name":null,"railway":"monorail","colour":null}},{"type":"Feature","geometry":{"type":"LineString","coordinates":[[72.87542,19.0374],[72.87542,19.03745],[72.87543,19.03751],[72.87543,19.03756],[72.87545,19.03762],[72.87546,19.03768],[72.87547,19.03774],[72.87547,19.03781],[72.87547,19.03797]]},"properties":{"id":"osm:way/1187920955","name":null,"railway":"monorail","colour":null}},{"type":"Feature","geometry":{"type":"LineString","coordinates":[[72.87406,19.03789],[72.87401,19.03831]]},"properties":{"id":"osm:way/1187922855","name":null,"railway":"monorail","colour":null}},{"type":"Feature","geometry":{"type":"LineString","coordinates":[[72.82673,19.1307],[72.82673,19.13071],[72.82669,19.13081],[72.82668,19.13086],[72.82667,19.13091],[72.82667,19.13096],[72.82667,19.13109],[72.82669,19.13138]]},"properties":{"id":"osm:way/1188169047","name":"Mumbai Metro Line 1","railway":"subway","colour":null}},{"type":"Feature","geometry":{"type":"LineString","coordinates":[[72.82698,19.13038],[72.82699,19.13036],[72.82701,19.13031],[72.82707,19.13013],[72.82709,19.13005],[72.8271,19.12996],[72.82711,19.12988],[72.82711,19.12978],[72.8271,19.12968],[72.82704,19.12931],[72.82704,19.12931]]},"properties":{"id":"osm:way/1188169048","name":"Mumbai Metro Line 1","railway":"subway","colour":null}},{"type":"Feature","geometry":{"type":"LineString","coordinates":[[72.82689,19.13034],[72.82673,19.1307]]},"properties":{"id":"osm:way/1188169049","name":"Mumbai Metro Line 1","railway":"subway","colour":null}},{"type":"Feature","geometry":{"type":"LineString","coordinates":[[72.82683,19.13073],[72.82698,19.13038]]},"properties":{"id":"osm:way/1188169070","name":"Mumbai Metro Line 1","railway":"subway","colour":null}},{"type":"Feature","geometry":{"type":"LineString","coordinates":[[72.82899,19.13036],[72.82904,19.13056],[72.82904,19.13058],[72.82904,19.1306]]},"properties":{"id":"osm:way/1188234451","name":null,"railway":"subway","colour":null}},{"type":"Feature","geometry":{"type":"LineString","coordinates":[[72.82894,19.13036],[72.82899,19.13061]]},"properties":{"id":"osm:way/1188234452","name":null,"railway":"subway","colour":null}},{"type":"Feature","geometry":{"type":"LineString","coordinates":[[72.82661,19.13129],[72.82664,19.13143],[72.82667,19.13152],[72.82675,19.13171]]},"properties":{"id":"osm:way/1188235754","name":"Mumbai Metro Line 1","railway":"subway","colour":null}},{"type":"Feature","geometry":{"type":"LineString","coordinates":[[72.82661,19.13129],[72.82629,19.12999]]},"properties":{"id":"osm:way/1188235795","name":null,"railway":"subway","colour":null}},{"type":"Feature","geometry":{"type":"LineString","coordinates":[[72.82566,19.19908],[72.82633,19.19861],[72.82653,19.19846],[72.82667,19.19837],[72.82679,19.19829],[72.82686,19.19826],[72.82697,19.1982],[72.82708,19.19816]]},"properties":{"id":"osm:way/1188238301","name":null,"railway":"subway","colour":null}},{"type":"Feature","geometry":{"type":"LineString","coordinates":[[72.82569,19.19911],[72.82595,19.19893],[72.82602,19.19888],[72.82607,19.19883],[72.82616,19.19875],[72.82624,19.19868],[72.82633,19.19861]]},"properties":{"id":"osm:way/1188238447","name":null,"railway":"subway","colour":null}},{"type":"Feature","geometry":{"type":"LineString","coordinates":[[72.82564,19.19904],[72.82614,19.1987],[72.8262,19.19866],[72.82626,19.19862],[72.82635,19.19857],[72.82643,19.19853],[72.82653,19.19846]]},"properties":{"id":"osm:way/1188238672","name":null,"railway":"subway","colour":null}},{"type":"Feature","geometry":{"type":"LineString","coordinates":[[72.82478,19.19944],[72.82488,19.1994],[72.825,19.19935],[72.82512,19.1993],[72.82524,19.19923],[72.82538,19.19916],[72.82562,19.19901]]},"properties":{"id":"osm:way/1188238673","name":null,"railway":"subway","colour":null}},{"type":"Feature","geometry":{"type":"LineString","coordinates":[[72.82558,19.19896],[72.8259,19.19879],[72.82596,19.19875],[72.82605,19.19871]]},"properties":{"id":"osm:way/1188238780","name":null,"railway":"subway","colour":null}},{"type":"Feature","geometry":{"type":"LineString","coordinates":[[72.82557,19.19891],[72.82601,19.19869],[72.82614,19.19862],[72.82622,19.19858],[72.82631,19.19852]]},"properties":{"id":"osm:way/1188238843","name":null,"railway":"subway","colour":null}},{"type":"Feature","geometry":{"type":"LineString","coordinates":[[72.82555,19.19886],[72.82581,19.19877],[72.82588,19.19874],[72.82601,19.19869]]},"properties":{"id":"osm:way/1188238869","name":null,"railway":"subway","colour":null}},{"type":"Feature","geometry":{"type":"LineString","coordinates":[[72.82549,19.19872],[72.82656,19.19834],[72.82686,19.19824],[72.82708,19.19816]]},"properties":{"id":"osm:way/1188239014","name":null,"railway":"subway","colour":null}},{"type":"Feature","geometry":{"type":"LineString","coordinates":[[72.82547,19.19865],[72.82588,19.1985],[72.82695,19.19813]]},"properties":{"id":"osm:way/1188239018","name":null,"railway":"subway","colour":null}},{"type":"Feature","geometry":{"type":"LineString","coordinates":[[72.82544,19.19859],[72.82555,19.19857],[72.82564,19.19856],[72.82572,19.19854],[72.82578,19.19853],[72.82588,19.1985]]},"properties":{"id":"osm:way/1188239078","name":null,"railway":"subway","colour":null}},{"type":"Feature","geometry":{"type":"LineString","coordinates":[[72.82838,19.19753],[72.8286,19.19736],[72.82879,19.1972]]},"properties":{"id":"osm:way/1188239421","name":"Metro 2 Depot Line","railway":"subway","colour":null}},{"type":"Feature","geometry":{"type":"LineString","coordinates":[[72.82836,19.19748],[72.8286,19.19736],[72.82883,19.19724]]},"properties":{"id":"osm:way/1188239422","name":"Metro 2 Depot Line","railway":"subway","colour":null}},{"type":"Feature","geometry":{"type":"LineString","coordinates":[[72.82257,19.19925],[72.8229,19.19913]]},"properties":{"id":"osm:way/1188244575","name":null,"railway":"subway","colour":null}},{"type":"Feature","geometry":{"type":"LineString","coordinates":[[72.82246,19.19943],[72.8225,19.19942]]},"properties":{"id":"osm:way/1188244695","name":null,"railway":"subway","colour":null}},{"type":"Feature","geometry":{"type":"LineString","coordinates":[[72.83505,19.2083],[72.83501,19.20808],[72.83486,19.20747],[72.83482,19.20731],[72.8348,19.20716],[72.83468,19.20632],[72.83464,19.2061],[72.83446,19.20528],[72.83422,19.20418],[72.83418,19.20396],[72.83405,19.20313],[72.83401,19.20275],[72.83396,19.20234],[72.83393,19.20193],[72.83391,19.20172],[72.8339,19.20153],[72.83387,19.20092],[72.83386,19.20005],[72.83386,19.19987]]},"properties":{"id":"osm:way/1188337944","name":null,"railway":"subway","colour":null}},{"type":"Feature","geometry":{"type":"LineString","coordinates":[[72.8348,19.20716],[72.83487,19.20778]]},"properties":{"id":"osm:way/1188337945","name":"Line 2","railway":"subway","colour":null}},{"type":"Feature","geometry":{"type":"LineString","coordinates":[[72.83452,19.20505],[72.83446,19.20485],[72.83439,19.20466],[72.83428,19.20436],[72.83425,19.20427],[72.83422,19.20418]]},"properties":{"id":"osm:way/1188338354","name":null,"railway":"subway","colour":null}},{"type":"Feature","geometry":{"type":"LineString","coordinates":[[72.83455,19.20487],[72.83435,19.20425],[72.83419,19.20363]]},"properties":{"id":"osm:way/1188338630","name":"Line 2","railway":"subway","colour":"yellow"}},{"type":"Feature","geometry":{"type":"LineString","coordinates":[[72.83394,19.20165],[72.83392,19.20092],[72.83392,19.20083],[72.83391,19.20018]]},"properties":{"id":"osm:way/1188338631","name":null,"railway":"subway","colour":null}},{"type":"Feature","geometry":{"type":"LineString","coordinates":[[72.83399,19.20164],[72.83397,19.20148],[72.83396,19.20136],[72.83395,19.20122],[72.83394,19.20112],[72.83392,19.20092]]},"properties":{"id":"osm:way/1188338844","name":null,"railway":"subway","colour":null}},{"type":"Feature","geometry":{"type":"LineString","coordinates":[[72.83392,19.20083],[72.83392,19.20067],[72.83391,19.20057],[72.83388,19.20039],[72.83387,19.20029],[72.83386,19.20005]]},"properties":{"id":"osm:way/1188338845","name":null,"railway":"subway","colour":null}},{"type":"Feature","geometry":{"type":"LineString","coordinates":[[72.82548,18.92965],[72.82513,18.92923],[72.82476,18.92824],[72.82487,18.92733],[72.82526,18.9255],[72.82555,18.92481],[72.82641,18.92293],[72.82649,18.9218],[72.82589,18.91951],[72.82554,18.91887],[72.82452,18.91763],[72.82315,18.91636],[72.82075,18.91354],[72.81894,18.91145]]},"properties":{"id":"osm:way/1218433041","name":"Colaba to SEEPZ (Line-3)","railway":"subway","colour":null}},{"type":"Feature","geometry":{"type":"LineString","coordinates":[[72.85431,19.06108],[72.85374,19.06212],[72.85205,19.06499],[72.85044,19.06787],[72.84903,19.07031],[72.84901,19.07034],[72.84734,19.07338],[72.84695,19.07485],[72.84702,19.07777],[72.84706,19.07961],[72.84706,19.07997],[72.84706,19.08276],[72.84699,19.08415],[72.84687,19.08677],[72.84698,19.0874],[72.84779,19.08945],[72.84891,19.09145],[72.85018,19.09246],[72.85142,19.09305],[72.85251,19.09352],[72.85405,19.09423],[72.8562,19.09509],[72.85692,19.0956],[72.85705,19.09589],[72.85708,19.09616],[72.85703,19.09664],[72.85649,19.09792],[72.85629,19.09878],[72.85629,19.09904],[72.8565,19.09949],[72.85677,19.09977],[72.85728,19.1001],[72.85783,19.1002],[72.85934,19.101],[72.86195,19.10199],[72.86286,19.10216],[72.86332,19.10217],[72.86401,19.10223],[72.86534,19.10225],[72.86562,19.10226],[72.86682,19.10226],[72.87526,19.10245],[72.87597,19.10243],[72.87607,19.10243],[72.87617,19.10244],[72.87626,19.10246],[72.87635,19.10248],[72.87644,19.10251],[72.87655,19.10255],[72.87665,19.1026],[72.87675,19.10266],[72.87684,19.10272],[72.87693,19.1028],[72.87724,19.1032],[72.87735,19.10338],[72.87756,19.10369],[72.87804,19.10457],[72.87819,19.10508],[72.87845,19.10607],[72.87854,19.1065],[72.87861,19.10696],[72.87859,19.10743],[72.87847,19.10878],[72.87843,19.10926],[72.87838,19.10974],[72.87837,19.10987],[72.87827,19.11052],[72.87819,19.11095],[72.87806,19.11137],[72.87771,19.11217],[72.87758,19.11256],[72.87747,19.11303],[72.87742,19.11345],[72.87734,19.11486],[72.87726,19.11534],[72.877,19.11589],[72.87669,19.1163],[72.87639,19.11654],[72.87582,19.11678],[72.87505,19.117],[72.87459,19.1171],[72.87321,19.11739],[72.87309,19.11743],[72.87273,19.11753],[72.87229,19.11768],[72.8717,19.11791],[72.87108,19.11825],[72.87062,19.11864],[72.87052,19.11876],[72.87041,19.11895],[72.87035,19.1191],[72.87027,19.11944],[72.87028,19.11965],[72.87051,19.12101],[72.87058,19.12172],[72.87068,19.12214],[72.87145,19.12307],[72.87242,19.12437],[72.87282,19.12485],[72.87378,19.12623],[72.87433,19.12702],[72.87696,19.13084],[72.87712,19.13101],[72.87737,19.13122],[72.87764,19.13141],[72.87784,19.13152],[72.87813,19.13161]]},"properties":{"id":"osm:way/1303500408","name":"Mumbai Metro Line 3","railway":"subway","colour":null}},{"type":"Feature","geometry":{"type":"LineString","coordinates":[[72.87816,19.13153],[72.87788,19.13143],[72.87769,19.13133],[72.87743,19.13115],[72.87719,19.13094],[72.87704,19.13078],[72.87445,19.12693],[72.87327,19.12529],[72.8729,19.12479],[72.8725,19.12431],[72.87152,19.12303],[72.87077,19.1221],[72.87068,19.1217],[72.87061,19.121],[72.87038,19.11964],[72.87037,19.11944],[72.87044,19.11913],[72.87051,19.11899],[72.8706,19.11882],[72.87069,19.1187],[72.87114,19.11833],[72.87174,19.118],[72.87232,19.11777],[72.87276,19.11765],[72.87327,19.11751],[72.87421,19.11729],[72.87462,19.11719],[72.87507,19.11709],[72.87586,19.11687],[72.87645,19.11662],[72.87677,19.11636],[72.87709,19.11594],[72.87735,19.11536],[72.87744,19.11487],[72.87752,19.11346],[72.87756,19.11304],[72.87767,19.11258],[72.8778,19.1122],[72.87813,19.1114],[72.87833,19.11097],[72.87842,19.11053],[72.87852,19.10988],[72.87854,19.10975],[72.87869,19.10828],[72.87872,19.10743],[72.87871,19.10695],[72.87864,19.10648],[72.87855,19.10605],[72.87829,19.10505],[72.87813,19.10453],[72.87765,19.10364],[72.87743,19.10333],[72.87733,19.10315],[72.87698,19.10269],[72.87691,19.10262],[72.87683,19.10255],[72.87675,19.10249],[72.87667,19.10244],[72.87658,19.10239],[72.87649,19.10234],[72.87639,19.1023],[72.87629,19.10226],[72.87619,19.10223],[72.87608,19.10221],[72.87597,19.1022],[72.87367,19.10216],[72.87179,19.10213],[72.87162,19.10213],[72.87136,19.10213],[72.87127,19.10213],[72.87124,19.10213],[72.86683,19.10209],[72.86544,19.10205],[72.86471,19.10206],[72.86401,19.10204],[72.86333,19.10207],[72.86287,19.10207],[72.86198,19.1019],[72.85938,19.10092],[72.85786,19.10011],[72.85732,19.10001],[72.85683,19.0997],[72.85658,19.09944],[72.85639,19.09902],[72.85639,19.09879],[72.85659,19.09795],[72.85713,19.09666],[72.85718,19.09616],[72.85714,19.09587],[72.857,19.09554],[72.85625,19.09501],[72.85308,19.09362],[72.85255,19.09339],[72.85146,19.09296],[72.85023,19.09238],[72.84899,19.09139],[72.84788,19.08941],[72.84707,19.08737],[72.84697,19.08676],[72.84707,19.08471],[72.84709,19.08416],[72.84716,19.08276],[72.84716,19.07997],[72.84714,19.07874],[72.84712,19.07777],[72.84705,19.07486],[72.84744,19.07341],[72.84984,19.06931],[72.8506,19.06793],[72.85214,19.06503],[72.85382,19.06216],[72.85496,19.06023]]},"properties":{"id":"osm:way/1303500409","name":"Mumbai Metro Line 3","railway":"subway","colour":null}},{"type":"Feature","geometry":{"type":"LineString","coordinates":[[72.87813,19.13161],[72.87834,19.13166],[72.87871,19.13171],[72.87909,19.13169],[72.88038,19.13154],[72.88204,19.13134],[72.88343,19.13117],[72.88421,19.13108]]},"properties":{"id":"osm:way/1303856691","name":null,"railway":"subway","colour":null}},{"type":"Feature","geometry":{"type":"LineString","coordinates":[[72.856,19.05828],[72.85431,19.06108]]},"properties":{"id":"osm:way/1305326845","name":"Mumbai Metro Line 3","railway":"subway","colour":null}},{"type":"Feature","geometry":{"type":"LineString","coordinates":[[72.85496,19.06023],[72.85609,19.05833]]},"properties":{"id":"osm:way/1305326846","name":"Mumbai Metro Line 3","railway":"subway","colour":null}},{"type":"Feature","geometry":{"type":"LineString","coordinates":[[72.88802,19.13269],[72.8872,19.13151],[72.88716,19.13142],[72.88711,19.13134],[72.88706,19.13126],[72.88699,19.13119],[72.88692,19.13112],[72.88685,19.13106],[72.88677,19.131],[72.88669,19.13095],[72.8866,19.13091],[72.88651,19.13088],[72.88642,19.13086],[72.88633,19.13084],[72.88624,19.13082],[72.88615,19.13082],[72.88605,19.13082],[72.88549,19.13089],[72.88529,19.13091]]},"properties":{"id":"osm:way/1305326847","name":null,"railway":"subway","colour":null}},{"type":"Feature","geometry":{"type":"LineString","coordinates":[[72.8853,19.13095],[72.88573,19.13089],[72.88605,19.13086],[72.88614,19.13085],[72.88624,19.13085],[72.88633,19.13086],[72.88642,19.13088],[72.88651,19.13091],[72.8866,19.13095],[72.88669,19.13099],[72.88677,19.13105],[72.88685,19.13111],[72.88691,19.13117],[72.88697,19.13125],[72.88703,19.13133],[72.88707,19.13141]]},"properties":{"id":"osm:way/1305326848","name":null,"railway":"subway","colour":null}},{"type":"Feature","geometry":{"type":"LineString","coordinates":[[72.87953,19.13179],[72.87982,19.13179],[72.88004,19.1318],[72.88033,19.13184],[72.88047,19.13187],[72.88062,19.13192],[72.88071,19.13195],[72.8808,19.132],[72.8809,19.13206],[72.88097,19.13212],[72.88106,19.13219],[72.88115,19.13228],[72.88123,19.13237],[72.8813,19.13246],[72.88137,19.13257],[72.88142,19.13267],[72.88161,19.1331],[72.88188,19.13378],[72.88192,19.13386],[72.88197,19.13394],[72.88202,19.13402],[72.88209,19.13408],[72.88216,19.13415],[72.88223,19.1342],[72.88231,19.13425],[72.8824,19.13429],[72.88249,19.13432],[72.88258,19.13435],[72.88266,19.13436],[72.88275,19.13437],[72.88283,19.13436],[72.88291,19.13436],[72.88328,19.13429],[72.88397,19.13417],[72.88612,19.1338]]},"properties":{"id":"osm:way/1320050939","name":null,"railway":"subway","colour":null}},{"type":"Feature","geometry":{"type":"LineString","coordinates":[[72.88313,19.13132],[72.88345,19.13133]]},"properties":{"id":"osm:way/1320487960","name":null,"railway":"subway","colour":null}},{"type":"Feature","geometry":{"type":"LineString","coordinates":[[72.88205,19.13228],[72.88218,19.1323],[72.88234,19.13232],[72.88251,19.13232]]},"properties":{"id":"osm:way/1320487962","name":null,"railway":"subway","colour":null}},{"type":"Feature","geometry":{"type":"LineString","coordinates":[[72.88193,19.13223],[72.88163,19.13212],[72.88141,19.13201]]},"properties":{"id":"osm:way/1320487963","name":null,"railway":"subway","colour":null}},{"type":"Feature","geometry":{"type":"LineString","coordinates":[[72.88251,19.13228],[72.8823,19.13227],[72.88211,19.13223],[72.882,19.1322],[72.88167,19.13207],[72.8816,19.13204],[72.8812,19.13189],[72.88107,19.13184],[72.88086,19.13177],[72.8807,19.13174],[72.8806,19.13172],[72.88035,19.1317]]},"properties":{"id":"osm:way/1320487964","name":null,"railway":"subway","colour":null}},{"type":"Feature","geometry":{"type":"LineString","coordinates":[[72.88253,19.13248],[72.88233,19.13249],[72.88224,19.13248],[72.88216,19.13246],[72.88207,19.13244],[72.88199,19.13241],[72.88191,19.13238],[72.88182,19.13233],[72.88175,19.13228],[72.88168,19.13222],[72.88161,19.13215]]},"properties":{"id":"osm:way/1320487965","name":null,"railway":"subway","colour":null}},{"type":"Feature","geometry":{"type":"LineString","coordinates":[[72.88253,19.13244],[72.8824,19.13244],[72.88219,19.13242],[72.88202,19.13238],[72.88186,19.13231],[72.88161,19.13215],[72.88141,19.13201],[72.8812,19.13189]]},"properties":{"id":"osm:way/1320487966","name":null,"railway":"subway","colour":null}},{"type":"Feature","geometry":{"type":"LineString","coordinates":[[72.88252,19.13236],[72.88236,19.13235],[72.88221,19.13232],[72.88205,19.13228],[72.88193,19.13223],[72.88167,19.13207]]},"properties":{"id":"osm:way/1320487967","name":null,"railway":"subway","colour":null}},{"type":"Feature","geometry":{"type":"LineString","coordinates":[[72.8825,19.13222],[72.88233,19.13222],[72.8822,19.13221],[72.88201,19.13217],[72.88166,19.13202]]},"properties":{"id":"osm:way/1320487968","name":null,"railway":"subway","colour":null}},{"type":"Feature","geometry":{"type":"LineString","coordinates":[[72.88249,19.13217],[72.88229,19.13217],[72.88209,19.13215],[72.88185,19.13208],[72.88166,19.13202],[72.88135,19.1319]]},"properties":{"id":"osm:way/1320487969","name":null,"railway":"subway","colour":null}},{"type":"Feature","geometry":{"type":"LineString","coordinates":[[72.88252,19.1324],[72.88232,19.1324],[72.88203,19.13234],[72.88186,19.13226],[72.88163,19.13212]]},"properties":{"id":"osm:way/1320487970","name":null,"railway":"subway","colour":null}},{"type":"Feature","geometry":{"type":"LineString","coordinates":[[72.88249,19.13212],[72.88232,19.13213],[72.88208,19.1321],[72.8816,19.13196],[72.88135,19.1319],[72.88118,19.13185],[72.88098,19.13179],[72.88086,19.13177]]},"properties":{"id":"osm:way/1320487971","name":null,"railway":"subway","colour":null}},{"type":"Feature","geometry":{"type":"LineString","coordinates":[[72.88447,19.1324],[72.8825,19.13263],[72.88243,19.13263],[72.8824,19.13263],[72.88231,19.13263],[72.88221,19.13261],[72.88212,19.13259],[72.88202,19.13256],[72.88194,19.13253],[72.88185,19.13248],[72.88177,19.13244],[72.8817,19.13238],[72.88163,19.13232],[72.88156,19.13226],[72.88146,19.13214],[72.88127,19.13197],[72.88107,19.13184]]},"properties":{"id":"osm:way/1320487972","name":null,"railway":"subway","colour":null}},{"type":"Feature","geometry":{"type":"LineString","coordinates":[[72.87998,19.13174],[72.88021,19.13174],[72.88042,19.13175],[72.88055,19.13177],[72.88067,19.1318],[72.88078,19.13183],[72.8809,19.13188],[72.881,19.13193],[72.8811,19.13199],[72.8812,19.13205],[72.88129,19.13212],[72.8817,19.1325],[72.88175,19.13256],[72.88183,19.13261],[72.8819,19.13265],[72.88199,19.13268],[72.88207,19.13271],[72.88215,19.13273],[72.88224,19.13275],[72.88232,19.13276],[72.88236,19.13276],[72.8824,19.13276],[72.88248,19.13275],[72.88257,19.13274],[72.88453,19.13249]]},"properties":{"id":"osm:way/1320487973","name":null,"railway":"subway","colour":null}},{"type":"Feature","geometry":{"type":"LineString","coordinates":[[72.87982,19.13179],[72.87995,19.13177],[72.88009,19.13177],[72.88023,19.13178],[72.88036,19.13179],[72.8805,19.13182],[72.88063,19.13185],[72.88076,19.13189],[72.88089,19.13195],[72.881,19.132],[72.88111,19.13207],[72.88122,19.13214],[72.88132,19.13222],[72.88142,19.13231],[72.88151,19.1324],[72.88184,19.13272]]},"properties":{"id":"osm:way/1320487974","name":null,"railway":"subway","colour":null}},{"type":"Feature","geometry":{"type":"LineString","coordinates":[[72.88192,19.13171],[72.88212,19.1317],[72.88256,19.13166]]},"properties":{"id":"osm:way/1320487975","name":null,"railway":"subway","colour":null}},{"type":"Feature","geometry":{"type":"LineString","coordinates":[[72.88151,19.1317],[72.88183,19.13171],[72.88192,19.13171],[72.88228,19.13172],[72.88256,19.1317]]},"properties":{"id":"osm:way/1320487976","name":null,"railway":"subway","colour":null}},{"type":"Feature","geometry":{"type":"LineString","coordinates":[[72.88166,19.13172],[72.88195,19.13174],[72.88223,19.13176],[72.88257,19.13175]]},"properties":{"id":"osm:way/1320487977","name":null,"railway":"subway","colour":null}},{"type":"Feature","geometry":{"type":"LineString","coordinates":[[72.88139,19.13169],[72.88151,19.1317],[72.88166,19.13172],[72.88181,19.13175],[72.88215,19.13179],[72.88235,19.1318],[72.88258,19.13179]]},"properties":{"id":"osm:way/1320487978","name":null,"railway":"subway","colour":null}},{"type":"Feature","geometry":{"type":"LineString","coordinates":[[72.8818,19.13179],[72.88214,19.13184],[72.88232,19.13185],[72.88258,19.13183]]},"properties":{"id":"osm:way/1320487979","name":null,"railway":"subway","colour":null}},{"type":"Feature","geometry":{"type":"LineString","coordinates":[[72.88115,19.13167],[72.88139,19.13169],[72.8816,19.13173],[72.88171,19.13177],[72.8818,19.13179],[72.88196,19.13183],[72.88216,19.13188],[72.88226,19.13189],[72.88259,19.13188]]},"properties":{"id":"osm:way/1320487980","name":null,"railway":"subway","colour":null}},{"type":"Feature","geometry":{"type":"LineString","coordinates":[[72.88172,19.13184],[72.88202,19.13191],[72.88228,19.13194],[72.88259,19.13191]]},"properties":{"id":"osm:way/1320487981","name":null,"railway":"subway","colour":null}},{"type":"Feature","geometry":{"type":"LineString","coordinates":[[72.88141,19.13174],[72.88172,19.13184],[72.882,19.13193],[72.88222,19.13197],[72.88237,19.13197],[72.8826,19.13195]]},"properties":{"id":"osm:way/1320487982","name":null,"railway":"subway","colour":null}},{"type":"Feature","geometry":{"type":"LineString","coordinates":[[72.88189,19.13194],[72.88216,19.132],[72.88229,19.13202],[72.88261,19.132]]},"properties":{"id":"osm:way/1320487983","name":null,"railway":"subway","colour":null}},{"type":"Feature","geometry":{"type":"LineString","coordinates":[[72.87975,19.13171],[72.88038,19.13154]]},"properties":{"id":"osm:way/1320487984","name":null,"railway":"subway","colour":null}},{"type":"Feature","geometry":{"type":"LineString","coordinates":[[72.88204,19.13134],[72.88282,19.13135]]},"properties":{"id":"osm:way/1320487985","name":null,"railway":"subway","colour":null}},{"type":"Feature","geometry":{"type":"LineString","coordinates":[[72.88396,19.13354],[72.88391,19.13355],[72.88302,19.1337],[72.88293,19.13372],[72.88284,19.13373],[72.88276,19.13374],[72.88267,19.13373],[72.88258,19.13373],[72.88249,19.13371],[72.8824,19.13368],[72.88232,19.13365],[72.88223,19.13361],[72.88216,19.13357],[72.88208,19.13351],[72.88201,19.13346],[72.88195,19.13339],[72.8819,19.13332],[72.88178,19.13312],[72.88174,19.13302]]},"properties":{"id":"osm:way/1320487986","name":null,"railway":"subway","colour":null}},{"type":"Feature","geometry":{"type":"LineString","coordinates":[[72.88151,19.1324],[72.88169,19.13264],[72.88182,19.13281],[72.88196,19.13294],[72.88203,19.13301],[72.8821,19.13307],[72.88218,19.13313],[72.88227,19.13318],[72.88236,19.13321],[72.88245,19.13324],[72.88254,19.13327],[72.88264,19.13328],[72.88274,19.13328],[72.88284,19.13328],[72.88293,19.13326],[72.88382,19.13311],[72.88388,19.1331]]},"properties":{"id":"osm:way/1320487987","name":null,"railway":"subway","colour":null}},{"type":"Feature","geometry":{"type":"LineString","coordinates":[[72.88182,19.13281],[72.88187,19.13289],[72.88192,19.13296],[72.88199,19.13302],[72.88205,19.13309],[72.88212,19.13314],[72.8822,19.13319],[72.88228,19.13323],[72.88237,19.13327],[72.88245,19.1333],[72.88255,19.13332],[72.88265,19.13334],[72.88275,19.13334],[72.88285,19.13334],[72.88295,19.13333],[72.88384,19.13317],[72.88389,19.13316]]},"properties":{"id":"osm:way/1320487988","name":null,"railway":"subway","colour":null}},{"type":"Feature","geometry":{"type":"LineString","coordinates":[[72.88169,19.13264],[72.88177,19.13279],[72.88185,19.13293],[72.8819,19.13301],[72.88196,19.13308],[72.88203,19.13315],[72.8821,19.13321],[72.88218,19.13326],[72.88227,19.13331],[72.88236,19.13335],[72.88245,19.13338],[72.88253,19.1334],[72.88262,19.13341],[72.8827,19.13342],[72.88279,19.13342],[72.88288,19.13341],[72.88296,19.1334],[72.88385,19.13325],[72.88391,19.13324]]},"properties":{"id":"osm:way/1320487989","name":null,"railway":"subway","colour":null}},{"type":"Feature","geometry":{"type":"LineString","coordinates":[[72.88033,19.13184],[72.88058,19.13188],[72.88071,19.13192],[72.88081,19.13195],[72.8809,19.132],[72.88099,19.13205],[72.88108,19.13211],[72.88116,19.13217],[72.88123,19.13224],[72.8813,19.13231],[72.88137,19.13238],[72.88142,19.13246],[72.88152,19.13265],[72.88164,19.13281],[72.88176,19.13297],[72.88186,19.1331],[72.88194,19.13317],[72.88201,19.13324],[72.8821,19.1333],[72.88219,19.13335],[72.88228,19.13339],[72.88238,19.13343],[72.88248,19.13345],[72.88258,19.13347],[72.88268,19.13348],[72.88278,19.13348],[72.88287,19.13347],[72.88297,19.13346],[72.88386,19.1333],[72.88392,19.13329]]},"properties":{"id":"osm:way/1320487990","name":null,"railway":"subway","colour":null}},{"type":"Feature","geometry":{"type":"LineString","coordinates":[[72.88176,19.13297],[72.88182,19.13307],[72.88187,19.13315],[72.88193,19.13323],[72.882,19.13329],[72.88208,19.13336],[72.88216,19.13341],[72.88224,19.13346],[72.88233,19.1335],[72.88243,19.13353],[72.88252,19.13355],[72.88261,19.13357],[72.88271,19.13357],[72.8828,19.13357],[72.8829,19.13356],[72.88299,19.13354],[72.88388,19.13339],[72.88393,19.13338]]},"properties":{"id":"osm:way/1320487991","name":null,"railway":"subway","colour":null}},{"type":"Feature","geometry":{"type":"LineString","coordinates":[[72.88164,19.13281],[72.88168,19.13293],[72.88174,19.13302],[72.88184,19.13317],[72.88191,19.13326],[72.88198,19.13332],[72.88204,19.13338],[72.88211,19.13344],[72.88219,19.13349],[72.88227,19.13353],[72.88235,19.13357],[72.88244,19.1336],[72.88252,19.13362],[72.88262,19.13364],[72.88272,19.13365],[72.88281,19.13365],[72.88291,19.13364],[72.883,19.13362],[72.88389,19.13347],[72.88395,19.13346]]},"properties":{"id":"osm:way/1320487992","name":null,"railway":"subway","colour":null}},{"type":"Feature","geometry":{"type":"LineString","coordinates":[[72.88397,19.13417],[72.88448,19.13415]]},"properties":{"id":"osm:way/1320487993","name":null,"railway":"subway","colour":null}},{"type":"Feature","geometry":{"type":"LineString","coordinates":[[72.88161,19.1331],[72.88171,19.13328],[72.88193,19.13365],[72.88197,19.13374],[72.88203,19.13381],[72.88209,19.13388],[72.88216,19.13395],[72.88224,19.13401],[72.88232,19.13406],[72.88241,19.1341],[72.8825,19.13414],[72.88259,19.13416],[72.88268,19.13418],[72.88277,19.13419],[72.88287,19.13419],[72.88296,19.13418],[72.88321,19.13414],[72.88609,19.13363]]},"properties":{"id":"osm:way/1320487994","name":null,"railway":"subway","colour":null}},{"type":"Feature","geometry":{"type":"LineString","coordinates":[[72.88428,19.13419],[72.88362,19.1344],[72.88341,19.13447],[72.88315,19.13452],[72.88233,19.13466]]},"properties":{"id":"osm:way/1320487995","name":null,"railway":"subway","colour":null}},{"type":"Feature","geometry":{"type":"LineString","coordinates":[[72.88222,19.13455],[72.88428,19.13419],[72.88448,19.13415],[72.88794,19.13354]]},"properties":{"id":"osm:way/1320487996","name":null,"railway":"subway","colour":null}},{"type":"Feature","geometry":{"type":"LineString","coordinates":[[72.88358,19.1342],[72.88611,19.13376]]},"properties":{"id":"osm:way/1320487997","name":null,"railway":"subway","colour":null}},{"type":"Feature","geometry":{"type":"LineString","coordinates":[[72.88383,19.13411],[72.8861,19.13372]]},"properties":{"id":"osm:way/1320487998","name":null,"railway":"subway","colour":null}},{"type":"Feature","geometry":{"type":"LineString","coordinates":[[72.88328,19.13429],[72.88358,19.1342],[72.88383,19.13411],[72.88408,19.13403],[72.88423,19.134],[72.8861,19.13368]]},"properties":{"id":"osm:way/1320487999","name":null,"railway":"subway","colour":null}},{"type":"Feature","geometry":{"type":"LineString","coordinates":[[72.88365,19.13401],[72.88614,19.13357]]},"properties":{"id":"osm:way/1320488000","name":null,"railway":"subway","colour":null}},{"type":"Feature","geometry":{"type":"LineString","coordinates":[[72.88394,19.13391],[72.88613,19.13353]]},"properties":{"id":"osm:way/1320488001","name":null,"railway":"subway","colour":null}},{"type":"Feature","geometry":{"type":"LineString","coordinates":[[72.88321,19.13414],[72.88365,19.13401],[72.88394,19.13391],[72.8842,19.13383],[72.88612,19.13349]]},"properties":{"id":"osm:way/1320488002","name":null,"railway":"subway","colour":null}},{"type":"Feature","geometry":{"type":"LineString","coordinates":[[72.88171,19.13328],[72.8821,19.13375],[72.88217,19.13381],[72.88225,19.13386],[72.88233,19.13391],[72.88242,19.13395],[72.8825,19.13398],[72.88258,19.134],[72.88267,19.13401],[72.88275,19.13402],[72.88284,19.13402],[72.88292,19.13401],[72.88612,19.13345]]},"properties":{"id":"osm:way/1320488003","name":null,"railway":"subway","colour":null}},{"type":"Feature","geometry":{"type":"LineString","coordinates":[[72.88644,19.13266],[72.88388,19.1331]]},"properties":{"id":"osm:way/1320488004","name":null,"railway":"subway","colour":null}},{"type":"Feature","geometry":{"type":"LineString","coordinates":[[72.88646,19.13273],[72.88389,19.13316]]},"properties":{"id":"osm:way/1320488005","name":null,"railway":"subway","colour":null}},{"type":"Feature","geometry":{"type":"LineString","coordinates":[[72.88647,19.1328],[72.88391,19.13324]]},"properties":{"id":"osm:way/1320488006","name":null,"railway":"subway","colour":null}},{"type":"Feature","geometry":{"type":"LineString","coordinates":[[72.88648,19.13285],[72.88392,19.13329]]},"properties":{"id":"osm:way/1320488007","name":null,"railway":"subway","colour":null}},{"type":"Feature","geometry":{"type":"LineString","coordinates":[[72.8865,19.13294],[72.88393,19.13338]]},"properties":{"id":"osm:way/1320488008","name":null,"railway":"subway","colour":null}},{"type":"Feature","geometry":{"type":"LineString","coordinates":[[72.88651,19.13302],[72.88395,19.13346]]},"properties":{"id":"osm:way/1320488009","name":null,"railway":"subway","colour":null}},{"type":"Feature","geometry":{"type":"LineString","coordinates":[[72.88653,19.1331],[72.88396,19.13354]]},"properties":{"id":"osm:way/1320488010","name":null,"railway":"subway","colour":null}},{"type":"Feature","geometry":{"type":"LineString","coordinates":[[72.88256,19.13166],[72.88441,19.13144]]},"properties":{"id":"osm:way/1320488011","name":null,"railway":"subway","colour":null}},{"type":"Feature","geometry":{"type":"LineString","coordinates":[[72.88256,19.1317],[72.88441,19.13148]]},"properties":{"id":"osm:way/1320488012","name":null,"railway":"subway","colour":null}},{"type":"Feature","geometry":{"type":"LineString","coordinates":[[72.88257,19.13175],[72.88442,19.13152]]},"properties":{"id":"osm:way/1320488013","name":null,"railway":"subway","colour":null}},{"type":"Feature","geometry":{"type":"LineString","coordinates":[[72.88258,19.13179],[72.88443,19.13157]]},"properties":{"id":"osm:way/1320488014","name":null,"railway":"subway","colour":null}},{"type":"Feature","geometry":{"type":"LineString","coordinates":[[72.88258,19.13183],[72.88443,19.13161]]},"properties":{"id":"osm:way/1320488015","name":null,"railway":"subway","colour":null}},{"type":"Feature","geometry":{"type":"LineString","coordinates":[[72.88259,19.13188],[72.88444,19.13166]]},"properties":{"id":"osm:way/1320488016","name":null,"railway":"subway","colour":null}},{"type":"Feature","geometry":{"type":"LineString","coordinates":[[72.88259,19.13191],[72.88444,19.13169]]},"properties":{"id":"osm:way/1320488017","name":null,"railway":"subway","colour":null}},{"type":"Feature","geometry":{"type":"LineString","coordinates":[[72.8826,19.13195],[72.88445,19.13173]]},"properties":{"id":"osm:way/1320488018","name":null,"railway":"subway","colour":null}},{"type":"Feature","geometry":{"type":"LineString","coordinates":[[72.88261,19.132],[72.88446,19.13178]]},"properties":{"id":"osm:way/1320488019","name":null,"railway":"subway","colour":null}},{"type":"Feature","geometry":{"type":"LineString","coordinates":[[72.88261,19.13204],[72.88446,19.13182]]},"properties":{"id":"osm:way/1320488020","name":null,"railway":"subway","colour":null}},{"type":"Feature","geometry":{"type":"LineString","coordinates":[[72.88249,19.13212],[72.88443,19.1319]]},"properties":{"id":"osm:way/1320488021","name":null,"railway":"subway","colour":null}},{"type":"Feature","geometry":{"type":"LineString","coordinates":[[72.88249,19.13217],[72.88444,19.13194]]},"properties":{"id":"osm:way/1320488022","name":null,"railway":"subway","colour":null}},{"type":"Feature","geometry":{"type":"LineString","coordinates":[[72.8825,19.13222],[72.88444,19.13199]]},"properties":{"id":"osm:way/1320488023","name":null,"railway":"subway","colour":null}},{"type":"Feature","geometry":{"type":"LineString","coordinates":[[72.88251,19.13228],[72.88445,19.13205]]},"properties":{"id":"osm:way/1320488024","name":null,"railway":"subway","colour":null}},{"type":"Feature","geometry":{"type":"LineString","coordinates":[[72.88251,19.13232],[72.88446,19.13209]]},"properties":{"id":"osm:way/1320488025","name":null,"railway":"subway","colour":null}},{"type":"Feature","geometry":{"type":"LineString","coordinates":[[72.88252,19.13236],[72.88446,19.13213]]},"properties":{"id":"osm:way/1320488026","name":null,"railway":"subway","colour":null}},{"type":"Feature","geometry":{"type":"LineString","coordinates":[[72.88252,19.1324],[72.88447,19.13217]]},"properties":{"id":"osm:way/1320488027","name":null,"railway":"subway","colour":null}},{"type":"Feature","geometry":{"type":"LineString","coordinates":[[72.88253,19.13244],[72.88447,19.13221]]},"properties":{"id":"osm:way/1320488028","name":null,"railway":"subway","colour":null}},{"type":"Feature","geometry":{"type":"LineString","coordinates":[[72.88253,19.13248],[72.88448,19.13225]]},"properties":{"id":"osm:way/1320488029","name":null,"railway":"subway","colour":null}},{"type":"Feature","geometry":{"type":"LineString","coordinates":[[72.88089,19.13163],[72.88115,19.13167],[72.88141,19.13174],[72.88189,19.13194],[72.88196,19.13198],[72.88209,19.13203],[72.88228,19.13206],[72.88242,19.13206],[72.88261,19.13204]]},"properties":{"id":"osm:way/1320488030","name":null,"railway":"subway","colour":null}},{"type":"Feature","geometry":{"type":"LineString","coordinates":[[72.88144,19.13157],[72.88181,19.13148]]},"properties":{"id":"osm:way/1320488031","name":null,"railway":"subway","colour":null}},{"type":"Feature","geometry":{"type":"LineString","coordinates":[[72.88549,19.13089],[72.88573,19.13089]]},"properties":{"id":"osm:way/1320488032","name":null,"railway":"subway","colour":null}},{"type":"Feature","geometry":{"type":"LineString","coordinates":[[72.88771,19.13257],[72.88728,19.13197],[72.88698,19.1315],[72.88692,19.13143],[72.88686,19.13136],[72.8868,19.1313],[72.88672,19.13125],[72.88664,19.1312],[72.88656,19.13116],[72.88648,19.13113],[72.8864,19.13111],[72.88631,19.13109],[72.88623,19.13108],[72.88615,19.13108]]},"properties":{"id":"osm:way/1320488033","name":null,"railway":"subway","colour":null}},{"type":"Feature","geometry":{"type":"LineString","coordinates":[[72.88693,19.13165],[72.88703,19.13188],[72.88753,19.13259]]},"properties":{"id":"osm:way/1320488034","name":null,"railway":"subway","colour":null}},{"type":"Feature","geometry":{"type":"LineString","coordinates":[[72.88793,19.13273],[72.88691,19.13134],[72.88685,19.13128],[72.88678,19.13122],[72.8867,19.13117],[72.88662,19.13112],[72.88653,19.13108],[72.88645,19.13105],[72.88636,19.13102],[72.88626,19.131],[72.88616,19.13099],[72.88584,19.13104],[72.88559,19.13108]]},"properties":{"id":"osm:way/1320488035","name":null,"railway":"subway","colour":null}},{"type":"Feature","geometry":{"type":"LineString","coordinates":[[72.87699,19.13127],[72.87709,19.13137],[72.8772,19.13146],[72.87732,19.13154],[72.87744,19.13161],[72.87757,19.13167],[72.8777,19.13173],[72.87784,19.13178],[72.87798,19.13182],[72.87812,19.13185],[72.87826,19.13187],[72.8784,19.13189],[72.87854,19.1319],[72.8787,19.13189],[72.87894,19.13186],[72.87928,19.13182],[72.87953,19.13179],[72.87998,19.13174],[72.88035,19.1317],[72.88089,19.13163],[72.88144,19.13157],[72.88345,19.13133],[72.88528,19.13112],[72.88545,19.13109],[72.88559,19.13108],[72.88587,19.13106],[72.88596,19.13106],[72.88606,19.13107],[72.88615,19.13108],[72.88624,19.1311],[72.88633,19.13113],[72.88642,19.13117],[72.88651,19.13122],[72.88659,19.13127],[72.88667,19.13134],[72.88674,19.13141],[72.8868,19.13148],[72.88693,19.13165],[72.8876,19.13257]]},"properties":{"id":"osm:way/1320488036","name":null,"railway":"subway","colour":null}},{"type":"Feature","geometry":{"type":"LineString","coordinates":[[72.88528,19.13112],[72.8856,19.13102]]},"properties":{"id":"osm:way/1322610062","name":null,"railway":"subway","colour":null}},{"type":"Feature","geometry":{"type":"LineString","coordinates":[[72.88538,19.13099],[72.88579,19.13095],[72.88583,19.13095],[72.88607,19.13096]]},"properties":{"id":"osm:way/1322610087","name":null,"railway":"subway","colour":null}},{"type":"Feature","geometry":{"type":"LineString","coordinates":[[72.83395,19.19995],[72.83399,19.20164],[72.83399,19.20185],[72.834,19.20215],[72.83402,19.20244],[72.83406,19.20273],[72.83409,19.20295],[72.83413,19.20316],[72.83419,19.20363],[72.83427,19.20401],[72.83431,19.20426],[72.83452,19.20505],[72.83458,19.20531],[72.83478,19.20621],[72.8349,19.20699],[72.83505,19.2083],[72.83507,19.20843],[72.83527,19.20993],[72.83537,19.21034],[72.83549,19.21075],[72.8362,19.21233],[72.83644,19.21279],[72.83704,19.21369],[72.83729,19.21401],[72.83797,19.21478],[72.83923,19.21606],[72.83989,19.21708],[72.84036,19.21808],[72.84053,19.21865],[72.84088,19.22049],[72.84091,19.22085],[72.84093,19.22144],[72.84092,19.22283],[72.84089,19.22376],[72.84084,19.2249],[72.84085,19.22597],[72.84092,19.22817],[72.841,19.2296],[72.841,19.22992],[72.84084,19.23139]]},"properties":{"id":"osm:way/1322610101","name":"Line 2","railway":"subway","colour":"yellow"}},{"type":"Feature","geometry":{"type":"LineString","coordinates":[[72.85541,19.11652],[72.85552,19.11697]]},"properties":{"id":"osm:way/1322610105","name":null,"railway":"subway","colour":null}},{"type":"Feature","geometry":{"type":"LineString","coordinates":[[72.88583,19.13095],[72.88624,19.13085]]},"properties":{"id":"osm:way/1322610110","name":null,"railway":"subway","colour":null}},{"type":"Feature","geometry":{"type":"LineString","coordinates":[[72.85861,19.16755],[72.85862,19.16817]]},"properties":{"id":"osm:way/1322610137","name":"Line 7","railway":"subway","colour":null}},{"type":"Feature","geometry":{"type":"LineString","coordinates":[[72.88529,19.13091],[72.8842,19.13105]]},"properties":{"id":"osm:way/1323505774","name":null,"railway":"subway","colour":null}},{"type":"Feature","geometry":{"type":"LineString","coordinates":[[72.88421,19.13108],[72.8853,19.13095]]},"properties":{"id":"osm:way/1323505775","name":null,"railway":"subway","colour":null}},{"type":"Feature","geometry":{"type":"LineString","coordinates":[[72.85609,19.05833],[72.85658,19.05665],[72.85653,19.05443],[72.85601,19.0521],[72.85504,19.05043],[72.85457,19.0494],[72.85391,19.0486],[72.85224,19.04714],[72.85148,19.04667],[72.85111,19.04654],[72.85007,19.04632],[72.84942,19.04615],[72.84658,19.0455],[72.8452,19.04527],[72.84389,19.0451],[72.84304,19.04472],[72.84231,19.04383],[72.8417,19.0425],[72.84149,19.04086],[72.84154,19.03986],[72.84181,19.03903],[72.84204,19.03832],[72.84225,19.03733],[72.84237,19.03611],[72.84232,19.03468],[72.84218,19.03227],[72.84195,19.03109],[72.84152,19.02914],[72.84077,19.02562],[72.8405,19.02509],[72.83905,19.02335],[72.83841,19.02263],[72.83756,19.02155],[72.83659,19.02004],[72.83608,19.01898],[72.83524,19.01719],[72.83444,19.01609],[72.83372,19.01566],[72.83259,19.01549],[72.83133,19.01576],[72.83056,19.01596],[72.8293,19.0163],[72.82859,19.0163],[72.82805,19.01599],[72.82723,19.01539],[72.82565,19.01434],[72.824,19.01326],[72.82348,19.01292],[72.82213,19.01223],[72.82141,19.01173],[72.82083,19.01118],[72.82036,19.01048],[72.81977,19.00943],[72.81929,19.0086],[72.81853,19.00728],[72.81676,19.00443],[72.8166,19.00417],[72.81629,19.00369],[72.81606,19.0031],[72.81606,19.00305],[72.81605,19.00258],[72.81657,19.00041],[72.81774,18.99783]]},"properties":{"id":"osm:way/1385503862","name":"Worli to SEEPZ (Line-3)","railway":"subway","colour":null}},{"type":"Feature","geometry":{"type":"LineString","coordinates":[[72.8177,18.99781],[72.81653,19.00039],[72.816,19.00258],[72.81601,19.00296],[72.81601,19.00311],[72.81625,19.00371],[72.81656,19.00421],[72.81666,19.00436],[72.81805,19.0066],[72.81849,19.0073],[72.81925,19.00862],[72.81973,19.00945],[72.82032,19.01051],[72.82079,19.01121],[72.82138,19.01177],[72.8221,19.01227],[72.82346,19.01296],[72.82556,19.01431],[72.82719,19.01542],[72.82801,19.01603],[72.82858,19.01635],[72.82931,19.01635],[72.83057,19.016],[72.83134,19.0158],[72.83259,19.01553],[72.8337,19.0157],[72.83441,19.01612],[72.83519,19.01721],[72.83604,19.01899],[72.83655,19.02006],[72.83752,19.02158],[72.83837,19.02266],[72.83894,19.02335],[72.83939,19.02385],[72.84046,19.02511],[72.84064,19.02547],[72.84072,19.02563],[72.84131,19.0283],[72.84134,19.02843],[72.84147,19.02914],[72.8419,19.0311],[72.84213,19.03228],[72.84227,19.03468],[72.84232,19.03611],[72.8422,19.03732],[72.84199,19.03831],[72.84187,19.03869],[72.84149,19.03985],[72.84144,19.04086],[72.84165,19.04251],[72.84226,19.04386],[72.84301,19.04476],[72.84388,19.04515],[72.8452,19.04532],[72.84657,19.04554],[72.84837,19.04593],[72.84842,19.04596],[72.84941,19.0462],[72.85006,19.04636],[72.8511,19.0466],[72.85146,19.04672],[72.85221,19.04718],[72.85387,19.04863],[72.85452,19.04942],[72.855,19.05045],[72.85591,19.05212],[72.85645,19.05445],[72.85643,19.05663],[72.856,19.05828]]},"properties":{"id":"osm:way/1385503863","name":"Worli to SEEPZ (Line-3)","railway":"subway","colour":null}},{"type":"Feature","geometry":{"type":"LineString","coordinates":[[72.81785,18.99751],[72.8177,18.99781]]},"properties":{"id":"osm:way/1389007978","name":"Worli to SEEPZ (Line-3)","railway":"subway","colour":null}},{"type":"Feature","geometry":{"type":"LineString","coordinates":[[72.81774,18.99783],[72.8179,18.99753]]},"properties":{"id":"osm:way/1389007979","name":"Worli to SEEPZ (Line-3)","railway":"subway","colour":null}},{"type":"Feature","geometry":{"type":"LineString","coordinates":[[72.93032,19.04887],[72.92972,19.04865],[72.92921,19.04841],[72.92892,19.0482],[72.92833,19.04769],[72.92706,19.04662],[72.92632,19.04599],[72.92421,19.04413],[72.92347,19.04359],[72.9232,19.04348],[72.9229,19.04343],[72.92225,19.0435],[72.91969,19.04419],[72.91837,19.04455]]},"properties":{"id":"osm:way/1444363523","name":"Dahisar (W) to Mandale Metro (Line-2)","railway":"subway","colour":null}},{"type":"Feature","geometry":{"type":"LineString","coordinates":[[72.91839,19.0446],[72.9197,19.04423],[72.92227,19.04354],[72.92289,19.04348],[72.92318,19.04352],[72.92344,19.04363],[72.92418,19.04417],[72.92629,19.04603],[72.92703,19.04666],[72.92829,19.04772],[72.92889,19.04824],[72.92918,19.04845],[72.9297,19.0487],[72.9303,19.04891]]},"properties":{"id":"osm:way/1444363524","name":"Dahisar (W) to Mandale Metro (Line-2)","railway":"subway","colour":null}},{"type":"Feature","geometry":{"type":"LineString","coordinates":[[72.89191,19.05417],[72.8929,19.05416],[72.89348,19.05415],[72.89368,19.05415]]},"properties":{"id":"osm:way/1483935585","name":"Dahisar (W) to Mandale Metro (Line-2)","railway":"subway","colour":null}},{"type":"Feature","geometry":{"type":"LineString","coordinates":[[72.89368,19.0541],[72.89215,19.05412],[72.89191,19.05412]]},"properties":{"id":"osm:way/1483935586","name":"Dahisar (W) to Mandale Metro (Line-2)","railway":"subway","colour":null}},{"type":"Feature","geometry":{"type":"LineString","coordinates":[[72.89368,19.05415],[72.89435,19.05412],[72.8946,19.0541],[72.89501,19.05405],[72.89561,19.05392],[72.89628,19.05371],[72.89792,19.05314],[72.89998,19.05241],[72.90103,19.05204]]},"properties":{"id":"osm:way/1483935588","name":"Dahisar (W) to Mandale Metro (Line-2)","railway":"subway","colour":null}},{"type":"Feature","geometry":{"type":"LineString","coordinates":[[72.90101,19.05199],[72.89996,19.05236],[72.8979,19.05309],[72.89627,19.05366],[72.8956,19.05386],[72.89501,19.05401],[72.89459,19.05405],[72.89435,19.05407],[72.89368,19.0541]]},"properties":{"id":"osm:way/1483935589","name":"Dahisar (W) to Mandale Metro (Line-2)","railway":"subway","colour":null}},{"type":"Feature","geometry":{"type":"LineString","coordinates":[[72.90103,19.05204],[72.90182,19.05177]]},"properties":{"id":"osm:way/1483935590","name":"Dahisar (W) to Mandale Metro (Line-2)","railway":"subway","colour":null}},{"type":"Feature","geometry":{"type":"LineString","coordinates":[[72.90267,19.05141],[72.9018,19.05171]]},"properties":{"id":"osm:way/1483935591","name":"Dahisar (W) to Mandale Metro (Line-2)","railway":"subway","colour":null}},{"type":"Feature","geometry":{"type":"LineString","coordinates":[[72.90637,19.0485],[72.90602,19.04885],[72.90527,19.04963],[72.90419,19.05067],[72.9038,19.05095],[72.90326,19.05119],[72.90267,19.05141]]},"properties":{"id":"osm:way/1483935592","name":"Dahisar (W) to Mandale Metro (Line-2)","railway":"subway","colour":null}},{"type":"Feature","geometry":{"type":"LineString","coordinates":[[72.90269,19.05146],[72.90332,19.05122],[72.90384,19.05099],[72.90423,19.05071],[72.90531,19.04966],[72.90606,19.04888],[72.90641,19.04853]]},"properties":{"id":"osm:way/1483935593","name":"Dahisar (W) to Mandale Metro (Line-2)","railway":"subway","colour":null}},{"type":"Feature","geometry":{"type":"LineString","coordinates":[[72.90641,19.04853],[72.90749,19.04749],[72.90761,19.04738]]},"properties":{"id":"osm:way/1483935594","name":"Dahisar (W) to Mandale Metro (Line-2)","railway":"subway","colour":null}},{"type":"Feature","geometry":{"type":"LineString","coordinates":[[72.90757,19.04735],[72.90649,19.04838],[72.90637,19.0485]]},"properties":{"id":"osm:way/1483935595","name":"Dahisar (W) to Mandale Metro (Line-2)","railway":"subway","colour":null}},{"type":"Feature","geometry":{"type":"LineString","coordinates":[[72.94852,19.28421],[72.94891,19.28419],[72.94931,19.28417]]},"properties":{"id":"osm:way/1485342203","name":"Line 4A","railway":"subway","colour":null}},{"type":"Feature","geometry":{"type":"LineString","coordinates":[[72.94852,19.28427],[72.94891,19.28419],[72.9493,19.28411]]},"properties":{"id":"osm:way/1485342204","name":"Line 4A","railway":"subway","colour":null}},{"type":"Feature","geometry":{"type":"LineString","coordinates":[[72.94656,19.28464],[72.94831,19.28442]]},"properties":{"id":"osm:way/1485342205","name":"Line 4A","railway":"subway","colour":null}},{"type":"Feature","geometry":{"type":"LineString","coordinates":[[72.94827,19.28412],[72.94652,19.28435]]},"properties":{"id":"osm:way/1485342206","name":"Line 4A","railway":"subway","colour":null}},{"type":"Feature","geometry":{"type":"LineString","coordinates":[[72.94628,19.28438],[72.94562,19.28446]]},"properties":{"id":"osm:way/1485342207","name":"Line 4A","railway":"subway","colour":null}},{"type":"Feature","geometry":{"type":"LineString","coordinates":[[72.94566,19.28475],[72.94632,19.28467]]},"properties":{"id":"osm:way/1485342208","name":"Line 4A","railway":"subway","colour":null}},{"type":"Feature","geometry":{"type":"LineString","coordinates":[[72.94854,19.28439],[72.94938,19.28428],[72.95034,19.28419],[72.95147,19.28404],[72.95166,19.28401],[72.95188,19.28395],[72.95207,19.28388],[72.95225,19.28379],[72.95244,19.28368],[72.95261,19.28355],[72.95289,19.28337],[72.9532,19.28322],[72.95367,19.283],[72.95385,19.28291],[72.95443,19.28257],[72.95458,19.28251],[72.95478,19.28245],[72.95497,19.28244],[72.95515,19.28248],[72.95533,19.28254],[72.9555,19.28264],[72.95567,19.28275],[72.95585,19.28288],[72.95601,19.28301],[72.95616,19.28316],[72.95627,19.2833],[72.95639,19.28349],[72.95649,19.28371],[72.95657,19.28391],[72.95663,19.28413],[72.95667,19.2844],[72.95668,19.28459]]},"properties":{"id":"osm:way/1485342209","name":null,"railway":"subway","colour":null}},{"type":"Feature","geometry":{"type":"LineString","coordinates":[[72.94934,19.28399],[72.9485,19.28409]]},"properties":{"id":"osm:way/1485342210","name":"Line 4A","railway":"subway","colour":null}},{"type":"Feature","geometry":{"type":"LineString","coordinates":[[72.94979,19.28405],[72.9485,19.28409],[72.94827,19.28412]]},"properties":{"id":"osm:way/1485342211","name":"Line 4A","railway":"subway","colour":null}},{"type":"Feature","geometry":{"type":"LineString","coordinates":[[72.94652,19.28435],[72.94628,19.28438],[72.94506,19.28464]]},"properties":{"id":"osm:way/1485342212","name":"Line 4A","railway":"subway","colour":null}},{"type":"Feature","geometry":{"type":"LineString","coordinates":[[72.94507,19.2847],[72.94632,19.28467],[72.94656,19.28464]]},"properties":{"id":"osm:way/1485342213","name":"Line 4A","railway":"subway","colour":null}},{"type":"Feature","geometry":{"type":"LineString","coordinates":[[72.94831,19.28442],[72.94854,19.28439],[72.9498,19.28411]]},"properties":{"id":"osm:way/1485342214","name":"Line 4A","railway":"subway","colour":null}},{"type":"Feature","geometry":{"type":"LineString","coordinates":[[72.94414,19.28476],[72.94453,19.28474],[72.94492,19.28472]]},"properties":{"id":"osm:way/1485349481","name":"Line 4A","railway":"subway","colour":null}},{"type":"Feature","geometry":{"type":"LineString","coordinates":[[72.94415,19.28482],[72.94453,19.28474],[72.94491,19.28466]]},"properties":{"id":"osm:way/1485349482","name":"Line 4A","railway":"subway","colour":null}},{"type":"Feature","geometry":{"type":"LineString","coordinates":[[72.94994,19.28403],[72.95034,19.28401],[72.95072,19.28399]]},"properties":{"id":"osm:way/1485349484","name":"Line 4A","railway":"subway","colour":null}},{"type":"Feature","geometry":{"type":"LineString","coordinates":[[72.94995,19.28408],[72.95034,19.28401],[72.95071,19.28393]]},"properties":{"id":"osm:way/1485349485","name":"Line 4A","railway":"subway","colour":null}},{"type":"Feature","geometry":{"type":"LineString","coordinates":[[72.9509,19.28397],[72.95151,19.28394],[72.95168,19.28393],[72.95184,19.28389],[72.95199,19.28385],[72.95213,19.2838],[72.95223,19.28376],[72.95241,19.28364],[72.95258,19.28352],[72.95286,19.28333],[72.95318,19.28317],[72.95366,19.28296],[72.9538,19.28288],[72.95427,19.28261],[72.95441,19.28252],[72.95457,19.28246],[72.95475,19.28241],[72.95497,19.28239],[72.95516,19.28242],[72.95534,19.28249],[72.95553,19.2826],[72.9557,19.28271],[72.95588,19.28284],[72.95605,19.28298],[72.9562,19.28313],[72.95631,19.28327],[72.95644,19.28347],[72.95654,19.28369],[72.95662,19.2839],[72.95668,19.28412],[72.95673,19.2844],[72.95674,19.28459]]},"properties":{"id":"osm:way/1485349486","name":null,"railway":"subway","colour":null}},{"type":"Feature","geometry":{"type":"LineString","coordinates":[[72.85417,19.10502],[72.85439,19.10405],[72.85447,19.10376],[72.85458,19.10348],[72.85477,19.10318],[72.85505,19.10291],[72.85534,19.1027]]},"properties":{"id":"osm:way/1485677767","name":"Line 7A","railway":"subway","colour":"red"}},{"type":"Feature","geometry":{"type":"LineString","coordinates":[[72.85431,19.11024],[72.85465,19.11178],[72.85504,19.11366],[72.85518,19.11451]]},"properties":{"id":"osm:way/1485677768","name":"Line 7","railway":"subway","colour":null}},{"type":"Feature","geometry":{"type":"LineString","coordinates":[[72.85793,19.10228],[72.85611,19.10254],[72.85576,19.1026],[72.85538,19.10275]]},"properties":{"id":"osm:way/1485677769","name":"Line 7A","railway":"subway","colour":null}},{"type":"Feature","geometry":{"type":"LineString","coordinates":[[72.86087,19.10189],[72.86247,19.10195],[72.86333,19.10197],[72.86401,19.10204]]},"properties":{"id":"osm:way/1485677770","name":"Line 7A","railway":"subway","colour":"red"}},{"type":"Feature","geometry":{"type":"LineString","coordinates":[[72.85534,19.1027],[72.85574,19.10255],[72.8561,19.10248],[72.85686,19.10238],[72.85791,19.1022]]},"properties":{"id":"osm:way/1485677771","name":"Line 7A","railway":"subway","colour":"red"}},{"type":"Feature","geometry":{"type":"LineString","coordinates":[[72.85791,19.1022],[72.8603,19.10191],[72.86087,19.10189]]},"properties":{"id":"osm:way/1485677772","name":"Line 7A","railway":"subway","colour":"red"}},{"type":"Feature","geometry":{"type":"LineString","coordinates":[[72.85425,19.11025],[72.85389,19.10866],[72.85374,19.10801],[72.85369,19.1077],[72.85368,19.10739],[72.85373,19.10706],[72.85382,19.10665]]},"properties":{"id":"osm:way/1485677775","name":"Line 7A","railway":"subway","colour":"red"}},{"type":"Feature","geometry":{"type":"LineString","coordinates":[[72.85387,19.10666],[72.85378,19.10707],[72.85374,19.10738],[72.85375,19.1077],[72.85379,19.108],[72.85395,19.10866],[72.85431,19.11024]]},"properties":{"id":"osm:way/1485677776","name":"Line 7A","railway":"subway","colour":null}},{"type":"Feature","geometry":{"type":"LineString","coordinates":[[72.85423,19.10503],[72.85387,19.10666]]},"properties":{"id":"osm:way/1485677777","name":"Line 7A","railway":"subway","colour":null}},{"type":"Feature","geometry":{"type":"LineString","coordinates":[[72.85382,19.10665],[72.85417,19.10502]]},"properties":{"id":"osm:way/1485677778","name":"Line 7A","railway":"subway","colour":"red"}},{"type":"Feature","geometry":{"type":"LineString","coordinates":[[72.86466,19.24604],[72.86456,19.24527]]},"properties":{"id":"osm:way/1485689577","name":"Line 9","railway":"subway","colour":null}},{"type":"Feature","geometry":{"type":"LineString","coordinates":[[72.86678,19.25036],[72.86705,19.25082],[72.86773,19.25181]]},"properties":{"id":"osm:way/1485689578","name":"Line 9","railway":"subway","colour":null}},{"type":"Feature","geometry":{"type":"LineString","coordinates":[[72.86655,19.24996],[72.86645,19.24981],[72.86621,19.24949]]},"properties":{"id":"osm:way/1485689579","name":"Line 9","railway":"subway","colour":null}},{"type":"Feature","geometry":{"type":"LineString","coordinates":[[72.86787,19.25202],[72.86832,19.25269]]},"properties":{"id":"osm:way/1485689580","name":"Line 9","railway":"subway","colour":null}},{"type":"Feature","geometry":{"type":"LineString","coordinates":[[72.86787,19.25172],[72.86876,19.25302],[72.86907,19.25347],[72.86916,19.2536],[72.87081,19.25606],[72.87095,19.25629],[72.87109,19.25654],[72.87139,19.25722],[72.87189,19.25836],[72.87215,19.25899]]},"properties":{"id":"osm:way/1485689582","name":"Line 9","railway":"subway","colour":null}},{"type":"Feature","geometry":{"type":"LineString","coordinates":[[72.87218,19.25898],[72.87193,19.25835],[72.87144,19.25721],[72.87113,19.25651],[72.871,19.25627],[72.87086,19.25603],[72.86965,19.25423],[72.86792,19.25169]]},"properties":{"id":"osm:way/1485689583","name":"Line 9","railway":"subway","colour":null}},{"type":"Feature","geometry":{"type":"LineString","coordinates":[[72.86773,19.25181],[72.86787,19.25202],[72.86801,19.25219],[72.86888,19.25323],[72.86907,19.25347]]},"properties":{"id":"osm:way/1485689584","name":"Line 9","railway":"subway","colour":null}},{"type":"Feature","geometry":{"type":"LineString","coordinates":[[72.8674,19.25095],[72.86692,19.25027]]},"properties":{"id":"osm:way/1485689585","name":"Line 9","railway":"subway","colour":null}},{"type":"Feature","geometry":{"type":"LineString","coordinates":[[72.86736,19.25098],[72.86787,19.25172]]},"properties":{"id":"osm:way/1485689586","name":"Line 9","railway":"subway","colour":null}},{"type":"Feature","geometry":{"type":"LineString","coordinates":[[72.86614,19.24926],[72.86655,19.24996],[72.86678,19.25036]]},"properties":{"id":"osm:way/1485689587","name":"Line 9","railway":"subway","colour":null}},{"type":"Feature","geometry":{"type":"LineString","coordinates":[[72.86916,19.2536],[72.86965,19.25423]]},"properties":{"id":"osm:way/1485689590","name":"Line 9","railway":"subway","colour":null}},{"type":"Feature","geometry":{"type":"LineString","coordinates":[[72.86568,19.24851],[72.86607,19.24916]]},"properties":{"id":"osm:way/1485700153","name":"Line 9","railway":"subway","colour":null}},{"type":"Feature","geometry":{"type":"LineString","coordinates":[[72.87992,19.27044],[72.8799,19.27043],[72.87898,19.26975],[72.87868,19.26949],[72.8784,19.26921],[72.878,19.2687],[72.87762,19.26818],[72.87703,19.26729],[72.87659,19.2667],[72.87541,19.26521],[72.87456,19.26413],[72.87433,19.2638],[72.8741,19.26346],[72.87391,19.26311],[72.87369,19.26257],[72.87333,19.26166],[72.87314,19.26123],[72.87285,19.26055]]},"properties":{"id":"osm:way/1485700155","name":"Line 9","railway":"subway","colour":null}},{"type":"Feature","geometry":{"type":"LineString","coordinates":[[72.87281,19.26056],[72.87309,19.26124],[72.87328,19.26169],[72.87364,19.26259],[72.87387,19.26312],[72.87406,19.26348],[72.87428,19.26382],[72.87452,19.26416],[72.87537,19.26523],[72.87655,19.26673],[72.87699,19.26732],[72.87758,19.26821],[72.87796,19.26873],[72.87836,19.26924],[72.87863,19.26952],[72.87894,19.26979],[72.8799,19.27048]]},"properties":{"id":"osm:way/1485700156","name":"Line 9","railway":"subway","colour":null}},{"type":"Feature","geometry":{"type":"LineString","coordinates":[[72.87955,19.27821],[72.88027,19.27769]]},"properties":{"id":"osm:way/1485700157","name":"Line 9","railway":"subway","colour":null}},{"type":"Feature","geometry":{"type":"LineString","coordinates":[[72.88091,19.27714],[72.88024,19.27763]]},"properties":{"id":"osm:way/1485700158","name":"Line 9","railway":"subway","colour":null}},{"type":"Feature","geometry":{"type":"LineString","coordinates":[[72.88198,19.27546],[72.88197,19.27485]]},"properties":{"id":"osm:way/1485700160","name":"Line 9","railway":"subway","colour":null}},{"type":"Feature","geometry":{"type":"LineString","coordinates":[[72.88027,19.27769],[72.88095,19.27718]]},"properties":{"id":"osm:way/1498164828","name":"Line 9","railway":"subway","colour":null}},{"type":"Feature","geometry":{"type":"LineString","coordinates":[[72.88024,19.27763],[72.87951,19.27817]]},"properties":{"id":"osm:way/1498164829","name":"Line 9","railway":"subway","colour":null}},{"type":"Feature","geometry":{"type":"LineString","coordinates":[[72.86792,19.25169],[72.8674,19.25095]]},"properties":{"id":"osm:way/1498164830","name":"Line 9","railway":"subway","colour":null}},{"type":"Feature","geometry":{"type":"LineString","coordinates":[[72.86688,19.2503],[72.86736,19.25098]]},"properties":{"id":"osm:way/1498164831","name":"Line 9","railway":"subway","colour":null}},{"type":"Feature","geometry":{"type":"LineString","coordinates":[[72.93869,19.0496],[72.93913,19.04924]]},"properties":{"id":"osm:way/1498166956","name":"Dahisar (W) to Mandale Metro (Line-2)","railway":"subway","colour":null}},{"type":"Feature","geometry":{"type":"LineString","coordinates":[[72.93907,19.04917],[72.93865,19.04953]]},"properties":{"id":"osm:way/1498166957","name":"Dahisar (W) to Mandale Metro (Line-2)","railway":"subway","colour":null}},{"type":"Feature","geometry":{"type":"LineString","coordinates":[[72.90182,19.05177],[72.90269,19.05146]]},"properties":{"id":"osm:way/1498166958","name":"Dahisar (W) to Mandale Metro (Line-2)","railway":"subway","colour":null}},{"type":"Feature","geometry":{"type":"LineString","coordinates":[[72.9018,19.05171],[72.90101,19.05199]]},"properties":{"id":"osm:way/1498166959","name":"Dahisar (W) to Mandale Metro (Line-2)","railway":"subway","colour":null}},{"type":"Feature","geometry":{"type":"LineString","coordinates":[[72.91668,19.04506],[72.91635,19.04516],[72.915,19.04542],[72.91406,19.04558],[72.91302,19.04562],[72.91177,19.04569],[72.91068,19.04571],[72.91032,19.0457],[72.91005,19.04571],[72.90985,19.04575],[72.90917,19.04598],[72.90876,19.04624],[72.90788,19.04706],[72.90757,19.04735]]},"properties":{"id":"osm:way/1503340554","name":"Dahisar (W) to Mandale Metro (Line-2)","railway":"subway","colour":null}},{"type":"Feature","geometry":{"type":"LineString","coordinates":[[72.91837,19.04455],[72.91815,19.04461],[72.91752,19.0448],[72.91668,19.04506]]},"properties":{"id":"osm:way/1503340555","name":"Dahisar (W) to Mandale Metro (Line-2)","railway":"subway","colour":null}},{"type":"Feature","geometry":{"type":"LineString","coordinates":[[72.90761,19.04738],[72.90791,19.04709],[72.90879,19.04628],[72.90919,19.04602],[72.90987,19.04579],[72.91002,19.04576],[72.91034,19.04575],[72.91068,19.04576],[72.91177,19.04573],[72.91303,19.04567],[72.91406,19.04563],[72.91501,19.04546],[72.91636,19.04521],[72.9167,19.04511]]},"properties":{"id":"osm:way/1503340556","name":"Dahisar (W) to Mandale Metro (Line-2)","railway":"subway","colour":null}},{"type":"Feature","geometry":{"type":"LineString","coordinates":[[72.9167,19.04511],[72.91753,19.04485],[72.91817,19.04466],[72.91839,19.0446]]},"properties":{"id":"osm:way/1503340557","name":"Dahisar (W) to Mandale Metro (Line-2)","railway":"subway","colour":null}},{"type":"Feature","geometry":{"type":"LineString","coordinates":[[72.93798,19.05008],[72.93771,19.05031],[72.93746,19.05051],[72.93724,19.05064],[72.93707,19.05071],[72.93694,19.05073],[72.93679,19.05075],[72.93666,19.05075],[72.93651,19.05074],[72.93636,19.0507],[72.93592,19.05055],[72.93493,19.05019],[72.93469,19.05013],[72.9344,19.05007],[72.93408,19.05004],[72.93379,19.05003],[72.93359,19.05001],[72.93337,19.04997],[72.93316,19.0499],[72.9328,19.04977],[72.932,19.04947]]},"properties":{"id":"osm:way/1503340558","name":"Dahisar (W) to Mandale Metro (Line-2)","railway":"subway","colour":null}},{"type":"Feature","geometry":{"type":"LineString","coordinates":[[72.93198,19.04951],[72.93279,19.0498],[72.93315,19.04993],[72.93337,19.05001],[72.93358,19.05005],[72.93379,19.05007],[72.93407,19.05009],[72.9344,19.05011],[72.93468,19.05016],[72.93491,19.05024],[72.93591,19.05059],[72.93635,19.05074],[72.93651,19.05078],[72.93667,19.05079],[72.93679,19.0508],[72.93695,19.05078],[72.93708,19.05074],[72.93726,19.05068],[72.9375,19.05053],[72.93775,19.05034],[72.93803,19.05013]]},"properties":{"id":"osm:way/1503340559","name":"Dahisar (W) to Mandale Metro (Line-2)","railway":"subway","colour":null}},{"type":"Feature","geometry":{"type":"LineString","coordinates":[[72.932,19.04947],[72.93116,19.04917],[72.93032,19.04887]]},"properties":{"id":"osm:way/1503340560","name":"Dahisar (W) to Mandale Metro (Line-2)","railway":"subway","colour":null}},{"type":"Feature","geometry":{"type":"LineString","coordinates":[[72.9303,19.04891],[72.93114,19.04921],[72.93198,19.04951]]},"properties":{"id":"osm:way/1503340561","name":"Dahisar (W) to Mandale Metro (Line-2)","railway":"subway","colour":null}},{"type":"Feature","geometry":{"type":"LineString","coordinates":[[72.93913,19.04924],[72.93922,19.04916]]},"properties":{"id":"osm:way/1503340562","name":"Dahisar (W) to Mandale Metro (Line-2)","railway":"subway","colour":null}},{"type":"Feature","geometry":{"type":"LineString","coordinates":[[72.93915,19.04911],[72.93907,19.04917]]},"properties":{"id":"osm:way/1503340563","name":"Dahisar (W) to Mandale Metro (Line-2)","railway":"subway","colour":null}},{"type":"Feature","geometry":{"type":"LineString","coordinates":[[72.93865,19.04953],[72.9381,19.04997],[72.93798,19.05008]]},"properties":{"id":"osm:way/1503340564","name":"Dahisar (W) to Mandale Metro (Line-2)","railway":"subway","colour":null}},{"type":"Feature","geometry":{"type":"LineString","coordinates":[[72.93803,19.05013],[72.93817,19.05003],[72.93869,19.0496]]},"properties":{"id":"osm:way/1503340565","name":"Dahisar (W) to Mandale Metro (Line-2)","railway":"subway","colour":null}},{"type":"Feature","geometry":{"type":"LineString","coordinates":[[72.94437,19.04564],[72.94535,19.04533],[72.94744,19.04378],[72.94824,19.04318],[72.94839,19.04307]]},"properties":{"id":"osm:way/1503340568","name":null,"railway":"subway","colour":null}},{"type":"Feature","geometry":{"type":"LineString","coordinates":[[72.94428,19.04559],[72.94491,19.04478],[72.948,19.04252]]},"properties":{"id":"osm:way/1503340569","name":null,"railway":"subway","colour":null}},{"type":"Feature","geometry":{"type":"LineString","coordinates":[[72.87285,19.26055],[72.87265,19.26008],[72.87218,19.25898]]},"properties":{"id":"osm:way/1503354006","name":"Line 9","railway":"subway","colour":null}},{"type":"Feature","geometry":{"type":"LineString","coordinates":[[72.87215,19.25899],[72.87262,19.2601],[72.87281,19.26056]]},"properties":{"id":"osm:way/1503354007","name":"Line 9","railway":"subway","colour":null}},{"type":"Feature","geometry":{"type":"LineString","coordinates":[[72.88095,19.27718],[72.88132,19.27685],[72.88156,19.27663],[72.88174,19.2764],[72.88185,19.27618],[72.88192,19.27594],[72.88195,19.27571],[72.88198,19.27546],[72.88208,19.27446],[72.88212,19.27423],[72.88218,19.27398],[72.8823,19.27368],[72.88244,19.27338],[72.88252,19.27318],[72.88255,19.27303],[72.88258,19.27285],[72.88256,19.27266],[72.8825,19.27244],[72.88239,19.27227],[72.88221,19.27207],[72.88202,19.27191],[72.88141,19.27148],[72.88135,19.27144]]},"properties":{"id":"osm:way/1503354008","name":"Line 9","railway":"subway","colour":null}},{"type":"Feature","geometry":{"type":"LineString","coordinates":[[72.88132,19.27147],[72.88198,19.27194],[72.88218,19.2721],[72.88234,19.27228],[72.88244,19.27245],[72.88249,19.27264],[72.8825,19.27284],[72.88248,19.27302],[72.88244,19.27316],[72.88237,19.27335],[72.88223,19.27367],[72.88211,19.27395],[72.88204,19.27423],[72.88201,19.27449],[72.88197,19.27485],[72.88191,19.27545],[72.88189,19.2757],[72.88186,19.27591],[72.88179,19.27617],[72.88168,19.27638],[72.8815,19.2766],[72.88128,19.2768],[72.88091,19.27714]]},"properties":{"id":"osm:way/1503354009","name":"Line 9","railway":"subway","colour":null}},{"type":"Feature","geometry":{"type":"LineString","coordinates":[[72.88135,19.27144],[72.88069,19.27098],[72.87992,19.27044]]},"properties":{"id":"osm:way/1503354010","name":"Line 9","railway":"subway","colour":null}},{"type":"Feature","geometry":{"type":"LineString","coordinates":[[72.8799,19.27048],[72.88067,19.27102],[72.88132,19.27147]]},"properties":{"id":"osm:way/1503354011","name":"Line 9","railway":"subway","colour":null}}]}