{"type":"FeatureCollection","attribution":"© OpenStreetMap contributors (ODbL) · MCGM public toilet data via data.opencity.in (public domain)","generated":"2026-09-16T10:49:01.550Z","bbox":"18.87,72.77,19.32,73.02","features":[{"type":"Feature","geometry":{"type":"Point","coordinates":[72.822992,19.060832]},"properties":{"id":"osm:node/347197414","name":"Jamshedi Garden","category":"sports","subtype":"leisure=playground","source":"osm","access":"yes"}},{"type":"Feature","geometry":{"type":"Point","coordinates":[72.842666,19.236906]},"properties":{"id":"osm:node/814449361","name":"Ajmera Playground","category":"sports","subtype":"leisure=playground","source":"osm","opening_hours":"Mo-Sa 09:00-18:00","access":"yes"}},{"type":"Feature","geometry":{"type":"Point","coordinates":[72.873697,19.283825]},"properties":{"id":"osm:node/1070203943","name":"Landmark Heights Kids Play Area","category":"sports","subtype":"leisure=playground","source":"osm"}},{"type":"Feature","geometry":{"type":"Point","coordinates":[72.853424,19.164302]},"properties":{"id":"osm:node/1160824875","name":"Gymkhana","category":"sports","subtype":"leisure=playground","source":"osm"}},{"type":"Feature","geometry":{"type":"Point","coordinates":[72.833547,19.18563]},"properties":{"id":"osm:node/1185668722","name":"Goregaon Sports Club","category":"sports","subtype":"leisure=sports_centre","source":"osm"}},{"type":"Feature","geometry":{"type":"Point","coordinates":[72.845073,19.204564]},"properties":{"id":"osm:node/1346748279","name":"SVP Swimming Pool","category":"sports","subtype":"leisure=swimming_pool","source":"osm"}},{"type":"Feature","geometry":{"type":"Point","coordinates":[72.839427,19.22233]},"properties":{"id":"osm:node/1359087754","name":"Chikoowadi Joggers' Park","category":"sports","subtype":"leisure=playground","source":"osm","access":"yes"}},{"type":"Feature","geometry":{"type":"Point","coordinates":[72.931045,19.043079]},"properties":{"id":"osm:node/1398695654","name":"Tennis Court","category":"sports","subtype":"leisure=playground","source":"osm","access":"private"}},{"type":"Feature","geometry":{"type":"Point","coordinates":[72.85341,19.103826]},"properties":{"id":"osm:node/1579333767","name":"Bhai Ghar","category":"sports","subtype":"leisure=sports_centre","source":"osm"}},{"type":"Feature","geometry":{"type":"Point","coordinates":[72.849457,19.109045]},"properties":{"id":"osm:node/1803661782","name":"Prabodhankar Thanckeray Udyan","category":"sports","subtype":"leisure=swimming_pool","source":"osm","access":"permissive"}},{"type":"Feature","geometry":{"type":"Point","coordinates":[72.828603,19.153464]},"properties":{"id":"osm:node/2130351423","name":null,"category":"sports","subtype":"leisure=playground","source":"osm"}},{"type":"Feature","geometry":{"type":"Point","coordinates":[72.830622,19.060995]},"properties":{"id":"osm:node/2173585367","name":null,"category":"sports","subtype":"leisure=playground","source":"osm"}},{"type":"Feature","geometry":{"type":"Point","coordinates":[72.906635,19.069732]},"properties":{"id":"osm:node/2235199773","name":"Chhedanagar Gymkhana","category":"sports","subtype":"leisure=sports_centre","source":"osm"}},{"type":"Feature","geometry":{"type":"Point","coordinates":[72.899204,19.057468]},"properties":{"id":"osm:node/2238567174","name":"YMCA Chembur","category":"sports","subtype":"leisure=sports_centre","source":"osm"}},{"type":"Feature","geometry":{"type":"Point","coordinates":[72.966126,19.225786]},"properties":{"id":"osm:node/2899224842","name":"Vasant Vihar Gymkhana","category":"sports","subtype":"leisure=playground","source":"osm"}},{"type":"Feature","geometry":{"type":"Point","coordinates":[72.845617,19.061592]},"properties":{"id":"osm:node/2947780069","name":null,"category":"sports","subtype":"leisure=playground","source":"osm","access":"customers"}},{"type":"Feature","geometry":{"type":"Point","coordinates":[72.949282,19.036037]},"properties":{"id":"osm:node/3204449606","name":"bhucdi play ground","category":"sports","subtype":"leisure=playground","source":"osm"}},{"type":"Feature","geometry":{"type":"Point","coordinates":[72.948681,19.033866]},"properties":{"id":"osm:node/3205941707","name":"gym","category":"sports","subtype":"leisure=sports_centre","source":"osm"}},{"type":"Feature","geometry":{"type":"Point","coordinates":[72.908507,19.06137]},"properties":{"id":"osm:node/3206016513","name":"basket  ball court","category":"sports","subtype":"leisure=pitch","source":"osm"}},{"type":"Feature","geometry":{"type":"Point","coordinates":[72.912744,19.13579]},"properties":{"id":"osm:node/3213640906","name":"New Swimming Pool","category":"sports","subtype":"leisure=swimming_pool","source":"osm","operator":"SAC"}},{"type":"Feature","geometry":{"type":"Point","coordinates":[72.879824,19.051692]},"properties":{"id":"osm:node/3216995577","name":"Ground","category":"sports","subtype":"leisure=playground","source":"osm"}},{"type":"Feature","geometry":{"type":"Point","coordinates":[72.94362,19.16724]},"properties":{"id":"osm:node/4406611091","name":"JMK Fitness","category":"sports","subtype":"leisure=fitness_centre","source":"osm","opening_hours":"Mo-Sa 06:00-23:00"}},{"type":"Feature","geometry":{"type":"Point","coordinates":[72.956773,19.184111]},"properties":{"id":"osm:node/4585304295","name":"Modela Mill Ground","category":"sports","subtype":"leisure=pitch","source":"osm"}},{"type":"Feature","geometry":{"type":"Point","coordinates":[72.963368,19.191409]},"properties":{"id":"osm:node/4585381994","name":"Open Gym","category":"sports","subtype":"leisure=fitness_centre","source":"osm"}},{"type":"Feature","geometry":{"type":"Point","coordinates":[72.962339,19.197623]},"properties":{"id":"osm:node/4585381995","name":"Open Gym","category":"sports","subtype":"leisure=fitness_centre","source":"osm"}},{"type":"Feature","geometry":{"type":"Point","coordinates":[72.863801,19.171211]},"properties":{"id":"osm:node/4607431888","name":"oberoi exquisite pool","category":"sports","subtype":"leisure=swimming_pool","source":"osm","access":"permissive"}},{"type":"Feature","geometry":{"type":"Point","coordinates":[72.959468,19.172652]},"properties":{"id":"osm:node/4729007142","name":"Open Gym","category":"sports","subtype":"leisure=fitness_centre","source":"osm"}},{"type":"Feature","geometry":{"type":"Point","coordinates":[72.836655,19.026485]},"properties":{"id":"osm:node/4753980124","name":"Shree Samartha Vyayam Mandir","category":"sports","subtype":"leisure=fitness_centre","source":"osm"}},{"type":"Feature","geometry":{"type":"Point","coordinates":[72.84102,19.029742]},"properties":{"id":"osm:node/4792028221","name":"Regius The Fitness Factory","category":"sports","subtype":"leisure=fitness_centre","source":"osm","phone":"022 65316555"}},{"type":"Feature","geometry":{"type":"Point","coordinates":[72.830628,19.07777]},"properties":{"id":"osm:node/4929321222","name":null,"category":"sports","subtype":"leisure=playground","source":"osm","opening_hours":"Mo-Su 07:00-10:00,15:30-21:30"}},{"type":"Feature","geometry":{"type":"Point","coordinates":[73.017397,19.002356]},"properties":{"id":"osm:node/4957031319","name":"Basketball Court","category":"sports","subtype":"leisure=pitch","source":"osm"}},{"type":"Feature","geometry":{"type":"Point","coordinates":[73.018795,19.001059]},"properties":{"id":"osm:node/4957032143","name":"Volleyball Court","category":"sports","subtype":"leisure=pitch","source":"osm"}},{"type":"Feature","geometry":{"type":"Point","coordinates":[73.014357,19.002996]},"properties":{"id":"osm:node/4957041031","name":"Squash Court","category":"sports","subtype":"leisure=pitch","source":"osm"}},{"type":"Feature","geometry":{"type":"Point","coordinates":[73.016467,19.006351]},"properties":{"id":"osm:node/4957100854","name":"Children's Playground","category":"sports","subtype":"leisure=playground","source":"osm"}},{"type":"Feature","geometry":{"type":"Point","coordinates":[73.016558,19.005201]},"properties":{"id":"osm:node/4957101254","name":"Kid's Play Area","category":"sports","subtype":"leisure=playground","source":"osm"}},{"type":"Feature","geometry":{"type":"Point","coordinates":[72.829391,19.06127]},"properties":{"id":"osm:node/5273194224","name":"Gold's Gym","category":"sports","subtype":"leisure=fitness_centre","source":"osm"}},{"type":"Feature","geometry":{"type":"Point","coordinates":[72.804018,18.963503]},"properties":{"id":"osm:node/5380378592","name":"Mount Blanc community Pool","category":"sports","subtype":"leisure=sports_centre","source":"osm","access":"yes","operator":"BMC"}},{"type":"Feature","geometry":{"type":"Point","coordinates":[72.912496,19.082504]},"properties":{"id":"osm:node/5470599074","name":"Vasant Gym","category":"sports","subtype":"leisure=fitness_centre","source":"osm","opening_hours":"Mo-Sa 06:00-12:00,16:00-22:00"}},{"type":"Feature","geometry":{"type":"Point","coordinates":[72.955101,19.161753]},"properties":{"id":"osm:node/5590243021","name":null,"category":"sports","subtype":"leisure=playground","source":"osm"}},{"type":"Feature","geometry":{"type":"Point","coordinates":[72.8721,19.212361]},"properties":{"id":"osm:node/5609870267","name":"BMC Dadoji Kond Dev Maidaan","category":"sports","subtype":"leisure=playground","source":"osm","opening_hours":"Mo-Su 05:00-12:00,16:00-21:00"}},{"type":"Feature","geometry":{"type":"Point","coordinates":[72.825544,19.148639]},"properties":{"id":"osm:node/5862916351","name":"Elixir","category":"sports","subtype":"leisure=fitness_centre","source":"osm"}},{"type":"Feature","geometry":{"type":"Point","coordinates":[72.913191,19.135705]},"properties":{"id":"osm:node/5877674686","name":"small swimming pool","category":"sports","subtype":"leisure=sports_centre","source":"osm","access":"private","operator":"IIT Bombay"}},{"type":"Feature","geometry":{"type":"Point","coordinates":[72.91369,19.135165]},"properties":{"id":"osm:node/5880343472","name":"Old SAC","category":"sports","subtype":"leisure=fitness_centre","source":"osm"}},{"type":"Feature","geometry":{"type":"Point","coordinates":[72.911952,19.133889]},"properties":{"id":"osm:node/5880343473","name":"New SAC","category":"sports","subtype":"leisure=fitness_centre","source":"osm"}},{"type":"Feature","geometry":{"type":"Point","coordinates":[72.91408,19.125796]},"properties":{"id":"osm:node/5880343479","name":"Sarovar Udyan","category":"sports","subtype":"leisure=playground","source":"osm"}},{"type":"Feature","geometry":{"type":"Point","coordinates":[72.935679,19.165696]},"properties":{"id":"osm:node/6052581657","name":"Gym","category":"sports","subtype":"leisure=fitness_centre","source":"osm"}},{"type":"Feature","geometry":{"type":"Point","coordinates":[72.838706,19.01811]},"properties":{"id":"osm:node/6187817689","name":null,"category":"sports","subtype":"leisure=playground","source":"osm"}},{"type":"Feature","geometry":{"type":"Point","coordinates":[72.905104,19.118319]},"properties":{"id":"osm:node/6802082701","name":"Rolly's Yoga studio","category":"sports","subtype":"leisure=fitness_centre","source":"osm","description":"Yoga Art, Prenatal Yoga, Postnatal Yoga"}},{"type":"Feature","geometry":{"type":"Point","coordinates":[72.907707,19.116391]},"properties":{"id":"osm:node/6805962685","name":null,"category":"sports","subtype":"leisure=pitch","source":"osm","opening_hours":"Mo-Su 06:00-19:00"}},{"type":"Feature","geometry":{"type":"Point","coordinates":[72.867339,19.221837]},"properties":{"id":"osm:node/6824541052","name":"Children's Play area","category":"sports","subtype":"leisure=playground","source":"osm","access":"yes","operator":"Fulpakhru Park"}},{"type":"Feature","geometry":{"type":"Point","coordinates":[72.866704,19.222344]},"properties":{"id":"osm:node/6824541053","name":"RSM gym","category":"sports","subtype":"leisure=fitness_centre","source":"osm","opening_hours":"Mo-Su 09:00-21:00"}},{"type":"Feature","geometry":{"type":"Point","coordinates":[72.866951,19.222296]},"properties":{"id":"osm:node/6824541055","name":"Yoga and Medidation Place","category":"sports","subtype":"leisure=fitness_centre","source":"osm"}},{"type":"Feature","geometry":{"type":"Point","coordinates":[72.905001,19.118149]},"properties":{"id":"osm:node/6914500886","name":"Rolly’s yoga studio","category":"sports","subtype":"leisure=fitness_centre","source":"osm"}},{"type":"Feature","geometry":{"type":"Point","coordinates":[72.870807,19.264844]},"properties":{"id":"osm:node/6939002104","name":"NHG Sports Arena - by SPORLOC","category":"sports","subtype":"leisure=sports_centre","source":"osm","description":"Best Multi Sports Facility in Mira Road. Best facility to play Cricket, Football, Kabaddi & Volleyball.","phone":"+91 8169729906"}},{"type":"Feature","geometry":{"type":"Point","coordinates":[72.956825,19.194342]},"properties":{"id":"osm:node/6985914692","name":null,"category":"sports","subtype":"leisure=playground","source":"osm"}},{"type":"Feature","geometry":{"type":"Point","coordinates":[72.95553,19.188963]},"properties":{"id":"osm:node/7001653537","name":null,"category":"sports","subtype":"leisure=playground","source":"osm"}},{"type":"Feature","geometry":{"type":"Point","coordinates":[72.965965,19.202864]},"properties":{"id":"osm:node/7001710228","name":null,"category":"sports","subtype":"leisure=playground","source":"osm"}},{"type":"Feature","geometry":{"type":"Point","coordinates":[72.969867,19.200949]},"properties":{"id":"osm:node/7001712026","name":null,"category":"sports","subtype":"leisure=playground","source":"osm"}},{"type":"Feature","geometry":{"type":"Point","coordinates":[72.956382,19.194754]},"properties":{"id":"osm:node/7003456232","name":null,"category":"sports","subtype":"leisure=playground","source":"osm"}},{"type":"Feature","geometry":{"type":"Point","coordinates":[72.80625,18.975088]},"properties":{"id":"osm:node/7046608630","name":"Nitrro Bespoke Fitness","category":"sports","subtype":"leisure=fitness_centre","source":"osm","opening_hours":"Mo-Sa 06:00-23:00, Su 09:00-13:00","phone":"+91 22 2354 9494","level":"-1"}},{"type":"Feature","geometry":{"type":"Point","coordinates":[72.812962,19.133086]},"properties":{"id":"osm:node/7160285160","name":"Fit Factory","category":"sports","subtype":"leisure=fitness_centre","source":"osm"}},{"type":"Feature","geometry":{"type":"Point","coordinates":[72.813505,19.13279]},"properties":{"id":"osm:node/7160305635","name":"Figure It Out","category":"sports","subtype":"leisure=fitness_centre","source":"osm"}},{"type":"Feature","geometry":{"type":"Point","coordinates":[72.857013,19.236168]},"properties":{"id":"osm:node/7484386955","name":"FITNESS FOREVER","category":"sports","subtype":"leisure=fitness_centre","source":"osm","opening_hours":"Mo-Sa 09:00-18:00","phone":"099892738627"}},{"type":"Feature","geometry":{"type":"Point","coordinates":[72.852102,19.298951]},"properties":{"id":"osm:node/7486324687","name":"Parulekars Gym and Fitness Centre","category":"sports","subtype":"leisure=fitness_centre","source":"osm"}},{"type":"Feature","geometry":{"type":"Point","coordinates":[72.962093,19.205302]},"properties":{"id":"osm:node/7944312601","name":"Meera's Fitness Center","category":"sports","subtype":"leisure=fitness_centre","source":"osm"}},{"type":"Feature","geometry":{"type":"Point","coordinates":[72.866841,19.226794]},"properties":{"id":"osm:node/8451851659","name":null,"category":"sports","subtype":"leisure=swimming_pool","source":"osm","access":"private"}},{"type":"Feature","geometry":{"type":"Point","coordinates":[72.969774,19.230977]},"properties":{"id":"osm:node/8481940498","name":"Talwalkars Gym","category":"sports","subtype":"leisure=fitness_centre","source":"osm"}},{"type":"Feature","geometry":{"type":"Point","coordinates":[72.970981,19.24259]},"properties":{"id":"osm:node/8481940505","name":null,"category":"sports","subtype":"leisure=pitch","source":"osm"}},{"type":"Feature","geometry":{"type":"Point","coordinates":[72.97095,19.242814]},"properties":{"id":"osm:node/8481940506","name":null,"category":"sports","subtype":"leisure=pitch","source":"osm"}},{"type":"Feature","geometry":{"type":"Point","coordinates":[72.970969,19.243086]},"properties":{"id":"osm:node/8481940509","name":null,"category":"sports","subtype":"leisure=fitness_centre","source":"osm"}},{"type":"Feature","geometry":{"type":"Point","coordinates":[72.84149,19.014193]},"properties":{"id":"osm:node/8494348695","name":"Rajshree Yoga - Weight & Health Centre","category":"sports","subtype":"leisure=fitness_centre","source":"osm","opening_hours":"Mo-Sa 07:00-17:00","description":"We help people lose weight and manage health problems at any age naturally — without fasting, medicines, and side effects. \n\nTo achieve this goal, we make customized health programs for each person which include yoga therapy, diet therapy, sujok therapy,","phone":"+919699966266"}},{"type":"Feature","geometry":{"type":"Point","coordinates":[72.808378,19.142048]},"properties":{"id":"osm:node/8521298073","name":"Body Design","category":"sports","subtype":"leisure=fitness_centre","source":"osm"}},{"type":"Feature","geometry":{"type":"Point","coordinates":[72.876114,19.199972]},"properties":{"id":"osm:node/8847825117","name":null,"category":"sports","subtype":"leisure=playground","source":"osm"}},{"type":"Feature","geometry":{"type":"Point","coordinates":[72.813452,19.133859]},"properties":{"id":"osm:node/8903074390","name":"Physioflex","category":"sports","subtype":"leisure=fitness_centre","source":"osm"}},{"type":"Feature","geometry":{"type":"Point","coordinates":[73.001654,19.203365]},"properties":{"id":"osm:node/8928712002","name":"Jai Bharat Sports Club Gym","category":"sports","subtype":"leisure=fitness_centre","source":"osm"}},{"type":"Feature","geometry":{"type":"Point","coordinates":[72.972288,19.179536]},"properties":{"id":"osm:node/9073967948","name":"Fitness Factory Gym","category":"sports","subtype":"leisure=fitness_centre","source":"osm"}},{"type":"Feature","geometry":{"type":"Point","coordinates":[72.82922,19.014031]},"properties":{"id":"osm:node/9080656319","name":"Anytime Fitness","category":"sports","subtype":"leisure=fitness_centre","source":"osm","opening_hours":"24/7"}},{"type":"Feature","geometry":{"type":"Point","coordinates":[72.829044,19.012066]},"properties":{"id":"osm:node/9081763637","name":"Transform Gym","category":"sports","subtype":"leisure=fitness_centre","source":"osm"}},{"type":"Feature","geometry":{"type":"Point","coordinates":[72.87362,19.175578]},"properties":{"id":"osm:node/9120487879","name":"Diamond Muscles Gym","category":"sports","subtype":"leisure=fitness_centre","source":"osm"}},{"type":"Feature","geometry":{"type":"Point","coordinates":[72.825353,19.134655]},"properties":{"id":"osm:node/9124162460","name":"Gym Spirit","category":"sports","subtype":"leisure=fitness_centre","source":"osm","opening_hours":"24/7"}},{"type":"Feature","geometry":{"type":"Point","coordinates":[72.82665,19.120478]},"properties":{"id":"osm:node/9140907843","name":"Perfect Physique Gym","category":"sports","subtype":"leisure=fitness_centre","source":"osm"}},{"type":"Feature","geometry":{"type":"Point","coordinates":[72.969541,19.235702]},"properties":{"id":"osm:node/9186795069","name":"Dare 2 Fit","category":"sports","subtype":"leisure=fitness_centre","source":"osm"}},{"type":"Feature","geometry":{"type":"Point","coordinates":[72.833977,19.190973]},"properties":{"id":"osm:node/9333664723","name":"People's Gym","category":"sports","subtype":"leisure=fitness_centre","source":"osm"}},{"type":"Feature","geometry":{"type":"Point","coordinates":[72.811415,19.133466]},"properties":{"id":"osm:node/9398624364","name":"Yog Love","category":"sports","subtype":"leisure=fitness_centre","source":"osm","phone":"+919920996069"}},{"type":"Feature","geometry":{"type":"Point","coordinates":[72.911341,19.136215]},"properties":{"id":"osm:node/9633125267","name":"H3 Lounge","category":"sports","subtype":"leisure=sports_centre","source":"osm"}},{"type":"Feature","geometry":{"type":"Point","coordinates":[72.893178,19.051693]},"properties":{"id":"osm:node/9655548018","name":"Acres Club","category":"sports","subtype":"leisure=fitness_centre","source":"osm"}},{"type":"Feature","geometry":{"type":"Point","coordinates":[73.005956,19.094871]},"properties":{"id":"osm:node/9828641355","name":"One Above","category":"sports","subtype":"leisure=fitness_centre","source":"osm"}},{"type":"Feature","geometry":{"type":"Point","coordinates":[72.997419,19.146503]},"properties":{"id":"osm:node/9830033354","name":"Falcon Fitness center","category":"sports","subtype":"leisure=fitness_centre","source":"osm"}},{"type":"Feature","geometry":{"type":"Point","coordinates":[72.990464,19.148552]},"properties":{"id":"osm:node/9832252679","name":"Mahesh Fitness","category":"sports","subtype":"leisure=fitness_centre","source":"osm"}},{"type":"Feature","geometry":{"type":"Point","coordinates":[72.869406,19.301997]},"properties":{"id":"osm:node/10004262869","name":"MSQ Social - Muscle Squadron","category":"sports","subtype":"leisure=fitness_centre","source":"osm","opening_hours":"Mo-Su 06:00-22:30","phone":"+918591409835"}},{"type":"Feature","geometry":{"type":"Point","coordinates":[72.947061,19.031188]},"properties":{"id":"osm:node/10048587859","name":"Chereshwar GYM","category":"sports","subtype":"leisure=fitness_centre","source":"osm","opening_hours":"Mo-Sa 08:00-18:00"}},{"type":"Feature","geometry":{"type":"Point","coordinates":[72.874866,19.178938]},"properties":{"id":"osm:node/10567963424","name":"raheja clubhouse","category":"sports","subtype":"leisure=fitness_centre","source":"osm"}},{"type":"Feature","geometry":{"type":"Point","coordinates":[72.947723,19.184437]},"properties":{"id":"osm:node/10603253916","name":"Tir","category":"sports","subtype":"leisure=swimming_pool","source":"osm"}},{"type":"Feature","geometry":{"type":"Point","coordinates":[72.819493,18.949568]},"properties":{"id":"osm:node/10720495860","name":"Kaivalyadham","category":"sports","subtype":"leisure=fitness_centre","source":"osm"}},{"type":"Feature","geometry":{"type":"Point","coordinates":[72.853618,19.059269]},"properties":{"id":"osm:node/11304366853","name":"New Ajinkyatara Fitness","category":"sports","subtype":"leisure=fitness_centre","source":"osm","phone":"+91 9702 023434"}},{"type":"Feature","geometry":{"type":"Point","coordinates":[72.820393,18.968603]},"properties":{"id":"osm:node/11456248702","name":"Plus Fitness","category":"sports","subtype":"leisure=fitness_centre","source":"osm"}},{"type":"Feature","geometry":{"type":"Point","coordinates":[72.83341,19.140785]},"properties":{"id":"osm:node/11530307154","name":"Rebirth Fitness School","category":"sports","subtype":"leisure=fitness_centre","source":"osm"}},{"type":"Feature","geometry":{"type":"Point","coordinates":[72.901112,19.118582]},"properties":{"id":"osm:node/11697989558","name":"Fitencity Gym","category":"sports","subtype":"leisure=fitness_centre","source":"osm","opening_hours":"06:00-23:00","phone":"+919702267701"}},{"type":"Feature","geometry":{"type":"Point","coordinates":[72.931713,19.039248]},"properties":{"id":"osm:node/11716428184","name":"Sheravati playground","category":"sports","subtype":"leisure=playground","source":"osm","access":"private"}},{"type":"Feature","geometry":{"type":"Point","coordinates":[72.932501,19.039122]},"properties":{"id":"osm:node/11716428185","name":"Hemavati ground","category":"sports","subtype":"leisure=playground","source":"osm","access":"private"}},{"type":"Feature","geometry":{"type":"Point","coordinates":[72.930451,19.032716]},"properties":{"id":"osm:node/11716428191","name":"Akashdeep Triangle play area","category":"sports","subtype":"leisure=playground","source":"osm","access":"private"}},{"type":"Feature","geometry":{"type":"Point","coordinates":[72.93028,19.036225]},"properties":{"id":"osm:node/11716428200","name":null,"category":"sports","subtype":"leisure=pitch","source":"osm"}},{"type":"Feature","geometry":{"type":"Point","coordinates":[72.918928,19.037714]},"properties":{"id":"osm:node/11716428213","name":null,"category":"sports","subtype":"leisure=pitch","source":"osm"}},{"type":"Feature","geometry":{"type":"Point","coordinates":[72.918761,19.037805]},"properties":{"id":"osm:node/11716428214","name":null,"category":"sports","subtype":"leisure=pitch","source":"osm"}},{"type":"Feature","geometry":{"type":"Point","coordinates":[72.918334,19.039804]},"properties":{"id":"osm:node/11716428220","name":null,"category":"sports","subtype":"leisure=pitch","source":"osm"}},{"type":"Feature","geometry":{"type":"Point","coordinates":[72.918966,19.039609]},"properties":{"id":"osm:node/11716428222","name":null,"category":"sports","subtype":"leisure=pitch","source":"osm"}},{"type":"Feature","geometry":{"type":"Point","coordinates":[72.919073,19.040763]},"properties":{"id":"osm:node/11716428224","name":"ARWA Gym centre","category":"sports","subtype":"leisure=fitness_centre","source":"osm"}},{"type":"Feature","geometry":{"type":"Point","coordinates":[72.9177,19.040044]},"properties":{"id":"osm:node/11716428227","name":"AECS-3 Playground","category":"sports","subtype":"leisure=playground","source":"osm","access":"private"}},{"type":"Feature","geometry":{"type":"Point","coordinates":[72.911267,19.038533]},"properties":{"id":"osm:node/11716428239","name":null,"category":"sports","subtype":"leisure=pitch","source":"osm"}},{"type":"Feature","geometry":{"type":"Point","coordinates":[72.828172,18.921639]},"properties":{"id":"osm:node/12206411396","name":"Niu & Nau","category":"sports","subtype":"leisure=fitness_centre","source":"osm"}},{"type":"Feature","geometry":{"type":"Point","coordinates":[73.015913,19.033367]},"properties":{"id":"osm:node/12247589352","name":"Akhada Unisex fitness center","category":"sports","subtype":"leisure=fitness_centre","source":"osm","opening_hours":"Mo-Su 06:00-23:00","wheelchair":"no"}},{"type":"Feature","geometry":{"type":"Point","coordinates":[72.82931,19.051779]},"properties":{"id":"osm:node/12270847971","name":"Chain Fitness","category":"sports","subtype":"leisure=fitness_centre","source":"osm"}},{"type":"Feature","geometry":{"type":"Point","coordinates":[73.017718,19.034272]},"properties":{"id":"osm:node/12288179142","name":"Muscle Rock Health Club","category":"sports","subtype":"leisure=fitness_centre","source":"osm","level":"1"}},{"type":"Feature","geometry":{"type":"Point","coordinates":[72.832745,19.0515]},"properties":{"id":"osm:node/12327520768","name":"Reset","category":"sports","subtype":"leisure=fitness_centre","source":"osm"}},{"type":"Feature","geometry":{"type":"Point","coordinates":[72.821542,19.136301]},"properties":{"id":"osm:node/12328165746","name":"Nitro Fitness Company","category":"sports","subtype":"leisure=fitness_centre","source":"osm","wheelchair":"no"}},{"type":"Feature","geometry":{"type":"Point","coordinates":[72.918587,19.12466]},"properties":{"id":"osm:node/12397220201","name":null,"category":"sports","subtype":"leisure=playground","source":"osm","access":"yes","operator":"Municipal Corporation Greater Mumbai"}},{"type":"Feature","geometry":{"type":"Point","coordinates":[72.82398,19.144406]},"properties":{"id":"osm:node/12411907739","name":null,"category":"sports","subtype":"leisure=fitness_centre","source":"osm","level":"1"}},{"type":"Feature","geometry":{"type":"Point","coordinates":[72.800267,18.959047]},"properties":{"id":"osm:node/12535810146","name":null,"category":"sports","subtype":"leisure=playground","source":"osm"}},{"type":"Feature","geometry":{"type":"Point","coordinates":[72.855815,19.180705]},"properties":{"id":"osm:node/12560170401","name":"16 Hour Fitness","category":"sports","subtype":"leisure=fitness_centre","source":"osm","opening_hours":"Mo-Sa 05:30-22:30"}},{"type":"Feature","geometry":{"type":"Point","coordinates":[73.01235,19.094953]},"properties":{"id":"osm:node/12596410199","name":"TEJAS GYM","category":"sports","subtype":"leisure=fitness_centre","source":"osm"}},{"type":"Feature","geometry":{"type":"Point","coordinates":[72.81268,19.13241]},"properties":{"id":"osm:node/12607283682","name":"Area 61 Gum","category":"sports","subtype":"leisure=fitness_centre","source":"osm"}},{"type":"Feature","geometry":{"type":"Point","coordinates":[72.832341,19.055919]},"properties":{"id":"osm:node/12716963168","name":"UFC Gym","category":"sports","subtype":"leisure=fitness_centre","source":"osm"}},{"type":"Feature","geometry":{"type":"Point","coordinates":[72.85328,19.046803]},"properties":{"id":"osm:node/12811648477","name":"Guru Dutt Gym","category":"sports","subtype":"leisure=fitness_centre","source":"osm"}},{"type":"Feature","geometry":{"type":"Point","coordinates":[72.85519,19.046922]},"properties":{"id":"osm:node/12811693918","name":"Holi Maidan","category":"sports","subtype":"leisure=playground","source":"osm"}},{"type":"Feature","geometry":{"type":"Point","coordinates":[72.864174,19.297172]},"properties":{"id":"osm:node/12828257698","name":null,"category":"sports","subtype":"leisure=playground","source":"osm","access":"private"}},{"type":"Feature","geometry":{"type":"Point","coordinates":[72.826363,19.105714]},"properties":{"id":"osm:node/12848913144","name":"Tathastu Art and Fitness Studio","category":"sports","subtype":"leisure=fitness_centre","source":"osm"}},{"type":"Feature","geometry":{"type":"Point","coordinates":[72.898361,19.072998]},"properties":{"id":"osm:node/12855116225","name":"Open Table Tennis","category":"sports","subtype":"leisure=pitch","source":"osm","access":"private"}},{"type":"Feature","geometry":{"type":"Point","coordinates":[72.898239,19.072397]},"properties":{"id":"osm:node/12855119060","name":"Chess Board","category":"sports","subtype":"leisure=pitch","source":"osm","access":"private"}},{"type":"Feature","geometry":{"type":"Point","coordinates":[72.897064,19.072454]},"properties":{"id":"osm:node/12875128650","name":"Gym","category":"sports","subtype":"leisure=fitness_centre","source":"osm"}},{"type":"Feature","geometry":{"type":"Point","coordinates":[73.007443,19.112029]},"properties":{"id":"osm:node/12878520327","name":"Ghansoli Mahape Bridge Badminton Court","category":"sports","subtype":"leisure=pitch","source":"osm"}},{"type":"Feature","geometry":{"type":"Point","coordinates":[72.838952,19.160363]},"properties":{"id":"osm:node/13094249894","name":"Satra One Playground","category":"sports","subtype":"leisure=playground","source":"osm","access":"yes"}},{"type":"Feature","geometry":{"type":"Point","coordinates":[72.828447,19.069142]},"properties":{"id":"osm:node/13112602727","name":"Antigravity","category":"sports","subtype":"leisure=fitness_centre","source":"osm"}},{"type":"Feature","geometry":{"type":"Point","coordinates":[72.834777,19.084813]},"properties":{"id":"osm:node/13231494997","name":"Fitness First","category":"sports","subtype":"leisure=fitness_centre","source":"osm","level":"5"}},{"type":"Feature","geometry":{"type":"Point","coordinates":[72.864396,19.301892]},"properties":{"id":"osm:node/13252007371","name":"Vishali Fitness and Training Classes","category":"sports","subtype":"leisure=fitness_centre","source":"osm","wheelchair":"no"}},{"type":"Feature","geometry":{"type":"Point","coordinates":[72.875606,19.301669]},"properties":{"id":"osm:node/13261691988","name":null,"category":"sports","subtype":"leisure=sports_centre","source":"osm"}},{"type":"Feature","geometry":{"type":"Point","coordinates":[72.857437,19.274933]},"properties":{"id":"osm:node/13563837068","name":null,"category":"sports","subtype":"leisure=pitch","source":"osm","access":"yes"}},{"type":"Feature","geometry":{"type":"Point","coordinates":[72.823178,19.145201]},"properties":{"id":"osm:node/13589530003","name":"E-Gym","category":"sports","subtype":"leisure=fitness_centre","source":"osm"}},{"type":"Feature","geometry":{"type":"Point","coordinates":[72.901143,19.059787]},"properties":{"id":"osm:node/13594656619","name":"Cloud 9","category":"sports","subtype":"leisure=fitness_centre","source":"osm"}},{"type":"Feature","geometry":{"type":"Point","coordinates":[72.805594,18.904546]},"properties":{"id":"osm:node/13629432180","name":"Kohli Stadium","category":"sports","subtype":"leisure=stadium","source":"osm"}},{"type":"Feature","geometry":{"type":"Point","coordinates":[72.807425,18.904035]},"properties":{"id":"osm:node/13644298633","name":"Hockey Ground","category":"sports","subtype":"leisure=pitch","source":"osm"}},{"type":"Feature","geometry":{"type":"Point","coordinates":[72.942037,19.17048]},"properties":{"id":"osm:node/13851146101","name":"Rewind Fitness","category":"sports","subtype":"leisure=fitness_centre","source":"osm","opening_hours":"Mo-Sa 06:00-23:00; Su 09:00-18:00"}},{"type":"Feature","geometry":{"type":"Point","coordinates":[72.942657,19.169439]},"properties":{"id":"osm:node/13851310201","name":"Fitness 45","category":"sports","subtype":"leisure=fitness_centre","source":"osm","opening_hours":"Mo-Sa 06:00-23:00; Su 08:00-14:00","phone":"079773 44182"}},{"type":"Feature","geometry":{"type":"Point","coordinates":[72.919881,19.039351]},"properties":{"id":"osm:node/14050222160","name":"Godavari Basketball court","category":"sports","subtype":"leisure=pitch","source":"osm","access":"yes"}},{"type":"Feature","geometry":{"type":"Point","coordinates":[72.837511,19.211768]},"properties":{"id":"osm:node/14051431942","name":"Kadamwadi Playground","category":"sports","subtype":"leisure=playground","source":"osm"}},{"type":"Feature","geometry":{"type":"Point","coordinates":[72.848823,19.18961]},"properties":{"id":"osm:node/14098413785","name":null,"category":"sports","subtype":"leisure=playground","source":"osm"}},{"type":"Feature","geometry":{"type":"Point","coordinates":[72.843673,19.011582]},"properties":{"id":"osm:node/14101220341","name":"Cloud 9 Fitness Club - Dadar","category":"sports","subtype":"leisure=fitness_centre","source":"osm","opening_hours":"Mo-Fr 06.00-22.00; Su 06.30-12.00","wheelchair":"no","phone":"02224137945","level":"0"}},{"type":"Feature","geometry":{"type":"Point","coordinates":[72.835462,19.129109]},"properties":{"id":"osm:way/27055029","name":"Mumbai Football Arena","category":"sports","subtype":"leisure=stadium","source":"osm"}},{"type":"Feature","geometry":{"type":"Point","coordinates":[72.81383,19.133532]},"properties":{"id":"osm:way/27082344","name":null,"category":"sports","subtype":"leisure=pitch","source":"osm"}},{"type":"Feature","geometry":{"type":"Point","coordinates":[72.828716,18.924468]},"properties":{"id":"osm:way/28845641","name":"Cooperage Football Ground","category":"sports","subtype":"leisure=pitch","source":"osm"}},{"type":"Feature","geometry":{"type":"Point","coordinates":[72.833318,19.062947]},"properties":{"id":"osm:way/31291194","name":"St Theresa's Ground","category":"sports","subtype":"leisure=pitch","source":"osm"}},{"type":"Feature","geometry":{"type":"Point","coordinates":[72.8263,18.937438]},"properties":{"id":"osm:way/31782984","name":"Mahindra Hockey Stadium","category":"sports","subtype":"leisure=stadium","source":"osm"}},{"type":"Feature","geometry":{"type":"Point","coordinates":[72.804454,18.904389]},"properties":{"id":"osm:way/38751109","name":null,"category":"sports","subtype":"leisure=swimming_pool","source":"osm"}},{"type":"Feature","geometry":{"type":"Point","coordinates":[72.799262,18.957087]},"properties":{"id":"osm:way/38758061","name":null,"category":"sports","subtype":"leisure=pitch","source":"osm"}},{"type":"Feature","geometry":{"type":"Point","coordinates":[72.799102,18.956833]},"properties":{"id":"osm:way/38758062","name":null,"category":"sports","subtype":"leisure=pitch","source":"osm"}},{"type":"Feature","geometry":{"type":"Point","coordinates":[72.796716,18.953318]},"properties":{"id":"osm:way/38763000","name":null,"category":"sports","subtype":"leisure=playground","source":"osm"}},{"type":"Feature","geometry":{"type":"Point","coordinates":[72.814802,18.98553]},"properties":{"id":"osm:way/38993611","name":null,"category":"sports","subtype":"leisure=pitch","source":"osm"}},{"type":"Feature","geometry":{"type":"Point","coordinates":[72.814947,18.985589]},"properties":{"id":"osm:way/38993906","name":null,"category":"sports","subtype":"leisure=pitch","source":"osm"}},{"type":"Feature","geometry":{"type":"Point","coordinates":[72.816467,18.985239]},"properties":{"id":"osm:way/38994055","name":null,"category":"sports","subtype":"leisure=pitch","source":"osm"}},{"type":"Feature","geometry":{"type":"Point","coordinates":[72.81658,18.985284]},"properties":{"id":"osm:way/38994097","name":null,"category":"sports","subtype":"leisure=pitch","source":"osm"}},{"type":"Feature","geometry":{"type":"Point","coordinates":[72.81672,18.985337]},"properties":{"id":"osm:way/38994157","name":null,"category":"sports","subtype":"leisure=pitch","source":"osm"}},{"type":"Feature","geometry":{"type":"Point","coordinates":[72.816844,18.985388]},"properties":{"id":"osm:way/38994205","name":null,"category":"sports","subtype":"leisure=pitch","source":"osm"}},{"type":"Feature","geometry":{"type":"Point","coordinates":[72.803528,18.954479]},"properties":{"id":"osm:way/39120805","name":"Malabar Hill Club Pool","category":"sports","subtype":"leisure=swimming_pool","source":"osm","access":"private"}},{"type":"Feature","geometry":{"type":"Point","coordinates":[72.80286,18.954116]},"properties":{"id":"osm:way/39124940","name":null,"category":"sports","subtype":"leisure=pitch","source":"osm"}},{"type":"Feature","geometry":{"type":"Point","coordinates":[72.802965,18.954048]},"properties":{"id":"osm:way/39125011","name":null,"category":"sports","subtype":"leisure=pitch","source":"osm"}},{"type":"Feature","geometry":{"type":"Point","coordinates":[72.798525,18.956234]},"properties":{"id":"osm:way/39134293","name":null,"category":"sports","subtype":"leisure=pitch","source":"osm"}},{"type":"Feature","geometry":{"type":"Point","coordinates":[72.804216,18.954228]},"properties":{"id":"osm:way/39165930","name":null,"category":"sports","subtype":"leisure=playground","source":"osm"}},{"type":"Feature","geometry":{"type":"Point","coordinates":[72.793348,18.952037]},"properties":{"id":"osm:way/39169074","name":null,"category":"sports","subtype":"leisure=playground","source":"osm"}},{"type":"Feature","geometry":{"type":"Point","coordinates":[72.819079,19.002795]},"properties":{"id":"osm:way/39220797","name":"Gandhi Maidan","category":"sports","subtype":"leisure=pitch","source":"osm"}},{"type":"Feature","geometry":{"type":"Point","coordinates":[72.803703,18.971825]},"properties":{"id":"osm:way/39220946","name":"Breach Candy Swimming Bath Trust","category":"sports","subtype":"leisure=sports_centre","source":"osm","access":"private"}},{"type":"Feature","geometry":{"type":"Point","coordinates":[72.803622,18.971676]},"properties":{"id":"osm:way/39221054","name":null,"category":"sports","subtype":"leisure=swimming_pool","source":"osm"}},{"type":"Feature","geometry":{"type":"Point","coordinates":[72.803832,18.971457]},"properties":{"id":"osm:way/39221271","name":null,"category":"sports","subtype":"leisure=swimming_pool","source":"osm"}},{"type":"Feature","geometry":{"type":"Point","coordinates":[72.803604,18.97125]},"properties":{"id":"osm:way/39221473","name":null,"category":"sports","subtype":"leisure=pitch","source":"osm"}},{"type":"Feature","geometry":{"type":"Point","coordinates":[72.803793,18.971307]},"properties":{"id":"osm:way/39221474","name":null,"category":"sports","subtype":"leisure=pitch","source":"osm"}},{"type":"Feature","geometry":{"type":"Point","coordinates":[72.815118,18.953129]},"properties":{"id":"osm:way/39223605","name":"Mafatlal Bath","category":"sports","subtype":"leisure=swimming_pool","source":"osm"}},{"type":"Feature","geometry":{"type":"Point","coordinates":[72.815397,18.952804]},"properties":{"id":"osm:way/39223607","name":"Mafatlal Bath","category":"sports","subtype":"leisure=swimming_pool","source":"osm"}},{"type":"Feature","geometry":{"type":"Point","coordinates":[72.827228,19.093015]},"properties":{"id":"osm:way/39354899","name":null,"category":"sports","subtype":"leisure=swimming_pool","source":"osm"}},{"type":"Feature","geometry":{"type":"Point","coordinates":[72.804485,18.971363]},"properties":{"id":"osm:way/39477044","name":null,"category":"sports","subtype":"leisure=playground","source":"osm"}},{"type":"Feature","geometry":{"type":"Point","coordinates":[72.829794,19.052194]},"properties":{"id":"osm:way/39903050","name":null,"category":"sports","subtype":"leisure=pitch","source":"osm","access":"yes"}},{"type":"Feature","geometry":{"type":"Point","coordinates":[72.844452,19.059836]},"properties":{"id":"osm:way/40070337","name":"Shivaji Garden","category":"sports","subtype":"leisure=playground","source":"osm","access":"yes"}},{"type":"Feature","geometry":{"type":"Point","coordinates":[72.832734,18.92189]},"properties":{"id":"osm:way/40385850","name":null,"category":"sports","subtype":"leisure=swimming_pool","source":"osm","access":"customers"}},{"type":"Feature","geometry":{"type":"Point","coordinates":[72.831794,18.917561]},"properties":{"id":"osm:way/40385861","name":null,"category":"sports","subtype":"leisure=swimming_pool","source":"osm"}},{"type":"Feature","geometry":{"type":"Point","coordinates":[72.822226,18.946784]},"properties":{"id":"osm:way/40579876","name":null,"category":"sports","subtype":"leisure=sports_centre","source":"osm"}},{"type":"Feature","geometry":{"type":"Point","coordinates":[72.823483,18.944811]},"properties":{"id":"osm:way/40579879","name":"Parsi Gymkhana Cricket Ground","category":"sports","subtype":"leisure=pitch","source":"osm"}},{"type":"Feature","geometry":{"type":"Point","coordinates":[72.820928,18.948592]},"properties":{"id":"osm:way/40579909","name":"Police Gymkhana Cricket Ground","category":"sports","subtype":"leisure=pitch","source":"osm"}},{"type":"Feature","geometry":{"type":"Point","coordinates":[72.821656,18.94764]},"properties":{"id":"osm:way/40580451","name":null,"category":"sports","subtype":"leisure=sports_centre","source":"osm"}},{"type":"Feature","geometry":{"type":"Point","coordinates":[72.869713,19.103602]},"properties":{"id":"osm:way/40819148","name":null,"category":"sports","subtype":"leisure=pitch","source":"osm"}},{"type":"Feature","geometry":{"type":"Point","coordinates":[72.824345,19.069611]},"properties":{"id":"osm:way/40877387","name":null,"category":"sports","subtype":"leisure=pitch","source":"osm"}},{"type":"Feature","geometry":{"type":"Point","coordinates":[72.818367,18.970185]},"properties":{"id":"osm:way/42321804","name":null,"category":"sports","subtype":"leisure=pitch","source":"osm"}},{"type":"Feature","geometry":{"type":"Point","coordinates":[72.831005,18.936407]},"properties":{"id":"osm:way/42351744","name":null,"category":"sports","subtype":"leisure=swimming_pool","source":"osm"}},{"type":"Feature","geometry":{"type":"Point","coordinates":[72.798594,18.957176]},"properties":{"id":"osm:way/48058450","name":null,"category":"sports","subtype":"leisure=pitch","source":"osm"}},{"type":"Feature","geometry":{"type":"Point","coordinates":[72.798613,18.957141]},"properties":{"id":"osm:way/48058451","name":null,"category":"sports","subtype":"leisure=pitch","source":"osm"}},{"type":"Feature","geometry":{"type":"Point","coordinates":[72.819381,18.967957]},"properties":{"id":"osm:way/48804992","name":null,"category":"sports","subtype":"leisure=playground","source":"osm"}},{"type":"Feature","geometry":{"type":"Point","coordinates":[72.83038,18.964414]},"properties":{"id":"osm:way/48811826","name":"Mastan YMCA Basket Ball Mini Stadium","category":"sports","subtype":"leisure=sports_centre","source":"osm"}},{"type":"Feature","geometry":{"type":"Point","coordinates":[72.827098,18.974412]},"properties":{"id":"osm:way/48865202","name":"J Maidan","category":"sports","subtype":"leisure=playground","source":"osm","opening_hours":"Mo-Su 08:00-18:00"}},{"type":"Feature","geometry":{"type":"Point","coordinates":[72.867912,19.08072]},"properties":{"id":"osm:way/49056886","name":null,"category":"sports","subtype":"leisure=pitch","source":"osm"}},{"type":"Feature","geometry":{"type":"Point","coordinates":[72.912794,19.132655]},"properties":{"id":"osm:way/52511855","name":"Tennis court","category":"sports","subtype":"leisure=pitch","source":"osm"}},{"type":"Feature","geometry":{"type":"Point","coordinates":[72.913712,19.135121]},"properties":{"id":"osm:way/52511856","name":"SAC","category":"sports","subtype":"leisure=sports_centre","source":"osm","opening_hours":"09:00-12:30; 16:00-20:00"}},{"type":"Feature","geometry":{"type":"Point","coordinates":[72.911442,19.135589]},"properties":{"id":"osm:way/52514086","name":"Indoor court","category":"sports","subtype":"leisure=pitch","source":"osm"}},{"type":"Feature","geometry":{"type":"Point","coordinates":[72.913758,19.132403]},"properties":{"id":"osm:way/52514275","name":"Tennis court","category":"sports","subtype":"leisure=pitch","source":"osm"}},{"type":"Feature","geometry":{"type":"Point","coordinates":[72.836322,19.126203]},"properties":{"id":"osm:way/55370105","name":"Bhavan's Ground","category":"sports","subtype":"leisure=pitch","source":"osm"}},{"type":"Feature","geometry":{"type":"Point","coordinates":[72.837356,18.956836]},"properties":{"id":"osm:way/72265188","name":null,"category":"sports","subtype":"leisure=playground","source":"osm","access":"yes"}},{"type":"Feature","geometry":{"type":"Point","coordinates":[72.837811,18.960508]},"properties":{"id":"osm:way/72284665","name":"Veer Sambhaji Maidan","category":"sports","subtype":"leisure=playground","source":"osm"}},{"type":"Feature","geometry":{"type":"Point","coordinates":[72.833581,18.960363]},"properties":{"id":"osm:way/72547773","name":"Babula Tank Playground","category":"sports","subtype":"leisure=playground","source":"osm"}},{"type":"Feature","geometry":{"type":"Point","coordinates":[72.83103,18.965291]},"properties":{"id":"osm:way/72557159","name":null,"category":"sports","subtype":"leisure=sports_centre","source":"osm"}},{"type":"Feature","geometry":{"type":"Point","coordinates":[72.849493,19.109014]},"properties":{"id":"osm:way/72881447","name":"Prabodhan Thakrey Swimming Pool","category":"sports","subtype":"leisure=swimming_pool","source":"osm","access":"permissive"}},{"type":"Feature","geometry":{"type":"Point","coordinates":[72.82683,19.105357]},"properties":{"id":"osm:way/73052815","name":null,"category":"sports","subtype":"leisure=playground","source":"osm","access":"private"}},{"type":"Feature","geometry":{"type":"Point","coordinates":[72.821853,19.13481]},"properties":{"id":"osm:way/74861532","name":"Vighneshwar Udyan","category":"sports","subtype":"leisure=playground","source":"osm","opening_hours":"Mo-Su 08:00-22:00","access":"yes"}},{"type":"Feature","geometry":{"type":"Point","coordinates":[72.830815,19.15162]},"properties":{"id":"osm:way/74877094","name":"Maa Saheb Ayur Vedik Udayan","category":"sports","subtype":"leisure=playground","source":"osm","operator":"Public"}},{"type":"Feature","geometry":{"type":"Point","coordinates":[72.845536,19.013053]},"properties":{"id":"osm:way/76281335","name":"Purandare Stadium","category":"sports","subtype":"leisure=stadium","source":"osm","wheelchair":"yes"}},{"type":"Feature","geometry":{"type":"Point","coordinates":[72.853164,19.163878]},"properties":{"id":"osm:way/84982608","name":"Jayprakash Garden","category":"sports","subtype":"leisure=playground","source":"osm"}},{"type":"Feature","geometry":{"type":"Point","coordinates":[72.99279,19.070893]},"properties":{"id":"osm:way/96958820","name":"Navi Mumbai Sports Association","category":"sports","subtype":"leisure=sports_centre","source":"osm"}},{"type":"Feature","geometry":{"type":"Point","coordinates":[72.824318,18.943592]},"properties":{"id":"osm:way/97371054","name":"Shri BhagwandasTodi Children  Park","category":"sports","subtype":"leisure=playground","source":"osm"}},{"type":"Feature","geometry":{"type":"Point","coordinates":[72.872992,19.135756]},"properties":{"id":"osm:way/102569915","name":"Matoshri Sport Club","category":"sports","subtype":"leisure=sports_centre","source":"osm","operator":"Me"}},{"type":"Feature","geometry":{"type":"Point","coordinates":[72.83515,19.182267]},"properties":{"id":"osm:way/102660621","name":"Goregaon Sport Complex","category":"sports","subtype":"leisure=sports_centre","source":"osm"}},{"type":"Feature","geometry":{"type":"Point","coordinates":[72.822907,18.945717]},"properties":{"id":"osm:way/107607525","name":"Islam Gymkhana Cricket Ground","category":"sports","subtype":"leisure=pitch","source":"osm"}},{"type":"Feature","geometry":{"type":"Point","coordinates":[72.855521,19.031623]},"properties":{"id":"osm:way/112785299","name":null,"category":"sports","subtype":"leisure=sports_centre","source":"osm"}},{"type":"Feature","geometry":{"type":"Point","coordinates":[72.849624,19.025344]},"properties":{"id":"osm:way/112799262","name":"Matunga Gymkhana","category":"sports","subtype":"leisure=sports_centre","source":"osm"}},{"type":"Feature","geometry":{"type":"Point","coordinates":[72.848946,19.024009]},"properties":{"id":"osm:way/112799263","name":"Veer Major Ramesh Dadkar Playground","category":"sports","subtype":"leisure=sports_centre","source":"osm"}},{"type":"Feature","geometry":{"type":"Point","coordinates":[72.836209,19.011228]},"properties":{"id":"osm:way/113504604","name":"Kamgar Stadium","category":"sports","subtype":"leisure=sports_centre","source":"osm"}},{"type":"Feature","geometry":{"type":"Point","coordinates":[72.842388,19.006527]},"properties":{"id":"osm:way/113566065","name":"Saint Xavier's Football Ground","category":"sports","subtype":"leisure=pitch","source":"osm"}},{"type":"Feature","geometry":{"type":"Point","coordinates":[72.895162,19.028639]},"properties":{"id":"osm:way/127319447","name":"BPCL Sports Club","category":"sports","subtype":"leisure=sports_centre","source":"osm"}},{"type":"Feature","geometry":{"type":"Point","coordinates":[72.914188,19.07999]},"properties":{"id":"osm:way/131956450","name":"Police Football Ground","category":"sports","subtype":"leisure=pitch","source":"osm"}},{"type":"Feature","geometry":{"type":"Point","coordinates":[72.835787,18.969167]},"properties":{"id":"osm:way/133599993","name":null,"category":"sports","subtype":"leisure=pitch","source":"osm"}},{"type":"Feature","geometry":{"type":"Point","coordinates":[72.836169,19.028026]},"properties":{"id":"osm:way/139633373","name":"Mahatma Gandhi Swimming Pool","category":"sports","subtype":"leisure=sports_centre","source":"osm"}},{"type":"Feature","geometry":{"type":"Point","coordinates":[72.825144,19.07341]},"properties":{"id":"osm:way/151364632","name":"Shuttle Court","category":"sports","subtype":"leisure=pitch","source":"osm"}},{"type":"Feature","geometry":{"type":"Point","coordinates":[72.863204,19.128793]},"properties":{"id":"osm:way/152357975","name":"Sher e Punjab Sports Club","category":"sports","subtype":"leisure=sports_centre","source":"osm"}},{"type":"Feature","geometry":{"type":"Point","coordinates":[72.820604,18.914575]},"properties":{"id":"osm:way/161863422","name":null,"category":"sports","subtype":"leisure=swimming_pool","source":"osm","access":"permissive","operator":"Pool Taj President"}},{"type":"Feature","geometry":{"type":"Point","coordinates":[72.837993,19.229431]},"properties":{"id":"osm:way/172421348","name":"Mhb Ground","category":"sports","subtype":"leisure=sports_centre","source":"osm"}},{"type":"Feature","geometry":{"type":"Point","coordinates":[72.825822,19.147347]},"properties":{"id":"osm:way/182199407","name":null,"category":"sports","subtype":"leisure=pitch","source":"osm"}},{"type":"Feature","geometry":{"type":"Point","coordinates":[72.826557,19.147024]},"properties":{"id":"osm:way/182199408","name":null,"category":"sports","subtype":"leisure=swimming_pool","source":"osm","access":"private"}},{"type":"Feature","geometry":{"type":"Point","coordinates":[72.975689,19.206338]},"properties":{"id":"osm:way/183154871","name":null,"category":"sports","subtype":"leisure=swimming_pool","source":"osm"}},{"type":"Feature","geometry":{"type":"Point","coordinates":[72.842901,19.157258]},"properties":{"id":"osm:way/183274821","name":"Prabodhan Maidan","category":"sports","subtype":"leisure=pitch","source":"osm","access":"yes"}},{"type":"Feature","geometry":{"type":"Point","coordinates":[72.842685,19.158407]},"properties":{"id":"osm:way/183274823","name":"Ozone Swimming Pool","category":"sports","subtype":"leisure=swimming_pool","source":"osm"}},{"type":"Feature","geometry":{"type":"Point","coordinates":[72.845084,19.133808]},"properties":{"id":"osm:way/183279591","name":null,"category":"sports","subtype":"leisure=playground","source":"osm"}},{"type":"Feature","geometry":{"type":"Point","coordinates":[72.822462,19.067537]},"properties":{"id":"osm:way/192598441","name":"Rajwanti Modi Children's Park","category":"sports","subtype":"leisure=playground","source":"osm"}},{"type":"Feature","geometry":{"type":"Point","coordinates":[72.971823,19.226455]},"properties":{"id":"osm:way/194579581","name":null,"category":"sports","subtype":"leisure=swimming_pool","source":"osm","access":"private"}},{"type":"Feature","geometry":{"type":"Point","coordinates":[72.881084,19.061901]},"properties":{"id":"osm:way/197495138","name":"Kurla Playground","category":"sports","subtype":"leisure=pitch","source":"osm"}},{"type":"Feature","geometry":{"type":"Point","coordinates":[72.880383,19.056056]},"properties":{"id":"osm:way/197501191","name":"ATI cricket Ground ( Bada Ground )","category":"sports","subtype":"leisure=pitch","source":"osm"}},{"type":"Feature","geometry":{"type":"Point","coordinates":[72.833238,19.084206]},"properties":{"id":"osm:way/202917553","name":"All India Balkan-Ji-Bari Education and Entertainment","category":"sports","subtype":"leisure=sports_centre","source":"osm"}},{"type":"Feature","geometry":{"type":"Point","coordinates":[72.826235,19.058694]},"properties":{"id":"osm:way/202919072","name":"Bandra Gymkhana","category":"sports","subtype":"leisure=sports_centre","source":"osm"}},{"type":"Feature","geometry":{"type":"Point","coordinates":[72.81543,19.137583]},"properties":{"id":"osm:way/203053317","name":"Badminton","category":"sports","subtype":"leisure=pitch","source":"osm"}},{"type":"Feature","geometry":{"type":"Point","coordinates":[72.807512,19.138367]},"properties":{"id":"osm:way/203054024","name":null,"category":"sports","subtype":"leisure=pitch","source":"osm"}},{"type":"Feature","geometry":{"type":"Point","coordinates":[72.814845,19.139038]},"properties":{"id":"osm:way/203054025","name":null,"category":"sports","subtype":"leisure=swimming_pool","source":"osm"}},{"type":"Feature","geometry":{"type":"Point","coordinates":[72.816733,19.139669]},"properties":{"id":"osm:way/203054026","name":null,"category":"sports","subtype":"leisure=pitch","source":"osm"}},{"type":"Feature","geometry":{"type":"Point","coordinates":[72.815402,19.138034]},"properties":{"id":"osm:way/203054030","name":null,"category":"sports","subtype":"leisure=swimming_pool","source":"osm"}},{"type":"Feature","geometry":{"type":"Point","coordinates":[72.816286,19.137679]},"properties":{"id":"osm:way/203054035","name":"Badminton","category":"sports","subtype":"leisure=pitch","source":"osm"}},{"type":"Feature","geometry":{"type":"Point","coordinates":[72.810198,19.135547]},"properties":{"id":"osm:way/203054462","name":null,"category":"sports","subtype":"leisure=swimming_pool","source":"osm"}},{"type":"Feature","geometry":{"type":"Point","coordinates":[72.820602,19.118735]},"properties":{"id":"osm:way/203055480","name":null,"category":"sports","subtype":"leisure=swimming_pool","source":"osm"}},{"type":"Feature","geometry":{"type":"Point","coordinates":[72.814835,19.13717]},"properties":{"id":"osm:way/204404850","name":null,"category":"sports","subtype":"leisure=swimming_pool","source":"osm"}},{"type":"Feature","geometry":{"type":"Point","coordinates":[72.80404,18.963426]},"properties":{"id":"osm:way/204611183","name":null,"category":"sports","subtype":"leisure=swimming_pool","source":"osm"}},{"type":"Feature","geometry":{"type":"Point","coordinates":[72.794979,19.148029]},"properties":{"id":"osm:way/204691458","name":null,"category":"sports","subtype":"leisure=swimming_pool","source":"osm"}},{"type":"Feature","geometry":{"type":"Point","coordinates":[72.796366,19.147988]},"properties":{"id":"osm:way/204695224","name":null,"category":"sports","subtype":"leisure=swimming_pool","source":"osm"}},{"type":"Feature","geometry":{"type":"Point","coordinates":[72.79433,19.14556]},"properties":{"id":"osm:way/204695245","name":null,"category":"sports","subtype":"leisure=swimming_pool","source":"osm"}},{"type":"Feature","geometry":{"type":"Point","coordinates":[72.797969,19.147668]},"properties":{"id":"osm:way/204695263","name":null,"category":"sports","subtype":"leisure=swimming_pool","source":"osm"}},{"type":"Feature","geometry":{"type":"Point","coordinates":[72.796676,19.147606]},"properties":{"id":"osm:way/204695272","name":null,"category":"sports","subtype":"leisure=swimming_pool","source":"osm"}},{"type":"Feature","geometry":{"type":"Point","coordinates":[72.787896,19.153861]},"properties":{"id":"osm:way/204705586","name":null,"category":"sports","subtype":"leisure=swimming_pool","source":"osm"}},{"type":"Feature","geometry":{"type":"Point","coordinates":[72.788101,19.153893]},"properties":{"id":"osm:way/204705589","name":null,"category":"sports","subtype":"leisure=swimming_pool","source":"osm"}},{"type":"Feature","geometry":{"type":"Point","coordinates":[72.796478,19.145745]},"properties":{"id":"osm:way/204816009","name":null,"category":"sports","subtype":"leisure=swimming_pool","source":"osm"}},{"type":"Feature","geometry":{"type":"Point","coordinates":[72.82293,19.132443]},"properties":{"id":"osm:way/204884638","name":null,"category":"sports","subtype":"leisure=playground","source":"osm"}},{"type":"Feature","geometry":{"type":"Point","coordinates":[72.866556,19.169135]},"properties":{"id":"osm:way/204887177","name":null,"category":"sports","subtype":"leisure=pitch","source":"osm"}},{"type":"Feature","geometry":{"type":"Point","coordinates":[72.866643,19.170106]},"properties":{"id":"osm:way/204887182","name":null,"category":"sports","subtype":"leisure=pitch","source":"osm"}},{"type":"Feature","geometry":{"type":"Point","coordinates":[72.814953,19.138344]},"properties":{"id":"osm:way/204940023","name":null,"category":"sports","subtype":"leisure=swimming_pool","source":"osm"}},{"type":"Feature","geometry":{"type":"Point","coordinates":[72.905979,19.067382]},"properties":{"id":"osm:way/206386786","name":null,"category":"sports","subtype":"leisure=playground","source":"osm"}},{"type":"Feature","geometry":{"type":"Point","coordinates":[72.821454,19.145261]},"properties":{"id":"osm:way/206658261","name":null,"category":"sports","subtype":"leisure=swimming_pool","source":"osm"}},{"type":"Feature","geometry":{"type":"Point","coordinates":[72.821027,19.144053]},"properties":{"id":"osm:way/206658262","name":null,"category":"sports","subtype":"leisure=swimming_pool","source":"osm"}},{"type":"Feature","geometry":{"type":"Point","coordinates":[72.820409,19.14337]},"properties":{"id":"osm:way/206832406","name":null,"category":"sports","subtype":"leisure=swimming_pool","source":"osm"}},{"type":"Feature","geometry":{"type":"Point","coordinates":[72.836392,19.139993]},"properties":{"id":"osm:way/206957362","name":null,"category":"sports","subtype":"leisure=pitch","source":"osm"}},{"type":"Feature","geometry":{"type":"Point","coordinates":[72.836971,19.139857]},"properties":{"id":"osm:way/206957366","name":null,"category":"sports","subtype":"leisure=swimming_pool","source":"osm"}},{"type":"Feature","geometry":{"type":"Point","coordinates":[72.831069,19.14028]},"properties":{"id":"osm:way/206961952","name":null,"category":"sports","subtype":"leisure=playground","source":"osm"}},{"type":"Feature","geometry":{"type":"Point","coordinates":[72.830032,19.140959]},"properties":{"id":"osm:way/206961955","name":null,"category":"sports","subtype":"leisure=swimming_pool","source":"osm"}},{"type":"Feature","geometry":{"type":"Point","coordinates":[72.830725,19.139364]},"properties":{"id":"osm:way/206964212","name":null,"category":"sports","subtype":"leisure=swimming_pool","source":"osm"}},{"type":"Feature","geometry":{"type":"Point","coordinates":[72.830097,19.139297]},"properties":{"id":"osm:way/206964214","name":null,"category":"sports","subtype":"leisure=pitch","source":"osm"}},{"type":"Feature","geometry":{"type":"Point","coordinates":[72.83134,19.070795]},"properties":{"id":"osm:way/207200242","name":null,"category":"sports","subtype":"leisure=pitch","source":"osm","access":"private"}},{"type":"Feature","geometry":{"type":"Point","coordinates":[72.831614,19.07054]},"properties":{"id":"osm:way/207200243","name":"Khar Gymkhana","category":"sports","subtype":"leisure=sports_centre","source":"osm","opening_hours":"Mo-Su 06:00-23:00"}},{"type":"Feature","geometry":{"type":"Point","coordinates":[72.828777,18.924309]},"properties":{"id":"osm:way/207318957","name":"Cooperage","category":"sports","subtype":"leisure=sports_centre","source":"osm"}},{"type":"Feature","geometry":{"type":"Point","coordinates":[72.825142,18.932065]},"properties":{"id":"osm:way/207353006","name":"Brabourne Stadium","category":"sports","subtype":"leisure=stadium","source":"osm"}},{"type":"Feature","geometry":{"type":"Point","coordinates":[72.83331,18.923422]},"properties":{"id":"osm:way/207417323","name":"Royal Bombay Yacht Club","category":"sports","subtype":"leisure=sports_centre","source":"osm"}},{"type":"Feature","geometry":{"type":"Point","coordinates":[72.82898,18.920474]},"properties":{"id":"osm:way/207419324","name":null,"category":"sports","subtype":"leisure=playground","source":"osm"}},{"type":"Feature","geometry":{"type":"Point","coordinates":[72.828849,18.92113]},"properties":{"id":"osm:way/207419326","name":null,"category":"sports","subtype":"leisure=playground","source":"osm"}},{"type":"Feature","geometry":{"type":"Point","coordinates":[72.827141,19.140065]},"properties":{"id":"osm:way/207901433","name":null,"category":"sports","subtype":"leisure=swimming_pool","source":"osm"}},{"type":"Feature","geometry":{"type":"Point","coordinates":[72.819411,19.139267]},"properties":{"id":"osm:way/207901855","name":null,"category":"sports","subtype":"leisure=swimming_pool","source":"osm"}},{"type":"Feature","geometry":{"type":"Point","coordinates":[72.815543,18.986475]},"properties":{"id":"osm:way/219425595","name":"सरदार वल्लाभाई पटेल इनडोअर स्टेडियम","category":"sports","subtype":"leisure=stadium","source":"osm","wheelchair":"limited"}},{"type":"Feature","geometry":{"type":"Point","coordinates":[72.815652,18.985969]},"properties":{"id":"osm:way/219426807","name":"National Sports Club of India","category":"sports","subtype":"leisure=sports_centre","source":"osm","wheelchair":"limited"}},{"type":"Feature","geometry":{"type":"Point","coordinates":[72.898963,19.061936]},"properties":{"id":"osm:way/222163274","name":"General Arun Kumar Vaidya Swimming Pool","category":"sports","subtype":"leisure=sports_centre","source":"osm","phone":"+91-22-25286962"}},{"type":"Feature","geometry":{"type":"Point","coordinates":[72.889606,19.062977]},"properties":{"id":"osm:way/222786092","name":"adarsha vidyalaya school ground","category":"sports","subtype":"leisure=playground","source":"osm"}},{"type":"Feature","geometry":{"type":"Point","coordinates":[72.90248,19.059672]},"properties":{"id":"osm:way/222989293","name":"Chembur Gymkhana","category":"sports","subtype":"leisure=sports_centre","source":"osm"}},{"type":"Feature","geometry":{"type":"Point","coordinates":[72.825074,19.137871]},"properties":{"id":"osm:way/227777651","name":null,"category":"sports","subtype":"leisure=swimming_pool","source":"osm"}},{"type":"Feature","geometry":{"type":"Point","coordinates":[72.831078,19.136664]},"properties":{"id":"osm:way/227781468","name":null,"category":"sports","subtype":"leisure=swimming_pool","source":"osm"}},{"type":"Feature","geometry":{"type":"Point","coordinates":[72.833635,19.148362]},"properties":{"id":"osm:way/227895890","name":null,"category":"sports","subtype":"leisure=swimming_pool","source":"osm"}},{"type":"Feature","geometry":{"type":"Point","coordinates":[72.838685,19.136761]},"properties":{"id":"osm:way/227896402","name":null,"category":"sports","subtype":"leisure=stadium","source":"osm"}},{"type":"Feature","geometry":{"type":"Point","coordinates":[72.852968,19.040771]},"properties":{"id":"osm:way/228355360","name":null,"category":"sports","subtype":"leisure=pitch","source":"osm"}},{"type":"Feature","geometry":{"type":"Point","coordinates":[72.855293,19.044998]},"properties":{"id":"osm:way/229147452","name":null,"category":"sports","subtype":"leisure=playground","source":"osm"}},{"type":"Feature","geometry":{"type":"Point","coordinates":[72.827108,19.107628]},"properties":{"id":"osm:way/230784610","name":"Markandari Mehta Maidan","category":"sports","subtype":"leisure=playground","source":"osm"}},{"type":"Feature","geometry":{"type":"Point","coordinates":[72.823839,19.109256]},"properties":{"id":"osm:way/230784895","name":null,"category":"sports","subtype":"leisure=swimming_pool","source":"osm"}},{"type":"Feature","geometry":{"type":"Point","coordinates":[72.823909,19.108787]},"properties":{"id":"osm:way/230784899","name":null,"category":"sports","subtype":"leisure=swimming_pool","source":"osm","access":"customers"}},{"type":"Feature","geometry":{"type":"Point","coordinates":[72.924681,19.125857]},"properties":{"id":"osm:way/233081733","name":null,"category":"sports","subtype":"leisure=playground","source":"osm"}},{"type":"Feature","geometry":{"type":"Point","coordinates":[72.923993,19.127122]},"properties":{"id":"osm:way/233081736","name":"basketball court","category":"sports","subtype":"leisure=pitch","source":"osm"}},{"type":"Feature","geometry":{"type":"Point","coordinates":[72.926701,19.134975]},"properties":{"id":"osm:way/233081737","name":null,"category":"sports","subtype":"leisure=swimming_pool","source":"osm","access":"private"}},{"type":"Feature","geometry":{"type":"Point","coordinates":[72.981338,19.189887]},"properties":{"id":"osm:way/234982542","name":"Turf","category":"sports","subtype":"leisure=playground","source":"osm","access":"private"}},{"type":"Feature","geometry":{"type":"Point","coordinates":[72.883578,19.063913]},"properties":{"id":"osm:way/235856035","name":null,"category":"sports","subtype":"leisure=playground","source":"osm"}},{"type":"Feature","geometry":{"type":"Point","coordinates":[72.834085,19.064314]},"properties":{"id":"osm:way/235923271","name":null,"category":"sports","subtype":"leisure=pitch","source":"osm"}},{"type":"Feature","geometry":{"type":"Point","coordinates":[72.832971,19.061065]},"properties":{"id":"osm:way/235923272","name":"Duruelo Convent High School Playground","category":"sports","subtype":"leisure=pitch","source":"osm"}},{"type":"Feature","geometry":{"type":"Point","coordinates":[72.820648,19.183054]},"properties":{"id":"osm:way/235994864","name":null,"category":"sports","subtype":"leisure=playground","source":"osm"}},{"type":"Feature","geometry":{"type":"Point","coordinates":[72.830258,19.06507]},"properties":{"id":"osm:way/236170266","name":null,"category":"sports","subtype":"leisure=pitch","source":"osm"}},{"type":"Feature","geometry":{"type":"Point","coordinates":[72.871395,19.044154]},"properties":{"id":"osm:way/236210019","name":null,"category":"sports","subtype":"leisure=playground","source":"osm"}},{"type":"Feature","geometry":{"type":"Point","coordinates":[72.848641,19.038854]},"properties":{"id":"osm:way/236394151","name":"Shahu Nagar Playground","category":"sports","subtype":"leisure=pitch","source":"osm"}},{"type":"Feature","geometry":{"type":"Point","coordinates":[72.844493,19.039784]},"properties":{"id":"osm:way/236398155","name":null,"category":"sports","subtype":"leisure=playground","source":"osm"}},{"type":"Feature","geometry":{"type":"Point","coordinates":[72.827323,19.056425]},"properties":{"id":"osm:way/237025762","name":"St Andrews' Turf Park","category":"sports","subtype":"leisure=pitch","source":"osm"}},{"type":"Feature","geometry":{"type":"Point","coordinates":[72.827255,19.056952]},"properties":{"id":"osm:way/237025774","name":"St. Andrew's School Ground","category":"sports","subtype":"leisure=pitch","source":"osm"}},{"type":"Feature","geometry":{"type":"Point","coordinates":[72.831129,19.050553]},"properties":{"id":"osm:way/237027569","name":"Wings Sports Centre - Bandra","category":"sports","subtype":"leisure=sports_centre","source":"osm"}},{"type":"Feature","geometry":{"type":"Point","coordinates":[72.794934,19.148156]},"properties":{"id":"osm:way/238138868","name":null,"category":"sports","subtype":"leisure=swimming_pool","source":"osm"}},{"type":"Feature","geometry":{"type":"Point","coordinates":[72.814736,18.976606]},"properties":{"id":"osm:way/242349637","name":null,"category":"sports","subtype":"leisure=swimming_pool","source":"osm"}},{"type":"Feature","geometry":{"type":"Point","coordinates":[72.833939,19.11319]},"properties":{"id":"osm:way/247599014","name":null,"category":"sports","subtype":"leisure=swimming_pool","source":"osm","access":"private"}},{"type":"Feature","geometry":{"type":"Point","coordinates":[72.821844,19.144817]},"properties":{"id":"osm:way/249860505","name":null,"category":"sports","subtype":"leisure=swimming_pool","source":"osm","access":"private"}},{"type":"Feature","geometry":{"type":"Point","coordinates":[72.824933,19.146878]},"properties":{"id":"osm:way/249860506","name":null,"category":"sports","subtype":"leisure=swimming_pool","source":"osm","access":"private"}},{"type":"Feature","geometry":{"type":"Point","coordinates":[72.824778,19.146586]},"properties":{"id":"osm:way/249860507","name":null,"category":"sports","subtype":"leisure=pitch","source":"osm"}},{"type":"Feature","geometry":{"type":"Point","coordinates":[72.821446,19.145256]},"properties":{"id":"osm:way/249860508","name":null,"category":"sports","subtype":"leisure=swimming_pool","source":"osm","access":"private"}},{"type":"Feature","geometry":{"type":"Point","coordinates":[72.823647,19.147842]},"properties":{"id":"osm:way/249860510","name":null,"category":"sports","subtype":"leisure=swimming_pool","source":"osm","access":"private"}},{"type":"Feature","geometry":{"type":"Point","coordinates":[72.829732,19.151017]},"properties":{"id":"osm:way/249864715","name":null,"category":"sports","subtype":"leisure=swimming_pool","source":"osm"}},{"type":"Feature","geometry":{"type":"Point","coordinates":[72.825254,19.148788]},"properties":{"id":"osm:way/249872712","name":null,"category":"sports","subtype":"leisure=swimming_pool","source":"osm"}},{"type":"Feature","geometry":{"type":"Point","coordinates":[72.822725,19.145946]},"properties":{"id":"osm:way/249872713","name":null,"category":"sports","subtype":"leisure=swimming_pool","source":"osm"}},{"type":"Feature","geometry":{"type":"Point","coordinates":[72.816455,19.135951]},"properties":{"id":"osm:way/250267909","name":null,"category":"sports","subtype":"leisure=swimming_pool","source":"osm"}},{"type":"Feature","geometry":{"type":"Point","coordinates":[72.911546,19.043249]},"properties":{"id":"osm:way/250276012","name":"TISS Gymkhana","category":"sports","subtype":"leisure=sports_centre","source":"osm","wheelchair":"limited"}},{"type":"Feature","geometry":{"type":"Point","coordinates":[72.826628,19.126196]},"properties":{"id":"osm:way/250292610","name":null,"category":"sports","subtype":"leisure=pitch","source":"osm"}},{"type":"Feature","geometry":{"type":"Point","coordinates":[72.82651,19.12623]},"properties":{"id":"osm:way/250292611","name":null,"category":"sports","subtype":"leisure=pitch","source":"osm"}},{"type":"Feature","geometry":{"type":"Point","coordinates":[72.82703,19.1261]},"properties":{"id":"osm:way/250292612","name":null,"category":"sports","subtype":"leisure=pitch","source":"osm"}},{"type":"Feature","geometry":{"type":"Point","coordinates":[72.826968,19.126664]},"properties":{"id":"osm:way/250292613","name":"Manish Nagar Ground","category":"sports","subtype":"leisure=sports_centre","source":"osm"}},{"type":"Feature","geometry":{"type":"Point","coordinates":[72.83193,19.121835]},"properties":{"id":"osm:way/250294212","name":null,"category":"sports","subtype":"leisure=swimming_pool","source":"osm"}},{"type":"Feature","geometry":{"type":"Point","coordinates":[72.824815,19.1173]},"properties":{"id":"osm:way/250294226","name":null,"category":"sports","subtype":"leisure=pitch","source":"osm"}},{"type":"Feature","geometry":{"type":"Point","coordinates":[72.82462,19.117466]},"properties":{"id":"osm:way/250294232","name":null,"category":"sports","subtype":"leisure=pitch","source":"osm"}},{"type":"Feature","geometry":{"type":"Point","coordinates":[72.824501,19.117533]},"properties":{"id":"osm:way/250294233","name":null,"category":"sports","subtype":"leisure=pitch","source":"osm"}},{"type":"Feature","geometry":{"type":"Point","coordinates":[72.831913,19.121616]},"properties":{"id":"osm:way/250294238","name":null,"category":"sports","subtype":"leisure=swimming_pool","source":"osm"}},{"type":"Feature","geometry":{"type":"Point","coordinates":[72.826079,19.138366]},"properties":{"id":"osm:way/250486939","name":null,"category":"sports","subtype":"leisure=swimming_pool","source":"osm"}},{"type":"Feature","geometry":{"type":"Point","coordinates":[72.914803,19.085249]},"properties":{"id":"osm:way/253791444","name":null,"category":"sports","subtype":"leisure=pitch","source":"osm"}},{"type":"Feature","geometry":{"type":"Point","coordinates":[72.825848,19.056068]},"properties":{"id":"osm:way/255362234","name":"Peace Heaven Playground","category":"sports","subtype":"leisure=pitch","source":"osm"}},{"type":"Feature","geometry":{"type":"Point","coordinates":[72.83042,19.054574]},"properties":{"id":"osm:way/255362235","name":"Astro Turf","category":"sports","subtype":"leisure=pitch","source":"osm","description":"St, Stanislaus High School Sports Turf Ground"}},{"type":"Feature","geometry":{"type":"Point","coordinates":[72.826469,19.058585]},"properties":{"id":"osm:way/255362236","name":null,"category":"sports","subtype":"leisure=swimming_pool","source":"osm","access":"customers"}},{"type":"Feature","geometry":{"type":"Point","coordinates":[72.826232,19.058862]},"properties":{"id":"osm:way/255369829","name":null,"category":"sports","subtype":"leisure=pitch","source":"osm"}},{"type":"Feature","geometry":{"type":"Point","coordinates":[72.825979,19.059175]},"properties":{"id":"osm:way/255369843","name":null,"category":"sports","subtype":"leisure=swimming_pool","source":"osm"}},{"type":"Feature","geometry":{"type":"Point","coordinates":[72.827258,19.108948]},"properties":{"id":"osm:way/255384057","name":null,"category":"sports","subtype":"leisure=swimming_pool","source":"osm","access":"customers"}},{"type":"Feature","geometry":{"type":"Point","coordinates":[72.836151,19.11036]},"properties":{"id":"osm:way/255384059","name":null,"category":"sports","subtype":"leisure=swimming_pool","source":"osm","access":"private"}},{"type":"Feature","geometry":{"type":"Point","coordinates":[72.827328,19.113707]},"properties":{"id":"osm:way/255387111","name":"Utpal Shanghvi School Ground","category":"sports","subtype":"leisure=pitch","source":"osm"}},{"type":"Feature","geometry":{"type":"Point","coordinates":[72.828048,19.113147]},"properties":{"id":"osm:way/255387139","name":null,"category":"sports","subtype":"leisure=swimming_pool","source":"osm"}},{"type":"Feature","geometry":{"type":"Point","coordinates":[72.823559,19.117867]},"properties":{"id":"osm:way/255387222","name":null,"category":"sports","subtype":"leisure=pitch","source":"osm"}},{"type":"Feature","geometry":{"type":"Point","coordinates":[72.835955,19.160859]},"properties":{"id":"osm:way/255451484","name":"Shastri Nagar Ground","category":"sports","subtype":"leisure=playground","source":"osm"}},{"type":"Feature","geometry":{"type":"Point","coordinates":[72.914518,19.077401]},"properties":{"id":"osm:way/255649493","name":"Maharashtra Police Sports Complex","category":"sports","subtype":"leisure=sports_centre","source":"osm"}},{"type":"Feature","geometry":{"type":"Point","coordinates":[72.842979,19.212378]},"properties":{"id":"osm:way/257441949","name":"Kamla Vihar Sports Complex","category":"sports","subtype":"leisure=sports_centre","source":"osm","wheelchair":"yes"}},{"type":"Feature","geometry":{"type":"Point","coordinates":[72.892875,19.052573]},"properties":{"id":"osm:way/257448571","name":null,"category":"sports","subtype":"leisure=sports_centre","source":"osm"}},{"type":"Feature","geometry":{"type":"Point","coordinates":[72.946404,19.03141]},"properties":{"id":"osm:way/260754881","name":null,"category":"sports","subtype":"leisure=sports_centre","source":"osm"}},{"type":"Feature","geometry":{"type":"Point","coordinates":[72.88051,19.024047]},"properties":{"id":"osm:way/260760429","name":null,"category":"sports","subtype":"leisure=sports_centre","source":"osm"}},{"type":"Feature","geometry":{"type":"Point","coordinates":[72.881299,19.030285]},"properties":{"id":"osm:way/260760433","name":"SCA Wadala( Sanjeevani Cricket Academy)","category":"sports","subtype":"leisure=sports_centre","source":"osm"}},{"type":"Feature","geometry":{"type":"Point","coordinates":[72.833093,19.179763]},"properties":{"id":"osm:way/269219144","name":null,"category":"sports","subtype":"leisure=pitch","source":"osm"}},{"type":"Feature","geometry":{"type":"Point","coordinates":[72.835113,19.182582]},"properties":{"id":"osm:way/269219145","name":"GSC","category":"sports","subtype":"leisure=swimming_pool","source":"osm"}},{"type":"Feature","geometry":{"type":"Point","coordinates":[72.834686,19.185861]},"properties":{"id":"osm:way/269219150","name":null,"category":"sports","subtype":"leisure=swimming_pool","source":"osm","access":"private"}},{"type":"Feature","geometry":{"type":"Point","coordinates":[72.832774,19.179726]},"properties":{"id":"osm:way/269219155","name":null,"category":"sports","subtype":"leisure=swimming_pool","source":"osm"}},{"type":"Feature","geometry":{"type":"Point","coordinates":[72.836268,19.204703]},"properties":{"id":"osm:way/269222694","name":null,"category":"sports","subtype":"leisure=swimming_pool","source":"osm"}},{"type":"Feature","geometry":{"type":"Point","coordinates":[72.836649,19.204672]},"properties":{"id":"osm:way/269222703","name":null,"category":"sports","subtype":"leisure=pitch","source":"osm"}},{"type":"Feature","geometry":{"type":"Point","coordinates":[72.836562,19.20445]},"properties":{"id":"osm:way/269222704","name":null,"category":"sports","subtype":"leisure=pitch","source":"osm"}},{"type":"Feature","geometry":{"type":"Point","coordinates":[72.855737,19.186217]},"properties":{"id":"osm:way/275399458","name":"Kasambaug","category":"sports","subtype":"leisure=playground","source":"osm"}},{"type":"Feature","geometry":{"type":"Point","coordinates":[72.856167,19.184258]},"properties":{"id":"osm:way/275399459","name":"Sardar vallabhai patel udyan","category":"sports","subtype":"leisure=playground","source":"osm","access":"yes"}},{"type":"Feature","geometry":{"type":"Point","coordinates":[72.850601,19.189101]},"properties":{"id":"osm:way/275408207","name":"universal","category":"sports","subtype":"leisure=playground","source":"osm"}},{"type":"Feature","geometry":{"type":"Point","coordinates":[72.783628,19.163282]},"properties":{"id":"osm:way/278555658","name":null,"category":"sports","subtype":"leisure=swimming_pool","source":"osm","access":"private"}},{"type":"Feature","geometry":{"type":"Point","coordinates":[72.823481,19.0488]},"properties":{"id":"osm:way/281241953","name":null,"category":"sports","subtype":"leisure=swimming_pool","source":"osm","access":"private"}},{"type":"Feature","geometry":{"type":"Point","coordinates":[72.822957,19.048086]},"properties":{"id":"osm:way/281241954","name":null,"category":"sports","subtype":"leisure=swimming_pool","source":"osm","access":"private"}},{"type":"Feature","geometry":{"type":"Point","coordinates":[72.866371,19.061274]},"properties":{"id":"osm:way/286066446","name":null,"category":"sports","subtype":"leisure=pitch","source":"osm"}},{"type":"Feature","geometry":{"type":"Point","coordinates":[72.852812,19.235771]},"properties":{"id":"osm:way/286077010","name":"Mandpeshwar Civic Federation Sports Complex","category":"sports","subtype":"leisure=sports_centre","source":"osm"}},{"type":"Feature","geometry":{"type":"Point","coordinates":[72.96823,19.224944]},"properties":{"id":"osm:way/286277692","name":"Old Mhada Play Ground","category":"sports","subtype":"leisure=playground","source":"osm"}},{"type":"Feature","geometry":{"type":"Point","coordinates":[72.993547,19.078259]},"properties":{"id":"osm:way/287817049","name":null,"category":"sports","subtype":"leisure=pitch","source":"osm"}},{"type":"Feature","geometry":{"type":"Point","coordinates":[72.991974,19.078722]},"properties":{"id":"osm:way/287817071","name":null,"category":"sports","subtype":"leisure=pitch","source":"osm"}},{"type":"Feature","geometry":{"type":"Point","coordinates":[72.993499,19.077516]},"properties":{"id":"osm:way/287817088","name":null,"category":"sports","subtype":"leisure=pitch","source":"osm"}},{"type":"Feature","geometry":{"type":"Point","coordinates":[72.845682,19.063949]},"properties":{"id":"osm:way/291324676","name":null,"category":"sports","subtype":"leisure=pitch","source":"osm"}},{"type":"Feature","geometry":{"type":"Point","coordinates":[72.848452,19.057824]},"properties":{"id":"osm:way/291330557","name":"MIG Cricket Club","category":"sports","subtype":"leisure=sports_centre","source":"osm","phone":"+91 022 3503 8080"}},{"type":"Feature","geometry":{"type":"Point","coordinates":[72.848131,19.057318]},"properties":{"id":"osm:way/291330560","name":null,"category":"sports","subtype":"leisure=swimming_pool","source":"osm","access":"private"}},{"type":"Feature","geometry":{"type":"Point","coordinates":[72.828629,19.144263]},"properties":{"id":"osm:way/291430559","name":null,"category":"sports","subtype":"leisure=swimming_pool","source":"osm"}},{"type":"Feature","geometry":{"type":"Point","coordinates":[72.91242,19.040877]},"properties":{"id":"osm:way/292182735","name":"New Campus Basketball Court","category":"sports","subtype":"leisure=playground","source":"osm"}},{"type":"Feature","geometry":{"type":"Point","coordinates":[72.838546,19.195872]},"properties":{"id":"osm:way/292305697","name":"Cardinal Gracias Playground","category":"sports","subtype":"leisure=pitch","source":"osm"}},{"type":"Feature","geometry":{"type":"Point","coordinates":[72.836866,19.194364]},"properties":{"id":"osm:way/292305698","name":"JBC","category":"sports","subtype":"leisure=pitch","source":"osm"}},{"type":"Feature","geometry":{"type":"Point","coordinates":[72.837937,19.195919]},"properties":{"id":"osm:way/292305702","name":"St. Joseph's School Ground","category":"sports","subtype":"leisure=pitch","source":"osm"}},{"type":"Feature","geometry":{"type":"Point","coordinates":[72.837337,19.194716]},"properties":{"id":"osm:way/292305704","name":"St.Anne's School Ground","category":"sports","subtype":"leisure=pitch","source":"osm"}},{"type":"Feature","geometry":{"type":"Point","coordinates":[72.836804,19.128009]},"properties":{"id":"osm:way/296980388","name":null,"category":"sports","subtype":"leisure=swimming_pool","source":"osm"}},{"type":"Feature","geometry":{"type":"Point","coordinates":[72.836849,19.12763]},"properties":{"id":"osm:way/296980389","name":null,"category":"sports","subtype":"leisure=swimming_pool","source":"osm"}},{"type":"Feature","geometry":{"type":"Point","coordinates":[72.831763,19.070372]},"properties":{"id":"osm:way/300625737","name":null,"category":"sports","subtype":"leisure=swimming_pool","source":"osm","access":"private"}},{"type":"Feature","geometry":{"type":"Point","coordinates":[72.928472,19.046444]},"properties":{"id":"osm:way/301024661","name":null,"category":"sports","subtype":"leisure=playground","source":"osm"}},{"type":"Feature","geometry":{"type":"Point","coordinates":[72.92596,19.030558]},"properties":{"id":"osm:way/301041955","name":"Anushaktinagar Cricket Ground","category":"sports","subtype":"leisure=playground","source":"osm","access":"private"}},{"type":"Feature","geometry":{"type":"Point","coordinates":[72.902393,19.059617]},"properties":{"id":"osm:way/308835635","name":"Chembur Gymkhana Cricket Ground","category":"sports","subtype":"leisure=pitch","source":"osm"}},{"type":"Feature","geometry":{"type":"Point","coordinates":[72.902955,19.059699]},"properties":{"id":"osm:way/308835636","name":"Tennis courts","category":"sports","subtype":"leisure=pitch","source":"osm"}},{"type":"Feature","geometry":{"type":"Point","coordinates":[72.907866,19.058203]},"properties":{"id":"osm:way/314369849","name":"Acharya College Grounds","category":"sports","subtype":"leisure=playground","source":"osm"}},{"type":"Feature","geometry":{"type":"Point","coordinates":[72.950204,19.039867]},"properties":{"id":"osm:way/314529734","name":"9,mirja gali marg","category":"sports","subtype":"leisure=playground","source":"osm"}},{"type":"Feature","geometry":{"type":"Point","coordinates":[72.925218,19.055775]},"properties":{"id":"osm:way/315268676","name":"Etlenta Playground","category":"sports","subtype":"leisure=playground","source":"osm"}},{"type":"Feature","geometry":{"type":"Point","coordinates":[72.949407,19.036301]},"properties":{"id":"osm:way/315440831","name":"bhucdi play ground","category":"sports","subtype":"leisure=pitch","source":"osm"}},{"type":"Feature","geometry":{"type":"Point","coordinates":[72.921985,19.060849]},"properties":{"id":"osm:way/315440904","name":"Ambedkar Ground","category":"sports","subtype":"leisure=playground","source":"osm"}},{"type":"Feature","geometry":{"type":"Point","coordinates":[72.964456,19.168306]},"properties":{"id":"osm:way/319836617","name":"Raje Sambhaji Ground","category":"sports","subtype":"leisure=pitch","source":"osm"}},{"type":"Feature","geometry":{"type":"Point","coordinates":[72.964589,19.17639]},"properties":{"id":"osm:way/319837356","name":"Neelam Nagar Swimming Pool","category":"sports","subtype":"leisure=swimming_pool","source":"osm","access":"permit"}},{"type":"Feature","geometry":{"type":"Point","coordinates":[72.874037,19.116464]},"properties":{"id":"osm:way/320165381","name":"Swimming Pool - Maheshwari Nagar","category":"sports","subtype":"leisure=swimming_pool","source":"osm"}},{"type":"Feature","geometry":{"type":"Point","coordinates":[72.873903,19.115763]},"properties":{"id":"osm:way/320165929","name":null,"category":"sports","subtype":"leisure=pitch","source":"osm"}},{"type":"Feature","geometry":{"type":"Point","coordinates":[72.887427,19.093222]},"properties":{"id":"osm:way/345159713","name":"Balwaadi Ground","category":"sports","subtype":"leisure=playground","source":"osm"}},{"type":"Feature","geometry":{"type":"Point","coordinates":[72.890349,19.063761]},"properties":{"id":"osm:way/346580834","name":"munciple school's ground","category":"sports","subtype":"leisure=playground","source":"osm"}},{"type":"Feature","geometry":{"type":"Point","coordinates":[72.889456,19.060971]},"properties":{"id":"osm:way/346686043","name":"jetawan udyan","category":"sports","subtype":"leisure=playground","source":"osm"}},{"type":"Feature","geometry":{"type":"Point","coordinates":[72.982606,19.229929]},"properties":{"id":"osm:way/352933431","name":null,"category":"sports","subtype":"leisure=pitch","source":"osm"}},{"type":"Feature","geometry":{"type":"Point","coordinates":[72.850086,19.17004]},"properties":{"id":"osm:way/352964056","name":"hitikas stadium","category":"sports","subtype":"leisure=stadium","source":"osm"}},{"type":"Feature","geometry":{"type":"Point","coordinates":[72.974694,19.178361]},"properties":{"id":"osm:way/352972900","name":"NITTRO","category":"sports","subtype":"leisure=fitness_centre","source":"osm"}},{"type":"Feature","geometry":{"type":"Point","coordinates":[72.973523,19.235397]},"properties":{"id":"osm:way/352995391","name":null,"category":"sports","subtype":"leisure=fitness_centre","source":"osm"}},{"type":"Feature","geometry":{"type":"Point","coordinates":[72.850409,19.257175]},"properties":{"id":"osm:way/353182079","name":"Jerai","category":"sports","subtype":"leisure=fitness_centre","source":"osm"}},{"type":"Feature","geometry":{"type":"Point","coordinates":[72.926354,19.031522]},"properties":{"id":"osm:way/353198900","name":null,"category":"sports","subtype":"leisure=swimming_pool","source":"osm","access":"private"}},{"type":"Feature","geometry":{"type":"Point","coordinates":[72.926903,19.033972]},"properties":{"id":"osm:way/353198955","name":"Nilgiri Tennis Court","category":"sports","subtype":"leisure=pitch","source":"osm","access":"private"}},{"type":"Feature","geometry":{"type":"Point","coordinates":[72.925778,19.036854]},"properties":{"id":"osm:way/353354547","name":null,"category":"sports","subtype":"leisure=pitch","source":"osm"}},{"type":"Feature","geometry":{"type":"Point","coordinates":[72.921343,19.037085]},"properties":{"id":"osm:way/353354554","name":null,"category":"sports","subtype":"leisure=pitch","source":"osm"}},{"type":"Feature","geometry":{"type":"Point","coordinates":[72.820982,18.913162]},"properties":{"id":"osm:way/353393738","name":"Reveal Fitness","category":"sports","subtype":"leisure=fitness_centre","source":"osm"}},{"type":"Feature","geometry":{"type":"Point","coordinates":[72.911138,19.04632]},"properties":{"id":"osm:way/353425521","name":null,"category":"sports","subtype":"leisure=swimming_pool","source":"osm"}},{"type":"Feature","geometry":{"type":"Point","coordinates":[73.018588,19.006207]},"properties":{"id":"osm:way/353986105","name":null,"category":"sports","subtype":"leisure=pitch","source":"osm","access":"private"}},{"type":"Feature","geometry":{"type":"Point","coordinates":[72.934017,19.140004]},"properties":{"id":"osm:way/353999802","name":null,"category":"sports","subtype":"leisure=pitch","source":"osm"}},{"type":"Feature","geometry":{"type":"Point","coordinates":[72.939056,19.130843]},"properties":{"id":"osm:way/354484863","name":"Pariwar Ground","category":"sports","subtype":"leisure=playground","source":"osm"}},{"type":"Feature","geometry":{"type":"Point","coordinates":[72.933722,19.153317]},"properties":{"id":"osm:way/355406057","name":"manoranjan maidan","category":"sports","subtype":"leisure=playground","source":"osm"}},{"type":"Feature","geometry":{"type":"Point","coordinates":[72.930029,19.145928]},"properties":{"id":"osm:way/355407254","name":"konkan ground","category":"sports","subtype":"leisure=playground","source":"osm"}},{"type":"Feature","geometry":{"type":"Point","coordinates":[72.948053,19.173091]},"properties":{"id":"osm:way/355884519","name":"Kalidas Swimming pool","category":"sports","subtype":"leisure=sports_centre","source":"osm"}},{"type":"Feature","geometry":{"type":"Point","coordinates":[72.992817,19.079149]},"properties":{"id":"osm:way/357470014","name":null,"category":"sports","subtype":"leisure=sports_centre","source":"osm"}},{"type":"Feature","geometry":{"type":"Point","coordinates":[72.845289,19.204621]},"properties":{"id":"osm:way/358302323","name":"SVP Swimming Pool","category":"sports","subtype":"leisure=sports_centre","source":"osm"}},{"type":"Feature","geometry":{"type":"Point","coordinates":[72.834299,18.942475]},"properties":{"id":"osm:way/358489240","name":null,"category":"sports","subtype":"leisure=playground","source":"osm"}},{"type":"Feature","geometry":{"type":"Point","coordinates":[72.870643,19.26538]},"properties":{"id":"osm:way/360247224","name":null,"category":"sports","subtype":"leisure=sports_centre","source":"osm"}},{"type":"Feature","geometry":{"type":"Point","coordinates":[72.866284,19.137425]},"properties":{"id":"osm:way/360335202","name":"Kalpataru Estate Swimming Pool","category":"sports","subtype":"leisure=swimming_pool","source":"osm"}},{"type":"Feature","geometry":{"type":"Point","coordinates":[72.806163,18.910049]},"properties":{"id":"osm:way/362009644","name":"NCS Ground","category":"sports","subtype":"leisure=stadium","source":"osm","opening_hours":"24/7"}},{"type":"Feature","geometry":{"type":"Point","coordinates":[72.903029,19.065301]},"properties":{"id":"osm:way/362733406","name":null,"category":"sports","subtype":"leisure=playground","source":"osm"}},{"type":"Feature","geometry":{"type":"Point","coordinates":[72.901441,19.042106]},"properties":{"id":"osm:way/362740582","name":"RCF Sports Ground","category":"sports","subtype":"leisure=pitch","source":"osm","access":"private"}},{"type":"Feature","geometry":{"type":"Point","coordinates":[72.899997,19.039989]},"properties":{"id":"osm:way/362740585","name":null,"category":"sports","subtype":"leisure=swimming_pool","source":"osm"}},{"type":"Feature","geometry":{"type":"Point","coordinates":[72.825338,18.991757]},"properties":{"id":"osm:way/362749148","name":null,"category":"sports","subtype":"leisure=pitch","source":"osm"}},{"type":"Feature","geometry":{"type":"Point","coordinates":[72.98802,19.147337]},"properties":{"id":"osm:way/363282648","name":null,"category":"sports","subtype":"leisure=playground","source":"osm"}},{"type":"Feature","geometry":{"type":"Point","coordinates":[73.014644,19.006546]},"properties":{"id":"osm:way/363309599","name":null,"category":"sports","subtype":"leisure=playground","source":"osm"}},{"type":"Feature","geometry":{"type":"Point","coordinates":[73.009319,19.063683]},"properties":{"id":"osm:way/363690238","name":"Maruti Panhalkar Ground","category":"sports","subtype":"leisure=playground","source":"osm"}},{"type":"Feature","geometry":{"type":"Point","coordinates":[72.989773,19.144811]},"properties":{"id":"osm:way/363718817","name":null,"category":"sports","subtype":"leisure=playground","source":"osm"}},{"type":"Feature","geometry":{"type":"Point","coordinates":[72.862886,19.247818]},"properties":{"id":"osm:way/363871510","name":null,"category":"sports","subtype":"leisure=playground","source":"osm"}},{"type":"Feature","geometry":{"type":"Point","coordinates":[72.86001,19.250302]},"properties":{"id":"osm:way/363893674","name":null,"category":"sports","subtype":"leisure=playground","source":"osm"}},{"type":"Feature","geometry":{"type":"Point","coordinates":[72.82507,19.226177]},"properties":{"id":"osm:way/363893692","name":"navdeep gully ground","category":"sports","subtype":"leisure=playground","source":"osm","access":"yes"}},{"type":"Feature","geometry":{"type":"Point","coordinates":[72.973823,19.264403]},"properties":{"id":"osm:way/375775215","name":null,"category":"sports","subtype":"leisure=swimming_pool","source":"osm"}},{"type":"Feature","geometry":{"type":"Point","coordinates":[72.841837,19.159706]},"properties":{"id":"osm:way/381708870","name":null,"category":"sports","subtype":"leisure=pitch","source":"osm"}},{"type":"Feature","geometry":{"type":"Point","coordinates":[72.877107,19.104647]},"properties":{"id":"osm:way/381750781","name":"Waterstones Club","category":"sports","subtype":"leisure=swimming_pool","source":"osm","access":"permissive","phone":"http://www.waterstonesclub.com/#pages/contact_us"}},{"type":"Feature","geometry":{"type":"Point","coordinates":[72.814636,19.135364]},"properties":{"id":"osm:way/384534226","name":null,"category":"sports","subtype":"leisure=playground","source":"osm"}},{"type":"Feature","geometry":{"type":"Point","coordinates":[73.01419,19.056624]},"properties":{"id":"osm:way/385209928","name":null,"category":"sports","subtype":"leisure=swimming_pool","source":"osm"}},{"type":"Feature","geometry":{"type":"Point","coordinates":[72.958668,19.175759]},"properties":{"id":"osm:way/390037571","name":"MCC Play Ground","category":"sports","subtype":"leisure=playground","source":"osm"}},{"type":"Feature","geometry":{"type":"Point","coordinates":[72.949416,19.170261]},"properties":{"id":"osm:way/391365878","name":"Lion's Club of Mulund","category":"sports","subtype":"leisure=sports_centre","source":"osm"}},{"type":"Feature","geometry":{"type":"Point","coordinates":[72.949503,19.170374]},"properties":{"id":"osm:way/391365879","name":null,"category":"sports","subtype":"leisure=playground","source":"osm","wheelchair":"yes","access":"private"}},{"type":"Feature","geometry":{"type":"Point","coordinates":[73.000347,19.097535]},"properties":{"id":"osm:way/395235869","name":null,"category":"sports","subtype":"leisure=swimming_pool","source":"osm"}},{"type":"Feature","geometry":{"type":"Point","coordinates":[72.825731,18.938547]},"properties":{"id":"osm:way/402022935","name":"Wankhede Stadium","category":"sports","subtype":"leisure=stadium","source":"osm","operator":"Mumbai Cricket Association"}},{"type":"Feature","geometry":{"type":"Point","coordinates":[72.825441,18.937478]},"properties":{"id":"osm:way/402025125","name":"Garware Club House","category":"sports","subtype":"leisure=sports_centre","source":"osm","access":"private"}},{"type":"Feature","geometry":{"type":"Point","coordinates":[72.959442,19.173134]},"properties":{"id":"osm:way/406585814","name":null,"category":"sports","subtype":"leisure=playground","source":"osm"}},{"type":"Feature","geometry":{"type":"Point","coordinates":[72.853958,19.144941]},"properties":{"id":"osm:way/409748658","name":null,"category":"sports","subtype":"leisure=playground","source":"osm"}},{"type":"Feature","geometry":{"type":"Point","coordinates":[72.806879,18.908875]},"properties":{"id":"osm:way/412504855","name":"Tennis Court","category":"sports","subtype":"leisure=pitch","source":"osm"}},{"type":"Feature","geometry":{"type":"Point","coordinates":[72.806852,18.908221]},"properties":{"id":"osm:way/412511801","name":"Cricket/Football ground","category":"sports","subtype":"leisure=playground","source":"osm","access":"private"}},{"type":"Feature","geometry":{"type":"Point","coordinates":[72.804879,18.908571]},"properties":{"id":"osm:way/412525080","name":"Badminton + TT Court","category":"sports","subtype":"leisure=sports_centre","source":"osm","operator":"Tata Institute of Fundamental Research"}},{"type":"Feature","geometry":{"type":"Point","coordinates":[72.796132,18.945018]},"properties":{"id":"osm:way/415077429","name":null,"category":"sports","subtype":"leisure=swimming_pool","source":"osm"}},{"type":"Feature","geometry":{"type":"Point","coordinates":[72.859875,19.209373]},"properties":{"id":"osm:way/415967307","name":null,"category":"sports","subtype":"leisure=playground","source":"osm"}},{"type":"Feature","geometry":{"type":"Point","coordinates":[72.824743,19.23053]},"properties":{"id":"osm:way/420138329","name":"Pepsi Ground","category":"sports","subtype":"leisure=pitch","source":"osm"}},{"type":"Feature","geometry":{"type":"Point","coordinates":[72.795437,19.173537]},"properties":{"id":"osm:way/420351157","name":null,"category":"sports","subtype":"leisure=swimming_pool","source":"osm"}},{"type":"Feature","geometry":{"type":"Point","coordinates":[72.795579,19.172172]},"properties":{"id":"osm:way/420351160","name":null,"category":"sports","subtype":"leisure=pitch","source":"osm"}},{"type":"Feature","geometry":{"type":"Point","coordinates":[72.79543,19.17225]},"properties":{"id":"osm:way/420351161","name":null,"category":"sports","subtype":"leisure=pitch","source":"osm"}},{"type":"Feature","geometry":{"type":"Point","coordinates":[72.845104,18.965973]},"properties":{"id":"osm:way/423483192","name":null,"category":"sports","subtype":"leisure=playground","source":"osm"}},{"type":"Feature","geometry":{"type":"Point","coordinates":[72.84081,18.967463]},"properties":{"id":"osm:way/423483193","name":null,"category":"sports","subtype":"leisure=pitch","source":"osm"}},{"type":"Feature","geometry":{"type":"Point","coordinates":[72.91887,19.109994]},"properties":{"id":"osm:way/426552426","name":null,"category":"sports","subtype":"leisure=playground","source":"osm"}},{"type":"Feature","geometry":{"type":"Point","coordinates":[72.921791,19.108611]},"properties":{"id":"osm:way/426552427","name":null,"category":"sports","subtype":"leisure=swimming_pool","source":"osm"}},{"type":"Feature","geometry":{"type":"Point","coordinates":[72.917784,19.102934]},"properties":{"id":"osm:way/426552428","name":null,"category":"sports","subtype":"leisure=playground","source":"osm"}},{"type":"Feature","geometry":{"type":"Point","coordinates":[72.921058,19.105847]},"properties":{"id":"osm:way/426552429","name":null,"category":"sports","subtype":"leisure=pitch","source":"osm"}},{"type":"Feature","geometry":{"type":"Point","coordinates":[72.919585,19.104803]},"properties":{"id":"osm:way/426552430","name":null,"category":"sports","subtype":"leisure=playground","source":"osm"}},{"type":"Feature","geometry":{"type":"Point","coordinates":[72.898869,19.081274]},"properties":{"id":"osm:way/427240535","name":"Jolly Gymkhana","category":"sports","subtype":"leisure=sports_centre","source":"osm"}},{"type":"Feature","geometry":{"type":"Point","coordinates":[72.889109,19.022903]},"properties":{"id":"osm:way/430012286","name":null,"category":"sports","subtype":"leisure=pitch","source":"osm"}},{"type":"Feature","geometry":{"type":"Point","coordinates":[72.89083,19.050844]},"properties":{"id":"osm:way/430024306","name":"Acres Club","category":"sports","subtype":"leisure=sports_centre","source":"osm"}},{"type":"Feature","geometry":{"type":"Point","coordinates":[72.894834,19.028647]},"properties":{"id":"osm:way/430028712","name":null,"category":"sports","subtype":"leisure=pitch","source":"osm"}},{"type":"Feature","geometry":{"type":"Point","coordinates":[72.893234,19.029355]},"properties":{"id":"osm:way/430028713","name":null,"category":"sports","subtype":"leisure=pitch","source":"osm"}},{"type":"Feature","geometry":{"type":"Point","coordinates":[72.83316,18.989667]},"properties":{"id":"osm:way/430179199","name":null,"category":"sports","subtype":"leisure=pitch","source":"osm"}},{"type":"Feature","geometry":{"type":"Point","coordinates":[72.834095,18.991565]},"properties":{"id":"osm:way/430179200","name":null,"category":"sports","subtype":"leisure=playground","source":"osm"}},{"type":"Feature","geometry":{"type":"Point","coordinates":[72.870864,19.067422]},"properties":{"id":"osm:way/430412658","name":null,"category":"sports","subtype":"leisure=swimming_pool","source":"osm"}},{"type":"Feature","geometry":{"type":"Point","coordinates":[72.871405,19.067433]},"properties":{"id":"osm:way/430412659","name":null,"category":"sports","subtype":"leisure=pitch","source":"osm"}},{"type":"Feature","geometry":{"type":"Point","coordinates":[72.871242,19.06705]},"properties":{"id":"osm:way/430412660","name":null,"category":"sports","subtype":"leisure=pitch","source":"osm"}},{"type":"Feature","geometry":{"type":"Point","coordinates":[72.870928,19.066347]},"properties":{"id":"osm:way/430412662","name":null,"category":"sports","subtype":"leisure=playground","source":"osm"}},{"type":"Feature","geometry":{"type":"Point","coordinates":[72.866421,19.061049]},"properties":{"id":"osm:way/430413543","name":"Maharashtra Cricket Association","category":"sports","subtype":"leisure=sports_centre","source":"osm"}},{"type":"Feature","geometry":{"type":"Point","coordinates":[72.821592,18.94763]},"properties":{"id":"osm:way/431494576","name":"Wilson Gymkhana Cricket Ground","category":"sports","subtype":"leisure=pitch","source":"osm"}},{"type":"Feature","geometry":{"type":"Point","coordinates":[72.822096,18.946733]},"properties":{"id":"osm:way/431494577","name":"P. J. Hindu Gymkhana Cricket Ground","category":"sports","subtype":"leisure=pitch","source":"osm"}},{"type":"Feature","geometry":{"type":"Point","coordinates":[72.866651,19.047813]},"properties":{"id":"osm:way/431515778","name":null,"category":"sports","subtype":"leisure=playground","source":"osm"}},{"type":"Feature","geometry":{"type":"Point","coordinates":[72.848388,19.058143]},"properties":{"id":"osm:way/434904714","name":null,"category":"sports","subtype":"leisure=pitch","source":"osm","access":"private"}},{"type":"Feature","geometry":{"type":"Point","coordinates":[72.84254,19.058093]},"properties":{"id":"osm:way/434904715","name":null,"category":"sports","subtype":"leisure=pitch","source":"osm"}},{"type":"Feature","geometry":{"type":"Point","coordinates":[72.97429,19.188979]},"properties":{"id":"osm:way/434916260","name":"Gaondevi Maidan","category":"sports","subtype":"leisure=pitch","source":"osm"}},{"type":"Feature","geometry":{"type":"Point","coordinates":[72.921874,19.108641]},"properties":{"id":"osm:way/436218415","name":"Club","category":"sports","subtype":"leisure=sports_centre","source":"osm"}},{"type":"Feature","geometry":{"type":"Point","coordinates":[72.921742,19.108427]},"properties":{"id":"osm:way/436218417","name":"Kid's Play Area","category":"sports","subtype":"leisure=playground","source":"osm"}},{"type":"Feature","geometry":{"type":"Point","coordinates":[72.877238,19.104625]},"properties":{"id":"osm:way/436224077","name":"Waterstones Club","category":"sports","subtype":"leisure=sports_centre","source":"osm","phone":"+91 22 4090 6644"}},{"type":"Feature","geometry":{"type":"Point","coordinates":[72.912343,19.048071]},"properties":{"id":"osm:way/436233642","name":"Shah & Anchor Kutchhi Engineering College Ground","category":"sports","subtype":"leisure=playground","source":"osm"}},{"type":"Feature","geometry":{"type":"Point","coordinates":[72.891988,19.089346]},"properties":{"id":"osm:way/436337945","name":null,"category":"sports","subtype":"leisure=pitch","source":"osm"}},{"type":"Feature","geometry":{"type":"Point","coordinates":[72.858474,19.084501]},"properties":{"id":"osm:way/436370612","name":null,"category":"sports","subtype":"leisure=pitch","source":"osm"}},{"type":"Feature","geometry":{"type":"Point","coordinates":[72.859161,19.084088]},"properties":{"id":"osm:way/436370616","name":null,"category":"sports","subtype":"leisure=pitch","source":"osm"}},{"type":"Feature","geometry":{"type":"Point","coordinates":[72.869945,19.080022]},"properties":{"id":"osm:way/436370618","name":null,"category":"sports","subtype":"leisure=playground","source":"osm"}},{"type":"Feature","geometry":{"type":"Point","coordinates":[72.928303,19.103273]},"properties":{"id":"osm:way/436606767","name":"The Club","category":"sports","subtype":"leisure=sports_centre","source":"osm"}},{"type":"Feature","geometry":{"type":"Point","coordinates":[72.864755,19.304775]},"properties":{"id":"osm:way/439776907","name":null,"category":"sports","subtype":"leisure=pitch","source":"osm"}},{"type":"Feature","geometry":{"type":"Point","coordinates":[72.885016,19.285707]},"properties":{"id":"osm:way/439776909","name":null,"category":"sports","subtype":"leisure=pitch","source":"osm"}},{"type":"Feature","geometry":{"type":"Point","coordinates":[72.898234,19.052391]},"properties":{"id":"osm:way/454644425","name":"Swimming Pool","category":"sports","subtype":"leisure=swimming_pool","source":"osm"}},{"type":"Feature","geometry":{"type":"Point","coordinates":[72.847703,19.158313]},"properties":{"id":"osm:way/466268550","name":"Goregaon Education Society Ground","category":"sports","subtype":"leisure=playground","source":"osm","access":"yes","operator":"GES","description":"walking track on perimeter; chairs in pavilion; water; electric fans; lighting; closes at 9PM"}},{"type":"Feature","geometry":{"type":"Point","coordinates":[72.974195,19.211953]},"properties":{"id":"osm:way/468692597","name":"Vasant Lawns Swimming Pool","category":"sports","subtype":"leisure=swimming_pool","source":"osm","access":"private"}},{"type":"Feature","geometry":{"type":"Point","coordinates":[72.899013,19.083077]},"properties":{"id":"osm:way/469350287","name":"Fatima Grounds","category":"sports","subtype":"leisure=pitch","source":"osm","operator":"Fatima church"}},{"type":"Feature","geometry":{"type":"Point","coordinates":[73.014542,19.003269]},"properties":{"id":"osm:way/469379938","name":"Seawoods Estates Club Swimming Pool","category":"sports","subtype":"leisure=swimming_pool","source":"osm"}},{"type":"Feature","geometry":{"type":"Point","coordinates":[73.018211,19.003026]},"properties":{"id":"osm:way/469435981","name":null,"category":"sports","subtype":"leisure=pitch","source":"osm"}},{"type":"Feature","geometry":{"type":"Point","coordinates":[72.864874,19.261724]},"properties":{"id":"osm:way/469637406","name":null,"category":"sports","subtype":"leisure=playground","source":"osm"}},{"type":"Feature","geometry":{"type":"Point","coordinates":[72.865149,19.261656]},"properties":{"id":"osm:way/469637408","name":null,"category":"sports","subtype":"leisure=pitch","source":"osm","access":"customers"}},{"type":"Feature","geometry":{"type":"Point","coordinates":[72.862097,19.254524]},"properties":{"id":"osm:way/469639844","name":null,"category":"sports","subtype":"leisure=pitch","source":"osm"}},{"type":"Feature","geometry":{"type":"Point","coordinates":[72.850173,19.26018]},"properties":{"id":"osm:way/469639855","name":null,"category":"sports","subtype":"leisure=playground","source":"osm"}},{"type":"Feature","geometry":{"type":"Point","coordinates":[72.849688,19.255203]},"properties":{"id":"osm:way/469639858","name":null,"category":"sports","subtype":"leisure=pitch","source":"osm"}},{"type":"Feature","geometry":{"type":"Point","coordinates":[72.843933,19.223251]},"properties":{"id":"osm:way/470112330","name":null,"category":"sports","subtype":"leisure=pitch","source":"osm"}},{"type":"Feature","geometry":{"type":"Point","coordinates":[72.841556,19.224649]},"properties":{"id":"osm:way/470170432","name":null,"category":"sports","subtype":"leisure=pitch","source":"osm"}},{"type":"Feature","geometry":{"type":"Point","coordinates":[72.926554,19.134231]},"properties":{"id":"osm:way/470549380","name":"NCH Colony Playground","category":"sports","subtype":"leisure=pitch","source":"osm"}},{"type":"Feature","geometry":{"type":"Point","coordinates":[72.975535,19.219998]},"properties":{"id":"osm:way/479858204","name":null,"category":"sports","subtype":"leisure=swimming_pool","source":"osm"}},{"type":"Feature","geometry":{"type":"Point","coordinates":[72.876008,19.196762]},"properties":{"id":"osm:way/480877917","name":null,"category":"sports","subtype":"leisure=swimming_pool","source":"osm"}},{"type":"Feature","geometry":{"type":"Point","coordinates":[72.917739,19.106229]},"properties":{"id":"osm:way/483179401","name":null,"category":"sports","subtype":"leisure=playground","source":"osm"}},{"type":"Feature","geometry":{"type":"Point","coordinates":[72.958454,19.173143]},"properties":{"id":"osm:way/483284354","name":null,"category":"sports","subtype":"leisure=pitch","source":"osm"}},{"type":"Feature","geometry":{"type":"Point","coordinates":[72.928574,19.13292]},"properties":{"id":"osm:way/483432028","name":null,"category":"sports","subtype":"leisure=playground","source":"osm"}},{"type":"Feature","geometry":{"type":"Point","coordinates":[72.928034,19.131918]},"properties":{"id":"osm:way/483432029","name":null,"category":"sports","subtype":"leisure=playground","source":"osm"}},{"type":"Feature","geometry":{"type":"Point","coordinates":[72.991048,19.127007]},"properties":{"id":"osm:way/488792069","name":null,"category":"sports","subtype":"leisure=pitch","source":"osm"}},{"type":"Feature","geometry":{"type":"Point","coordinates":[73.002373,19.123255]},"properties":{"id":"osm:way/488792070","name":"Sadguru Ground","category":"sports","subtype":"leisure=pitch","source":"osm"}},{"type":"Feature","geometry":{"type":"Point","coordinates":[73.003042,19.121947]},"properties":{"id":"osm:way/488835943","name":null,"category":"sports","subtype":"leisure=playground","source":"osm"}},{"type":"Feature","geometry":{"type":"Point","coordinates":[72.991233,19.071946]},"properties":{"id":"osm:way/488983189","name":null,"category":"sports","subtype":"leisure=playground","source":"osm"}},{"type":"Feature","geometry":{"type":"Point","coordinates":[72.989314,19.072469]},"properties":{"id":"osm:way/488996158","name":"Kids Ground","category":"sports","subtype":"leisure=playground","source":"osm"}},{"type":"Feature","geometry":{"type":"Point","coordinates":[72.992452,19.071654]},"properties":{"id":"osm:way/489004320","name":null,"category":"sports","subtype":"leisure=stadium","source":"osm"}},{"type":"Feature","geometry":{"type":"Point","coordinates":[72.992217,19.071691]},"properties":{"id":"osm:way/489004323","name":null,"category":"sports","subtype":"leisure=stadium","source":"osm"}},{"type":"Feature","geometry":{"type":"Point","coordinates":[72.901982,19.134541]},"properties":{"id":"osm:way/496706053","name":null,"category":"sports","subtype":"leisure=swimming_pool","source":"osm"}},{"type":"Feature","geometry":{"type":"Point","coordinates":[72.898207,19.134923]},"properties":{"id":"osm:way/496713496","name":null,"category":"sports","subtype":"leisure=swimming_pool","source":"osm","access":"private"}},{"type":"Feature","geometry":{"type":"Point","coordinates":[72.852406,19.09895]},"properties":{"id":"osm:way/497180036","name":"Cricket Ground","category":"sports","subtype":"leisure=playground","source":"osm"}},{"type":"Feature","geometry":{"type":"Point","coordinates":[72.830042,19.054824]},"properties":{"id":"osm:way/511074894","name":null,"category":"sports","subtype":"leisure=pitch","source":"osm","access":"private"}},{"type":"Feature","geometry":{"type":"Point","coordinates":[72.826387,18.937644]},"properties":{"id":"osm:way/511774436","name":null,"category":"sports","subtype":"leisure=pitch","source":"osm"}},{"type":"Feature","geometry":{"type":"Point","coordinates":[72.825743,18.938927]},"properties":{"id":"osm:way/511774445","name":"Wankhede stadium","category":"sports","subtype":"leisure=pitch","source":"osm"}},{"type":"Feature","geometry":{"type":"Point","coordinates":[72.825395,18.940695]},"properties":{"id":"osm:way/511774446","name":"Mumbai University Grounds","category":"sports","subtype":"leisure=stadium","source":"osm"}},{"type":"Feature","geometry":{"type":"Point","coordinates":[72.825431,18.937493]},"properties":{"id":"osm:way/511774451","name":null,"category":"sports","subtype":"leisure=swimming_pool","source":"osm"}},{"type":"Feature","geometry":{"type":"Point","coordinates":[72.899211,19.081466]},"properties":{"id":"osm:way/512475897","name":"Jolly Gymkhana Grounds","category":"sports","subtype":"leisure=pitch","source":"osm"}},{"type":"Feature","geometry":{"type":"Point","coordinates":[72.898675,19.082118]},"properties":{"id":"osm:way/512478099","name":"Fatima Basketball Court","category":"sports","subtype":"leisure=pitch","source":"osm"}},{"type":"Feature","geometry":{"type":"Point","coordinates":[72.842809,19.212463]},"properties":{"id":"osm:way/519880976","name":"Kamala Vihar Swimming Pool","category":"sports","subtype":"leisure=swimming_pool","source":"osm"}},{"type":"Feature","geometry":{"type":"Point","coordinates":[73.016784,19.013731]},"properties":{"id":"osm:way/527242918","name":"Sector-48 Ground","category":"sports","subtype":"leisure=playground","source":"osm","access":"yes","operator":"NMMC"}},{"type":"Feature","geometry":{"type":"Point","coordinates":[72.915581,19.071115]},"properties":{"id":"osm:way/528846339","name":null,"category":"sports","subtype":"leisure=playground","source":"osm"}},{"type":"Feature","geometry":{"type":"Point","coordinates":[72.888948,19.095173]},"properties":{"id":"osm:way/544161342","name":"Vaishali Maidaan","category":"sports","subtype":"leisure=playground","source":"osm"}},{"type":"Feature","geometry":{"type":"Point","coordinates":[72.84619,19.209054]},"properties":{"id":"osm:way/548567765","name":null,"category":"sports","subtype":"leisure=pitch","source":"osm","wheelchair":"yes"}},{"type":"Feature","geometry":{"type":"Point","coordinates":[72.828645,19.054637]},"properties":{"id":"osm:way/553178707","name":null,"category":"sports","subtype":"leisure=pitch","source":"osm","access":"private"}},{"type":"Feature","geometry":{"type":"Point","coordinates":[73.012772,19.126739]},"properties":{"id":"osm:way/554798370","name":null,"category":"sports","subtype":"leisure=pitch","source":"osm"}},{"type":"Feature","geometry":{"type":"Point","coordinates":[72.821551,19.060641]},"properties":{"id":"osm:way/555356098","name":null,"category":"sports","subtype":"leisure=swimming_pool","source":"osm","operator":"Otters Club"}},{"type":"Feature","geometry":{"type":"Point","coordinates":[72.82732,19.067167]},"properties":{"id":"osm:way/555387788","name":null,"category":"sports","subtype":"leisure=swimming_pool","source":"osm"}},{"type":"Feature","geometry":{"type":"Point","coordinates":[73.012633,19.022708]},"properties":{"id":"osm:way/555712936","name":"Ganpatseth Tandel Playground","category":"sports","subtype":"leisure=pitch","source":"osm","access":"yes"}},{"type":"Feature","geometry":{"type":"Point","coordinates":[73.016014,19.008813]},"properties":{"id":"osm:way/555712937","name":"NMMC Playground","category":"sports","subtype":"leisure=playground","source":"osm"}},{"type":"Feature","geometry":{"type":"Point","coordinates":[72.912508,19.135579]},"properties":{"id":"osm:way/556314740","name":"Indoor Badminton Court","category":"sports","subtype":"leisure=pitch","source":"osm"}},{"type":"Feature","geometry":{"type":"Point","coordinates":[72.912962,19.135543]},"properties":{"id":"osm:way/556314745","name":null,"category":"sports","subtype":"leisure=swimming_pool","source":"osm"}},{"type":"Feature","geometry":{"type":"Point","coordinates":[72.913188,19.135673]},"properties":{"id":"osm:way/556314746","name":null,"category":"sports","subtype":"leisure=swimming_pool","source":"osm"}},{"type":"Feature","geometry":{"type":"Point","coordinates":[72.917826,19.129091]},"properties":{"id":"osm:way/556314751","name":"KV Ground","category":"sports","subtype":"leisure=playground","source":"osm"}},{"type":"Feature","geometry":{"type":"Point","coordinates":[72.964063,19.177501]},"properties":{"id":"osm:way/556483973","name":"Chatrapati Shivaji Maharaj Ground","category":"sports","subtype":"leisure=pitch","source":"osm"}},{"type":"Feature","geometry":{"type":"Point","coordinates":[72.967157,19.174484]},"properties":{"id":"osm:way/556651186","name":null,"category":"sports","subtype":"leisure=playground","source":"osm","access":"permissive"}},{"type":"Feature","geometry":{"type":"Point","coordinates":[72.980608,19.256891]},"properties":{"id":"osm:way/557646211","name":"Hiranandani Jogger's Park Playground","category":"sports","subtype":"leisure=playground","source":"osm","access":"yes"}},{"type":"Feature","geometry":{"type":"Point","coordinates":[73.008798,19.031581]},"properties":{"id":"osm:way/558719442","name":"Vazirani Sports Complex","category":"sports","subtype":"leisure=sports_centre","source":"osm"}},{"type":"Feature","geometry":{"type":"Point","coordinates":[73.014951,19.026529]},"properties":{"id":"osm:way/558722326","name":"Nerul Gymkhana","category":"sports","subtype":"leisure=sports_centre","source":"osm"}},{"type":"Feature","geometry":{"type":"Point","coordinates":[73.006617,19.021924]},"properties":{"id":"osm:way/561693862","name":null,"category":"sports","subtype":"leisure=swimming_pool","source":"osm"}},{"type":"Feature","geometry":{"type":"Point","coordinates":[73.018866,18.961822]},"properties":{"id":"osm:way/562671691","name":"Ramseth Thakur International Sports Complex","category":"sports","subtype":"leisure=stadium","source":"osm"}},{"type":"Feature","geometry":{"type":"Point","coordinates":[73.000488,19.087887]},"properties":{"id":"osm:way/563838046","name":"Juhu Ground","category":"sports","subtype":"leisure=playground","source":"osm"}},{"type":"Feature","geometry":{"type":"Point","coordinates":[72.993501,19.079085]},"properties":{"id":"osm:way/563838047","name":null,"category":"sports","subtype":"leisure=pitch","source":"osm"}},{"type":"Feature","geometry":{"type":"Point","coordinates":[72.990931,19.070716]},"properties":{"id":"osm:way/563838049","name":null,"category":"sports","subtype":"leisure=pitch","source":"osm"}},{"type":"Feature","geometry":{"type":"Point","coordinates":[72.991793,19.070303]},"properties":{"id":"osm:way/563838050","name":null,"category":"sports","subtype":"leisure=pitch","source":"osm"}},{"type":"Feature","geometry":{"type":"Point","coordinates":[72.991541,19.07106]},"properties":{"id":"osm:way/563838051","name":null,"category":"sports","subtype":"leisure=swimming_pool","source":"osm"}},{"type":"Feature","geometry":{"type":"Point","coordinates":[72.921212,19.106088]},"properties":{"id":"osm:way/564566797","name":null,"category":"sports","subtype":"leisure=playground","source":"osm"}},{"type":"Feature","geometry":{"type":"Point","coordinates":[72.861008,19.076979]},"properties":{"id":"osm:way/564571414","name":null,"category":"sports","subtype":"leisure=playground","source":"osm"}},{"type":"Feature","geometry":{"type":"Point","coordinates":[72.836092,19.010601]},"properties":{"id":"osm:way/564618854","name":null,"category":"sports","subtype":"leisure=swimming_pool","source":"osm"}},{"type":"Feature","geometry":{"type":"Point","coordinates":[73.019646,18.961159]},"properties":{"id":"osm:way/564925953","name":null,"category":"sports","subtype":"leisure=pitch","source":"osm"}},{"type":"Feature","geometry":{"type":"Point","coordinates":[73.019734,18.961711]},"properties":{"id":"osm:way/564925955","name":null,"category":"sports","subtype":"leisure=swimming_pool","source":"osm"}},{"type":"Feature","geometry":{"type":"Point","coordinates":[73.01547,18.96854]},"properties":{"id":"osm:way/564925960","name":null,"category":"sports","subtype":"leisure=pitch","source":"osm"}},{"type":"Feature","geometry":{"type":"Point","coordinates":[73.000772,19.07088]},"properties":{"id":"osm:way/566008164","name":"Babu Genu Playground","category":"sports","subtype":"leisure=playground","source":"osm","access":"yes"}},{"type":"Feature","geometry":{"type":"Point","coordinates":[72.985583,19.069637]},"properties":{"id":"osm:way/566076856","name":"Shivtirth Playground","category":"sports","subtype":"leisure=playground","source":"osm"}},{"type":"Feature","geometry":{"type":"Point","coordinates":[73.004652,19.082616]},"properties":{"id":"osm:way/566083269","name":"Navi Mumbai Merchant Gymkhana","category":"sports","subtype":"leisure=sports_centre","source":"osm"}},{"type":"Feature","geometry":{"type":"Point","coordinates":[72.992854,19.07806]},"properties":{"id":"osm:way/566099458","name":null,"category":"sports","subtype":"leisure=pitch","source":"osm"}},{"type":"Feature","geometry":{"type":"Point","coordinates":[72.993235,19.07836]},"properties":{"id":"osm:way/566099460","name":"Fr. Agnel's Sports Centre","category":"sports","subtype":"leisure=sports_centre","source":"osm"}},{"type":"Feature","geometry":{"type":"Point","coordinates":[72.913709,19.108867]},"properties":{"id":"osm:way/566657542","name":null,"category":"sports","subtype":"leisure=playground","source":"osm"}},{"type":"Feature","geometry":{"type":"Point","coordinates":[72.917718,19.106124]},"properties":{"id":"osm:way/566659868","name":null,"category":"sports","subtype":"leisure=pitch","source":"osm"}},{"type":"Feature","geometry":{"type":"Point","coordinates":[73.00436,19.057838]},"properties":{"id":"osm:way/570844273","name":null,"category":"sports","subtype":"leisure=playground","source":"osm"}},{"type":"Feature","geometry":{"type":"Point","coordinates":[72.8544,19.106236]},"properties":{"id":"osm:way/570936325","name":null,"category":"sports","subtype":"leisure=playground","source":"osm"}},{"type":"Feature","geometry":{"type":"Point","coordinates":[73.009098,19.015098]},"properties":{"id":"osm:way/572640716","name":"Gaondevi Ground","category":"sports","subtype":"leisure=playground","source":"osm"}},{"type":"Feature","geometry":{"type":"Point","coordinates":[73.011706,19.045511]},"properties":{"id":"osm:way/572820089","name":"Senapati Netaji Palkar Ground","category":"sports","subtype":"leisure=playground","source":"osm"}},{"type":"Feature","geometry":{"type":"Point","coordinates":[73.013364,19.090495]},"properties":{"id":"osm:way/573403993","name":null,"category":"sports","subtype":"leisure=playground","source":"osm"}},{"type":"Feature","geometry":{"type":"Point","coordinates":[72.999414,19.078522]},"properties":{"id":"osm:way/573583723","name":"Meenatai Thackrey Ground","category":"sports","subtype":"leisure=playground","source":"osm"}},{"type":"Feature","geometry":{"type":"Point","coordinates":[72.996855,19.078405]},"properties":{"id":"osm:way/573956076","name":"Chhatrapati Sambhajiraje Ground","category":"sports","subtype":"leisure=playground","source":"osm"}},{"type":"Feature","geometry":{"type":"Point","coordinates":[73.016208,19.048923]},"properties":{"id":"osm:way/575018137","name":"Ganesh Ground","category":"sports","subtype":"leisure=playground","source":"osm"}},{"type":"Feature","geometry":{"type":"Point","coordinates":[73.016631,19.05073]},"properties":{"id":"osm:way/575018142","name":"Gaondevi Ground","category":"sports","subtype":"leisure=playground","source":"osm"}},{"type":"Feature","geometry":{"type":"Point","coordinates":[72.993906,19.120136]},"properties":{"id":"osm:way/576980716","name":null,"category":"sports","subtype":"leisure=playground","source":"osm","access":"yes"}},{"type":"Feature","geometry":{"type":"Point","coordinates":[73.011292,19.037497]},"properties":{"id":"osm:way/578325206","name":"Meerabai Thackray Ground","category":"sports","subtype":"leisure=playground","source":"osm"}},{"type":"Feature","geometry":{"type":"Point","coordinates":[73.011679,19.060753]},"properties":{"id":"osm:way/578746062","name":"Sector-7 Ground","category":"sports","subtype":"leisure=playground","source":"osm"}},{"type":"Feature","geometry":{"type":"Point","coordinates":[73.012958,19.059188]},"properties":{"id":"osm:way/578746075","name":"Jeejabai Ground","category":"sports","subtype":"leisure=playground","source":"osm"}},{"type":"Feature","geometry":{"type":"Point","coordinates":[73.014592,19.065621]},"properties":{"id":"osm:way/578783771","name":"Gaondevi Ground","category":"sports","subtype":"leisure=playground","source":"osm"}},{"type":"Feature","geometry":{"type":"Point","coordinates":[73.010288,19.06241]},"properties":{"id":"osm:way/578783784","name":"Sanpada Ground","category":"sports","subtype":"leisure=playground","source":"osm"}},{"type":"Feature","geometry":{"type":"Point","coordinates":[73.014473,19.058055]},"properties":{"id":"osm:way/578783801","name":"MTNL Ground","category":"sports","subtype":"leisure=playground","source":"osm","wheelchair":"yes"}},{"type":"Feature","geometry":{"type":"Point","coordinates":[73.004138,19.062606]},"properties":{"id":"osm:way/578795278","name":null,"category":"sports","subtype":"leisure=playground","source":"osm"}},{"type":"Feature","geometry":{"type":"Point","coordinates":[72.968776,19.189485]},"properties":{"id":"osm:way/584299046","name":null,"category":"sports","subtype":"leisure=playground","source":"osm","access":"yes"}},{"type":"Feature","geometry":{"type":"Point","coordinates":[72.908967,19.080296]},"properties":{"id":"osm:way/593734723","name":"Odean Swimming Pool","category":"sports","subtype":"leisure=swimming_pool","source":"osm","access":"permissive"}},{"type":"Feature","geometry":{"type":"Point","coordinates":[72.797703,18.956784]},"properties":{"id":"osm:way/596409229","name":null,"category":"sports","subtype":"leisure=fitness_centre","source":"osm"}},{"type":"Feature","geometry":{"type":"Point","coordinates":[73.007551,19.128775]},"properties":{"id":"osm:way/597204375","name":null,"category":"sports","subtype":"leisure=pitch","source":"osm"}},{"type":"Feature","geometry":{"type":"Point","coordinates":[73.008682,19.128781]},"properties":{"id":"osm:way/597204376","name":null,"category":"sports","subtype":"leisure=pitch","source":"osm"}},{"type":"Feature","geometry":{"type":"Point","coordinates":[73.009512,19.128806]},"properties":{"id":"osm:way/597204377","name":null,"category":"sports","subtype":"leisure=pitch","source":"osm"}},{"type":"Feature","geometry":{"type":"Point","coordinates":[73.018294,18.961713]},"properties":{"id":"osm:way/600571119","name":null,"category":"sports","subtype":"leisure=pitch","source":"osm"}},{"type":"Feature","geometry":{"type":"Point","coordinates":[73.010317,19.032371]},"properties":{"id":"osm:way/603575230","name":"Prabodhankar Thakare Ground","category":"sports","subtype":"leisure=playground","source":"osm"}},{"type":"Feature","geometry":{"type":"Point","coordinates":[73.011364,19.030165]},"properties":{"id":"osm:way/603575586","name":"Bamandev Ground, seawood","category":"sports","subtype":"leisure=pitch","source":"osm"}},{"type":"Feature","geometry":{"type":"Point","coordinates":[72.940343,19.180135]},"properties":{"id":"osm:way/605980557","name":"Golden Willows Club Swimming Pool","category":"sports","subtype":"leisure=swimming_pool","source":"osm","access":"private"}},{"type":"Feature","geometry":{"type":"Point","coordinates":[73.005428,19.107669]},"properties":{"id":"osm:way/606556881","name":null,"category":"sports","subtype":"leisure=playground","source":"osm"}},{"type":"Feature","geometry":{"type":"Point","coordinates":[73.007018,19.10258]},"properties":{"id":"osm:way/606563065","name":null,"category":"sports","subtype":"leisure=playground","source":"osm","access":"yes"}},{"type":"Feature","geometry":{"type":"Point","coordinates":[73.00133,19.100959]},"properties":{"id":"osm:way/606563067","name":null,"category":"sports","subtype":"leisure=playground","source":"osm"}},{"type":"Feature","geometry":{"type":"Point","coordinates":[72.996646,19.098324]},"properties":{"id":"osm:way/606563075","name":"Bhumiputra Ground KK","category":"sports","subtype":"leisure=pitch","source":"osm"}},{"type":"Feature","geometry":{"type":"Point","coordinates":[72.999264,19.108937]},"properties":{"id":"osm:way/606593710","name":"Vishwarao Playground","category":"sports","subtype":"leisure=playground","source":"osm"}},{"type":"Feature","geometry":{"type":"Point","coordinates":[73.002228,19.10458]},"properties":{"id":"osm:way/606593714","name":"Koparkhairne Ground","category":"sports","subtype":"leisure=playground","source":"osm"}},{"type":"Feature","geometry":{"type":"Point","coordinates":[73.014793,19.068424]},"properties":{"id":"osm:way/607049961","name":null,"category":"sports","subtype":"leisure=playground","source":"osm"}},{"type":"Feature","geometry":{"type":"Point","coordinates":[72.927205,19.102848]},"properties":{"id":"osm:way/608390701","name":null,"category":"sports","subtype":"leisure=swimming_pool","source":"osm"}},{"type":"Feature","geometry":{"type":"Point","coordinates":[72.865767,19.036316]},"properties":{"id":"osm:way/611830533","name":null,"category":"sports","subtype":"leisure=playground","source":"osm"}},{"type":"Feature","geometry":{"type":"Point","coordinates":[72.979862,19.192291]},"properties":{"id":"osm:way/612200255","name":"Dadoji Konddev Stadium","category":"sports","subtype":"leisure=stadium","source":"osm"}},{"type":"Feature","geometry":{"type":"Point","coordinates":[72.979779,19.192409]},"properties":{"id":"osm:way/612200258","name":null,"category":"sports","subtype":"leisure=pitch","source":"osm"}},{"type":"Feature","geometry":{"type":"Point","coordinates":[72.835457,19.129034]},"properties":{"id":"osm:way/615975447","name":null,"category":"sports","subtype":"leisure=pitch","source":"osm","access":"permissive"}},{"type":"Feature","geometry":{"type":"Point","coordinates":[72.934249,19.147274]},"properties":{"id":"osm:way/617989961","name":null,"category":"sports","subtype":"leisure=playground","source":"osm"}},{"type":"Feature","geometry":{"type":"Point","coordinates":[72.824824,18.932228]},"properties":{"id":"osm:way/618829925","name":null,"category":"sports","subtype":"leisure=pitch","source":"osm"}},{"type":"Feature","geometry":{"type":"Point","coordinates":[72.911067,19.134722]},"properties":{"id":"osm:way/622224643","name":"Football field","category":"sports","subtype":"leisure=pitch","source":"osm"}},{"type":"Feature","geometry":{"type":"Point","coordinates":[72.917469,19.127135]},"properties":{"id":"osm:way/622791282","name":"Childrens Park","category":"sports","subtype":"leisure=playground","source":"osm","access":"yes"}},{"type":"Feature","geometry":{"type":"Point","coordinates":[72.914091,19.125744]},"properties":{"id":"osm:way/622819502","name":"Sarovar Udyan","category":"sports","subtype":"leisure=playground","source":"osm"}},{"type":"Feature","geometry":{"type":"Point","coordinates":[72.853072,19.012055]},"properties":{"id":"osm:way/625740755","name":null,"category":"sports","subtype":"leisure=swimming_pool","source":"osm"}},{"type":"Feature","geometry":{"type":"Point","coordinates":[72.855453,19.076195]},"properties":{"id":"osm:way/626142579","name":"Police Grounds","category":"sports","subtype":"leisure=pitch","source":"osm"}},{"type":"Feature","geometry":{"type":"Point","coordinates":[72.854421,19.072736]},"properties":{"id":"osm:way/626142580","name":null,"category":"sports","subtype":"leisure=pitch","source":"osm"}},{"type":"Feature","geometry":{"type":"Point","coordinates":[72.853673,19.073961]},"properties":{"id":"osm:way/626142581","name":null,"category":"sports","subtype":"leisure=pitch","source":"osm"}},{"type":"Feature","geometry":{"type":"Point","coordinates":[72.854318,19.074115]},"properties":{"id":"osm:way/626142582","name":null,"category":"sports","subtype":"leisure=pitch","source":"osm"}},{"type":"Feature","geometry":{"type":"Point","coordinates":[72.855411,19.074058]},"properties":{"id":"osm:way/626142583","name":null,"category":"sports","subtype":"leisure=pitch","source":"osm"}},{"type":"Feature","geometry":{"type":"Point","coordinates":[72.854625,19.073607]},"properties":{"id":"osm:way/626142584","name":"University of Mumbai Sports Complex","category":"sports","subtype":"leisure=sports_centre","source":"osm","operator":"University of Mumbai"}},{"type":"Feature","geometry":{"type":"Point","coordinates":[72.85574,19.077098]},"properties":{"id":"osm:way/626142591","name":null,"category":"sports","subtype":"leisure=pitch","source":"osm"}},{"type":"Feature","geometry":{"type":"Point","coordinates":[72.904831,19.058651]},"properties":{"id":"osm:way/626185280","name":"Ramesh Atmaram Bhau Ground","category":"sports","subtype":"leisure=playground","source":"osm"}},{"type":"Feature","geometry":{"type":"Point","coordinates":[72.906008,19.059998]},"properties":{"id":"osm:way/626185281","name":null,"category":"sports","subtype":"leisure=playground","source":"osm"}},{"type":"Feature","geometry":{"type":"Point","coordinates":[72.901832,19.059675]},"properties":{"id":"osm:way/626185286","name":null,"category":"sports","subtype":"leisure=swimming_pool","source":"osm"}},{"type":"Feature","geometry":{"type":"Point","coordinates":[72.909695,19.062148]},"properties":{"id":"osm:way/626185293","name":null,"category":"sports","subtype":"leisure=playground","source":"osm"}},{"type":"Feature","geometry":{"type":"Point","coordinates":[72.921638,19.050891]},"properties":{"id":"osm:way/626243774","name":null,"category":"sports","subtype":"leisure=playground","source":"osm"}},{"type":"Feature","geometry":{"type":"Point","coordinates":[72.926183,19.050173]},"properties":{"id":"osm:way/626243857","name":null,"category":"sports","subtype":"leisure=playground","source":"osm"}},{"type":"Feature","geometry":{"type":"Point","coordinates":[72.926358,19.051356]},"properties":{"id":"osm:way/626243858","name":"Lallubai Ground","category":"sports","subtype":"leisure=playground","source":"osm"}},{"type":"Feature","geometry":{"type":"Point","coordinates":[72.925893,19.064475]},"properties":{"id":"osm:way/626246892","name":null,"category":"sports","subtype":"leisure=playground","source":"osm"}},{"type":"Feature","geometry":{"type":"Point","coordinates":[72.913543,19.062829]},"properties":{"id":"osm:way/626348955","name":"RBK School Ground","category":"sports","subtype":"leisure=playground","source":"osm"}},{"type":"Feature","geometry":{"type":"Point","coordinates":[72.913518,19.058231]},"properties":{"id":"osm:way/626348962","name":null,"category":"sports","subtype":"leisure=playground","source":"osm"}},{"type":"Feature","geometry":{"type":"Point","coordinates":[72.927713,19.060854]},"properties":{"id":"osm:way/626354963","name":null,"category":"sports","subtype":"leisure=playground","source":"osm"}},{"type":"Feature","geometry":{"type":"Point","coordinates":[72.902108,19.069506]},"properties":{"id":"osm:way/626376019","name":null,"category":"sports","subtype":"leisure=playground","source":"osm"}},{"type":"Feature","geometry":{"type":"Point","coordinates":[72.859469,19.003786]},"properties":{"id":"osm:way/626382668","name":null,"category":"sports","subtype":"leisure=pitch","source":"osm"}},{"type":"Feature","geometry":{"type":"Point","coordinates":[72.859758,19.004589]},"properties":{"id":"osm:way/626382669","name":null,"category":"sports","subtype":"leisure=swimming_pool","source":"osm"}},{"type":"Feature","geometry":{"type":"Point","coordinates":[72.856145,19.011033]},"properties":{"id":"osm:way/626382675","name":null,"category":"sports","subtype":"leisure=playground","source":"osm"}},{"type":"Feature","geometry":{"type":"Point","coordinates":[72.980678,19.19816]},"properties":{"id":"osm:way/627249059","name":"Central Ground","category":"sports","subtype":"leisure=pitch","source":"osm","access":"yes"}},{"type":"Feature","geometry":{"type":"Point","coordinates":[72.981242,19.197633]},"properties":{"id":"osm:way/627249060","name":null,"category":"sports","subtype":"leisure=pitch","source":"osm"}},{"type":"Feature","geometry":{"type":"Point","coordinates":[72.844118,19.11103]},"properties":{"id":"osm:way/627262081","name":null,"category":"sports","subtype":"leisure=playground","source":"osm","access":"yes"}},{"type":"Feature","geometry":{"type":"Point","coordinates":[72.974015,19.193665]},"properties":{"id":"osm:way/627539079","name":null,"category":"sports","subtype":"leisure=swimming_pool","source":"osm"}},{"type":"Feature","geometry":{"type":"Point","coordinates":[72.966279,19.210353]},"properties":{"id":"osm:way/627547483","name":null,"category":"sports","subtype":"leisure=pitch","source":"osm"}},{"type":"Feature","geometry":{"type":"Point","coordinates":[72.966339,19.210324]},"properties":{"id":"osm:way/627547484","name":null,"category":"sports","subtype":"leisure=pitch","source":"osm"}},{"type":"Feature","geometry":{"type":"Point","coordinates":[72.965712,19.20739]},"properties":{"id":"osm:way/627548205","name":null,"category":"sports","subtype":"leisure=pitch","source":"osm"}},{"type":"Feature","geometry":{"type":"Point","coordinates":[72.953489,19.18181]},"properties":{"id":"osm:way/627612996","name":null,"category":"sports","subtype":"leisure=playground","source":"osm","access":"yes"}},{"type":"Feature","geometry":{"type":"Point","coordinates":[72.938949,19.162691]},"properties":{"id":"osm:way/627613008","name":null,"category":"sports","subtype":"leisure=pitch","source":"osm"}},{"type":"Feature","geometry":{"type":"Point","coordinates":[72.94442,19.16027]},"properties":{"id":"osm:way/627628773","name":null,"category":"sports","subtype":"leisure=pitch","source":"osm"}},{"type":"Feature","geometry":{"type":"Point","coordinates":[72.955828,19.182361]},"properties":{"id":"osm:way/627628782","name":"Barku Govind Patil Udyan","category":"sports","subtype":"leisure=pitch","source":"osm"}},{"type":"Feature","geometry":{"type":"Point","coordinates":[72.994137,19.149544]},"properties":{"id":"osm:way/627751340","name":null,"category":"sports","subtype":"leisure=pitch","source":"osm"}},{"type":"Feature","geometry":{"type":"Point","coordinates":[72.875702,19.112449]},"properties":{"id":"osm:way/628774505","name":null,"category":"sports","subtype":"leisure=playground","source":"osm"}},{"type":"Feature","geometry":{"type":"Point","coordinates":[72.862369,19.117418]},"properties":{"id":"osm:way/628785866","name":null,"category":"sports","subtype":"leisure=pitch","source":"osm"}},{"type":"Feature","geometry":{"type":"Point","coordinates":[72.865357,19.127195]},"properties":{"id":"osm:way/628790464","name":null,"category":"sports","subtype":"leisure=pitch","source":"osm"}},{"type":"Feature","geometry":{"type":"Point","coordinates":[72.864874,19.127349]},"properties":{"id":"osm:way/628790467","name":null,"category":"sports","subtype":"leisure=playground","source":"osm"}},{"type":"Feature","geometry":{"type":"Point","coordinates":[72.8615,19.126366]},"properties":{"id":"osm:way/628790469","name":null,"category":"sports","subtype":"leisure=playground","source":"osm"}},{"type":"Feature","geometry":{"type":"Point","coordinates":[72.88849,19.123211]},"properties":{"id":"osm:way/628861212","name":null,"category":"sports","subtype":"leisure=playground","source":"osm"}},{"type":"Feature","geometry":{"type":"Point","coordinates":[72.873419,19.171447]},"properties":{"id":"osm:way/629015658","name":"Aarey Bhaskar Ground","category":"sports","subtype":"leisure=pitch","source":"osm"}},{"type":"Feature","geometry":{"type":"Point","coordinates":[72.844782,19.166165]},"properties":{"id":"osm:way/629061876","name":null,"category":"sports","subtype":"leisure=playground","source":"osm"}},{"type":"Feature","geometry":{"type":"Point","coordinates":[72.871357,19.153013]},"properties":{"id":"osm:way/632105845","name":null,"category":"sports","subtype":"leisure=playground","source":"osm"}},{"type":"Feature","geometry":{"type":"Point","coordinates":[72.944718,19.166197]},"properties":{"id":"osm:way/632245754","name":null,"category":"sports","subtype":"leisure=playground","source":"osm"}},{"type":"Feature","geometry":{"type":"Point","coordinates":[72.947468,19.165806]},"properties":{"id":"osm:way/632245755","name":null,"category":"sports","subtype":"leisure=playground","source":"osm"}},{"type":"Feature","geometry":{"type":"Point","coordinates":[72.94812,19.172867]},"properties":{"id":"osm:way/632245756","name":null,"category":"sports","subtype":"leisure=swimming_pool","source":"osm"}},{"type":"Feature","geometry":{"type":"Point","coordinates":[72.948116,19.173261]},"properties":{"id":"osm:way/632245757","name":null,"category":"sports","subtype":"leisure=swimming_pool","source":"osm"}},{"type":"Feature","geometry":{"type":"Point","coordinates":[72.96356,19.167672]},"properties":{"id":"osm:way/632266769","name":null,"category":"sports","subtype":"leisure=pitch","source":"osm"}},{"type":"Feature","geometry":{"type":"Point","coordinates":[72.963487,19.16748]},"properties":{"id":"osm:way/632266771","name":"Mulund Gymkhana","category":"sports","subtype":"leisure=sports_centre","source":"osm"}},{"type":"Feature","geometry":{"type":"Point","coordinates":[72.948585,19.173716]},"properties":{"id":"osm:way/632270397","name":"Kalidas Sports Complex","category":"sports","subtype":"leisure=sports_centre","source":"osm"}},{"type":"Feature","geometry":{"type":"Point","coordinates":[72.820007,19.043396]},"properties":{"id":"osm:way/635294994","name":null,"category":"sports","subtype":"leisure=swimming_pool","source":"osm","access":"customers"}},{"type":"Feature","geometry":{"type":"Point","coordinates":[72.935731,19.165911]},"properties":{"id":"osm:way/643077447","name":"Cricket Ground","category":"sports","subtype":"leisure=playground","source":"osm"}},{"type":"Feature","geometry":{"type":"Point","coordinates":[72.936251,19.164776]},"properties":{"id":"osm:way/643077449","name":"Kids Area","category":"sports","subtype":"leisure=playground","source":"osm"}},{"type":"Feature","geometry":{"type":"Point","coordinates":[72.935658,19.16568]},"properties":{"id":"osm:way/643077462","name":"Clubhouse","category":"sports","subtype":"leisure=sports_centre","source":"osm"}},{"type":"Feature","geometry":{"type":"Point","coordinates":[73.012414,19.011061]},"properties":{"id":"osm:way/652174244","name":null,"category":"sports","subtype":"leisure=swimming_pool","source":"osm","access":"private"}},{"type":"Feature","geometry":{"type":"Point","coordinates":[73.013975,19.025355]},"properties":{"id":"osm:way/653088400","name":"Open ground to play","category":"sports","subtype":"leisure=playground","source":"osm"}},{"type":"Feature","geometry":{"type":"Point","coordinates":[72.816459,19.135941]},"properties":{"id":"osm:way/653538261","name":null,"category":"sports","subtype":"leisure=swimming_pool","source":"osm"}},{"type":"Feature","geometry":{"type":"Point","coordinates":[72.855019,19.197479]},"properties":{"id":"osm:way/658437743","name":null,"category":"sports","subtype":"leisure=swimming_pool","source":"osm"}},{"type":"Feature","geometry":{"type":"Point","coordinates":[72.913238,19.133877]},"properties":{"id":"osm:way/659864925","name":"Hockey Ground","category":"sports","subtype":"leisure=pitch","source":"osm"}},{"type":"Feature","geometry":{"type":"Point","coordinates":[73.01246,19.058145]},"properties":{"id":"osm:way/661360013","name":null,"category":"sports","subtype":"leisure=swimming_pool","source":"osm","access":"private"}},{"type":"Feature","geometry":{"type":"Point","coordinates":[72.82594,18.932022]},"properties":{"id":"osm:way/664389952","name":null,"category":"sports","subtype":"leisure=pitch","source":"osm"}},{"type":"Feature","geometry":{"type":"Point","coordinates":[72.82607,18.931975]},"properties":{"id":"osm:way/664389953","name":null,"category":"sports","subtype":"leisure=pitch","source":"osm"}},{"type":"Feature","geometry":{"type":"Point","coordinates":[72.826204,18.931921]},"properties":{"id":"osm:way/664389954","name":null,"category":"sports","subtype":"leisure=pitch","source":"osm"}},{"type":"Feature","geometry":{"type":"Point","coordinates":[72.825741,18.931641]},"properties":{"id":"osm:way/664389955","name":null,"category":"sports","subtype":"leisure=pitch","source":"osm"}},{"type":"Feature","geometry":{"type":"Point","coordinates":[72.825878,18.931586]},"properties":{"id":"osm:way/664389956","name":null,"category":"sports","subtype":"leisure=pitch","source":"osm"}},{"type":"Feature","geometry":{"type":"Point","coordinates":[72.825748,18.931284]},"properties":{"id":"osm:way/664389957","name":null,"category":"sports","subtype":"leisure=pitch","source":"osm"}},{"type":"Feature","geometry":{"type":"Point","coordinates":[72.825605,18.931332]},"properties":{"id":"osm:way/664389958","name":null,"category":"sports","subtype":"leisure=pitch","source":"osm"}},{"type":"Feature","geometry":{"type":"Point","coordinates":[72.835093,19.129925]},"properties":{"id":"osm:way/665362867","name":null,"category":"sports","subtype":"leisure=pitch","source":"osm"}},{"type":"Feature","geometry":{"type":"Point","coordinates":[72.946773,19.168702]},"properties":{"id":"osm:way/665670049","name":null,"category":"sports","subtype":"leisure=playground","source":"osm"}},{"type":"Feature","geometry":{"type":"Point","coordinates":[72.938449,19.14845]},"properties":{"id":"osm:way/666020854","name":null,"category":"sports","subtype":"leisure=pitch","source":"osm"}},{"type":"Feature","geometry":{"type":"Point","coordinates":[72.933941,19.173568]},"properties":{"id":"osm:way/667167842","name":null,"category":"sports","subtype":"leisure=playground","source":"osm"}},{"type":"Feature","geometry":{"type":"Point","coordinates":[72.898533,19.081237]},"properties":{"id":"osm:way/668548466","name":null,"category":"sports","subtype":"leisure=swimming_pool","source":"osm"}},{"type":"Feature","geometry":{"type":"Point","coordinates":[72.838246,19.025703]},"properties":{"id":"osm:way/668548492","name":null,"category":"sports","subtype":"leisure=pitch","source":"osm"}},{"type":"Feature","geometry":{"type":"Point","coordinates":[72.838093,19.025703]},"properties":{"id":"osm:way/668548494","name":null,"category":"sports","subtype":"leisure=pitch","source":"osm"}},{"type":"Feature","geometry":{"type":"Point","coordinates":[72.836202,19.028331]},"properties":{"id":"osm:way/668548495","name":null,"category":"sports","subtype":"leisure=swimming_pool","source":"osm"}},{"type":"Feature","geometry":{"type":"Point","coordinates":[72.836138,19.028173]},"properties":{"id":"osm:way/668548498","name":null,"category":"sports","subtype":"leisure=swimming_pool","source":"osm"}},{"type":"Feature","geometry":{"type":"Point","coordinates":[72.836032,19.027974]},"properties":{"id":"osm:way/668548500","name":null,"category":"sports","subtype":"leisure=swimming_pool","source":"osm"}},{"type":"Feature","geometry":{"type":"Point","coordinates":[72.836343,19.027976]},"properties":{"id":"osm:way/668548501","name":null,"category":"sports","subtype":"leisure=swimming_pool","source":"osm"}},{"type":"Feature","geometry":{"type":"Point","coordinates":[72.858377,19.025453]},"properties":{"id":"osm:way/668730741","name":"Don Bosco Matunga Hockey Turf","category":"sports","subtype":"leisure=pitch","source":"osm"}},{"type":"Feature","geometry":{"type":"Point","coordinates":[72.857466,19.018663]},"properties":{"id":"osm:way/668730745","name":"Maharshi Karve Park","category":"sports","subtype":"leisure=playground","source":"osm"}},{"type":"Feature","geometry":{"type":"Point","coordinates":[72.856203,19.022264]},"properties":{"id":"osm:way/668730750","name":null,"category":"sports","subtype":"leisure=pitch","source":"osm"}},{"type":"Feature","geometry":{"type":"Point","coordinates":[72.855719,19.021346]},"properties":{"id":"osm:way/668730759","name":null,"category":"sports","subtype":"leisure=pitch","source":"osm"}},{"type":"Feature","geometry":{"type":"Point","coordinates":[72.855459,19.020074]},"properties":{"id":"osm:way/668730760","name":null,"category":"sports","subtype":"leisure=pitch","source":"osm"}},{"type":"Feature","geometry":{"type":"Point","coordinates":[72.974319,19.178377]},"properties":{"id":"osm:way/678331548","name":"NITTRO","category":"sports","subtype":"leisure=swimming_pool","source":"osm"}},{"type":"Feature","geometry":{"type":"Point","coordinates":[72.978522,19.181978]},"properties":{"id":"osm:way/678334169","name":"Pandit Ram Marathe Balodyyan","category":"sports","subtype":"leisure=playground","source":"osm"}},{"type":"Feature","geometry":{"type":"Point","coordinates":[72.856412,19.203592]},"properties":{"id":"osm:way/678371202","name":"Pramod Mahajan Playground","category":"sports","subtype":"leisure=playground","source":"osm"}},{"type":"Feature","geometry":{"type":"Point","coordinates":[72.971239,19.173565]},"properties":{"id":"osm:way/679503280","name":"BMC Reserved Area Play Ground","category":"sports","subtype":"leisure=playground","source":"osm"}},{"type":"Feature","geometry":{"type":"Point","coordinates":[72.976135,19.183109]},"properties":{"id":"osm:way/680069929","name":"Sant Tukaram Ground","category":"sports","subtype":"leisure=playground","source":"osm"}},{"type":"Feature","geometry":{"type":"Point","coordinates":[72.969613,19.178288]},"properties":{"id":"osm:way/680263955","name":"Kopri Police Ground","category":"sports","subtype":"leisure=pitch","source":"osm"}},{"type":"Feature","geometry":{"type":"Point","coordinates":[72.977136,19.194179]},"properties":{"id":"osm:way/680538975","name":"Shivaji Maidan","category":"sports","subtype":"leisure=playground","source":"osm"}},{"type":"Feature","geometry":{"type":"Point","coordinates":[72.968209,19.180095]},"properties":{"id":"osm:way/680563770","name":"Thane Gymkhana Officers Club","category":"sports","subtype":"leisure=sports_centre","source":"osm"}},{"type":"Feature","geometry":{"type":"Point","coordinates":[72.979702,19.180552]},"properties":{"id":"osm:way/681770166","name":null,"category":"sports","subtype":"leisure=playground","source":"osm"}},{"type":"Feature","geometry":{"type":"Point","coordinates":[72.978267,19.186172]},"properties":{"id":"osm:way/681770594","name":"The United Sports Club","category":"sports","subtype":"leisure=playground","source":"osm"}},{"type":"Feature","geometry":{"type":"Point","coordinates":[72.975178,19.19828]},"properties":{"id":"osm:way/682187088","name":"Mavli Mandal Playground","category":"sports","subtype":"leisure=playground","source":"osm"}},{"type":"Feature","geometry":{"type":"Point","coordinates":[72.972052,19.1926]},"properties":{"id":"osm:way/682234193","name":"Phadke Swiming Pool","category":"sports","subtype":"leisure=swimming_pool","source":"osm"}},{"type":"Feature","geometry":{"type":"Point","coordinates":[72.968675,19.180105]},"properties":{"id":"osm:way/682277262","name":null,"category":"sports","subtype":"leisure=playground","source":"osm"}},{"type":"Feature","geometry":{"type":"Point","coordinates":[72.973619,19.175626]},"properties":{"id":"osm:way/682277265","name":"Hariom Nagar BMC Playground","category":"sports","subtype":"leisure=playground","source":"osm"}},{"type":"Feature","geometry":{"type":"Point","coordinates":[72.899382,19.079583]},"properties":{"id":"osm:way/682572536","name":"Chittaranjan Udyan","category":"sports","subtype":"leisure=playground","source":"osm","access":"yes"}},{"type":"Feature","geometry":{"type":"Point","coordinates":[72.97143,19.175296]},"properties":{"id":"osm:way/683266850","name":"Soham Park Private Pool","category":"sports","subtype":"leisure=swimming_pool","source":"osm","access":"private"}},{"type":"Feature","geometry":{"type":"Point","coordinates":[72.969525,19.176741]},"properties":{"id":"osm:way/684436466","name":null,"category":"sports","subtype":"leisure=playground","source":"osm"}},{"type":"Feature","geometry":{"type":"Point","coordinates":[72.969151,19.176235]},"properties":{"id":"osm:way/684436472","name":null,"category":"sports","subtype":"leisure=playground","source":"osm"}},{"type":"Feature","geometry":{"type":"Point","coordinates":[72.969329,19.176396]},"properties":{"id":"osm:way/684436473","name":null,"category":"sports","subtype":"leisure=playground","source":"osm"}},{"type":"Feature","geometry":{"type":"Point","coordinates":[72.866324,19.02347]},"properties":{"id":"osm:way/685276737","name":null,"category":"sports","subtype":"leisure=swimming_pool","source":"osm"}},{"type":"Feature","geometry":{"type":"Point","coordinates":[72.975604,19.233873]},"properties":{"id":"osm:way/690846327","name":"Solitaire Towers Swimming Pool","category":"sports","subtype":"leisure=swimming_pool","source":"osm","access":"customers","operator":"NIRLAC Solitaire"}},{"type":"Feature","geometry":{"type":"Point","coordinates":[72.871427,19.285092]},"properties":{"id":"osm:way/696162298","name":"Assopalav Kids Play Area","category":"sports","subtype":"leisure=playground","source":"osm","access":"private"}},{"type":"Feature","geometry":{"type":"Point","coordinates":[72.80768,19.195722]},"properties":{"id":"osm:way/698820952","name":"St. Anthony's school playground","category":"sports","subtype":"leisure=playground","source":"osm","access":"permit","operator":"St. Anthony Church","description":"The Playground of St.Anthony Church at Malad west"}},{"type":"Feature","geometry":{"type":"Point","coordinates":[72.808438,18.9563]},"properties":{"id":"osm:way/703804286","name":null,"category":"sports","subtype":"leisure=playground","source":"osm"}},{"type":"Feature","geometry":{"type":"Point","coordinates":[72.815839,18.952754]},"properties":{"id":"osm:way/703805306","name":"Volleyball/Tennis Court","category":"sports","subtype":"leisure=pitch","source":"osm"}},{"type":"Feature","geometry":{"type":"Point","coordinates":[72.833191,19.083339]},"properties":{"id":"osm:way/706489197","name":"Poddar Sports Academy","category":"sports","subtype":"leisure=sports_centre","source":"osm"}},{"type":"Feature","geometry":{"type":"Point","coordinates":[73.016581,19.030607]},"properties":{"id":"osm:way/711709585","name":"Terna College Football Turf","category":"sports","subtype":"leisure=pitch","source":"osm"}},{"type":"Feature","geometry":{"type":"Point","coordinates":[72.875009,19.294842]},"properties":{"id":"osm:way/713318000","name":null,"category":"sports","subtype":"leisure=swimming_pool","source":"osm"}},{"type":"Feature","geometry":{"type":"Point","coordinates":[72.912516,19.133793]},"properties":{"id":"osm:way/723515094","name":null,"category":"sports","subtype":"leisure=pitch","source":"osm"}},{"type":"Feature","geometry":{"type":"Point","coordinates":[72.913852,19.134875]},"properties":{"id":"osm:way/723515095","name":null,"category":"sports","subtype":"leisure=pitch","source":"osm"}},{"type":"Feature","geometry":{"type":"Point","coordinates":[72.913905,19.135039]},"properties":{"id":"osm:way/723515096","name":null,"category":"sports","subtype":"leisure=pitch","source":"osm"}},{"type":"Feature","geometry":{"type":"Point","coordinates":[72.912709,19.13374]},"properties":{"id":"osm:way/723515097","name":null,"category":"sports","subtype":"leisure=pitch","source":"osm"}},{"type":"Feature","geometry":{"type":"Point","coordinates":[72.912287,19.134562]},"properties":{"id":"osm:way/723515098","name":"Cricket Ground","category":"sports","subtype":"leisure=pitch","source":"osm"}},{"type":"Feature","geometry":{"type":"Point","coordinates":[72.979635,19.203847]},"properties":{"id":"osm:way/725445827","name":null,"category":"sports","subtype":"leisure=pitch","source":"osm"}},{"type":"Feature","geometry":{"type":"Point","coordinates":[72.990567,19.149719]},"properties":{"id":"osm:way/727738076","name":null,"category":"sports","subtype":"leisure=pitch","source":"osm"}},{"type":"Feature","geometry":{"type":"Point","coordinates":[72.987799,19.148856]},"properties":{"id":"osm:way/727738328","name":"Play Ground","category":"sports","subtype":"leisure=pitch","source":"osm"}},{"type":"Feature","geometry":{"type":"Point","coordinates":[72.831476,19.217796]},"properties":{"id":"osm:way/729980782","name":null,"category":"sports","subtype":"leisure=pitch","source":"osm","access":"yes"}},{"type":"Feature","geometry":{"type":"Point","coordinates":[72.863262,19.03885]},"properties":{"id":"osm:way/733572220","name":"Agarwada Playground","category":"sports","subtype":"leisure=playground","source":"osm"}},{"type":"Feature","geometry":{"type":"Point","coordinates":[72.885747,19.080527]},"properties":{"id":"osm:way/746576828","name":null,"category":"sports","subtype":"leisure=pitch","source":"osm","access":"permissive"}},{"type":"Feature","geometry":{"type":"Point","coordinates":[72.886127,19.080399]},"properties":{"id":"osm:way/746578240","name":"Kohinoor Cricket Ground","category":"sports","subtype":"leisure=stadium","source":"osm","opening_hours":"24/7","access":"permissive"}},{"type":"Feature","geometry":{"type":"Point","coordinates":[72.966019,19.202927]},"properties":{"id":"osm:way/748693328","name":"Shahid Hemant Karkare Krida Bhavan","category":"sports","subtype":"leisure=playground","source":"osm"}},{"type":"Feature","geometry":{"type":"Point","coordinates":[72.956809,19.193976]},"properties":{"id":"osm:way/748894731","name":null,"category":"sports","subtype":"leisure=playground","source":"osm"}},{"type":"Feature","geometry":{"type":"Point","coordinates":[72.952736,19.170769]},"properties":{"id":"osm:way/749251739","name":"Municipality Ground","category":"sports","subtype":"leisure=playground","source":"osm"}},{"type":"Feature","geometry":{"type":"Point","coordinates":[72.963892,19.183004]},"properties":{"id":"osm:way/750605237","name":"Jagruti Playground","category":"sports","subtype":"leisure=playground","source":"osm"}},{"type":"Feature","geometry":{"type":"Point","coordinates":[72.820887,19.137052]},"properties":{"id":"osm:way/766409720","name":"Swatantryavir Savarkar Vyayamshala","category":"sports","subtype":"leisure=fitness_centre","source":"osm"}},{"type":"Feature","geometry":{"type":"Point","coordinates":[72.826333,19.098586]},"properties":{"id":"osm:way/779986716","name":null,"category":"sports","subtype":"leisure=swimming_pool","source":"osm","access":"customers"}},{"type":"Feature","geometry":{"type":"Point","coordinates":[72.833434,19.051358]},"properties":{"id":"osm:way/783730707","name":null,"category":"sports","subtype":"leisure=pitch","source":"osm"}},{"type":"Feature","geometry":{"type":"Point","coordinates":[72.996232,19.148532]},"properties":{"id":"osm:way/785603203","name":"Ghadi Playground","category":"sports","subtype":"leisure=playground","source":"osm","access":"yes","description":"This is open ground for all people"}},{"type":"Feature","geometry":{"type":"Point","coordinates":[72.826487,19.132976]},"properties":{"id":"osm:way/795251135","name":null,"category":"sports","subtype":"leisure=swimming_pool","source":"osm","opening_hours":"Mo-Fr 08:00-17:00","access":"private"}},{"type":"Feature","geometry":{"type":"Point","coordinates":[72.964156,19.190676]},"properties":{"id":"osm:way/798777623","name":"Varsha Society Ground","category":"sports","subtype":"leisure=playground","source":"osm","access":"private","operator":"Varsha Co-op. Housing Society, Naupada, Thane"}},{"type":"Feature","geometry":{"type":"Point","coordinates":[72.835723,19.121452]},"properties":{"id":"osm:way/800445127","name":null,"category":"sports","subtype":"leisure=pitch","source":"osm"}},{"type":"Feature","geometry":{"type":"Point","coordinates":[72.835882,19.12145]},"properties":{"id":"osm:way/800445128","name":null,"category":"sports","subtype":"leisure=pitch","source":"osm"}},{"type":"Feature","geometry":{"type":"Point","coordinates":[72.835738,19.121123]},"properties":{"id":"osm:way/800445129","name":null,"category":"sports","subtype":"leisure=pitch","source":"osm"}},{"type":"Feature","geometry":{"type":"Point","coordinates":[72.835882,19.121125]},"properties":{"id":"osm:way/800445130","name":null,"category":"sports","subtype":"leisure=pitch","source":"osm"}},{"type":"Feature","geometry":{"type":"Point","coordinates":[72.835542,19.12099]},"properties":{"id":"osm:way/800445131","name":null,"category":"sports","subtype":"leisure=pitch","source":"osm"}},{"type":"Feature","geometry":{"type":"Point","coordinates":[72.8357,19.120806]},"properties":{"id":"osm:way/800445132","name":null,"category":"sports","subtype":"leisure=pitch","source":"osm"}},{"type":"Feature","geometry":{"type":"Point","coordinates":[72.835849,19.120788]},"properties":{"id":"osm:way/800445133","name":null,"category":"sports","subtype":"leisure=pitch","source":"osm"}},{"type":"Feature","geometry":{"type":"Point","coordinates":[72.835983,19.12077]},"properties":{"id":"osm:way/800445134","name":null,"category":"sports","subtype":"leisure=pitch","source":"osm"}},{"type":"Feature","geometry":{"type":"Point","coordinates":[72.8352,19.122587]},"properties":{"id":"osm:way/800445135","name":null,"category":"sports","subtype":"leisure=pitch","source":"osm"}},{"type":"Feature","geometry":{"type":"Point","coordinates":[72.835358,19.122582]},"properties":{"id":"osm:way/800445136","name":null,"category":"sports","subtype":"leisure=pitch","source":"osm"}},{"type":"Feature","geometry":{"type":"Point","coordinates":[72.835499,19.122577]},"properties":{"id":"osm:way/800445137","name":null,"category":"sports","subtype":"leisure=pitch","source":"osm"}},{"type":"Feature","geometry":{"type":"Point","coordinates":[72.835648,19.122574]},"properties":{"id":"osm:way/800445138","name":null,"category":"sports","subtype":"leisure=pitch","source":"osm"}},{"type":"Feature","geometry":{"type":"Point","coordinates":[72.832435,19.122577]},"properties":{"id":"osm:way/800445139","name":null,"category":"sports","subtype":"leisure=pitch","source":"osm"}},{"type":"Feature","geometry":{"type":"Point","coordinates":[72.832215,19.122599]},"properties":{"id":"osm:way/800445140","name":null,"category":"sports","subtype":"leisure=pitch","source":"osm"}},{"type":"Feature","geometry":{"type":"Point","coordinates":[72.832077,19.122597]},"properties":{"id":"osm:way/800445141","name":null,"category":"sports","subtype":"leisure=pitch","source":"osm"}},{"type":"Feature","geometry":{"type":"Point","coordinates":[72.831908,19.122601]},"properties":{"id":"osm:way/800445142","name":null,"category":"sports","subtype":"leisure=pitch","source":"osm"}},{"type":"Feature","geometry":{"type":"Point","coordinates":[72.831764,19.122601]},"properties":{"id":"osm:way/800445143","name":null,"category":"sports","subtype":"leisure=pitch","source":"osm"}},{"type":"Feature","geometry":{"type":"Point","coordinates":[72.831622,19.122602]},"properties":{"id":"osm:way/800445144","name":null,"category":"sports","subtype":"leisure=pitch","source":"osm"}},{"type":"Feature","geometry":{"type":"Point","coordinates":[72.807118,19.231848]},"properties":{"id":"osm:way/802269716","name":null,"category":"sports","subtype":"leisure=swimming_pool","source":"osm"}},{"type":"Feature","geometry":{"type":"Point","coordinates":[72.838465,19.239687]},"properties":{"id":"osm:way/802269724","name":null,"category":"sports","subtype":"leisure=swimming_pool","source":"osm"}},{"type":"Feature","geometry":{"type":"Point","coordinates":[72.834704,18.980092]},"properties":{"id":"osm:way/803334951","name":null,"category":"sports","subtype":"leisure=playground","source":"osm"}},{"type":"Feature","geometry":{"type":"Point","coordinates":[72.833602,19.221845]},"properties":{"id":"osm:way/807444543","name":"MHADA Open Playground","category":"sports","subtype":"leisure=playground","source":"osm","access":"yes"}},{"type":"Feature","geometry":{"type":"Point","coordinates":[72.839639,19.22253]},"properties":{"id":"osm:way/807452278","name":"V3 Fitness Gym","category":"sports","subtype":"leisure=fitness_centre","source":"osm","opening_hours":"Mo-Su 05:00-22:00"}},{"type":"Feature","geometry":{"type":"Point","coordinates":[72.839483,19.222043]},"properties":{"id":"osm:way/807452279","name":null,"category":"sports","subtype":"leisure=track","source":"osm"}},{"type":"Feature","geometry":{"type":"Point","coordinates":[72.839592,19.222197]},"properties":{"id":"osm:way/807452280","name":null,"category":"sports","subtype":"leisure=track","source":"osm"}},{"type":"Feature","geometry":{"type":"Point","coordinates":[72.839492,19.222115]},"properties":{"id":"osm:way/807452282","name":null,"category":"sports","subtype":"leisure=track","source":"osm"}},{"type":"Feature","geometry":{"type":"Point","coordinates":[72.839491,19.221948]},"properties":{"id":"osm:way/807452283","name":null,"category":"sports","subtype":"leisure=track","source":"osm"}},{"type":"Feature","geometry":{"type":"Point","coordinates":[72.839481,19.221786]},"properties":{"id":"osm:way/807452284","name":null,"category":"sports","subtype":"leisure=track","source":"osm"}},{"type":"Feature","geometry":{"type":"Point","coordinates":[72.839477,19.221649]},"properties":{"id":"osm:way/807452285","name":null,"category":"sports","subtype":"leisure=track","source":"osm"}},{"type":"Feature","geometry":{"type":"Point","coordinates":[72.833322,19.221746]},"properties":{"id":"osm:way/809416360","name":"fitness center","category":"sports","subtype":"leisure=fitness_centre","source":"osm"}},{"type":"Feature","geometry":{"type":"Point","coordinates":[72.846532,19.24512]},"properties":{"id":"osm:way/810192692","name":"BMC Children's Play Ground","category":"sports","subtype":"leisure=playground","source":"osm"}},{"type":"Feature","geometry":{"type":"Point","coordinates":[72.874161,19.213178]},"properties":{"id":"osm:way/813184451","name":"Thakur Shyamnarayan Cricket Nets","category":"sports","subtype":"leisure=pitch","source":"osm","access":"customers"}},{"type":"Feature","geometry":{"type":"Point","coordinates":[72.874369,19.213173]},"properties":{"id":"osm:way/813184452","name":"Thakur Shyamnarayan Football Turf","category":"sports","subtype":"leisure=pitch","source":"osm","access":"customers"}},{"type":"Feature","geometry":{"type":"Point","coordinates":[72.874273,19.212947]},"properties":{"id":"osm:way/813184453","name":"Gold's Gym Thakur Village","category":"sports","subtype":"leisure=fitness_centre","source":"osm"}},{"type":"Feature","geometry":{"type":"Point","coordinates":[72.925532,19.03214]},"properties":{"id":"osm:way/816431594","name":"PTAA Athletics Track","category":"sports","subtype":"leisure=track","source":"osm"}},{"type":"Feature","geometry":{"type":"Point","coordinates":[72.926267,19.036503]},"properties":{"id":"osm:way/816587347","name":"Atomic Energy Central School 2 Grounds","category":"sports","subtype":"leisure=playground","source":"osm","access":"private"}},{"type":"Feature","geometry":{"type":"Point","coordinates":[72.927795,19.034981]},"properties":{"id":"osm:way/816587348","name":"Atomic Energy Central School 4 Playground","category":"sports","subtype":"leisure=playground","source":"osm","access":"private"}},{"type":"Feature","geometry":{"type":"Point","coordinates":[72.975716,19.205154]},"properties":{"id":"osm:way/817548672","name":null,"category":"sports","subtype":"leisure=swimming_pool","source":"osm"}},{"type":"Feature","geometry":{"type":"Point","coordinates":[73.013192,19.018537]},"properties":{"id":"osm:way/818403266","name":null,"category":"sports","subtype":"leisure=swimming_pool","source":"osm","access":"private"}},{"type":"Feature","geometry":{"type":"Point","coordinates":[73.000281,19.06625]},"properties":{"id":"osm:way/819746396","name":null,"category":"sports","subtype":"leisure=swimming_pool","source":"osm","access":"private"}},{"type":"Feature","geometry":{"type":"Point","coordinates":[73.012786,19.037602]},"properties":{"id":"osm:way/825119619","name":"DAV GROUND","category":"sports","subtype":"leisure=pitch","source":"osm","access":"customers"}},{"type":"Feature","geometry":{"type":"Point","coordinates":[72.98851,19.06815]},"properties":{"id":"osm:way/827806705","name":null,"category":"sports","subtype":"leisure=playground","source":"osm"}},{"type":"Feature","geometry":{"type":"Point","coordinates":[72.989969,19.066875]},"properties":{"id":"osm:way/827806711","name":null,"category":"sports","subtype":"leisure=playground","source":"osm"}},{"type":"Feature","geometry":{"type":"Point","coordinates":[73.018634,19.028118]},"properties":{"id":"osm:way/827899839","name":null,"category":"sports","subtype":"leisure=playground","source":"osm"}},{"type":"Feature","geometry":{"type":"Point","coordinates":[73.019035,19.028032]},"properties":{"id":"osm:way/827899840","name":null,"category":"sports","subtype":"leisure=pitch","source":"osm"}},{"type":"Feature","geometry":{"type":"Point","coordinates":[72.970754,19.191128]},"properties":{"id":"osm:way/830079336","name":"Ghantali Maidan","category":"sports","subtype":"leisure=playground","source":"osm","access":"yes"}},{"type":"Feature","geometry":{"type":"Point","coordinates":[72.826414,19.01168]},"properties":{"id":"osm:way/830139723","name":null,"category":"sports","subtype":"leisure=swimming_pool","source":"osm","access":"private"}},{"type":"Feature","geometry":{"type":"Point","coordinates":[72.831678,19.008496]},"properties":{"id":"osm:way/830141082","name":null,"category":"sports","subtype":"leisure=swimming_pool","source":"osm"}},{"type":"Feature","geometry":{"type":"Point","coordinates":[72.854307,19.230159]},"properties":{"id":"osm:way/831190254","name":null,"category":"sports","subtype":"leisure=pitch","source":"osm"}},{"type":"Feature","geometry":{"type":"Point","coordinates":[72.845554,19.211192]},"properties":{"id":"osm:way/834685044","name":"Poisar Gymkhana","category":"sports","subtype":"leisure=pitch","source":"osm","opening_hours":"Mo oof; Tu-Su 10:00-18:00","operator":"BJP's Gopal Shetty"}},{"type":"Feature","geometry":{"type":"Point","coordinates":[72.875378,19.199821]},"properties":{"id":"osm:way/841186789","name":null,"category":"sports","subtype":"leisure=swimming_pool","source":"osm","access":"private"}},{"type":"Feature","geometry":{"type":"Point","coordinates":[73.012061,19.049829]},"properties":{"id":"osm:way/843396128","name":null,"category":"sports","subtype":"leisure=playground","source":"osm"}},{"type":"Feature","geometry":{"type":"Point","coordinates":[72.97362,19.174248]},"properties":{"id":"osm:way/846148733","name":"Yoga Shade","category":"sports","subtype":"leisure=fitness_centre","source":"osm"}},{"type":"Feature","geometry":{"type":"Point","coordinates":[72.975579,19.173671]},"properties":{"id":"osm:way/846430735","name":null,"category":"sports","subtype":"leisure=pitch","source":"osm"}},{"type":"Feature","geometry":{"type":"Point","coordinates":[72.897347,19.073337]},"properties":{"id":"osm:way/850080038","name":"Somaiya Tennis Court","category":"sports","subtype":"leisure=pitch","source":"osm"}},{"type":"Feature","geometry":{"type":"Point","coordinates":[72.991368,19.198709]},"properties":{"id":"osm:way/851752549","name":"Yashwant Rama Salvi Swimming Pool","category":"sports","subtype":"leisure=swimming_pool","source":"osm","access":"customers"}},{"type":"Feature","geometry":{"type":"Point","coordinates":[72.857274,19.049737]},"properties":{"id":"osm:way/851814497","name":null,"category":"sports","subtype":"leisure=sports_centre","source":"osm"}},{"type":"Feature","geometry":{"type":"Point","coordinates":[72.858208,19.049389]},"properties":{"id":"osm:way/851814498","name":null,"category":"sports","subtype":"leisure=pitch","source":"osm"}},{"type":"Feature","geometry":{"type":"Point","coordinates":[72.857874,19.049547]},"properties":{"id":"osm:way/851814499","name":null,"category":"sports","subtype":"leisure=swimming_pool","source":"osm"}},{"type":"Feature","geometry":{"type":"Point","coordinates":[72.85767,19.049674]},"properties":{"id":"osm:way/851814500","name":null,"category":"sports","subtype":"leisure=swimming_pool","source":"osm"}},{"type":"Feature","geometry":{"type":"Point","coordinates":[72.857093,19.049381]},"properties":{"id":"osm:way/851814501","name":null,"category":"sports","subtype":"leisure=sports_centre","source":"osm"}},{"type":"Feature","geometry":{"type":"Point","coordinates":[72.925769,19.037179]},"properties":{"id":"osm:way/853277769","name":null,"category":"sports","subtype":"leisure=pitch","source":"osm"}},{"type":"Feature","geometry":{"type":"Point","coordinates":[72.925631,19.036003]},"properties":{"id":"osm:way/853277771","name":null,"category":"sports","subtype":"leisure=pitch","source":"osm"}},{"type":"Feature","geometry":{"type":"Point","coordinates":[72.815401,19.129895]},"properties":{"id":"osm:way/856590759","name":null,"category":"sports","subtype":"leisure=swimming_pool","source":"osm"}},{"type":"Feature","geometry":{"type":"Point","coordinates":[72.826641,19.197967]},"properties":{"id":"osm:way/861120424","name":"Atharva College Swimming Pool","category":"sports","subtype":"leisure=swimming_pool","source":"osm"}},{"type":"Feature","geometry":{"type":"Point","coordinates":[72.983253,19.256839]},"properties":{"id":"osm:way/868233547","name":"Racquet Club","category":"sports","subtype":"leisure=sports_centre","source":"osm"}},{"type":"Feature","geometry":{"type":"Point","coordinates":[72.977925,19.185341]},"properties":{"id":"osm:way/883701454","name":"hariyali park","category":"sports","subtype":"leisure=playground","source":"osm","access":"yes","operator":"abcd"}},{"type":"Feature","geometry":{"type":"Point","coordinates":[72.975453,19.173532]},"properties":{"id":"osm:way/891005430","name":null,"category":"sports","subtype":"leisure=pitch","source":"osm"}},{"type":"Feature","geometry":{"type":"Point","coordinates":[72.975358,19.173953]},"properties":{"id":"osm:way/891005431","name":null,"category":"sports","subtype":"leisure=pitch","source":"osm"}},{"type":"Feature","geometry":{"type":"Point","coordinates":[72.974595,19.174273]},"properties":{"id":"osm:way/891005432","name":null,"category":"sports","subtype":"leisure=pitch","source":"osm"}},{"type":"Feature","geometry":{"type":"Point","coordinates":[72.973821,19.235403]},"properties":{"id":"osm:way/895425095","name":null,"category":"sports","subtype":"leisure=swimming_pool","source":"osm"}},{"type":"Feature","geometry":{"type":"Point","coordinates":[72.968914,19.243603]},"properties":{"id":"osm:way/895425102","name":null,"category":"sports","subtype":"leisure=swimming_pool","source":"osm"}},{"type":"Feature","geometry":{"type":"Point","coordinates":[72.970827,19.242854]},"properties":{"id":"osm:way/895425103","name":null,"category":"sports","subtype":"leisure=swimming_pool","source":"osm"}},{"type":"Feature","geometry":{"type":"Point","coordinates":[72.971091,19.240938]},"properties":{"id":"osm:way/895425104","name":null,"category":"sports","subtype":"leisure=swimming_pool","source":"osm"}},{"type":"Feature","geometry":{"type":"Point","coordinates":[72.970733,19.237736]},"properties":{"id":"osm:way/895425105","name":null,"category":"sports","subtype":"leisure=swimming_pool","source":"osm"}},{"type":"Feature","geometry":{"type":"Point","coordinates":[72.972139,19.231282]},"properties":{"id":"osm:way/895425106","name":null,"category":"sports","subtype":"leisure=swimming_pool","source":"osm"}},{"type":"Feature","geometry":{"type":"Point","coordinates":[72.971197,19.225479]},"properties":{"id":"osm:way/895425107","name":null,"category":"sports","subtype":"leisure=swimming_pool","source":"osm"}},{"type":"Feature","geometry":{"type":"Point","coordinates":[72.962406,19.223088]},"properties":{"id":"osm:way/895425108","name":null,"category":"sports","subtype":"leisure=swimming_pool","source":"osm"}},{"type":"Feature","geometry":{"type":"Point","coordinates":[72.966138,19.236561]},"properties":{"id":"osm:way/895612481","name":null,"category":"sports","subtype":"leisure=swimming_pool","source":"osm"}},{"type":"Feature","geometry":{"type":"Point","coordinates":[72.970687,19.244216]},"properties":{"id":"osm:way/895612492","name":null,"category":"sports","subtype":"leisure=playground","source":"osm","access":"private"}},{"type":"Feature","geometry":{"type":"Point","coordinates":[72.970242,19.244283]},"properties":{"id":"osm:way/895612495","name":null,"category":"sports","subtype":"leisure=pitch","source":"osm"}},{"type":"Feature","geometry":{"type":"Point","coordinates":[72.968938,19.251274]},"properties":{"id":"osm:way/895635095","name":null,"category":"sports","subtype":"leisure=swimming_pool","source":"osm"}},{"type":"Feature","geometry":{"type":"Point","coordinates":[72.863488,19.220853]},"properties":{"id":"osm:way/898029397","name":"Manoranjan Ground-Brihanmumbai Mahanagarpalika","category":"sports","subtype":"leisure=playground","source":"osm","access":"yes"}},{"type":"Feature","geometry":{"type":"Point","coordinates":[72.92554,19.034864]},"properties":{"id":"osm:way/908279295","name":null,"category":"sports","subtype":"leisure=pitch","source":"osm"}},{"type":"Feature","geometry":{"type":"Point","coordinates":[72.925037,19.035206]},"properties":{"id":"osm:way/908279296","name":null,"category":"sports","subtype":"leisure=pitch","source":"osm"}},{"type":"Feature","geometry":{"type":"Point","coordinates":[72.824703,19.079667]},"properties":{"id":"osm:way/908967318","name":"Danda FC","category":"sports","subtype":"leisure=playground","source":"osm","operator":"https://www.instagram.com/dfcindia/"}},{"type":"Feature","geometry":{"type":"Point","coordinates":[72.965366,19.225443]},"properties":{"id":"osm:way/909137815","name":null,"category":"sports","subtype":"leisure=swimming_pool","source":"osm"}},{"type":"Feature","geometry":{"type":"Point","coordinates":[72.965764,19.220852]},"properties":{"id":"osm:way/909137816","name":null,"category":"sports","subtype":"leisure=swimming_pool","source":"osm"}},{"type":"Feature","geometry":{"type":"Point","coordinates":[72.962119,19.218509]},"properties":{"id":"osm:way/909137817","name":null,"category":"sports","subtype":"leisure=swimming_pool","source":"osm"}},{"type":"Feature","geometry":{"type":"Point","coordinates":[72.960416,19.217907]},"properties":{"id":"osm:way/909137818","name":null,"category":"sports","subtype":"leisure=swimming_pool","source":"osm"}},{"type":"Feature","geometry":{"type":"Point","coordinates":[72.959428,19.22055]},"properties":{"id":"osm:way/909137819","name":null,"category":"sports","subtype":"leisure=swimming_pool","source":"osm"}},{"type":"Feature","geometry":{"type":"Point","coordinates":[72.959547,19.205793]},"properties":{"id":"osm:way/909137820","name":null,"category":"sports","subtype":"leisure=swimming_pool","source":"osm","access":"private"}},{"type":"Feature","geometry":{"type":"Point","coordinates":[72.975405,19.232167]},"properties":{"id":"osm:way/909240986","name":null,"category":"sports","subtype":"leisure=swimming_pool","source":"osm"}},{"type":"Feature","geometry":{"type":"Point","coordinates":[72.876278,19.047775]},"properties":{"id":"osm:way/909382849","name":"Somaiya Cricket Ground","category":"sports","subtype":"leisure=pitch","source":"osm"}},{"type":"Feature","geometry":{"type":"Point","coordinates":[72.901393,19.117088]},"properties":{"id":"osm:way/909875106","name":null,"category":"sports","subtype":"leisure=swimming_pool","source":"osm"}},{"type":"Feature","geometry":{"type":"Point","coordinates":[72.899054,19.111587]},"properties":{"id":"osm:way/909875107","name":null,"category":"sports","subtype":"leisure=swimming_pool","source":"osm"}},{"type":"Feature","geometry":{"type":"Point","coordinates":[72.868659,19.219575]},"properties":{"id":"osm:way/910557870","name":"Late Anantrao Bhosale Playground","category":"sports","subtype":"leisure=playground","source":"osm","access":"yes"}},{"type":"Feature","geometry":{"type":"Point","coordinates":[72.966969,19.242889]},"properties":{"id":"osm:way/910939785","name":null,"category":"sports","subtype":"leisure=playground","source":"osm"}},{"type":"Feature","geometry":{"type":"Point","coordinates":[72.965213,19.224653]},"properties":{"id":"osm:way/910939825","name":null,"category":"sports","subtype":"leisure=playground","source":"osm"}},{"type":"Feature","geometry":{"type":"Point","coordinates":[72.96405,19.223726]},"properties":{"id":"osm:way/910939831","name":null,"category":"sports","subtype":"leisure=pitch","source":"osm"}},{"type":"Feature","geometry":{"type":"Point","coordinates":[72.96447,19.223662]},"properties":{"id":"osm:way/910939846","name":null,"category":"sports","subtype":"leisure=playground","source":"osm"}},{"type":"Feature","geometry":{"type":"Point","coordinates":[72.965513,19.223262]},"properties":{"id":"osm:way/911763713","name":null,"category":"sports","subtype":"leisure=pitch","source":"osm"}},{"type":"Feature","geometry":{"type":"Point","coordinates":[72.966055,19.225821]},"properties":{"id":"osm:way/912422487","name":null,"category":"sports","subtype":"leisure=playground","source":"osm"}},{"type":"Feature","geometry":{"type":"Point","coordinates":[72.97062,19.243198]},"properties":{"id":"osm:way/912616601","name":null,"category":"sports","subtype":"leisure=pitch","source":"osm"}},{"type":"Feature","geometry":{"type":"Point","coordinates":[72.962131,19.26273]},"properties":{"id":"osm:way/913896412","name":null,"category":"sports","subtype":"leisure=pitch","source":"osm"}},{"type":"Feature","geometry":{"type":"Point","coordinates":[72.822309,18.94738]},"properties":{"id":"osm:way/913915639","name":"PJ Hindu Gymkhana Tennis Court","category":"sports","subtype":"leisure=pitch","source":"osm","access":"private"}},{"type":"Feature","geometry":{"type":"Point","coordinates":[72.826428,18.980142]},"properties":{"id":"osm:way/913915640","name":null,"category":"sports","subtype":"leisure=pitch","source":"osm"}},{"type":"Feature","geometry":{"type":"Point","coordinates":[72.83441,19.172453]},"properties":{"id":"osm:way/914314671","name":"Forza turf, Inorbit mall","category":"sports","subtype":"leisure=playground","source":"osm","access":"yes","operator":"Forza accademy"}},{"type":"Feature","geometry":{"type":"Point","coordinates":[72.967633,19.238215]},"properties":{"id":"osm:way/914404431","name":null,"category":"sports","subtype":"leisure=swimming_pool","source":"osm"}},{"type":"Feature","geometry":{"type":"Point","coordinates":[72.967975,19.23781]},"properties":{"id":"osm:way/914406549","name":null,"category":"sports","subtype":"leisure=swimming_pool","source":"osm"}},{"type":"Feature","geometry":{"type":"Point","coordinates":[72.968227,19.237738]},"properties":{"id":"osm:way/914406550","name":null,"category":"sports","subtype":"leisure=swimming_pool","source":"osm"}},{"type":"Feature","geometry":{"type":"Point","coordinates":[72.968108,19.237957]},"properties":{"id":"osm:way/914406551","name":null,"category":"sports","subtype":"leisure=swimming_pool","source":"osm"}},{"type":"Feature","geometry":{"type":"Point","coordinates":[72.965242,19.237781]},"properties":{"id":"osm:way/914406552","name":null,"category":"sports","subtype":"leisure=swimming_pool","source":"osm"}},{"type":"Feature","geometry":{"type":"Point","coordinates":[72.966289,19.236398]},"properties":{"id":"osm:way/914406553","name":null,"category":"sports","subtype":"leisure=swimming_pool","source":"osm"}},{"type":"Feature","geometry":{"type":"Point","coordinates":[72.783741,19.222172]},"properties":{"id":"osm:way/914409712","name":null,"category":"sports","subtype":"leisure=swimming_pool","source":"osm"}},{"type":"Feature","geometry":{"type":"Point","coordinates":[72.967179,19.238497]},"properties":{"id":"osm:way/914454372","name":null,"category":"sports","subtype":"leisure=swimming_pool","source":"osm"}},{"type":"Feature","geometry":{"type":"Point","coordinates":[72.986701,19.228185]},"properties":{"id":"osm:way/915117357","name":null,"category":"sports","subtype":"leisure=swimming_pool","source":"osm"}},{"type":"Feature","geometry":{"type":"Point","coordinates":[72.991179,19.216992]},"properties":{"id":"osm:way/915117362","name":null,"category":"sports","subtype":"leisure=swimming_pool","source":"osm"}},{"type":"Feature","geometry":{"type":"Point","coordinates":[72.991968,19.233308]},"properties":{"id":"osm:way/915117365","name":null,"category":"sports","subtype":"leisure=pitch","source":"osm"}},{"type":"Feature","geometry":{"type":"Point","coordinates":[72.991425,19.233101]},"properties":{"id":"osm:way/915117366","name":null,"category":"sports","subtype":"leisure=pitch","source":"osm"}},{"type":"Feature","geometry":{"type":"Point","coordinates":[72.991477,19.232861]},"properties":{"id":"osm:way/915117367","name":null,"category":"sports","subtype":"leisure=pitch","source":"osm"}},{"type":"Feature","geometry":{"type":"Point","coordinates":[72.991276,19.233018]},"properties":{"id":"osm:way/915117368","name":null,"category":"sports","subtype":"leisure=pitch","source":"osm"}},{"type":"Feature","geometry":{"type":"Point","coordinates":[72.991861,19.233237]},"properties":{"id":"osm:way/915117369","name":null,"category":"sports","subtype":"leisure=track","source":"osm"}},{"type":"Feature","geometry":{"type":"Point","coordinates":[72.991466,19.232239]},"properties":{"id":"osm:way/915117371","name":null,"category":"sports","subtype":"leisure=swimming_pool","source":"osm"}},{"type":"Feature","geometry":{"type":"Point","coordinates":[72.991366,19.232395]},"properties":{"id":"osm:way/915117372","name":null,"category":"sports","subtype":"leisure=swimming_pool","source":"osm"}},{"type":"Feature","geometry":{"type":"Point","coordinates":[72.985728,19.231866]},"properties":{"id":"osm:way/915321023","name":null,"category":"sports","subtype":"leisure=swimming_pool","source":"osm"}},{"type":"Feature","geometry":{"type":"Point","coordinates":[72.988807,19.222707]},"properties":{"id":"osm:way/915562609","name":null,"category":"sports","subtype":"leisure=swimming_pool","source":"osm"}},{"type":"Feature","geometry":{"type":"Point","coordinates":[72.97592,19.219541]},"properties":{"id":"osm:way/915755325","name":null,"category":"sports","subtype":"leisure=pitch","source":"osm"}},{"type":"Feature","geometry":{"type":"Point","coordinates":[72.974833,19.219403]},"properties":{"id":"osm:way/915755326","name":null,"category":"sports","subtype":"leisure=pitch","source":"osm"}},{"type":"Feature","geometry":{"type":"Point","coordinates":[72.99146,19.216206]},"properties":{"id":"osm:way/915775539","name":null,"category":"sports","subtype":"leisure=pitch","source":"osm"}},{"type":"Feature","geometry":{"type":"Point","coordinates":[72.955275,19.259783]},"properties":{"id":"osm:way/916567566","name":null,"category":"sports","subtype":"leisure=pitch","source":"osm"}},{"type":"Feature","geometry":{"type":"Point","coordinates":[72.965364,19.225596]},"properties":{"id":"osm:way/918014099","name":null,"category":"sports","subtype":"leisure=fitness_centre","source":"osm"}},{"type":"Feature","geometry":{"type":"Point","coordinates":[72.965306,19.225239]},"properties":{"id":"osm:way/918014100","name":null,"category":"sports","subtype":"leisure=fitness_centre","source":"osm"}},{"type":"Feature","geometry":{"type":"Point","coordinates":[72.965566,19.225187]},"properties":{"id":"osm:way/918014101","name":null,"category":"sports","subtype":"leisure=pitch","source":"osm"}},{"type":"Feature","geometry":{"type":"Point","coordinates":[72.961044,19.224205]},"properties":{"id":"osm:way/918664758","name":null,"category":"sports","subtype":"leisure=pitch","source":"osm"}},{"type":"Feature","geometry":{"type":"Point","coordinates":[72.961141,19.217663]},"properties":{"id":"osm:way/919145092","name":null,"category":"sports","subtype":"leisure=playground","source":"osm"}},{"type":"Feature","geometry":{"type":"Point","coordinates":[72.974451,19.213131]},"properties":{"id":"osm:way/919984230","name":null,"category":"sports","subtype":"leisure=playground","source":"osm"}},{"type":"Feature","geometry":{"type":"Point","coordinates":[72.987635,19.209269]},"properties":{"id":"osm:way/919985674","name":null,"category":"sports","subtype":"leisure=swimming_pool","source":"osm"}},{"type":"Feature","geometry":{"type":"Point","coordinates":[72.966459,19.235448]},"properties":{"id":"osm:way/920676170","name":null,"category":"sports","subtype":"leisure=playground","source":"osm"}},{"type":"Feature","geometry":{"type":"Point","coordinates":[72.975483,19.23544]},"properties":{"id":"osm:way/920981330","name":null,"category":"sports","subtype":"leisure=pitch","source":"osm","access":"private"}},{"type":"Feature","geometry":{"type":"Point","coordinates":[72.975607,19.227388]},"properties":{"id":"osm:way/920981332","name":null,"category":"sports","subtype":"leisure=swimming_pool","source":"osm","access":"private"}},{"type":"Feature","geometry":{"type":"Point","coordinates":[72.974819,19.227069]},"properties":{"id":"osm:way/920981334","name":null,"category":"sports","subtype":"leisure=swimming_pool","source":"osm","access":"private"}},{"type":"Feature","geometry":{"type":"Point","coordinates":[72.971597,19.22598]},"properties":{"id":"osm:way/920981336","name":null,"category":"sports","subtype":"leisure=pitch","source":"osm"}},{"type":"Feature","geometry":{"type":"Point","coordinates":[72.971759,19.226039]},"properties":{"id":"osm:way/920981337","name":null,"category":"sports","subtype":"leisure=pitch","source":"osm"}},{"type":"Feature","geometry":{"type":"Point","coordinates":[72.959629,19.205614]},"properties":{"id":"osm:way/920997422","name":null,"category":"sports","subtype":"leisure=pitch","source":"osm","access":"private"}},{"type":"Feature","geometry":{"type":"Point","coordinates":[72.959275,19.205603]},"properties":{"id":"osm:way/920997423","name":null,"category":"sports","subtype":"leisure=pitch","source":"osm","access":"private"}},{"type":"Feature","geometry":{"type":"Point","coordinates":[72.958256,19.206566]},"properties":{"id":"osm:way/920997616","name":null,"category":"sports","subtype":"leisure=pitch","source":"osm","access":"private"}},{"type":"Feature","geometry":{"type":"Point","coordinates":[72.958723,19.210381]},"properties":{"id":"osm:way/921071512","name":null,"category":"sports","subtype":"leisure=swimming_pool","source":"osm"}},{"type":"Feature","geometry":{"type":"Point","coordinates":[72.971712,19.210902]},"properties":{"id":"osm:way/922187387","name":null,"category":"sports","subtype":"leisure=swimming_pool","source":"osm"}},{"type":"Feature","geometry":{"type":"Point","coordinates":[72.975977,19.212957]},"properties":{"id":"osm:way/922187394","name":null,"category":"sports","subtype":"leisure=pitch","source":"osm"}},{"type":"Feature","geometry":{"type":"Point","coordinates":[72.971099,19.219711]},"properties":{"id":"osm:way/922187402","name":null,"category":"sports","subtype":"leisure=swimming_pool","source":"osm"}},{"type":"Feature","geometry":{"type":"Point","coordinates":[72.987212,19.234095]},"properties":{"id":"osm:way/922315052","name":null,"category":"sports","subtype":"leisure=swimming_pool","source":"osm"}},{"type":"Feature","geometry":{"type":"Point","coordinates":[72.986934,19.234021]},"properties":{"id":"osm:way/922315053","name":null,"category":"sports","subtype":"leisure=swimming_pool","source":"osm"}},{"type":"Feature","geometry":{"type":"Point","coordinates":[72.985983,19.233282]},"properties":{"id":"osm:way/922315054","name":null,"category":"sports","subtype":"leisure=pitch","source":"osm"}},{"type":"Feature","geometry":{"type":"Point","coordinates":[72.989741,19.234214]},"properties":{"id":"osm:way/922334257","name":null,"category":"sports","subtype":"leisure=swimming_pool","source":"osm"}},{"type":"Feature","geometry":{"type":"Point","coordinates":[72.822081,19.062308]},"properties":{"id":"osm:way/922406118","name":"Mallet's park","category":"sports","subtype":"leisure=pitch","source":"osm"}},{"type":"Feature","geometry":{"type":"Point","coordinates":[72.850421,19.057211]},"properties":{"id":"osm:way/922843140","name":null,"category":"sports","subtype":"leisure=pitch","source":"osm","access":"private"}},{"type":"Feature","geometry":{"type":"Point","coordinates":[72.850436,19.057585]},"properties":{"id":"osm:way/922843141","name":null,"category":"sports","subtype":"leisure=swimming_pool","source":"osm","access":"private"}},{"type":"Feature","geometry":{"type":"Point","coordinates":[72.84999,19.057246]},"properties":{"id":"osm:way/922843142","name":null,"category":"sports","subtype":"leisure=pitch","source":"osm"}},{"type":"Feature","geometry":{"type":"Point","coordinates":[72.848462,19.056692]},"properties":{"id":"osm:way/922843146","name":"Main Pool","category":"sports","subtype":"leisure=swimming_pool","source":"osm","access":"private"}},{"type":"Feature","geometry":{"type":"Point","coordinates":[72.848307,19.056599]},"properties":{"id":"osm:way/922843147","name":"Kid's Pool","category":"sports","subtype":"leisure=swimming_pool","source":"osm","access":"private"}},{"type":"Feature","geometry":{"type":"Point","coordinates":[72.848794,19.057138]},"properties":{"id":"osm:way/922843157","name":null,"category":"sports","subtype":"leisure=swimming_pool","source":"osm","access":"private"}},{"type":"Feature","geometry":{"type":"Point","coordinates":[72.851591,19.059518]},"properties":{"id":"osm:way/923192627","name":null,"category":"sports","subtype":"leisure=swimming_pool","source":"osm"}},{"type":"Feature","geometry":{"type":"Point","coordinates":[72.851664,19.059449]},"properties":{"id":"osm:way/923192628","name":null,"category":"sports","subtype":"leisure=swimming_pool","source":"osm"}},{"type":"Feature","geometry":{"type":"Point","coordinates":[72.851673,19.059913]},"properties":{"id":"osm:way/923192632","name":null,"category":"sports","subtype":"leisure=pitch","source":"osm"}},{"type":"Feature","geometry":{"type":"Point","coordinates":[72.858142,19.049104]},"properties":{"id":"osm:way/923192647","name":null,"category":"sports","subtype":"leisure=pitch","source":"osm"}},{"type":"Feature","geometry":{"type":"Point","coordinates":[72.857722,19.049279]},"properties":{"id":"osm:way/923192648","name":"Bharat Ratna Rajiv Gandhi Stadium","category":"sports","subtype":"leisure=pitch","source":"osm"}},{"type":"Feature","geometry":{"type":"Point","coordinates":[72.976413,19.228717]},"properties":{"id":"osm:way/923350071","name":null,"category":"sports","subtype":"leisure=swimming_pool","source":"osm"}},{"type":"Feature","geometry":{"type":"Point","coordinates":[72.871908,19.199412]},"properties":{"id":"osm:way/923350090","name":null,"category":"sports","subtype":"leisure=swimming_pool","source":"osm","access":"private"}},{"type":"Feature","geometry":{"type":"Point","coordinates":[72.871995,19.199299]},"properties":{"id":"osm:way/923350091","name":null,"category":"sports","subtype":"leisure=swimming_pool","source":"osm","access":"private"}},{"type":"Feature","geometry":{"type":"Point","coordinates":[72.87188,19.199282]},"properties":{"id":"osm:way/923350092","name":null,"category":"sports","subtype":"leisure=swimming_pool","source":"osm","access":"private"}},{"type":"Feature","geometry":{"type":"Point","coordinates":[72.876165,19.200982]},"properties":{"id":"osm:way/923350102","name":null,"category":"sports","subtype":"leisure=swimming_pool","source":"osm","access":"private"}},{"type":"Feature","geometry":{"type":"Point","coordinates":[72.795737,19.147029]},"properties":{"id":"osm:way/923350132","name":null,"category":"sports","subtype":"leisure=pitch","source":"osm"}},{"type":"Feature","geometry":{"type":"Point","coordinates":[72.795663,19.146704]},"properties":{"id":"osm:way/923350133","name":null,"category":"sports","subtype":"leisure=pitch","source":"osm"}},{"type":"Feature","geometry":{"type":"Point","coordinates":[72.984837,19.214556]},"properties":{"id":"osm:way/923629524","name":null,"category":"sports","subtype":"leisure=swimming_pool","source":"osm"}},{"type":"Feature","geometry":{"type":"Point","coordinates":[72.985216,19.213044]},"properties":{"id":"osm:way/923629527","name":null,"category":"sports","subtype":"leisure=swimming_pool","source":"osm","wheelchair":"no"}},{"type":"Feature","geometry":{"type":"Point","coordinates":[72.988461,19.212822]},"properties":{"id":"osm:way/923629548","name":null,"category":"sports","subtype":"leisure=swimming_pool","source":"osm"}},{"type":"Feature","geometry":{"type":"Point","coordinates":[72.983795,19.212011]},"properties":{"id":"osm:way/923795325","name":null,"category":"sports","subtype":"leisure=swimming_pool","source":"osm","access":"private"}},{"type":"Feature","geometry":{"type":"Point","coordinates":[72.984155,19.212181]},"properties":{"id":"osm:way/923795327","name":null,"category":"sports","subtype":"leisure=pitch","source":"osm","access":"private"}},{"type":"Feature","geometry":{"type":"Point","coordinates":[72.94838,19.197796]},"properties":{"id":"osm:way/923876394","name":null,"category":"sports","subtype":"leisure=swimming_pool","source":"osm","access":"private","operator":"Lodha"}},{"type":"Feature","geometry":{"type":"Point","coordinates":[72.879595,19.038674]},"properties":{"id":"osm:way/923876403","name":null,"category":"sports","subtype":"leisure=pitch","source":"osm","access":"private"}},{"type":"Feature","geometry":{"type":"Point","coordinates":[72.879464,19.038663]},"properties":{"id":"osm:way/923876404","name":null,"category":"sports","subtype":"leisure=pitch","source":"osm","access":"private"}},{"type":"Feature","geometry":{"type":"Point","coordinates":[72.877966,19.036601]},"properties":{"id":"osm:way/923876405","name":null,"category":"sports","subtype":"leisure=swimming_pool","source":"osm","access":"private"}},{"type":"Feature","geometry":{"type":"Point","coordinates":[72.878965,19.038629]},"properties":{"id":"osm:way/923876406","name":null,"category":"sports","subtype":"leisure=swimming_pool","source":"osm"}},{"type":"Feature","geometry":{"type":"Point","coordinates":[72.986826,19.214446]},"properties":{"id":"osm:way/923881661","name":null,"category":"sports","subtype":"leisure=swimming_pool","source":"osm"}},{"type":"Feature","geometry":{"type":"Point","coordinates":[72.987489,19.214385]},"properties":{"id":"osm:way/923881664","name":"lodha luxuria ground","category":"sports","subtype":"leisure=pitch","source":"osm","access":"private"}},{"type":"Feature","geometry":{"type":"Point","coordinates":[72.825742,19.001839]},"properties":{"id":"osm:way/923901180","name":null,"category":"sports","subtype":"leisure=pitch","source":"osm"}},{"type":"Feature","geometry":{"type":"Point","coordinates":[72.825567,19.001826]},"properties":{"id":"osm:way/923901181","name":null,"category":"sports","subtype":"leisure=pitch","source":"osm"}},{"type":"Feature","geometry":{"type":"Point","coordinates":[72.826182,19.001869]},"properties":{"id":"osm:way/923901182","name":null,"category":"sports","subtype":"leisure=swimming_pool","source":"osm","access":"private"}},{"type":"Feature","geometry":{"type":"Point","coordinates":[72.82585,19.001355]},"properties":{"id":"osm:way/923901184","name":null,"category":"sports","subtype":"leisure=pitch","source":"osm"}},{"type":"Feature","geometry":{"type":"Point","coordinates":[72.829638,19.004246]},"properties":{"id":"osm:way/923901190","name":null,"category":"sports","subtype":"leisure=swimming_pool","source":"osm","access":"private"}},{"type":"Feature","geometry":{"type":"Point","coordinates":[72.828801,19.004687]},"properties":{"id":"osm:way/923901195","name":"Lodha Park - Cricket Ground","category":"sports","subtype":"leisure=pitch","source":"osm","access":"private","level":"7"}},{"type":"Feature","geometry":{"type":"Point","coordinates":[72.82908,19.004567]},"properties":{"id":"osm:way/923901196","name":null,"category":"sports","subtype":"leisure=pitch","source":"osm","access":"private"}},{"type":"Feature","geometry":{"type":"Point","coordinates":[72.829205,19.004519]},"properties":{"id":"osm:way/923901197","name":null,"category":"sports","subtype":"leisure=pitch","source":"osm","access":"private"}},{"type":"Feature","geometry":{"type":"Point","coordinates":[72.829465,19.00454]},"properties":{"id":"osm:way/923901198","name":null,"category":"sports","subtype":"leisure=pitch","source":"osm","access":"private"}},{"type":"Feature","geometry":{"type":"Point","coordinates":[72.840148,19.001558]},"properties":{"id":"osm:way/923901210","name":null,"category":"sports","subtype":"leisure=swimming_pool","source":"osm","access":"private"}},{"type":"Feature","geometry":{"type":"Point","coordinates":[72.84973,19.003601]},"properties":{"id":"osm:way/924125622","name":null,"category":"sports","subtype":"leisure=swimming_pool","source":"osm","access":"private"}},{"type":"Feature","geometry":{"type":"Point","coordinates":[72.820949,19.002609]},"properties":{"id":"osm:way/924453770","name":null,"category":"sports","subtype":"leisure=playground","source":"osm"}},{"type":"Feature","geometry":{"type":"Point","coordinates":[72.820709,18.997841]},"properties":{"id":"osm:way/924453778","name":null,"category":"sports","subtype":"leisure=swimming_pool","source":"osm"}},{"type":"Feature","geometry":{"type":"Point","coordinates":[72.821337,18.997065]},"properties":{"id":"osm:way/924453800","name":null,"category":"sports","subtype":"leisure=pitch","source":"osm","access":"private"}},{"type":"Feature","geometry":{"type":"Point","coordinates":[72.821497,18.996904]},"properties":{"id":"osm:way/924453801","name":null,"category":"sports","subtype":"leisure=pitch","source":"osm","access":"private"}},{"type":"Feature","geometry":{"type":"Point","coordinates":[72.821546,18.997173]},"properties":{"id":"osm:way/924453802","name":null,"category":"sports","subtype":"leisure=pitch","source":"osm","access":"private"}},{"type":"Feature","geometry":{"type":"Point","coordinates":[72.804793,18.904783]},"properties":{"id":"osm:way/924665540","name":null,"category":"sports","subtype":"leisure=pitch","source":"osm"}},{"type":"Feature","geometry":{"type":"Point","coordinates":[72.804451,18.903823]},"properties":{"id":"osm:way/924665541","name":null,"category":"sports","subtype":"leisure=pitch","source":"osm"}},{"type":"Feature","geometry":{"type":"Point","coordinates":[72.804272,18.903823]},"properties":{"id":"osm:way/924665542","name":null,"category":"sports","subtype":"leisure=pitch","source":"osm"}},{"type":"Feature","geometry":{"type":"Point","coordinates":[72.807309,18.904095]},"properties":{"id":"osm:way/924665543","name":null,"category":"sports","subtype":"leisure=pitch","source":"osm"}},{"type":"Feature","geometry":{"type":"Point","coordinates":[72.811959,18.902403]},"properties":{"id":"osm:way/924665556","name":null,"category":"sports","subtype":"leisure=pitch","source":"osm"}},{"type":"Feature","geometry":{"type":"Point","coordinates":[72.863253,19.171173]},"properties":{"id":"osm:way/925230215","name":null,"category":"sports","subtype":"leisure=pitch","source":"osm","access":"private"}},{"type":"Feature","geometry":{"type":"Point","coordinates":[72.863418,19.170744]},"properties":{"id":"osm:way/925230216","name":null,"category":"sports","subtype":"leisure=pitch","source":"osm","access":"private"}},{"type":"Feature","geometry":{"type":"Point","coordinates":[72.863228,19.170813]},"properties":{"id":"osm:way/925230217","name":null,"category":"sports","subtype":"leisure=pitch","source":"osm"}},{"type":"Feature","geometry":{"type":"Point","coordinates":[72.862838,19.170621]},"properties":{"id":"osm:way/925230218","name":null,"category":"sports","subtype":"leisure=swimming_pool","source":"osm"}},{"type":"Feature","geometry":{"type":"Point","coordinates":[72.863156,19.170577]},"properties":{"id":"osm:way/925230219","name":null,"category":"sports","subtype":"leisure=swimming_pool","source":"osm"}},{"type":"Feature","geometry":{"type":"Point","coordinates":[72.865139,19.17011]},"properties":{"id":"osm:way/925230220","name":null,"category":"sports","subtype":"leisure=swimming_pool","source":"osm"}},{"type":"Feature","geometry":{"type":"Point","coordinates":[72.974216,19.264432]},"properties":{"id":"osm:way/925591588","name":null,"category":"sports","subtype":"leisure=playground","source":"osm"}},{"type":"Feature","geometry":{"type":"Point","coordinates":[72.947526,19.184389]},"properties":{"id":"osm:way/925863851","name":null,"category":"sports","subtype":"leisure=swimming_pool","source":"osm"}},{"type":"Feature","geometry":{"type":"Point","coordinates":[72.9478,19.184336]},"properties":{"id":"osm:way/925863852","name":null,"category":"sports","subtype":"leisure=pitch","source":"osm"}},{"type":"Feature","geometry":{"type":"Point","coordinates":[72.974172,19.253972]},"properties":{"id":"osm:way/925863886","name":null,"category":"sports","subtype":"leisure=swimming_pool","source":"osm","access":"private"}},{"type":"Feature","geometry":{"type":"Point","coordinates":[72.95629,19.259154]},"properties":{"id":"osm:way/926323124","name":null,"category":"sports","subtype":"leisure=swimming_pool","source":"osm"}},{"type":"Feature","geometry":{"type":"Point","coordinates":[72.966526,19.260252]},"properties":{"id":"osm:way/926323155","name":null,"category":"sports","subtype":"leisure=swimming_pool","source":"osm"}},{"type":"Feature","geometry":{"type":"Point","coordinates":[72.977084,19.243404]},"properties":{"id":"osm:way/926323180","name":null,"category":"sports","subtype":"leisure=swimming_pool","source":"osm"}},{"type":"Feature","geometry":{"type":"Point","coordinates":[72.987859,19.231516]},"properties":{"id":"osm:way/926837827","name":null,"category":"sports","subtype":"leisure=swimming_pool","source":"osm"}},{"type":"Feature","geometry":{"type":"Point","coordinates":[72.978991,19.229427]},"properties":{"id":"osm:way/926837830","name":null,"category":"sports","subtype":"leisure=swimming_pool","source":"osm"}},{"type":"Feature","geometry":{"type":"Point","coordinates":[72.978442,19.228122]},"properties":{"id":"osm:way/926837848","name":null,"category":"sports","subtype":"leisure=swimming_pool","source":"osm"}},{"type":"Feature","geometry":{"type":"Point","coordinates":[72.98228,19.216025]},"properties":{"id":"osm:way/926844461","name":null,"category":"sports","subtype":"leisure=swimming_pool","source":"osm"}},{"type":"Feature","geometry":{"type":"Point","coordinates":[72.883616,19.282729]},"properties":{"id":"osm:way/927828534","name":null,"category":"sports","subtype":"leisure=swimming_pool","source":"osm"}},{"type":"Feature","geometry":{"type":"Point","coordinates":[72.927536,19.03798]},"properties":{"id":"osm:way/928249211","name":"Rim Gym","category":"sports","subtype":"leisure=playground","source":"osm","access":"private"}},{"type":"Feature","geometry":{"type":"Point","coordinates":[72.953394,19.280053]},"properties":{"id":"osm:way/928824956","name":null,"category":"sports","subtype":"leisure=pitch","source":"osm"}},{"type":"Feature","geometry":{"type":"Point","coordinates":[72.963523,19.267638]},"properties":{"id":"osm:way/929121999","name":null,"category":"sports","subtype":"leisure=swimming_pool","source":"osm"}},{"type":"Feature","geometry":{"type":"Point","coordinates":[72.961368,19.267762]},"properties":{"id":"osm:way/929126035","name":null,"category":"sports","subtype":"leisure=playground","source":"osm"}},{"type":"Feature","geometry":{"type":"Point","coordinates":[72.980126,19.256747]},"properties":{"id":"osm:way/929237255","name":"Forest Club","category":"sports","subtype":"leisure=pitch","source":"osm"}},{"type":"Feature","geometry":{"type":"Point","coordinates":[72.979962,19.256863]},"properties":{"id":"osm:way/929667090","name":"Forest Club","category":"sports","subtype":"leisure=pitch","source":"osm"}},{"type":"Feature","geometry":{"type":"Point","coordinates":[72.977985,19.262934]},"properties":{"id":"osm:way/929667113","name":null,"category":"sports","subtype":"leisure=swimming_pool","source":"osm"}},{"type":"Feature","geometry":{"type":"Point","coordinates":[72.975744,19.262121]},"properties":{"id":"osm:way/929667126","name":null,"category":"sports","subtype":"leisure=swimming_pool","source":"osm"}},{"type":"Feature","geometry":{"type":"Point","coordinates":[72.971058,19.2602]},"properties":{"id":"osm:way/929679762","name":null,"category":"sports","subtype":"leisure=swimming_pool","source":"osm"}},{"type":"Feature","geometry":{"type":"Point","coordinates":[72.986686,19.258717]},"properties":{"id":"osm:way/929681447","name":null,"category":"sports","subtype":"leisure=swimming_pool","source":"osm"}},{"type":"Feature","geometry":{"type":"Point","coordinates":[72.986436,19.25873]},"properties":{"id":"osm:way/929681448","name":null,"category":"sports","subtype":"leisure=swimming_pool","source":"osm"}},{"type":"Feature","geometry":{"type":"Point","coordinates":[72.987658,19.257392]},"properties":{"id":"osm:way/929681449","name":null,"category":"sports","subtype":"leisure=pitch","source":"osm"}},{"type":"Feature","geometry":{"type":"Point","coordinates":[72.987801,19.257483]},"properties":{"id":"osm:way/929681450","name":null,"category":"sports","subtype":"leisure=pitch","source":"osm"}},{"type":"Feature","geometry":{"type":"Point","coordinates":[72.825749,19.212989]},"properties":{"id":"osm:way/932912422","name":null,"category":"sports","subtype":"leisure=swimming_pool","source":"osm"}},{"type":"Feature","geometry":{"type":"Point","coordinates":[72.841691,19.172726]},"properties":{"id":"osm:way/933788380","name":null,"category":"sports","subtype":"leisure=pitch","source":"osm"}},{"type":"Feature","geometry":{"type":"Point","coordinates":[72.84155,19.17265]},"properties":{"id":"osm:way/933788381","name":null,"category":"sports","subtype":"leisure=pitch","source":"osm"}},{"type":"Feature","geometry":{"type":"Point","coordinates":[72.841548,19.172794]},"properties":{"id":"osm:way/933788382","name":null,"category":"sports","subtype":"leisure=pitch","source":"osm"}},{"type":"Feature","geometry":{"type":"Point","coordinates":[72.842176,19.1735]},"properties":{"id":"osm:way/933788383","name":null,"category":"sports","subtype":"leisure=swimming_pool","source":"osm"}},{"type":"Feature","geometry":{"type":"Point","coordinates":[72.838241,19.172976]},"properties":{"id":"osm:way/933788390","name":null,"category":"sports","subtype":"leisure=swimming_pool","source":"osm"}},{"type":"Feature","geometry":{"type":"Point","coordinates":[72.841908,19.156806]},"properties":{"id":"osm:way/933788397","name":null,"category":"sports","subtype":"leisure=pitch","source":"osm"}},{"type":"Feature","geometry":{"type":"Point","coordinates":[72.841099,19.157114]},"properties":{"id":"osm:way/933788398","name":null,"category":"sports","subtype":"leisure=swimming_pool","source":"osm"}},{"type":"Feature","geometry":{"type":"Point","coordinates":[72.842866,19.158337]},"properties":{"id":"osm:way/933788400","name":null,"category":"sports","subtype":"leisure=swimming_pool","source":"osm"}},{"type":"Feature","geometry":{"type":"Point","coordinates":[72.827164,19.011584]},"properties":{"id":"osm:way/933788401","name":null,"category":"sports","subtype":"leisure=swimming_pool","source":"osm"}},{"type":"Feature","geometry":{"type":"Point","coordinates":[72.828286,19.011884]},"properties":{"id":"osm:way/933788403","name":null,"category":"sports","subtype":"leisure=pitch","source":"osm","access":"private"}},{"type":"Feature","geometry":{"type":"Point","coordinates":[72.82817,19.011799]},"properties":{"id":"osm:way/933788404","name":null,"category":"sports","subtype":"leisure=pitch","source":"osm","access":"private"}},{"type":"Feature","geometry":{"type":"Point","coordinates":[72.828017,19.012009]},"properties":{"id":"osm:way/933788405","name":null,"category":"sports","subtype":"leisure=pitch","source":"osm","access":"private"}},{"type":"Feature","geometry":{"type":"Point","coordinates":[72.831271,19.011134]},"properties":{"id":"osm:way/933788412","name":null,"category":"sports","subtype":"leisure=pitch","source":"osm","access":"private"}},{"type":"Feature","geometry":{"type":"Point","coordinates":[72.845314,19.141418]},"properties":{"id":"osm:way/933788422","name":null,"category":"sports","subtype":"leisure=pitch","source":"osm"}},{"type":"Feature","geometry":{"type":"Point","coordinates":[72.844943,19.141616]},"properties":{"id":"osm:way/933788423","name":null,"category":"sports","subtype":"leisure=swimming_pool","source":"osm"}},{"type":"Feature","geometry":{"type":"Point","coordinates":[72.937979,19.15645]},"properties":{"id":"osm:way/935051767","name":null,"category":"sports","subtype":"leisure=swimming_pool","source":"osm"}},{"type":"Feature","geometry":{"type":"Point","coordinates":[72.944676,19.159895]},"properties":{"id":"osm:way/935051773","name":null,"category":"sports","subtype":"leisure=swimming_pool","source":"osm"}},{"type":"Feature","geometry":{"type":"Point","coordinates":[72.944984,19.160356]},"properties":{"id":"osm:way/935051774","name":null,"category":"sports","subtype":"leisure=swimming_pool","source":"osm"}},{"type":"Feature","geometry":{"type":"Point","coordinates":[72.947077,19.158816]},"properties":{"id":"osm:way/935051785","name":null,"category":"sports","subtype":"leisure=swimming_pool","source":"osm"}},{"type":"Feature","geometry":{"type":"Point","coordinates":[72.91769,19.096729]},"properties":{"id":"osm:way/935074781","name":null,"category":"sports","subtype":"leisure=swimming_pool","source":"osm"}},{"type":"Feature","geometry":{"type":"Point","coordinates":[72.919546,19.098264]},"properties":{"id":"osm:way/935074795","name":null,"category":"sports","subtype":"leisure=swimming_pool","source":"osm"}},{"type":"Feature","geometry":{"type":"Point","coordinates":[72.9193,19.09846]},"properties":{"id":"osm:way/935074796","name":null,"category":"sports","subtype":"leisure=swimming_pool","source":"osm"}},{"type":"Feature","geometry":{"type":"Point","coordinates":[72.839343,18.997861]},"properties":{"id":"osm:way/935074801","name":null,"category":"sports","subtype":"leisure=swimming_pool","source":"osm"}},{"type":"Feature","geometry":{"type":"Point","coordinates":[72.839281,18.997994]},"properties":{"id":"osm:way/935074802","name":null,"category":"sports","subtype":"leisure=swimming_pool","source":"osm"}},{"type":"Feature","geometry":{"type":"Point","coordinates":[72.8401,18.998116]},"properties":{"id":"osm:way/935074803","name":null,"category":"sports","subtype":"leisure=pitch","source":"osm"}},{"type":"Feature","geometry":{"type":"Point","coordinates":[72.84249,18.998223]},"properties":{"id":"osm:way/935074810","name":null,"category":"sports","subtype":"leisure=swimming_pool","source":"osm"}},{"type":"Feature","geometry":{"type":"Point","coordinates":[72.842252,18.993649]},"properties":{"id":"osm:way/935074816","name":null,"category":"sports","subtype":"leisure=swimming_pool","source":"osm"}},{"type":"Feature","geometry":{"type":"Point","coordinates":[72.855604,19.15378]},"properties":{"id":"osm:way/935083289","name":null,"category":"sports","subtype":"leisure=swimming_pool","source":"osm"}},{"type":"Feature","geometry":{"type":"Point","coordinates":[72.84076,18.991852]},"properties":{"id":"osm:way/935083297","name":null,"category":"sports","subtype":"leisure=swimming_pool","source":"osm"}},{"type":"Feature","geometry":{"type":"Point","coordinates":[73.009035,19.04555]},"properties":{"id":"osm:way/935099694","name":null,"category":"sports","subtype":"leisure=swimming_pool","source":"osm"}},{"type":"Feature","geometry":{"type":"Point","coordinates":[73.008848,19.044979]},"properties":{"id":"osm:way/935099695","name":null,"category":"sports","subtype":"leisure=swimming_pool","source":"osm"}},{"type":"Feature","geometry":{"type":"Point","coordinates":[72.997807,19.121696]},"properties":{"id":"osm:way/937092481","name":null,"category":"sports","subtype":"leisure=pitch","source":"osm"}},{"type":"Feature","geometry":{"type":"Point","coordinates":[72.994465,19.127231]},"properties":{"id":"osm:way/937092491","name":null,"category":"sports","subtype":"leisure=pitch","source":"osm"}},{"type":"Feature","geometry":{"type":"Point","coordinates":[72.99178,19.120044]},"properties":{"id":"osm:way/937092502","name":null,"category":"sports","subtype":"leisure=pitch","source":"osm"}},{"type":"Feature","geometry":{"type":"Point","coordinates":[72.992482,19.120362]},"properties":{"id":"osm:way/937092504","name":null,"category":"sports","subtype":"leisure=swimming_pool","source":"osm"}},{"type":"Feature","geometry":{"type":"Point","coordinates":[72.991773,19.120388]},"properties":{"id":"osm:way/937092505","name":null,"category":"sports","subtype":"leisure=swimming_pool","source":"osm"}},{"type":"Feature","geometry":{"type":"Point","coordinates":[72.993249,19.120065]},"properties":{"id":"osm:way/937092508","name":null,"category":"sports","subtype":"leisure=swimming_pool","source":"osm"}},{"type":"Feature","geometry":{"type":"Point","coordinates":[72.993596,19.118964]},"properties":{"id":"osm:way/937092510","name":null,"category":"sports","subtype":"leisure=swimming_pool","source":"osm"}},{"type":"Feature","geometry":{"type":"Point","coordinates":[72.992369,19.118794]},"properties":{"id":"osm:way/937092512","name":null,"category":"sports","subtype":"leisure=swimming_pool","source":"osm"}},{"type":"Feature","geometry":{"type":"Point","coordinates":[73.01287,19.126451]},"properties":{"id":"osm:way/937119877","name":null,"category":"sports","subtype":"leisure=pitch","source":"osm"}},{"type":"Feature","geometry":{"type":"Point","coordinates":[73.012691,19.126445]},"properties":{"id":"osm:way/937119878","name":null,"category":"sports","subtype":"leisure=pitch","source":"osm"}},{"type":"Feature","geometry":{"type":"Point","coordinates":[72.815509,18.97617]},"properties":{"id":"osm:way/938406135","name":null,"category":"sports","subtype":"leisure=pitch","source":"osm"}},{"type":"Feature","geometry":{"type":"Point","coordinates":[72.815379,18.976145]},"properties":{"id":"osm:way/938406136","name":null,"category":"sports","subtype":"leisure=pitch","source":"osm"}},{"type":"Feature","geometry":{"type":"Point","coordinates":[72.81524,18.976119]},"properties":{"id":"osm:way/938406137","name":null,"category":"sports","subtype":"leisure=pitch","source":"osm"}},{"type":"Feature","geometry":{"type":"Point","coordinates":[72.815095,18.97609]},"properties":{"id":"osm:way/938406138","name":null,"category":"sports","subtype":"leisure=pitch","source":"osm"}},{"type":"Feature","geometry":{"type":"Point","coordinates":[72.814939,18.976061]},"properties":{"id":"osm:way/938406139","name":null,"category":"sports","subtype":"leisure=pitch","source":"osm"}},{"type":"Feature","geometry":{"type":"Point","coordinates":[72.814773,18.97603]},"properties":{"id":"osm:way/938406140","name":null,"category":"sports","subtype":"leisure=pitch","source":"osm"}},{"type":"Feature","geometry":{"type":"Point","coordinates":[72.831098,18.937065]},"properties":{"id":"osm:way/940955109","name":null,"category":"sports","subtype":"leisure=pitch","source":"osm"}},{"type":"Feature","geometry":{"type":"Point","coordinates":[72.831252,18.937047]},"properties":{"id":"osm:way/940955110","name":null,"category":"sports","subtype":"leisure=pitch","source":"osm"}},{"type":"Feature","geometry":{"type":"Point","coordinates":[72.831393,18.937032]},"properties":{"id":"osm:way/940955111","name":null,"category":"sports","subtype":"leisure=pitch","source":"osm"}},{"type":"Feature","geometry":{"type":"Point","coordinates":[72.830976,18.936746]},"properties":{"id":"osm:way/940955112","name":null,"category":"sports","subtype":"leisure=pitch","source":"osm"}},{"type":"Feature","geometry":{"type":"Point","coordinates":[72.83111,18.936727]},"properties":{"id":"osm:way/940955113","name":null,"category":"sports","subtype":"leisure=pitch","source":"osm"}},{"type":"Feature","geometry":{"type":"Point","coordinates":[72.831254,18.936709]},"properties":{"id":"osm:way/940955114","name":null,"category":"sports","subtype":"leisure=pitch","source":"osm"}},{"type":"Feature","geometry":{"type":"Point","coordinates":[72.830903,18.937077]},"properties":{"id":"osm:way/940955116","name":null,"category":"sports","subtype":"leisure=pitch","source":"osm"}},{"type":"Feature","geometry":{"type":"Point","coordinates":[72.831292,18.938077]},"properties":{"id":"osm:way/940955117","name":null,"category":"sports","subtype":"leisure=pitch","source":"osm"}},{"type":"Feature","geometry":{"type":"Point","coordinates":[72.79767,19.265393]},"properties":{"id":"osm:way/942608443","name":null,"category":"sports","subtype":"leisure=swimming_pool","source":"osm"}},{"type":"Feature","geometry":{"type":"Point","coordinates":[72.991435,19.230964]},"properties":{"id":"osm:way/944086600","name":null,"category":"sports","subtype":"leisure=swimming_pool","source":"osm"}},{"type":"Feature","geometry":{"type":"Point","coordinates":[72.9927,19.233938]},"properties":{"id":"osm:way/944086616","name":null,"category":"sports","subtype":"leisure=pitch","source":"osm"}},{"type":"Feature","geometry":{"type":"Point","coordinates":[72.992782,19.233787]},"properties":{"id":"osm:way/944086617","name":null,"category":"sports","subtype":"leisure=pitch","source":"osm"}},{"type":"Feature","geometry":{"type":"Point","coordinates":[72.992472,19.233587]},"properties":{"id":"osm:way/944086618","name":null,"category":"sports","subtype":"leisure=pitch","source":"osm"}},{"type":"Feature","geometry":{"type":"Point","coordinates":[72.961018,19.207149]},"properties":{"id":"osm:way/944283665","name":null,"category":"sports","subtype":"leisure=swimming_pool","source":"osm"}},{"type":"Feature","geometry":{"type":"Point","coordinates":[72.821259,19.203511]},"properties":{"id":"osm:way/945428584","name":null,"category":"sports","subtype":"leisure=swimming_pool","source":"osm"}},{"type":"Feature","geometry":{"type":"Point","coordinates":[72.988266,19.207562]},"properties":{"id":"osm:way/946111467","name":null,"category":"sports","subtype":"leisure=swimming_pool","source":"osm"}},{"type":"Feature","geometry":{"type":"Point","coordinates":[72.988767,19.206576]},"properties":{"id":"osm:way/946111474","name":null,"category":"sports","subtype":"leisure=pitch","source":"osm"}},{"type":"Feature","geometry":{"type":"Point","coordinates":[72.988808,19.206744]},"properties":{"id":"osm:way/946111475","name":null,"category":"sports","subtype":"leisure=pitch","source":"osm"}},{"type":"Feature","geometry":{"type":"Point","coordinates":[72.988848,19.206909]},"properties":{"id":"osm:way/946111476","name":null,"category":"sports","subtype":"leisure=pitch","source":"osm"}},{"type":"Feature","geometry":{"type":"Point","coordinates":[72.988884,19.207058]},"properties":{"id":"osm:way/946111477","name":null,"category":"sports","subtype":"leisure=pitch","source":"osm"}},{"type":"Feature","geometry":{"type":"Point","coordinates":[72.977824,19.230277]},"properties":{"id":"osm:way/946542553","name":null,"category":"sports","subtype":"leisure=swimming_pool","source":"osm"}},{"type":"Feature","geometry":{"type":"Point","coordinates":[72.982126,19.230224]},"properties":{"id":"osm:way/946542632","name":null,"category":"sports","subtype":"leisure=swimming_pool","source":"osm"}},{"type":"Feature","geometry":{"type":"Point","coordinates":[72.819187,19.211884]},"properties":{"id":"osm:way/946927818","name":null,"category":"sports","subtype":"leisure=swimming_pool","source":"osm"}},{"type":"Feature","geometry":{"type":"Point","coordinates":[72.814394,19.202458]},"properties":{"id":"osm:way/946927829","name":null,"category":"sports","subtype":"leisure=pitch","source":"osm"}},{"type":"Feature","geometry":{"type":"Point","coordinates":[72.81436,19.202759]},"properties":{"id":"osm:way/946927830","name":null,"category":"sports","subtype":"leisure=pitch","source":"osm"}},{"type":"Feature","geometry":{"type":"Point","coordinates":[72.814431,19.201324]},"properties":{"id":"osm:way/946927833","name":null,"category":"sports","subtype":"leisure=swimming_pool","source":"osm"}},{"type":"Feature","geometry":{"type":"Point","coordinates":[72.950838,19.27756]},"properties":{"id":"osm:way/947377865","name":null,"category":"sports","subtype":"leisure=swimming_pool","source":"osm"}},{"type":"Feature","geometry":{"type":"Point","coordinates":[72.955306,19.276418]},"properties":{"id":"osm:way/947377875","name":null,"category":"sports","subtype":"leisure=swimming_pool","source":"osm"}},{"type":"Feature","geometry":{"type":"Point","coordinates":[72.955832,19.276799]},"properties":{"id":"osm:way/947377876","name":null,"category":"sports","subtype":"leisure=swimming_pool","source":"osm"}},{"type":"Feature","geometry":{"type":"Point","coordinates":[72.944994,19.242031]},"properties":{"id":"osm:way/948236459","name":null,"category":"sports","subtype":"leisure=swimming_pool","source":"osm"}},{"type":"Feature","geometry":{"type":"Point","coordinates":[72.945944,19.232634]},"properties":{"id":"osm:way/948236505","name":null,"category":"sports","subtype":"leisure=pitch","source":"osm"}},{"type":"Feature","geometry":{"type":"Point","coordinates":[72.943887,19.23329]},"properties":{"id":"osm:way/948236506","name":null,"category":"sports","subtype":"leisure=swimming_pool","source":"osm"}},{"type":"Feature","geometry":{"type":"Point","coordinates":[72.944686,19.233156]},"properties":{"id":"osm:way/948236507","name":null,"category":"sports","subtype":"leisure=swimming_pool","source":"osm"}},{"type":"Feature","geometry":{"type":"Point","coordinates":[72.945869,19.23533]},"properties":{"id":"osm:way/948236508","name":null,"category":"sports","subtype":"leisure=swimming_pool","source":"osm"}},{"type":"Feature","geometry":{"type":"Point","coordinates":[72.946861,19.227228]},"properties":{"id":"osm:way/948236525","name":null,"category":"sports","subtype":"leisure=pitch","source":"osm"}},{"type":"Feature","geometry":{"type":"Point","coordinates":[72.946688,19.22721]},"properties":{"id":"osm:way/948236526","name":null,"category":"sports","subtype":"leisure=pitch","source":"osm"}},{"type":"Feature","geometry":{"type":"Point","coordinates":[72.943278,19.23926]},"properties":{"id":"osm:way/948236527","name":null,"category":"sports","subtype":"leisure=pitch","source":"osm"}},{"type":"Feature","geometry":{"type":"Point","coordinates":[72.942612,19.233622]},"properties":{"id":"osm:way/948236528","name":null,"category":"sports","subtype":"leisure=pitch","source":"osm"}},{"type":"Feature","geometry":{"type":"Point","coordinates":[72.942972,19.23355]},"properties":{"id":"osm:way/948236529","name":null,"category":"sports","subtype":"leisure=pitch","source":"osm"}},{"type":"Feature","geometry":{"type":"Point","coordinates":[72.941475,19.233486]},"properties":{"id":"osm:way/948236530","name":null,"category":"sports","subtype":"leisure=pitch","source":"osm"}},{"type":"Feature","geometry":{"type":"Point","coordinates":[72.941314,19.233549]},"properties":{"id":"osm:way/948236531","name":null,"category":"sports","subtype":"leisure=pitch","source":"osm"}},{"type":"Feature","geometry":{"type":"Point","coordinates":[72.944823,19.241192]},"properties":{"id":"osm:way/948236532","name":null,"category":"sports","subtype":"leisure=swimming_pool","source":"osm"}},{"type":"Feature","geometry":{"type":"Point","coordinates":[72.945266,19.241773]},"properties":{"id":"osm:way/948236533","name":null,"category":"sports","subtype":"leisure=swimming_pool","source":"osm"}},{"type":"Feature","geometry":{"type":"Point","coordinates":[72.94457,19.241242]},"properties":{"id":"osm:way/948236534","name":null,"category":"sports","subtype":"leisure=swimming_pool","source":"osm"}},{"type":"Feature","geometry":{"type":"Point","coordinates":[72.946081,19.233433]},"properties":{"id":"osm:way/948236535","name":null,"category":"sports","subtype":"leisure=pitch","source":"osm"}},{"type":"Feature","geometry":{"type":"Point","coordinates":[72.945934,19.233405]},"properties":{"id":"osm:way/948236536","name":null,"category":"sports","subtype":"leisure=pitch","source":"osm"}},{"type":"Feature","geometry":{"type":"Point","coordinates":[72.945791,19.233378]},"properties":{"id":"osm:way/948236537","name":null,"category":"sports","subtype":"leisure=pitch","source":"osm"}},{"type":"Feature","geometry":{"type":"Point","coordinates":[72.942942,19.242063]},"properties":{"id":"osm:way/948236538","name":null,"category":"sports","subtype":"leisure=pitch","source":"osm"}},{"type":"Feature","geometry":{"type":"Point","coordinates":[72.941805,19.234568]},"properties":{"id":"osm:way/948236539","name":null,"category":"sports","subtype":"leisure=swimming_pool","source":"osm"}},{"type":"Feature","geometry":{"type":"Point","coordinates":[72.942419,19.234349]},"properties":{"id":"osm:way/948236540","name":null,"category":"sports","subtype":"leisure=swimming_pool","source":"osm"}},{"type":"Feature","geometry":{"type":"Point","coordinates":[72.942302,19.234054]},"properties":{"id":"osm:way/948236541","name":null,"category":"sports","subtype":"leisure=swimming_pool","source":"osm"}},{"type":"Feature","geometry":{"type":"Point","coordinates":[72.941208,19.233155]},"properties":{"id":"osm:way/948236542","name":null,"category":"sports","subtype":"leisure=swimming_pool","source":"osm"}},{"type":"Feature","geometry":{"type":"Point","coordinates":[72.946055,19.227786]},"properties":{"id":"osm:way/948236543","name":null,"category":"sports","subtype":"leisure=swimming_pool","source":"osm"}},{"type":"Feature","geometry":{"type":"Point","coordinates":[72.948305,19.227626]},"properties":{"id":"osm:way/948236544","name":null,"category":"sports","subtype":"leisure=swimming_pool","source":"osm"}},{"type":"Feature","geometry":{"type":"Point","coordinates":[72.948245,19.228005]},"properties":{"id":"osm:way/948236545","name":null,"category":"sports","subtype":"leisure=swimming_pool","source":"osm"}},{"type":"Feature","geometry":{"type":"Point","coordinates":[72.948456,19.227348]},"properties":{"id":"osm:way/948236546","name":null,"category":"sports","subtype":"leisure=swimming_pool","source":"osm"}},{"type":"Feature","geometry":{"type":"Point","coordinates":[72.948506,19.227052]},"properties":{"id":"osm:way/948236547","name":null,"category":"sports","subtype":"leisure=swimming_pool","source":"osm"}},{"type":"Feature","geometry":{"type":"Point","coordinates":[72.948455,19.226774]},"properties":{"id":"osm:way/948236548","name":null,"category":"sports","subtype":"leisure=swimming_pool","source":"osm"}},{"type":"Feature","geometry":{"type":"Point","coordinates":[72.948656,19.226653]},"properties":{"id":"osm:way/948236549","name":null,"category":"sports","subtype":"leisure=swimming_pool","source":"osm"}},{"type":"Feature","geometry":{"type":"Point","coordinates":[72.948993,19.227612]},"properties":{"id":"osm:way/948236550","name":null,"category":"sports","subtype":"leisure=swimming_pool","source":"osm"}},{"type":"Feature","geometry":{"type":"Point","coordinates":[72.950481,19.238144]},"properties":{"id":"osm:way/948236551","name":null,"category":"sports","subtype":"leisure=swimming_pool","source":"osm"}},{"type":"Feature","geometry":{"type":"Point","coordinates":[72.94269,19.24142]},"properties":{"id":"osm:way/948236552","name":null,"category":"sports","subtype":"leisure=swimming_pool","source":"osm"}},{"type":"Feature","geometry":{"type":"Point","coordinates":[72.944829,19.240443]},"properties":{"id":"osm:way/948236553","name":null,"category":"sports","subtype":"leisure=swimming_pool","source":"osm"}},{"type":"Feature","geometry":{"type":"Point","coordinates":[72.945093,19.243531]},"properties":{"id":"osm:way/948236554","name":null,"category":"sports","subtype":"leisure=swimming_pool","source":"osm"}},{"type":"Feature","geometry":{"type":"Point","coordinates":[72.980188,19.207166]},"properties":{"id":"osm:way/948236563","name":null,"category":"sports","subtype":"leisure=pitch","source":"osm"}},{"type":"Feature","geometry":{"type":"Point","coordinates":[72.9931,19.183951]},"properties":{"id":"osm:way/948236584","name":null,"category":"sports","subtype":"leisure=swimming_pool","source":"osm"}},{"type":"Feature","geometry":{"type":"Point","coordinates":[72.993631,19.183555]},"properties":{"id":"osm:way/948236585","name":null,"category":"sports","subtype":"leisure=pitch","source":"osm"}},{"type":"Feature","geometry":{"type":"Point","coordinates":[72.993504,19.1837]},"properties":{"id":"osm:way/948236586","name":null,"category":"sports","subtype":"leisure=pitch","source":"osm"}},{"type":"Feature","geometry":{"type":"Point","coordinates":[72.990873,19.173963]},"properties":{"id":"osm:way/948236601","name":null,"category":"sports","subtype":"leisure=pitch","source":"osm"}},{"type":"Feature","geometry":{"type":"Point","coordinates":[72.990663,19.173981]},"properties":{"id":"osm:way/948236602","name":null,"category":"sports","subtype":"leisure=pitch","source":"osm"}},{"type":"Feature","geometry":{"type":"Point","coordinates":[72.990521,19.174065]},"properties":{"id":"osm:way/948236603","name":null,"category":"sports","subtype":"leisure=pitch","source":"osm"}},{"type":"Feature","geometry":{"type":"Point","coordinates":[72.990519,19.173899]},"properties":{"id":"osm:way/948236604","name":null,"category":"sports","subtype":"leisure=pitch","source":"osm"}},{"type":"Feature","geometry":{"type":"Point","coordinates":[72.99163,19.241697]},"properties":{"id":"osm:way/948483500","name":null,"category":"sports","subtype":"leisure=pitch","source":"osm"}},{"type":"Feature","geometry":{"type":"Point","coordinates":[72.991673,19.241867]},"properties":{"id":"osm:way/948483501","name":null,"category":"sports","subtype":"leisure=pitch","source":"osm"}},{"type":"Feature","geometry":{"type":"Point","coordinates":[72.991491,19.241871]},"properties":{"id":"osm:way/948483502","name":null,"category":"sports","subtype":"leisure=pitch","source":"osm"}},{"type":"Feature","geometry":{"type":"Point","coordinates":[72.99349,19.221118]},"properties":{"id":"osm:way/948969330","name":null,"category":"sports","subtype":"leisure=swimming_pool","source":"osm"}},{"type":"Feature","geometry":{"type":"Point","coordinates":[72.979505,19.246712]},"properties":{"id":"osm:way/950395655","name":null,"category":"sports","subtype":"leisure=swimming_pool","source":"osm"}},{"type":"Feature","geometry":{"type":"Point","coordinates":[72.958521,19.226389]},"properties":{"id":"osm:way/952059256","name":null,"category":"sports","subtype":"leisure=swimming_pool","source":"osm"}},{"type":"Feature","geometry":{"type":"Point","coordinates":[72.95916,19.178125]},"properties":{"id":"osm:way/952368647","name":null,"category":"sports","subtype":"leisure=swimming_pool","source":"osm"}},{"type":"Feature","geometry":{"type":"Point","coordinates":[72.958787,19.177869]},"properties":{"id":"osm:way/952368648","name":null,"category":"sports","subtype":"leisure=swimming_pool","source":"osm"}},{"type":"Feature","geometry":{"type":"Point","coordinates":[72.958915,19.177992]},"properties":{"id":"osm:way/952368649","name":null,"category":"sports","subtype":"leisure=swimming_pool","source":"osm"}},{"type":"Feature","geometry":{"type":"Point","coordinates":[72.812953,18.895818]},"properties":{"id":"osm:way/953329185","name":null,"category":"sports","subtype":"leisure=pitch","source":"osm"}},{"type":"Feature","geometry":{"type":"Point","coordinates":[72.963376,19.269209]},"properties":{"id":"osm:way/957214398","name":null,"category":"sports","subtype":"leisure=swimming_pool","source":"osm"}},{"type":"Feature","geometry":{"type":"Point","coordinates":[72.963161,19.270347]},"properties":{"id":"osm:way/957214417","name":null,"category":"sports","subtype":"leisure=swimming_pool","source":"osm"}},{"type":"Feature","geometry":{"type":"Point","coordinates":[72.971939,19.273053]},"properties":{"id":"osm:way/957266398","name":null,"category":"sports","subtype":"leisure=swimming_pool","source":"osm"}},{"type":"Feature","geometry":{"type":"Point","coordinates":[72.968706,19.272022]},"properties":{"id":"osm:way/957266434","name":null,"category":"sports","subtype":"leisure=pitch","source":"osm"}},{"type":"Feature","geometry":{"type":"Point","coordinates":[72.956599,19.283045]},"properties":{"id":"osm:way/957916171","name":null,"category":"sports","subtype":"leisure=pitch","source":"osm"}},{"type":"Feature","geometry":{"type":"Point","coordinates":[72.972492,19.264816]},"properties":{"id":"osm:way/957916181","name":null,"category":"sports","subtype":"leisure=swimming_pool","source":"osm"}},{"type":"Feature","geometry":{"type":"Point","coordinates":[72.98393,19.246012]},"properties":{"id":"osm:way/957916195","name":"TMC ground","category":"sports","subtype":"leisure=pitch","source":"osm"}},{"type":"Feature","geometry":{"type":"Point","coordinates":[72.899012,19.10477]},"properties":{"id":"osm:way/959270757","name":null,"category":"sports","subtype":"leisure=pitch","source":"osm"}},{"type":"Feature","geometry":{"type":"Point","coordinates":[72.899099,19.104405]},"properties":{"id":"osm:way/959270758","name":null,"category":"sports","subtype":"leisure=pitch","source":"osm"}},{"type":"Feature","geometry":{"type":"Point","coordinates":[72.897888,19.104595]},"properties":{"id":"osm:way/959270815","name":null,"category":"sports","subtype":"leisure=pitch","source":"osm"}},{"type":"Feature","geometry":{"type":"Point","coordinates":[72.897939,19.104832]},"properties":{"id":"osm:way/959270816","name":null,"category":"sports","subtype":"leisure=pitch","source":"osm"}},{"type":"Feature","geometry":{"type":"Point","coordinates":[72.90888,19.118253]},"properties":{"id":"osm:way/959543444","name":null,"category":"sports","subtype":"leisure=swimming_pool","source":"osm"}},{"type":"Feature","geometry":{"type":"Point","coordinates":[72.915048,19.11727]},"properties":{"id":"osm:way/959543467","name":null,"category":"sports","subtype":"leisure=swimming_pool","source":"osm"}},{"type":"Feature","geometry":{"type":"Point","coordinates":[72.896199,19.106707]},"properties":{"id":"osm:way/959553968","name":null,"category":"sports","subtype":"leisure=pitch","source":"osm"}},{"type":"Feature","geometry":{"type":"Point","coordinates":[72.896035,19.106162]},"properties":{"id":"osm:way/959553988","name":null,"category":"sports","subtype":"leisure=track","source":"osm"}},{"type":"Feature","geometry":{"type":"Point","coordinates":[72.893075,19.12237]},"properties":{"id":"osm:way/959572921","name":null,"category":"sports","subtype":"leisure=swimming_pool","source":"osm"}},{"type":"Feature","geometry":{"type":"Point","coordinates":[72.893173,19.122517]},"properties":{"id":"osm:way/959572922","name":null,"category":"sports","subtype":"leisure=swimming_pool","source":"osm"}},{"type":"Feature","geometry":{"type":"Point","coordinates":[72.901595,19.115055]},"properties":{"id":"osm:way/959719191","name":null,"category":"sports","subtype":"leisure=pitch","source":"osm"}},{"type":"Feature","geometry":{"type":"Point","coordinates":[72.90095,19.115242]},"properties":{"id":"osm:way/959719192","name":null,"category":"sports","subtype":"leisure=swimming_pool","source":"osm"}},{"type":"Feature","geometry":{"type":"Point","coordinates":[72.884565,19.122843]},"properties":{"id":"osm:way/959812282","name":null,"category":"sports","subtype":"leisure=swimming_pool","source":"osm"}},{"type":"Feature","geometry":{"type":"Point","coordinates":[72.885253,19.114461]},"properties":{"id":"osm:way/959812296","name":null,"category":"sports","subtype":"leisure=swimming_pool","source":"osm","access":"private"}},{"type":"Feature","geometry":{"type":"Point","coordinates":[72.80846,19.139249]},"properties":{"id":"osm:way/960135836","name":null,"category":"sports","subtype":"leisure=swimming_pool","source":"osm"}},{"type":"Feature","geometry":{"type":"Point","coordinates":[72.851964,19.066474]},"properties":{"id":"osm:way/960135860","name":null,"category":"sports","subtype":"leisure=swimming_pool","source":"osm"}},{"type":"Feature","geometry":{"type":"Point","coordinates":[72.840211,19.074926]},"properties":{"id":"osm:way/960135873","name":null,"category":"sports","subtype":"leisure=pitch","source":"osm"}},{"type":"Feature","geometry":{"type":"Point","coordinates":[72.840081,19.07494]},"properties":{"id":"osm:way/960135874","name":null,"category":"sports","subtype":"leisure=pitch","source":"osm"}},{"type":"Feature","geometry":{"type":"Point","coordinates":[72.931348,19.136388]},"properties":{"id":"osm:way/960182248","name":null,"category":"sports","subtype":"leisure=swimming_pool","source":"osm"}},{"type":"Feature","geometry":{"type":"Point","coordinates":[72.931614,19.13659]},"properties":{"id":"osm:way/960182261","name":null,"category":"sports","subtype":"leisure=pitch","source":"osm"}},{"type":"Feature","geometry":{"type":"Point","coordinates":[72.93487,19.13162]},"properties":{"id":"osm:way/960182273","name":null,"category":"sports","subtype":"leisure=swimming_pool","source":"osm"}},{"type":"Feature","geometry":{"type":"Point","coordinates":[72.933508,19.131965]},"properties":{"id":"osm:way/960182279","name":null,"category":"sports","subtype":"leisure=pitch","source":"osm"}},{"type":"Feature","geometry":{"type":"Point","coordinates":[72.933486,19.131741]},"properties":{"id":"osm:way/960182280","name":null,"category":"sports","subtype":"leisure=pitch","source":"osm"}},{"type":"Feature","geometry":{"type":"Point","coordinates":[72.933067,19.131856]},"properties":{"id":"osm:way/960182281","name":null,"category":"sports","subtype":"leisure=swimming_pool","source":"osm"}},{"type":"Feature","geometry":{"type":"Point","coordinates":[72.93002,19.127686]},"properties":{"id":"osm:way/960182294","name":null,"category":"sports","subtype":"leisure=pitch","source":"osm"}},{"type":"Feature","geometry":{"type":"Point","coordinates":[72.929787,19.127731]},"properties":{"id":"osm:way/960182295","name":null,"category":"sports","subtype":"leisure=pitch","source":"osm"}},{"type":"Feature","geometry":{"type":"Point","coordinates":[72.929459,19.128439]},"properties":{"id":"osm:way/960182297","name":null,"category":"sports","subtype":"leisure=pitch","source":"osm"}},{"type":"Feature","geometry":{"type":"Point","coordinates":[72.930325,19.128572]},"properties":{"id":"osm:way/960182298","name":null,"category":"sports","subtype":"leisure=swimming_pool","source":"osm"}},{"type":"Feature","geometry":{"type":"Point","coordinates":[72.930708,19.128479]},"properties":{"id":"osm:way/960182299","name":null,"category":"sports","subtype":"leisure=swimming_pool","source":"osm"}},{"type":"Feature","geometry":{"type":"Point","coordinates":[72.865803,19.169223]},"properties":{"id":"osm:way/960803420","name":null,"category":"sports","subtype":"leisure=pitch","source":"osm"}},{"type":"Feature","geometry":{"type":"Point","coordinates":[72.871567,19.209595]},"properties":{"id":"osm:way/960803425","name":null,"category":"sports","subtype":"leisure=swimming_pool","source":"osm"}},{"type":"Feature","geometry":{"type":"Point","coordinates":[72.834708,19.138716]},"properties":{"id":"osm:way/960803431","name":null,"category":"sports","subtype":"leisure=swimming_pool","source":"osm"}},{"type":"Feature","geometry":{"type":"Point","coordinates":[72.864435,19.14097]},"properties":{"id":"osm:way/960803442","name":null,"category":"sports","subtype":"leisure=swimming_pool","source":"osm"}},{"type":"Feature","geometry":{"type":"Point","coordinates":[72.864028,19.141009]},"properties":{"id":"osm:way/960803443","name":null,"category":"sports","subtype":"leisure=pitch","source":"osm"}},{"type":"Feature","geometry":{"type":"Point","coordinates":[72.863898,19.141023]},"properties":{"id":"osm:way/960803444","name":null,"category":"sports","subtype":"leisure=pitch","source":"osm"}},{"type":"Feature","geometry":{"type":"Point","coordinates":[72.864787,19.140873]},"properties":{"id":"osm:way/960803446","name":null,"category":"sports","subtype":"leisure=swimming_pool","source":"osm"}},{"type":"Feature","geometry":{"type":"Point","coordinates":[72.864041,19.139608]},"properties":{"id":"osm:way/960803462","name":null,"category":"sports","subtype":"leisure=swimming_pool","source":"osm"}},{"type":"Feature","geometry":{"type":"Point","coordinates":[72.868879,19.02278]},"properties":{"id":"osm:way/961376679","name":null,"category":"sports","subtype":"leisure=swimming_pool","source":"osm"}},{"type":"Feature","geometry":{"type":"Point","coordinates":[72.867954,19.023479]},"properties":{"id":"osm:way/961376690","name":null,"category":"sports","subtype":"leisure=pitch","source":"osm"}},{"type":"Feature","geometry":{"type":"Point","coordinates":[72.84939,18.998073]},"properties":{"id":"osm:way/961376716","name":null,"category":"sports","subtype":"leisure=pitch","source":"osm"}},{"type":"Feature","geometry":{"type":"Point","coordinates":[72.849251,18.998139]},"properties":{"id":"osm:way/961376717","name":null,"category":"sports","subtype":"leisure=pitch","source":"osm"}},{"type":"Feature","geometry":{"type":"Point","coordinates":[72.84631,18.994886]},"properties":{"id":"osm:way/961376723","name":null,"category":"sports","subtype":"leisure=pitch","source":"osm"}},{"type":"Feature","geometry":{"type":"Point","coordinates":[72.847679,18.995133]},"properties":{"id":"osm:way/961376725","name":null,"category":"sports","subtype":"leisure=swimming_pool","source":"osm"}},{"type":"Feature","geometry":{"type":"Point","coordinates":[72.847991,18.992998]},"properties":{"id":"osm:way/961376735","name":null,"category":"sports","subtype":"leisure=swimming_pool","source":"osm"}},{"type":"Feature","geometry":{"type":"Point","coordinates":[72.885906,19.08372]},"properties":{"id":"osm:way/961789598","name":"Holy Cross Grounds","category":"sports","subtype":"leisure=pitch","source":"osm"}},{"type":"Feature","geometry":{"type":"Point","coordinates":[72.886088,19.080345]},"properties":{"id":"osm:way/961797778","name":null,"category":"sports","subtype":"leisure=pitch","source":"osm"}},{"type":"Feature","geometry":{"type":"Point","coordinates":[72.96089,19.187441]},"properties":{"id":"osm:way/961924121","name":null,"category":"sports","subtype":"leisure=swimming_pool","source":"osm"}},{"type":"Feature","geometry":{"type":"Point","coordinates":[72.960738,19.187758]},"properties":{"id":"osm:way/961924122","name":null,"category":"sports","subtype":"leisure=swimming_pool","source":"osm"}},{"type":"Feature","geometry":{"type":"Point","coordinates":[72.959351,19.18677]},"properties":{"id":"osm:way/961924130","name":null,"category":"sports","subtype":"leisure=swimming_pool","source":"osm","access":"private"}},{"type":"Feature","geometry":{"type":"Point","coordinates":[72.965012,19.206154]},"properties":{"id":"osm:way/961924138","name":null,"category":"sports","subtype":"leisure=swimming_pool","source":"osm"}},{"type":"Feature","geometry":{"type":"Point","coordinates":[72.964373,19.202939]},"properties":{"id":"osm:way/961924140","name":null,"category":"sports","subtype":"leisure=swimming_pool","source":"osm"}},{"type":"Feature","geometry":{"type":"Point","coordinates":[72.825097,19.201305]},"properties":{"id":"osm:way/963130225","name":null,"category":"sports","subtype":"leisure=swimming_pool","source":"osm"}},{"type":"Feature","geometry":{"type":"Point","coordinates":[72.853549,19.175818]},"properties":{"id":"osm:way/966204678","name":"Giri Pushpa park track","category":"sports","subtype":"leisure=track","source":"osm"}},{"type":"Feature","geometry":{"type":"Point","coordinates":[72.853143,19.175796]},"properties":{"id":"osm:way/966204679","name":null,"category":"sports","subtype":"leisure=track","source":"osm"}},{"type":"Feature","geometry":{"type":"Point","coordinates":[72.853065,19.17631]},"properties":{"id":"osm:way/966204681","name":"Poddar Academy's Playground","category":"sports","subtype":"leisure=playground","source":"osm"}},{"type":"Feature","geometry":{"type":"Point","coordinates":[72.85347,19.175531]},"properties":{"id":"osm:way/966206389","name":null,"category":"sports","subtype":"leisure=track","source":"osm"}},{"type":"Feature","geometry":{"type":"Point","coordinates":[73.013962,19.206674]},"properties":{"id":"osm:way/966700785","name":null,"category":"sports","subtype":"leisure=swimming_pool","source":"osm"}},{"type":"Feature","geometry":{"type":"Point","coordinates":[72.840936,19.150671]},"properties":{"id":"osm:way/967018231","name":null,"category":"sports","subtype":"leisure=playground","source":"osm"}},{"type":"Feature","geometry":{"type":"Point","coordinates":[73.008342,19.034037]},"properties":{"id":"osm:way/967953262","name":null,"category":"sports","subtype":"leisure=playground","source":"osm"}},{"type":"Feature","geometry":{"type":"Point","coordinates":[73.014704,19.027095]},"properties":{"id":"osm:way/968857335","name":"swimming pool-2","category":"sports","subtype":"leisure=swimming_pool","source":"osm"}},{"type":"Feature","geometry":{"type":"Point","coordinates":[73.014713,19.025922]},"properties":{"id":"osm:way/968857336","name":"practice ground, gymkhana","category":"sports","subtype":"leisure=pitch","source":"osm"}},{"type":"Feature","geometry":{"type":"Point","coordinates":[73.014692,19.027417]},"properties":{"id":"osm:way/968857337","name":"Tennis court-1","category":"sports","subtype":"leisure=pitch","source":"osm"}},{"type":"Feature","geometry":{"type":"Point","coordinates":[73.014859,19.027361]},"properties":{"id":"osm:way/968857338","name":"Tennis court-2","category":"sports","subtype":"leisure=pitch","source":"osm"}},{"type":"Feature","geometry":{"type":"Point","coordinates":[73.015028,19.027302]},"properties":{"id":"osm:way/968857339","name":"Tennis court-3","category":"sports","subtype":"leisure=pitch","source":"osm"}},{"type":"Feature","geometry":{"type":"Point","coordinates":[73.015197,19.027241]},"properties":{"id":"osm:way/968857340","name":"Tennis court-4","category":"sports","subtype":"leisure=pitch","source":"osm"}},{"type":"Feature","geometry":{"type":"Point","coordinates":[73.015204,19.026719]},"properties":{"id":"osm:way/968857347","name":null,"category":"sports","subtype":"leisure=fitness_centre","source":"osm"}},{"type":"Feature","geometry":{"type":"Point","coordinates":[73.014332,19.026159]},"properties":{"id":"osm:way/968857350","name":"cricket field, gymkhana","category":"sports","subtype":"leisure=pitch","source":"osm"}},{"type":"Feature","geometry":{"type":"Point","coordinates":[73.014824,19.026208]},"properties":{"id":"osm:way/968857351","name":"Playground, Nerul gymkhana","category":"sports","subtype":"leisure=playground","source":"osm"}},{"type":"Feature","geometry":{"type":"Point","coordinates":[72.980854,19.189612]},"properties":{"id":"osm:way/969607266","name":null,"category":"sports","subtype":"leisure=pitch","source":"osm"}},{"type":"Feature","geometry":{"type":"Point","coordinates":[72.971976,19.174025]},"properties":{"id":"osm:way/971939918","name":null,"category":"sports","subtype":"leisure=swimming_pool","source":"osm"}},{"type":"Feature","geometry":{"type":"Point","coordinates":[72.978891,19.180855]},"properties":{"id":"osm:way/973040163","name":null,"category":"sports","subtype":"leisure=pitch","source":"osm"}},{"type":"Feature","geometry":{"type":"Point","coordinates":[72.909346,19.136725]},"properties":{"id":"osm:way/975941904","name":"Badminton Court,Hostel 18","category":"sports","subtype":"leisure=pitch","source":"osm","access":"residents"}},{"type":"Feature","geometry":{"type":"Point","coordinates":[73.004482,19.247099]},"properties":{"id":"osm:way/976086849","name":null,"category":"sports","subtype":"leisure=pitch","source":"osm"}},{"type":"Feature","geometry":{"type":"Point","coordinates":[72.830054,19.012976]},"properties":{"id":"osm:way/976172500","name":null,"category":"sports","subtype":"leisure=swimming_pool","source":"osm","access":"private"}},{"type":"Feature","geometry":{"type":"Point","coordinates":[72.826884,19.013577]},"properties":{"id":"osm:way/976176023","name":null,"category":"sports","subtype":"leisure=pitch","source":"osm","access":"yes"}},{"type":"Feature","geometry":{"type":"Point","coordinates":[72.988339,19.224232]},"properties":{"id":"osm:way/976194028","name":null,"category":"sports","subtype":"leisure=swimming_pool","source":"osm","access":"private"}},{"type":"Feature","geometry":{"type":"Point","coordinates":[72.834894,19.017627]},"properties":{"id":"osm:way/978615005","name":null,"category":"sports","subtype":"leisure=playground","source":"osm"}},{"type":"Feature","geometry":{"type":"Point","coordinates":[72.813578,18.900434]},"properties":{"id":"osm:way/978824055","name":null,"category":"sports","subtype":"leisure=pitch","source":"osm"}},{"type":"Feature","geometry":{"type":"Point","coordinates":[72.813126,18.900223]},"properties":{"id":"osm:way/978824056","name":null,"category":"sports","subtype":"leisure=swimming_pool","source":"osm","access":"private"}},{"type":"Feature","geometry":{"type":"Point","coordinates":[72.812713,18.972973]},"properties":{"id":"osm:way/979362802","name":null,"category":"sports","subtype":"leisure=pitch","source":"osm"}},{"type":"Feature","geometry":{"type":"Point","coordinates":[72.859417,19.025212]},"properties":{"id":"osm:way/979405307","name":null,"category":"sports","subtype":"leisure=pitch","source":"osm"}},{"type":"Feature","geometry":{"type":"Point","coordinates":[72.859212,19.025204]},"properties":{"id":"osm:way/979405308","name":null,"category":"sports","subtype":"leisure=pitch","source":"osm"}},{"type":"Feature","geometry":{"type":"Point","coordinates":[72.858906,19.025175]},"properties":{"id":"osm:way/979405309","name":null,"category":"sports","subtype":"leisure=pitch","source":"osm"}},{"type":"Feature","geometry":{"type":"Point","coordinates":[73.018554,19.006774]},"properties":{"id":"osm:way/980698836","name":null,"category":"sports","subtype":"leisure=swimming_pool","source":"osm"}},{"type":"Feature","geometry":{"type":"Point","coordinates":[73.018576,19.006572]},"properties":{"id":"osm:way/980698837","name":null,"category":"sports","subtype":"leisure=swimming_pool","source":"osm"}},{"type":"Feature","geometry":{"type":"Point","coordinates":[73.018787,19.006231]},"properties":{"id":"osm:way/980698838","name":null,"category":"sports","subtype":"leisure=pitch","source":"osm","access":"private"}},{"type":"Feature","geometry":{"type":"Point","coordinates":[72.828733,19.140686]},"properties":{"id":"osm:way/982284499","name":"Runwal Elegante Kid's Pool","category":"sports","subtype":"leisure=swimming_pool","source":"osm","access":"private"}},{"type":"Feature","geometry":{"type":"Point","coordinates":[72.828753,19.140477]},"properties":{"id":"osm:way/982284500","name":"Runwal Elegante Pool","category":"sports","subtype":"leisure=swimming_pool","source":"osm","access":"private"}},{"type":"Feature","geometry":{"type":"Point","coordinates":[72.823219,19.127756]},"properties":{"id":"osm:way/986123734","name":null,"category":"sports","subtype":"leisure=playground","source":"osm"}},{"type":"Feature","geometry":{"type":"Point","coordinates":[73.001913,18.921977]},"properties":{"id":"osm:way/988399709","name":null,"category":"sports","subtype":"leisure=pitch","source":"osm"}},{"type":"Feature","geometry":{"type":"Point","coordinates":[72.857642,19.026361]},"properties":{"id":"osm:way/991706660","name":"Don Bosco Matunga Turf","category":"sports","subtype":"leisure=pitch","source":"osm"}},{"type":"Feature","geometry":{"type":"Point","coordinates":[72.858238,19.026272]},"properties":{"id":"osm:way/991706661","name":"Don Bosco Matunga Turf","category":"sports","subtype":"leisure=pitch","source":"osm"}},{"type":"Feature","geometry":{"type":"Point","coordinates":[72.858306,19.026701]},"properties":{"id":"osm:way/991706662","name":null,"category":"sports","subtype":"leisure=pitch","source":"osm"}},{"type":"Feature","geometry":{"type":"Point","coordinates":[72.980489,18.906887]},"properties":{"id":"osm:way/991888876","name":null,"category":"sports","subtype":"leisure=pitch","source":"osm"}},{"type":"Feature","geometry":{"type":"Point","coordinates":[72.972278,19.220365]},"properties":{"id":"osm:way/997216395","name":null,"category":"sports","subtype":"leisure=pitch","source":"osm"}},{"type":"Feature","geometry":{"type":"Point","coordinates":[72.969088,19.227276]},"properties":{"id":"osm:way/997273269","name":null,"category":"sports","subtype":"leisure=pitch","source":"osm"}},{"type":"Feature","geometry":{"type":"Point","coordinates":[72.969016,19.226848]},"properties":{"id":"osm:way/997273271","name":null,"category":"sports","subtype":"leisure=playground","source":"osm"}},{"type":"Feature","geometry":{"type":"Point","coordinates":[72.973471,19.23547]},"properties":{"id":"osm:way/997738288","name":null,"category":"sports","subtype":"leisure=pitch","source":"osm"}},{"type":"Feature","geometry":{"type":"Point","coordinates":[72.976977,19.222389]},"properties":{"id":"osm:way/998001493","name":null,"category":"sports","subtype":"leisure=pitch","source":"osm"}},{"type":"Feature","geometry":{"type":"Point","coordinates":[72.973955,19.22223]},"properties":{"id":"osm:way/998001495","name":null,"category":"sports","subtype":"leisure=pitch","source":"osm"}},{"type":"Feature","geometry":{"type":"Point","coordinates":[72.95972,19.222363]},"properties":{"id":"osm:way/998554478","name":null,"category":"sports","subtype":"leisure=playground","source":"osm"}},{"type":"Feature","geometry":{"type":"Point","coordinates":[72.960141,19.222001]},"properties":{"id":"osm:way/998554516","name":null,"category":"sports","subtype":"leisure=pitch","source":"osm"}},{"type":"Feature","geometry":{"type":"Point","coordinates":[72.955651,19.216619]},"properties":{"id":"osm:way/1002000826","name":null,"category":"sports","subtype":"leisure=pitch","source":"osm"}},{"type":"Feature","geometry":{"type":"Point","coordinates":[72.929897,19.108034]},"properties":{"id":"osm:way/1008842050","name":"Udayachal Primary School Ground","category":"sports","subtype":"leisure=playground","source":"osm","operator":"Godrej"}},{"type":"Feature","geometry":{"type":"Point","coordinates":[72.821193,18.927963]},"properties":{"id":"osm:way/1009324322","name":null,"category":"sports","subtype":"leisure=swimming_pool","source":"osm","access":"private"}},{"type":"Feature","geometry":{"type":"Point","coordinates":[72.826512,18.926029]},"properties":{"id":"osm:way/1009483797","name":"Sachivalaya Gymkhana","category":"sports","subtype":"leisure=fitness_centre","source":"osm"}},{"type":"Feature","geometry":{"type":"Point","coordinates":[72.819946,18.917211]},"properties":{"id":"osm:way/1009581708","name":null,"category":"sports","subtype":"leisure=pitch","source":"osm"}},{"type":"Feature","geometry":{"type":"Point","coordinates":[72.820005,18.916515]},"properties":{"id":"osm:way/1009581729","name":null,"category":"sports","subtype":"leisure=pitch","source":"osm"}},{"type":"Feature","geometry":{"type":"Point","coordinates":[72.816807,18.917836]},"properties":{"id":"osm:way/1009581751","name":null,"category":"sports","subtype":"leisure=pitch","source":"osm"}},{"type":"Feature","geometry":{"type":"Point","coordinates":[72.816704,18.917712]},"properties":{"id":"osm:way/1009581752","name":null,"category":"sports","subtype":"leisure=pitch","source":"osm"}},{"type":"Feature","geometry":{"type":"Point","coordinates":[72.829967,19.123698]},"properties":{"id":"osm:way/1010994571","name":"YMCA Basketball Court","category":"sports","subtype":"leisure=pitch","source":"osm"}},{"type":"Feature","geometry":{"type":"Point","coordinates":[72.918481,19.047948]},"properties":{"id":"osm:way/1011460684","name":null,"category":"sports","subtype":"leisure=swimming_pool","source":"osm","access":"private"}},{"type":"Feature","geometry":{"type":"Point","coordinates":[72.816721,18.915686]},"properties":{"id":"osm:way/1013261669","name":null,"category":"sports","subtype":"leisure=playground","source":"osm"}},{"type":"Feature","geometry":{"type":"Point","coordinates":[73.005942,19.061313]},"properties":{"id":"osm:way/1013345593","name":null,"category":"sports","subtype":"leisure=pitch","source":"osm"}},{"type":"Feature","geometry":{"type":"Point","coordinates":[73.005846,19.061188]},"properties":{"id":"osm:way/1013345594","name":null,"category":"sports","subtype":"leisure=pitch","source":"osm"}},{"type":"Feature","geometry":{"type":"Point","coordinates":[72.980611,19.220313]},"properties":{"id":"osm:way/1013529971","name":null,"category":"sports","subtype":"leisure=pitch","source":"osm"}},{"type":"Feature","geometry":{"type":"Point","coordinates":[72.979575,19.227547]},"properties":{"id":"osm:way/1013530003","name":"Shri Sharad Chandranji Pawar Sports Complex","category":"sports","subtype":"leisure=sports_centre","source":"osm","operator":"Thane Muncipal Corporation"}},{"type":"Feature","geometry":{"type":"Point","coordinates":[72.849384,19.130222]},"properties":{"id":"osm:way/1014358965","name":"Saraswati Baug","category":"sports","subtype":"leisure=playground","source":"osm","opening_hours":"Mo-Su 07:00-22:00"}},{"type":"Feature","geometry":{"type":"Point","coordinates":[72.86757,19.099718]},"properties":{"id":"osm:way/1014376333","name":"Amabaji Ground","category":"sports","subtype":"leisure=playground","source":"osm","opening_hours":"Mo-Sa 06:00-01:00, Su 06:00-02:00","access":"yes"}},{"type":"Feature","geometry":{"type":"Point","coordinates":[72.868558,19.100465]},"properties":{"id":"osm:way/1014379014","name":"BMC Ground","category":"sports","subtype":"leisure=playground","source":"osm","access":"yes"}},{"type":"Feature","geometry":{"type":"Point","coordinates":[72.850693,19.132858]},"properties":{"id":"osm:way/1014531842","name":null,"category":"sports","subtype":"leisure=pitch","source":"osm"}},{"type":"Feature","geometry":{"type":"Point","coordinates":[72.965311,19.220491]},"properties":{"id":"osm:way/1020859124","name":null,"category":"sports","subtype":"leisure=playground","source":"osm"}},{"type":"Feature","geometry":{"type":"Point","coordinates":[72.981293,19.255959]},"properties":{"id":"osm:way/1024588540","name":null,"category":"sports","subtype":"leisure=swimming_pool","source":"osm","access":"private"}},{"type":"Feature","geometry":{"type":"Point","coordinates":[72.981453,19.256196]},"properties":{"id":"osm:way/1024588541","name":null,"category":"sports","subtype":"leisure=swimming_pool","source":"osm","access":"private"}},{"type":"Feature","geometry":{"type":"Point","coordinates":[72.971843,19.263485]},"properties":{"id":"osm:way/1024588570","name":null,"category":"sports","subtype":"leisure=swimming_pool","source":"osm"}},{"type":"Feature","geometry":{"type":"Point","coordinates":[72.981582,19.19503]},"properties":{"id":"osm:way/1025464451","name":null,"category":"sports","subtype":"leisure=pitch","source":"osm"}},{"type":"Feature","geometry":{"type":"Point","coordinates":[72.858253,19.065428]},"properties":{"id":"osm:way/1027121221","name":null,"category":"sports","subtype":"leisure=pitch","source":"osm"}},{"type":"Feature","geometry":{"type":"Point","coordinates":[72.865617,19.062462]},"properties":{"id":"osm:way/1027121230","name":null,"category":"sports","subtype":"leisure=pitch","source":"osm"}},{"type":"Feature","geometry":{"type":"Point","coordinates":[72.86546,19.062448]},"properties":{"id":"osm:way/1027121231","name":null,"category":"sports","subtype":"leisure=pitch","source":"osm"}},{"type":"Feature","geometry":{"type":"Point","coordinates":[72.865841,19.062151]},"properties":{"id":"osm:way/1027121232","name":null,"category":"sports","subtype":"leisure=pitch","source":"osm"}},{"type":"Feature","geometry":{"type":"Point","coordinates":[72.865666,19.06214]},"properties":{"id":"osm:way/1027121233","name":null,"category":"sports","subtype":"leisure=pitch","source":"osm"}},{"type":"Feature","geometry":{"type":"Point","coordinates":[73.017588,19.011514]},"properties":{"id":"osm:way/1030594769","name":null,"category":"sports","subtype":"leisure=pitch","source":"osm","access":"customers"}},{"type":"Feature","geometry":{"type":"Point","coordinates":[73.012636,19.022738]},"properties":{"id":"osm:way/1030597116","name":null,"category":"sports","subtype":"leisure=pitch","source":"osm"}},{"type":"Feature","geometry":{"type":"Point","coordinates":[72.865218,19.277933]},"properties":{"id":"osm:way/1031596219","name":"RNA Courtyard Swimming Pool","category":"sports","subtype":"leisure=swimming_pool","source":"osm"}},{"type":"Feature","geometry":{"type":"Point","coordinates":[72.96817,19.208258]},"properties":{"id":"osm:way/1033580336","name":null,"category":"sports","subtype":"leisure=swimming_pool","source":"osm"}},{"type":"Feature","geometry":{"type":"Point","coordinates":[73.009642,19.033455]},"properties":{"id":"osm:way/1036071764","name":null,"category":"sports","subtype":"leisure=pitch","source":"osm"}},{"type":"Feature","geometry":{"type":"Point","coordinates":[72.911775,19.136991]},"properties":{"id":"osm:way/1045541882","name":"H3 Cricket Ground","category":"sports","subtype":"leisure=pitch","source":"osm"}},{"type":"Feature","geometry":{"type":"Point","coordinates":[72.911743,19.136717]},"properties":{"id":"osm:way/1046452703","name":"H3 football ground","category":"sports","subtype":"leisure=pitch","source":"osm"}},{"type":"Feature","geometry":{"type":"Point","coordinates":[72.912354,19.136702]},"properties":{"id":"osm:way/1047600391","name":"H2 Cricket Ground","category":"sports","subtype":"leisure=pitch","source":"osm"}},{"type":"Feature","geometry":{"type":"Point","coordinates":[72.911263,19.136738]},"properties":{"id":"osm:way/1047600392","name":null,"category":"sports","subtype":"leisure=pitch","source":"osm"}},{"type":"Feature","geometry":{"type":"Point","coordinates":[72.911416,19.136993]},"properties":{"id":"osm:way/1047600393","name":null,"category":"sports","subtype":"leisure=pitch","source":"osm"}},{"type":"Feature","geometry":{"type":"Point","coordinates":[72.91121,19.137011]},"properties":{"id":"osm:way/1047600394","name":"H3 Badminton Court","category":"sports","subtype":"leisure=pitch","source":"osm"}},{"type":"Feature","geometry":{"type":"Point","coordinates":[72.808977,18.896339]},"properties":{"id":"osm:way/1050345067","name":null,"category":"sports","subtype":"leisure=swimming_pool","source":"osm"}},{"type":"Feature","geometry":{"type":"Point","coordinates":[72.81015,18.896249]},"properties":{"id":"osm:way/1050345068","name":null,"category":"sports","subtype":"leisure=pitch","source":"osm"}},{"type":"Feature","geometry":{"type":"Point","coordinates":[72.810005,18.896242]},"properties":{"id":"osm:way/1050345069","name":null,"category":"sports","subtype":"leisure=pitch","source":"osm"}},{"type":"Feature","geometry":{"type":"Point","coordinates":[72.871974,19.046338]},"properties":{"id":"osm:way/1052052196","name":null,"category":"sports","subtype":"leisure=pitch","source":"osm"}},{"type":"Feature","geometry":{"type":"Point","coordinates":[73.014576,19.0257]},"properties":{"id":"osm:way/1058064641","name":null,"category":"sports","subtype":"leisure=pitch","source":"osm"}},{"type":"Feature","geometry":{"type":"Point","coordinates":[72.989991,19.147201]},"properties":{"id":"osm:way/1067628398","name":null,"category":"sports","subtype":"leisure=playground","source":"osm"}},{"type":"Feature","geometry":{"type":"Point","coordinates":[72.994283,19.143909]},"properties":{"id":"osm:way/1068419567","name":"Yash Paradise swimming pool","category":"sports","subtype":"leisure=swimming_pool","source":"osm"}},{"type":"Feature","geometry":{"type":"Point","coordinates":[72.831102,19.050512]},"properties":{"id":"osm:way/1068454334","name":null,"category":"sports","subtype":"leisure=pitch","source":"osm","access":"customers","description":"FIFA Certified Football Pitch"}},{"type":"Feature","geometry":{"type":"Point","coordinates":[72.990416,19.143401]},"properties":{"id":"osm:way/1068489199","name":null,"category":"sports","subtype":"leisure=swimming_pool","source":"osm"}},{"type":"Feature","geometry":{"type":"Point","coordinates":[72.988401,19.150861]},"properties":{"id":"osm:way/1068884879","name":"NMMC Playground","category":"sports","subtype":"leisure=playground","source":"osm"}},{"type":"Feature","geometry":{"type":"Point","coordinates":[72.995415,19.142721]},"properties":{"id":"osm:way/1069462103","name":null,"category":"sports","subtype":"leisure=swimming_pool","source":"osm"}},{"type":"Feature","geometry":{"type":"Point","coordinates":[72.994585,19.142505]},"properties":{"id":"osm:way/1069593977","name":"Play Ground","category":"sports","subtype":"leisure=playground","source":"osm"}},{"type":"Feature","geometry":{"type":"Point","coordinates":[72.987467,19.147446]},"properties":{"id":"osm:way/1069594152","name":"DAV Indoor Playground","category":"sports","subtype":"leisure=playground","source":"osm"}},{"type":"Feature","geometry":{"type":"Point","coordinates":[72.987206,19.144977]},"properties":{"id":"osm:way/1069642502","name":"Cricket Ground","category":"sports","subtype":"leisure=pitch","source":"osm"}},{"type":"Feature","geometry":{"type":"Point","coordinates":[72.998399,19.163984]},"properties":{"id":"osm:way/1069645765","name":"Rajesh Health Club","category":"sports","subtype":"leisure=fitness_centre","source":"osm"}},{"type":"Feature","geometry":{"type":"Point","coordinates":[72.998422,19.163948]},"properties":{"id":"osm:way/1069645863","name":null,"category":"sports","subtype":"leisure=swimming_pool","source":"osm","access":"customers"}},{"type":"Feature","geometry":{"type":"Point","coordinates":[72.997217,19.16472]},"properties":{"id":"osm:way/1069646314","name":"Shree Chatrapati Shivaji Maharaj Maidan","category":"sports","subtype":"leisure=playground","source":"osm"}},{"type":"Feature","geometry":{"type":"Point","coordinates":[72.976247,19.195032]},"properties":{"id":"osm:way/1069648442","name":"St John Playground","category":"sports","subtype":"leisure=playground","source":"osm","access":"yes","operator":"niko"}},{"type":"Feature","geometry":{"type":"Point","coordinates":[72.994137,19.078822]},"properties":{"id":"osm:way/1069816743","name":null,"category":"sports","subtype":"leisure=playground","source":"osm"}},{"type":"Feature","geometry":{"type":"Point","coordinates":[72.992294,19.078962]},"properties":{"id":"osm:way/1069816779","name":null,"category":"sports","subtype":"leisure=pitch","source":"osm"}},{"type":"Feature","geometry":{"type":"Point","coordinates":[72.994038,19.080892]},"properties":{"id":"osm:way/1070116225","name":null,"category":"sports","subtype":"leisure=playground","source":"osm"}},{"type":"Feature","geometry":{"type":"Point","coordinates":[72.989825,19.14516]},"properties":{"id":"osm:way/1070943597","name":null,"category":"sports","subtype":"leisure=playground","source":"osm"}},{"type":"Feature","geometry":{"type":"Point","coordinates":[72.994278,19.070819]},"properties":{"id":"osm:way/1071057353","name":null,"category":"sports","subtype":"leisure=playground","source":"osm"}},{"type":"Feature","geometry":{"type":"Point","coordinates":[73.005964,19.128685]},"properties":{"id":"osm:way/1071068168","name":null,"category":"sports","subtype":"leisure=pitch","source":"osm"}},{"type":"Feature","geometry":{"type":"Point","coordinates":[72.993785,19.161488]},"properties":{"id":"osm:way/1071068796","name":"Gaodevi Maidan","category":"sports","subtype":"leisure=pitch","source":"osm"}},{"type":"Feature","geometry":{"type":"Point","coordinates":[72.832178,19.050699]},"properties":{"id":"osm:way/1071195448","name":null,"category":"sports","subtype":"leisure=pitch","source":"osm"}},{"type":"Feature","geometry":{"type":"Point","coordinates":[72.831979,19.050943]},"properties":{"id":"osm:way/1071195449","name":null,"category":"sports","subtype":"leisure=pitch","source":"osm"}},{"type":"Feature","geometry":{"type":"Point","coordinates":[72.831344,19.050128]},"properties":{"id":"osm:way/1071195458","name":null,"category":"sports","subtype":"leisure=pitch","source":"osm"}},{"type":"Feature","geometry":{"type":"Point","coordinates":[72.987525,19.146899]},"properties":{"id":"osm:way/1071966479","name":null,"category":"sports","subtype":"leisure=fitness_centre","source":"osm"}},{"type":"Feature","geometry":{"type":"Point","coordinates":[73.001658,19.169762]},"properties":{"id":"osm:way/1072909812","name":"The A Team Sports & Events - Multi-Sports Turf Ground Airoli","category":"sports","subtype":"leisure=playground","source":"osm"}},{"type":"Feature","geometry":{"type":"Point","coordinates":[72.950365,19.1573]},"properties":{"id":"osm:way/1074586683","name":null,"category":"sports","subtype":"leisure=swimming_pool","source":"osm","access":"private"}},{"type":"Feature","geometry":{"type":"Point","coordinates":[73.010087,19.091926]},"properties":{"id":"osm:way/1079698790","name":null,"category":"sports","subtype":"leisure=playground","source":"osm"}},{"type":"Feature","geometry":{"type":"Point","coordinates":[73.010664,19.094005]},"properties":{"id":"osm:way/1079698800","name":"Bonkode Ground CRICKET","category":"sports","subtype":"leisure=playground","source":"osm"}},{"type":"Feature","geometry":{"type":"Point","coordinates":[73.012627,19.093083]},"properties":{"id":"osm:way/1079698803","name":null,"category":"sports","subtype":"leisure=playground","source":"osm"}},{"type":"Feature","geometry":{"type":"Point","coordinates":[73.014646,19.094256]},"properties":{"id":"osm:way/1079698804","name":"AZAD MAIDAN","category":"sports","subtype":"leisure=playground","source":"osm"}},{"type":"Feature","geometry":{"type":"Point","coordinates":[72.987172,19.190108]},"properties":{"id":"osm:way/1080348940","name":null,"category":"sports","subtype":"leisure=playground","source":"osm"}},{"type":"Feature","geometry":{"type":"Point","coordinates":[72.986907,19.189846]},"properties":{"id":"osm:way/1080348946","name":null,"category":"sports","subtype":"leisure=pitch","source":"osm"}},{"type":"Feature","geometry":{"type":"Point","coordinates":[72.986861,19.189913]},"properties":{"id":"osm:way/1080348947","name":null,"category":"sports","subtype":"leisure=pitch","source":"osm"}},{"type":"Feature","geometry":{"type":"Point","coordinates":[72.986791,19.190119]},"properties":{"id":"osm:way/1080348948","name":null,"category":"sports","subtype":"leisure=pitch","source":"osm"}},{"type":"Feature","geometry":{"type":"Point","coordinates":[72.986725,19.190463]},"properties":{"id":"osm:way/1080348949","name":null,"category":"sports","subtype":"leisure=pitch","source":"osm"}},{"type":"Feature","geometry":{"type":"Point","coordinates":[72.986789,19.190227]},"properties":{"id":"osm:way/1080348951","name":"Mukund Keni Playground","category":"sports","subtype":"leisure=sports_centre","source":"osm"}},{"type":"Feature","geometry":{"type":"Point","coordinates":[72.987507,19.204031]},"properties":{"id":"osm:way/1084297709","name":null,"category":"sports","subtype":"leisure=track","source":"osm"}},{"type":"Feature","geometry":{"type":"Point","coordinates":[72.994074,19.155905]},"properties":{"id":"osm:way/1086354359","name":null,"category":"sports","subtype":"leisure=pitch","source":"osm"}},{"type":"Feature","geometry":{"type":"Point","coordinates":[72.982751,19.256938]},"properties":{"id":"osm:way/1086662728","name":null,"category":"sports","subtype":"leisure=pitch","source":"osm"}},{"type":"Feature","geometry":{"type":"Point","coordinates":[72.978958,19.249517]},"properties":{"id":"osm:way/1087276946","name":null,"category":"sports","subtype":"leisure=pitch","source":"osm"}},{"type":"Feature","geometry":{"type":"Point","coordinates":[72.852443,19.17006]},"properties":{"id":"osm:way/1093055111","name":"Gogtewadi Playground","category":"sports","subtype":"leisure=playground","source":"osm","access":"yes"}},{"type":"Feature","geometry":{"type":"Point","coordinates":[72.826888,19.126139]},"properties":{"id":"osm:way/1100553236","name":null,"category":"sports","subtype":"leisure=pitch","source":"osm"}},{"type":"Feature","geometry":{"type":"Point","coordinates":[72.826757,19.126161]},"properties":{"id":"osm:way/1100553237","name":null,"category":"sports","subtype":"leisure=pitch","source":"osm"}},{"type":"Feature","geometry":{"type":"Point","coordinates":[72.837274,18.977955]},"properties":{"id":"osm:way/1104045424","name":null,"category":"sports","subtype":"leisure=playground","source":"osm"}},{"type":"Feature","geometry":{"type":"Point","coordinates":[72.842377,19.129393]},"properties":{"id":"osm:way/1111203066","name":"John & Helen D'Mello Playground","category":"sports","subtype":"leisure=playground","source":"osm","access":"yes"}},{"type":"Feature","geometry":{"type":"Point","coordinates":[72.838108,19.221867]},"properties":{"id":"osm:way/1120645520","name":"sports ground","category":"sports","subtype":"leisure=pitch","source":"osm","access":"private"}},{"type":"Feature","geometry":{"type":"Point","coordinates":[72.932701,19.167609]},"properties":{"id":"osm:way/1120853246","name":null,"category":"sports","subtype":"leisure=playground","source":"osm"}},{"type":"Feature","geometry":{"type":"Point","coordinates":[72.851063,19.072994]},"properties":{"id":"osm:way/1122476330","name":null,"category":"sports","subtype":"leisure=pitch","source":"osm"}},{"type":"Feature","geometry":{"type":"Point","coordinates":[72.908243,19.076159]},"properties":{"id":"osm:way/1122483525","name":null,"category":"sports","subtype":"leisure=pitch","source":"osm"}},{"type":"Feature","geometry":{"type":"Point","coordinates":[72.929822,19.161482]},"properties":{"id":"osm:way/1122832141","name":null,"category":"sports","subtype":"leisure=playground","source":"osm"}},{"type":"Feature","geometry":{"type":"Point","coordinates":[72.825216,18.991885]},"properties":{"id":"osm:way/1123108620","name":"Mahalaxmi Sports Ground","category":"sports","subtype":"leisure=sports_centre","source":"osm"}},{"type":"Feature","geometry":{"type":"Point","coordinates":[72.938537,19.118007]},"properties":{"id":"osm:way/1123726000","name":null,"category":"sports","subtype":"leisure=pitch","source":"osm"}},{"type":"Feature","geometry":{"type":"Point","coordinates":[72.802748,18.969058]},"properties":{"id":"osm:way/1126609278","name":null,"category":"sports","subtype":"leisure=swimming_pool","source":"osm"}},{"type":"Feature","geometry":{"type":"Point","coordinates":[72.948087,19.174007]},"properties":{"id":"osm:way/1126732426","name":null,"category":"sports","subtype":"leisure=pitch","source":"osm"}},{"type":"Feature","geometry":{"type":"Point","coordinates":[72.948149,19.174375]},"properties":{"id":"osm:way/1126732427","name":null,"category":"sports","subtype":"leisure=pitch","source":"osm"}},{"type":"Feature","geometry":{"type":"Point","coordinates":[72.949091,19.172984]},"properties":{"id":"osm:way/1126732429","name":"Kids Playground","category":"sports","subtype":"leisure=playground","source":"osm"}},{"type":"Feature","geometry":{"type":"Point","coordinates":[72.946637,19.172737]},"properties":{"id":"osm:way/1126750038","name":null,"category":"sports","subtype":"leisure=pitch","source":"osm"}},{"type":"Feature","geometry":{"type":"Point","coordinates":[72.899004,19.061908]},"properties":{"id":"osm:way/1127314716","name":null,"category":"sports","subtype":"leisure=swimming_pool","source":"osm"}},{"type":"Feature","geometry":{"type":"Point","coordinates":[72.89876,19.061761]},"properties":{"id":"osm:way/1127314717","name":"Natraj goverment swimming pool","category":"sports","subtype":"leisure=swimming_pool","source":"osm","opening_hours":"Mo-Sa 08:00-18:00","operator":"Gov of India","description":"forms every 6 months are to be filled to take admission here"}},{"type":"Feature","geometry":{"type":"Point","coordinates":[72.856703,19.168099]},"properties":{"id":"osm:way/1131759261","name":null,"category":"sports","subtype":"leisure=pitch","source":"osm"}},{"type":"Feature","geometry":{"type":"Point","coordinates":[72.855412,19.167164]},"properties":{"id":"osm:way/1131759262","name":null,"category":"sports","subtype":"leisure=pitch","source":"osm"}},{"type":"Feature","geometry":{"type":"Point","coordinates":[72.851729,19.062212]},"properties":{"id":"osm:way/1149824744","name":null,"category":"sports","subtype":"leisure=playground","source":"osm"}},{"type":"Feature","geometry":{"type":"Point","coordinates":[72.856057,19.245417]},"properties":{"id":"osm:way/1150623307","name":"Bhavdevi Ground","category":"sports","subtype":"leisure=pitch","source":"osm"}},{"type":"Feature","geometry":{"type":"Point","coordinates":[72.939788,19.167904]},"properties":{"id":"osm:way/1158473565","name":null,"category":"sports","subtype":"leisure=pitch","source":"osm"}},{"type":"Feature","geometry":{"type":"Point","coordinates":[72.939932,19.1691]},"properties":{"id":"osm:way/1158474699","name":null,"category":"sports","subtype":"leisure=playground","source":"osm"}},{"type":"Feature","geometry":{"type":"Point","coordinates":[72.868803,19.065666]},"properties":{"id":"osm:way/1159113182","name":null,"category":"sports","subtype":"leisure=pitch","source":"osm"}},{"type":"Feature","geometry":{"type":"Point","coordinates":[72.937718,19.182175]},"properties":{"id":"osm:way/1160443202","name":null,"category":"sports","subtype":"leisure=playground","source":"osm"}},{"type":"Feature","geometry":{"type":"Point","coordinates":[72.937878,19.182212]},"properties":{"id":"osm:way/1160443205","name":null,"category":"sports","subtype":"leisure=pitch","source":"osm"}},{"type":"Feature","geometry":{"type":"Point","coordinates":[72.938049,19.181739]},"properties":{"id":"osm:way/1160443206","name":null,"category":"sports","subtype":"leisure=playground","source":"osm"}},{"type":"Feature","geometry":{"type":"Point","coordinates":[72.938155,19.182044]},"properties":{"id":"osm:way/1160443208","name":null,"category":"sports","subtype":"leisure=pitch","source":"osm"}},{"type":"Feature","geometry":{"type":"Point","coordinates":[72.938615,19.180873]},"properties":{"id":"osm:way/1162268119","name":null,"category":"sports","subtype":"leisure=playground","source":"osm"}},{"type":"Feature","geometry":{"type":"Point","coordinates":[72.937582,19.178821]},"properties":{"id":"osm:way/1162373133","name":null,"category":"sports","subtype":"leisure=playground","source":"osm"}},{"type":"Feature","geometry":{"type":"Point","coordinates":[72.937153,19.176083]},"properties":{"id":"osm:way/1164064396","name":null,"category":"sports","subtype":"leisure=playground","source":"osm"}},{"type":"Feature","geometry":{"type":"Point","coordinates":[72.947698,19.178449]},"properties":{"id":"osm:way/1165609577","name":null,"category":"sports","subtype":"leisure=playground","source":"osm"}},{"type":"Feature","geometry":{"type":"Point","coordinates":[72.94164,19.157519]},"properties":{"id":"osm:way/1166288107","name":null,"category":"sports","subtype":"leisure=playground","source":"osm"}},{"type":"Feature","geometry":{"type":"Point","coordinates":[72.938751,19.177819]},"properties":{"id":"osm:way/1167294238","name":null,"category":"sports","subtype":"leisure=playground","source":"osm"}},{"type":"Feature","geometry":{"type":"Point","coordinates":[72.827089,19.108837]},"properties":{"id":"osm:way/1170351952","name":"Juhu Vile Parle Gymkhana Club","category":"sports","subtype":"leisure=sports_centre","source":"osm"}},{"type":"Feature","geometry":{"type":"Point","coordinates":[72.836651,19.110451]},"properties":{"id":"osm:way/1170351968","name":"Millenium Club","category":"sports","subtype":"leisure=sports_centre","source":"osm"}},{"type":"Feature","geometry":{"type":"Point","coordinates":[72.836838,19.12826]},"properties":{"id":"osm:way/1170368722","name":"Andheri Sports Complex","category":"sports","subtype":"leisure=sports_centre","source":"osm"}},{"type":"Feature","geometry":{"type":"Point","coordinates":[72.832285,19.12212]},"properties":{"id":"osm:way/1170368728","name":"The Club Mumbai","category":"sports","subtype":"leisure=sports_centre","source":"osm"}},{"type":"Feature","geometry":{"type":"Point","coordinates":[72.834761,19.122599]},"properties":{"id":"osm:way/1170368729","name":null,"category":"sports","subtype":"leisure=pitch","source":"osm"}},{"type":"Feature","geometry":{"type":"Point","coordinates":[72.834827,19.121985]},"properties":{"id":"osm:way/1170368730","name":null,"category":"sports","subtype":"leisure=pitch","source":"osm"}},{"type":"Feature","geometry":{"type":"Point","coordinates":[72.834209,19.122601]},"properties":{"id":"osm:way/1170368731","name":null,"category":"sports","subtype":"leisure=pitch","source":"osm"}},{"type":"Feature","geometry":{"type":"Point","coordinates":[72.838948,19.136635]},"properties":{"id":"osm:way/1170388417","name":null,"category":"sports","subtype":"leisure=pitch","source":"osm","access":"yes"}},{"type":"Feature","geometry":{"type":"Point","coordinates":[72.829493,19.186533]},"properties":{"id":"osm:way/1172335778","name":null,"category":"sports","subtype":"leisure=swimming_pool","source":"osm","access":"private"}},{"type":"Feature","geometry":{"type":"Point","coordinates":[72.841601,19.046686]},"properties":{"id":"osm:way/1186979532","name":null,"category":"sports","subtype":"leisure=pitch","source":"osm"}},{"type":"Feature","geometry":{"type":"Point","coordinates":[72.838999,19.025996]},"properties":{"id":"osm:way/1186981087","name":null,"category":"sports","subtype":"leisure=pitch","source":"osm"}},{"type":"Feature","geometry":{"type":"Point","coordinates":[72.837807,19.026509]},"properties":{"id":"osm:way/1186981088","name":null,"category":"sports","subtype":"leisure=pitch","source":"osm"}},{"type":"Feature","geometry":{"type":"Point","coordinates":[72.838428,19.026372]},"properties":{"id":"osm:way/1186981089","name":null,"category":"sports","subtype":"leisure=pitch","source":"osm"}},{"type":"Feature","geometry":{"type":"Point","coordinates":[72.839073,19.027181]},"properties":{"id":"osm:way/1186981090","name":null,"category":"sports","subtype":"leisure=pitch","source":"osm"}},{"type":"Feature","geometry":{"type":"Point","coordinates":[72.838893,19.027666]},"properties":{"id":"osm:way/1186981091","name":null,"category":"sports","subtype":"leisure=pitch","source":"osm"}},{"type":"Feature","geometry":{"type":"Point","coordinates":[72.838181,19.027809]},"properties":{"id":"osm:way/1186981092","name":null,"category":"sports","subtype":"leisure=pitch","source":"osm"}},{"type":"Feature","geometry":{"type":"Point","coordinates":[72.83826,19.027253]},"properties":{"id":"osm:way/1186981093","name":null,"category":"sports","subtype":"leisure=pitch","source":"osm"}},{"type":"Feature","geometry":{"type":"Point","coordinates":[72.837644,19.027164]},"properties":{"id":"osm:way/1186981094","name":null,"category":"sports","subtype":"leisure=pitch","source":"osm"}},{"type":"Feature","geometry":{"type":"Point","coordinates":[72.837308,19.026648]},"properties":{"id":"osm:way/1186981095","name":null,"category":"sports","subtype":"leisure=pitch","source":"osm"}},{"type":"Feature","geometry":{"type":"Point","coordinates":[72.887696,19.030806]},"properties":{"id":"osm:way/1188743903","name":"Society Hall","category":"sports","subtype":"leisure=sports_centre","source":"osm","opening_hours":"24/7","fee":"no","access":"customers","operator":"Vitta Sanchay Society"}},{"type":"Feature","geometry":{"type":"Point","coordinates":[72.857842,19.274785]},"properties":{"id":"osm:way/1191805638","name":null,"category":"sports","subtype":"leisure=track","source":"osm"}},{"type":"Feature","geometry":{"type":"Point","coordinates":[72.80773,18.909597]},"properties":{"id":"osm:way/1191805722","name":null,"category":"sports","subtype":"leisure=playground","source":"osm"}},{"type":"Feature","geometry":{"type":"Point","coordinates":[72.806919,18.909209]},"properties":{"id":"osm:way/1191805749","name":null,"category":"sports","subtype":"leisure=playground","source":"osm"}},{"type":"Feature","geometry":{"type":"Point","coordinates":[72.870823,19.168821]},"properties":{"id":"osm:way/1191847028","name":null,"category":"sports","subtype":"leisure=playground","source":"osm","access":"yes"}},{"type":"Feature","geometry":{"type":"Point","coordinates":[72.899242,19.057433]},"properties":{"id":"osm:way/1199390909","name":"YMCA Chembur","category":"sports","subtype":"leisure=pitch","source":"osm","access":"yes"}},{"type":"Feature","geometry":{"type":"Point","coordinates":[72.958347,18.942263]},"properties":{"id":"osm:way/1207341166","name":null,"category":"sports","subtype":"leisure=pitch","source":"osm"}},{"type":"Feature","geometry":{"type":"Point","coordinates":[72.96007,18.942275]},"properties":{"id":"osm:way/1207341642","name":null,"category":"sports","subtype":"leisure=pitch","source":"osm"}},{"type":"Feature","geometry":{"type":"Point","coordinates":[72.960328,18.942318]},"properties":{"id":"osm:way/1207341643","name":null,"category":"sports","subtype":"leisure=pitch","source":"osm"}},{"type":"Feature","geometry":{"type":"Point","coordinates":[72.83439,19.221909]},"properties":{"id":"osm:way/1212820686","name":"Balaji park Walking track","category":"sports","subtype":"leisure=track","source":"osm"}},{"type":"Feature","geometry":{"type":"Point","coordinates":[72.834236,19.221796]},"properties":{"id":"osm:way/1212821328","name":"Balaji park playground","category":"sports","subtype":"leisure=playground","source":"osm","access":"yes"}},{"type":"Feature","geometry":{"type":"Point","coordinates":[72.943762,19.162735]},"properties":{"id":"osm:way/1216496549","name":null,"category":"sports","subtype":"leisure=pitch","source":"osm"}},{"type":"Feature","geometry":{"type":"Point","coordinates":[72.94394,19.162311]},"properties":{"id":"osm:way/1216496550","name":null,"category":"sports","subtype":"leisure=pitch","source":"osm"}},{"type":"Feature","geometry":{"type":"Point","coordinates":[72.841477,19.241455]},"properties":{"id":"osm:way/1218433077","name":null,"category":"sports","subtype":"leisure=swimming_pool","source":"osm"}},{"type":"Feature","geometry":{"type":"Point","coordinates":[72.841501,19.240701]},"properties":{"id":"osm:way/1218433078","name":null,"category":"sports","subtype":"leisure=swimming_pool","source":"osm"}},{"type":"Feature","geometry":{"type":"Point","coordinates":[72.8415,19.24081]},"properties":{"id":"osm:way/1218433079","name":null,"category":"sports","subtype":"leisure=swimming_pool","source":"osm"}},{"type":"Feature","geometry":{"type":"Point","coordinates":[72.841495,19.241134]},"properties":{"id":"osm:way/1218433080","name":null,"category":"sports","subtype":"leisure=swimming_pool","source":"osm"}},{"type":"Feature","geometry":{"type":"Point","coordinates":[72.840267,19.241682]},"properties":{"id":"osm:way/1218491633","name":null,"category":"sports","subtype":"leisure=pitch","source":"osm"}},{"type":"Feature","geometry":{"type":"Point","coordinates":[72.839987,19.241718]},"properties":{"id":"osm:way/1218491634","name":null,"category":"sports","subtype":"leisure=pitch","source":"osm"}},{"type":"Feature","geometry":{"type":"Point","coordinates":[72.840121,19.241702]},"properties":{"id":"osm:way/1218491635","name":null,"category":"sports","subtype":"leisure=pitch","source":"osm"}},{"type":"Feature","geometry":{"type":"Point","coordinates":[72.839791,19.241732]},"properties":{"id":"osm:way/1218500505","name":null,"category":"sports","subtype":"leisure=pitch","source":"osm"}},{"type":"Feature","geometry":{"type":"Point","coordinates":[72.839206,19.241294]},"properties":{"id":"osm:way/1218500506","name":null,"category":"sports","subtype":"leisure=pitch","source":"osm"}},{"type":"Feature","geometry":{"type":"Point","coordinates":[72.870538,19.300324]},"properties":{"id":"osm:way/1219486025","name":null,"category":"sports","subtype":"leisure=swimming_pool","source":"osm"}},{"type":"Feature","geometry":{"type":"Point","coordinates":[72.90252,19.280967]},"properties":{"id":"osm:way/1219505067","name":null,"category":"sports","subtype":"leisure=swimming_pool","source":"osm"}},{"type":"Feature","geometry":{"type":"Point","coordinates":[72.866636,19.291188]},"properties":{"id":"osm:way/1219538505","name":"Sardar Vallabhbhai Patel Vidlaya","category":"sports","subtype":"leisure=playground","source":"osm"}},{"type":"Feature","geometry":{"type":"Point","coordinates":[72.867,19.291179]},"properties":{"id":"osm:way/1219548710","name":null,"category":"sports","subtype":"leisure=playground","source":"osm"}},{"type":"Feature","geometry":{"type":"Point","coordinates":[72.875299,19.292257]},"properties":{"id":"osm:way/1219828713","name":null,"category":"sports","subtype":"leisure=pitch","source":"osm"}},{"type":"Feature","geometry":{"type":"Point","coordinates":[72.874759,19.291857]},"properties":{"id":"osm:way/1219828718","name":null,"category":"sports","subtype":"leisure=pitch","source":"osm"}},{"type":"Feature","geometry":{"type":"Point","coordinates":[72.873132,19.29524]},"properties":{"id":"osm:way/1219828726","name":null,"category":"sports","subtype":"leisure=pitch","source":"osm"}},{"type":"Feature","geometry":{"type":"Point","coordinates":[72.890548,19.280824]},"properties":{"id":"osm:way/1220026625","name":null,"category":"sports","subtype":"leisure=swimming_pool","source":"osm"}},{"type":"Feature","geometry":{"type":"Point","coordinates":[72.887864,19.280968]},"properties":{"id":"osm:way/1220026658","name":null,"category":"sports","subtype":"leisure=pitch","source":"osm"}},{"type":"Feature","geometry":{"type":"Point","coordinates":[72.886501,19.282816]},"properties":{"id":"osm:way/1220026662","name":null,"category":"sports","subtype":"leisure=swimming_pool","source":"osm"}},{"type":"Feature","geometry":{"type":"Point","coordinates":[72.885551,19.297595]},"properties":{"id":"osm:way/1220303538","name":null,"category":"sports","subtype":"leisure=pitch","source":"osm"}},{"type":"Feature","geometry":{"type":"Point","coordinates":[72.874533,19.288248]},"properties":{"id":"osm:way/1220518288","name":null,"category":"sports","subtype":"leisure=pitch","source":"osm"}},{"type":"Feature","geometry":{"type":"Point","coordinates":[72.873442,19.288492]},"properties":{"id":"osm:way/1220518289","name":null,"category":"sports","subtype":"leisure=playground","source":"osm"}},{"type":"Feature","geometry":{"type":"Point","coordinates":[72.879451,19.290206]},"properties":{"id":"osm:way/1220866863","name":null,"category":"sports","subtype":"leisure=pitch","source":"osm"}},{"type":"Feature","geometry":{"type":"Point","coordinates":[72.846446,19.296446]},"properties":{"id":"osm:way/1221035445","name":null,"category":"sports","subtype":"leisure=pitch","source":"osm"}},{"type":"Feature","geometry":{"type":"Point","coordinates":[72.879829,19.287533]},"properties":{"id":"osm:way/1221238829","name":null,"category":"sports","subtype":"leisure=playground","source":"osm"}},{"type":"Feature","geometry":{"type":"Point","coordinates":[72.878205,19.283087]},"properties":{"id":"osm:way/1221243294","name":null,"category":"sports","subtype":"leisure=swimming_pool","source":"osm"}},{"type":"Feature","geometry":{"type":"Point","coordinates":[72.878041,19.282886]},"properties":{"id":"osm:way/1221243295","name":null,"category":"sports","subtype":"leisure=pitch","source":"osm"}},{"type":"Feature","geometry":{"type":"Point","coordinates":[72.879009,19.283987]},"properties":{"id":"osm:way/1221243297","name":null,"category":"sports","subtype":"leisure=pitch","source":"osm"}},{"type":"Feature","geometry":{"type":"Point","coordinates":[72.848504,19.292856]},"properties":{"id":"osm:way/1221541447","name":null,"category":"sports","subtype":"leisure=pitch","source":"osm"}},{"type":"Feature","geometry":{"type":"Point","coordinates":[72.8487,19.293096]},"properties":{"id":"osm:way/1221541449","name":null,"category":"sports","subtype":"leisure=pitch","source":"osm"}},{"type":"Feature","geometry":{"type":"Point","coordinates":[72.882422,19.285017]},"properties":{"id":"osm:way/1221561636","name":null,"category":"sports","subtype":"leisure=playground","source":"osm"}},{"type":"Feature","geometry":{"type":"Point","coordinates":[72.786014,19.298474]},"properties":{"id":"osm:way/1221819710","name":null,"category":"sports","subtype":"leisure=swimming_pool","source":"osm"}},{"type":"Feature","geometry":{"type":"Point","coordinates":[72.79413,19.285355]},"properties":{"id":"osm:way/1222206711","name":null,"category":"sports","subtype":"leisure=swimming_pool","source":"osm"}},{"type":"Feature","geometry":{"type":"Point","coordinates":[72.783155,19.271814]},"properties":{"id":"osm:way/1222253614","name":null,"category":"sports","subtype":"leisure=swimming_pool","source":"osm"}},{"type":"Feature","geometry":{"type":"Point","coordinates":[72.82997,19.299053]},"properties":{"id":"osm:way/1222465860","name":null,"category":"sports","subtype":"leisure=playground","source":"osm"}},{"type":"Feature","geometry":{"type":"Point","coordinates":[72.829258,19.298904]},"properties":{"id":"osm:way/1222465861","name":null,"category":"sports","subtype":"leisure=playground","source":"osm"}},{"type":"Feature","geometry":{"type":"Point","coordinates":[72.785662,19.288208]},"properties":{"id":"osm:way/1222527957","name":null,"category":"sports","subtype":"leisure=swimming_pool","source":"osm"}},{"type":"Feature","geometry":{"type":"Point","coordinates":[72.823098,19.295149]},"properties":{"id":"osm:way/1222552417","name":null,"category":"sports","subtype":"leisure=playground","source":"osm"}},{"type":"Feature","geometry":{"type":"Point","coordinates":[72.862262,19.283949]},"properties":{"id":"osm:way/1222733852","name":null,"category":"sports","subtype":"leisure=swimming_pool","source":"osm"}},{"type":"Feature","geometry":{"type":"Point","coordinates":[72.784502,19.271032]},"properties":{"id":"osm:way/1222923759","name":null,"category":"sports","subtype":"leisure=swimming_pool","source":"osm"}},{"type":"Feature","geometry":{"type":"Point","coordinates":[72.786526,19.27211]},"properties":{"id":"osm:way/1222923761","name":null,"category":"sports","subtype":"leisure=swimming_pool","source":"osm"}},{"type":"Feature","geometry":{"type":"Point","coordinates":[72.784715,19.272227]},"properties":{"id":"osm:way/1222923766","name":null,"category":"sports","subtype":"leisure=swimming_pool","source":"osm"}},{"type":"Feature","geometry":{"type":"Point","coordinates":[72.796651,19.266181]},"properties":{"id":"osm:way/1223394234","name":null,"category":"sports","subtype":"leisure=playground","source":"osm"}},{"type":"Feature","geometry":{"type":"Point","coordinates":[72.79836,19.264333]},"properties":{"id":"osm:way/1223399486","name":null,"category":"sports","subtype":"leisure=pitch","source":"osm"}},{"type":"Feature","geometry":{"type":"Point","coordinates":[72.802299,19.26895]},"properties":{"id":"osm:way/1223405365","name":null,"category":"sports","subtype":"leisure=playground","source":"osm"}},{"type":"Feature","geometry":{"type":"Point","coordinates":[72.796395,19.268238]},"properties":{"id":"osm:way/1223408566","name":null,"category":"sports","subtype":"leisure=swimming_pool","source":"osm"}},{"type":"Feature","geometry":{"type":"Point","coordinates":[72.852147,19.26263]},"properties":{"id":"osm:way/1223479469","name":null,"category":"sports","subtype":"leisure=swimming_pool","source":"osm"}},{"type":"Feature","geometry":{"type":"Point","coordinates":[72.867595,19.273318]},"properties":{"id":"osm:way/1223585669","name":null,"category":"sports","subtype":"leisure=swimming_pool","source":"osm"}},{"type":"Feature","geometry":{"type":"Point","coordinates":[72.89585,19.272202]},"properties":{"id":"osm:way/1223602173","name":null,"category":"sports","subtype":"leisure=playground","source":"osm"}},{"type":"Feature","geometry":{"type":"Point","coordinates":[72.896978,19.272331]},"properties":{"id":"osm:way/1223602174","name":null,"category":"sports","subtype":"leisure=playground","source":"osm"}},{"type":"Feature","geometry":{"type":"Point","coordinates":[72.868862,19.27518]},"properties":{"id":"osm:way/1223704385","name":null,"category":"sports","subtype":"leisure=playground","source":"osm"}},{"type":"Feature","geometry":{"type":"Point","coordinates":[72.86869,19.276041]},"properties":{"id":"osm:way/1223704393","name":null,"category":"sports","subtype":"leisure=playground","source":"osm"}},{"type":"Feature","geometry":{"type":"Point","coordinates":[72.876478,19.261915]},"properties":{"id":"osm:way/1223729983","name":null,"category":"sports","subtype":"leisure=pitch","source":"osm"}},{"type":"Feature","geometry":{"type":"Point","coordinates":[72.895186,19.275488]},"properties":{"id":"osm:way/1223737750","name":null,"category":"sports","subtype":"leisure=playground","source":"osm"}},{"type":"Feature","geometry":{"type":"Point","coordinates":[72.894382,19.275512]},"properties":{"id":"osm:way/1223737752","name":null,"category":"sports","subtype":"leisure=playground","source":"osm"}},{"type":"Feature","geometry":{"type":"Point","coordinates":[72.853346,19.289496]},"properties":{"id":"osm:way/1223743099","name":null,"category":"sports","subtype":"leisure=pitch","source":"osm"}},{"type":"Feature","geometry":{"type":"Point","coordinates":[72.860779,19.284054]},"properties":{"id":"osm:way/1223747288","name":null,"category":"sports","subtype":"leisure=playground","source":"osm"}},{"type":"Feature","geometry":{"type":"Point","coordinates":[72.859406,19.282064]},"properties":{"id":"osm:way/1223747291","name":null,"category":"sports","subtype":"leisure=playground","source":"osm"}},{"type":"Feature","geometry":{"type":"Point","coordinates":[72.858818,19.281958]},"properties":{"id":"osm:way/1223747292","name":null,"category":"sports","subtype":"leisure=playground","source":"osm"}},{"type":"Feature","geometry":{"type":"Point","coordinates":[72.892843,19.275275]},"properties":{"id":"osm:way/1223788471","name":null,"category":"sports","subtype":"leisure=playground","source":"osm"}},{"type":"Feature","geometry":{"type":"Point","coordinates":[72.891647,19.273317]},"properties":{"id":"osm:way/1223790523","name":null,"category":"sports","subtype":"leisure=playground","source":"osm"}},{"type":"Feature","geometry":{"type":"Point","coordinates":[72.890842,19.274466]},"properties":{"id":"osm:way/1223819197","name":null,"category":"sports","subtype":"leisure=playground","source":"osm"}},{"type":"Feature","geometry":{"type":"Point","coordinates":[72.891834,19.270441]},"properties":{"id":"osm:way/1223819211","name":null,"category":"sports","subtype":"leisure=playground","source":"osm"}},{"type":"Feature","geometry":{"type":"Point","coordinates":[72.885792,19.277241]},"properties":{"id":"osm:way/1223819781","name":null,"category":"sports","subtype":"leisure=pitch","source":"osm"}},{"type":"Feature","geometry":{"type":"Point","coordinates":[72.871907,19.301663]},"properties":{"id":"osm:way/1225604581","name":null,"category":"sports","subtype":"leisure=pitch","source":"osm"}},{"type":"Feature","geometry":{"type":"Point","coordinates":[72.872054,19.301372]},"properties":{"id":"osm:way/1225604582","name":null,"category":"sports","subtype":"leisure=sports_centre","source":"osm"}},{"type":"Feature","geometry":{"type":"Point","coordinates":[72.852357,19.28924]},"properties":{"id":"osm:way/1226119126","name":null,"category":"sports","subtype":"leisure=pitch","source":"osm"}},{"type":"Feature","geometry":{"type":"Point","coordinates":[72.853361,19.288678]},"properties":{"id":"osm:way/1226119136","name":null,"category":"sports","subtype":"leisure=pitch","source":"osm"}},{"type":"Feature","geometry":{"type":"Point","coordinates":[72.848954,19.240306]},"properties":{"id":"osm:way/1226365241","name":null,"category":"sports","subtype":"leisure=pitch","source":"osm"}},{"type":"Feature","geometry":{"type":"Point","coordinates":[72.790981,19.262656]},"properties":{"id":"osm:way/1226647775","name":null,"category":"sports","subtype":"leisure=swimming_pool","source":"osm"}},{"type":"Feature","geometry":{"type":"Point","coordinates":[72.791049,19.262524]},"properties":{"id":"osm:way/1226647776","name":null,"category":"sports","subtype":"leisure=swimming_pool","source":"osm"}},{"type":"Feature","geometry":{"type":"Point","coordinates":[72.790914,19.262928]},"properties":{"id":"osm:way/1226647777","name":null,"category":"sports","subtype":"leisure=swimming_pool","source":"osm"}},{"type":"Feature","geometry":{"type":"Point","coordinates":[72.790514,19.263424]},"properties":{"id":"osm:way/1226647778","name":null,"category":"sports","subtype":"leisure=swimming_pool","source":"osm"}},{"type":"Feature","geometry":{"type":"Point","coordinates":[72.792726,19.260784]},"properties":{"id":"osm:way/1226647821","name":null,"category":"sports","subtype":"leisure=swimming_pool","source":"osm"}},{"type":"Feature","geometry":{"type":"Point","coordinates":[72.79425,19.263636]},"properties":{"id":"osm:way/1226649120","name":null,"category":"sports","subtype":"leisure=swimming_pool","source":"osm"}},{"type":"Feature","geometry":{"type":"Point","coordinates":[72.831488,19.070795]},"properties":{"id":"osm:way/1227680036","name":null,"category":"sports","subtype":"leisure=pitch","source":"osm","access":"private"}},{"type":"Feature","geometry":{"type":"Point","coordinates":[72.831487,19.070532]},"properties":{"id":"osm:way/1227680037","name":null,"category":"sports","subtype":"leisure=pitch","source":"osm","access":"private"}},{"type":"Feature","geometry":{"type":"Point","coordinates":[72.831333,19.070532]},"properties":{"id":"osm:way/1227680038","name":null,"category":"sports","subtype":"leisure=pitch","source":"osm","access":"private"}},{"type":"Feature","geometry":{"type":"Point","coordinates":[72.823283,19.064122]},"properties":{"id":"osm:way/1236536864","name":null,"category":"sports","subtype":"leisure=pitch","source":"osm"}},{"type":"Feature","geometry":{"type":"Point","coordinates":[72.991422,19.228736]},"properties":{"id":"osm:way/1249183933","name":null,"category":"sports","subtype":"leisure=playground","source":"osm"}},{"type":"Feature","geometry":{"type":"Point","coordinates":[72.98897,19.229106]},"properties":{"id":"osm:way/1249183955","name":"Tot Lot","category":"sports","subtype":"leisure=playground","source":"osm"}},{"type":"Feature","geometry":{"type":"Point","coordinates":[72.989659,19.227774]},"properties":{"id":"osm:way/1249183956","name":"Sports Arena","category":"sports","subtype":"leisure=sports_centre","source":"osm"}},{"type":"Feature","geometry":{"type":"Point","coordinates":[72.989052,19.228556]},"properties":{"id":"osm:way/1249183957","name":"Play Zone","category":"sports","subtype":"leisure=playground","source":"osm","access":"customers"}},{"type":"Feature","geometry":{"type":"Point","coordinates":[72.989388,19.227455]},"properties":{"id":"osm:way/1249183991","name":null,"category":"sports","subtype":"leisure=pitch","source":"osm","level":"1"}},{"type":"Feature","geometry":{"type":"Point","coordinates":[72.989875,19.227344]},"properties":{"id":"osm:way/1249183992","name":null,"category":"sports","subtype":"leisure=pitch","source":"osm"}},{"type":"Feature","geometry":{"type":"Point","coordinates":[72.990255,19.227652]},"properties":{"id":"osm:way/1249183995","name":null,"category":"sports","subtype":"leisure=pitch","source":"osm"}},{"type":"Feature","geometry":{"type":"Point","coordinates":[72.989987,19.227893]},"properties":{"id":"osm:way/1249183996","name":null,"category":"sports","subtype":"leisure=pitch","source":"osm"}},{"type":"Feature","geometry":{"type":"Point","coordinates":[72.990104,19.228019]},"properties":{"id":"osm:way/1249183997","name":null,"category":"sports","subtype":"leisure=pitch","source":"osm"}},{"type":"Feature","geometry":{"type":"Point","coordinates":[72.828703,18.923166]},"properties":{"id":"osm:way/1253870307","name":"Maharshtra State Lawn Tennis Association","category":"sports","subtype":"leisure=sports_centre","source":"osm"}},{"type":"Feature","geometry":{"type":"Point","coordinates":[72.828312,18.923115]},"properties":{"id":"osm:way/1253870309","name":null,"category":"sports","subtype":"leisure=pitch","source":"osm"}},{"type":"Feature","geometry":{"type":"Point","coordinates":[72.828474,18.923112]},"properties":{"id":"osm:way/1253870310","name":null,"category":"sports","subtype":"leisure=pitch","source":"osm"}},{"type":"Feature","geometry":{"type":"Point","coordinates":[72.828635,18.923109]},"properties":{"id":"osm:way/1253870311","name":null,"category":"sports","subtype":"leisure=pitch","source":"osm"}},{"type":"Feature","geometry":{"type":"Point","coordinates":[72.828796,18.923106]},"properties":{"id":"osm:way/1253870312","name":null,"category":"sports","subtype":"leisure=pitch","source":"osm"}},{"type":"Feature","geometry":{"type":"Point","coordinates":[72.828958,18.923104]},"properties":{"id":"osm:way/1253870313","name":null,"category":"sports","subtype":"leisure=pitch","source":"osm"}},{"type":"Feature","geometry":{"type":"Point","coordinates":[72.828169,18.923085]},"properties":{"id":"osm:way/1253870314","name":"MSLTA Functional Fitness Centre","category":"sports","subtype":"leisure=fitness_centre","source":"osm"}},{"type":"Feature","geometry":{"type":"Point","coordinates":[72.828394,18.923335]},"properties":{"id":"osm:way/1253870315","name":null,"category":"sports","subtype":"leisure=pitch","source":"osm"}},{"type":"Feature","geometry":{"type":"Point","coordinates":[72.828696,18.92333]},"properties":{"id":"osm:way/1253870316","name":null,"category":"sports","subtype":"leisure=pitch","source":"osm"}},{"type":"Feature","geometry":{"type":"Point","coordinates":[72.828778,18.92358]},"properties":{"id":"osm:way/1253870317","name":null,"category":"sports","subtype":"leisure=pitch","source":"osm"}},{"type":"Feature","geometry":{"type":"Point","coordinates":[72.924242,19.275192]},"properties":{"id":"osm:way/1259448281","name":null,"category":"sports","subtype":"leisure=swimming_pool","source":"osm"}},{"type":"Feature","geometry":{"type":"Point","coordinates":[72.828004,19.106513]},"properties":{"id":"osm:way/1281399218","name":"New India Society Children's Garden","category":"sports","subtype":"leisure=playground","source":"osm"}},{"type":"Feature","geometry":{"type":"Point","coordinates":[72.826986,19.109022]},"properties":{"id":"osm:way/1282468102","name":null,"category":"sports","subtype":"leisure=pitch","source":"osm","access":"customers"}},{"type":"Feature","geometry":{"type":"Point","coordinates":[72.827189,19.109333]},"properties":{"id":"osm:way/1282468103","name":null,"category":"sports","subtype":"leisure=pitch","source":"osm","access":"customers"}},{"type":"Feature","geometry":{"type":"Point","coordinates":[72.997359,19.121547]},"properties":{"id":"osm:way/1284779832","name":null,"category":"sports","subtype":"leisure=swimming_pool","source":"osm"}},{"type":"Feature","geometry":{"type":"Point","coordinates":[72.916806,19.053522]},"properties":{"id":"osm:way/1285053386","name":null,"category":"sports","subtype":"leisure=swimming_pool","source":"osm"}},{"type":"Feature","geometry":{"type":"Point","coordinates":[72.83171,18.917661]},"properties":{"id":"osm:way/1288781478","name":null,"category":"sports","subtype":"leisure=pitch","source":"osm"}},{"type":"Feature","geometry":{"type":"Point","coordinates":[72.832204,18.918255]},"properties":{"id":"osm:way/1288781479","name":"Fun Planet","category":"sports","subtype":"leisure=playground","source":"osm","access":"private"}},{"type":"Feature","geometry":{"type":"Point","coordinates":[72.829093,18.934804]},"properties":{"id":"osm:way/1288957914","name":null,"category":"sports","subtype":"leisure=pitch","source":"osm"}},{"type":"Feature","geometry":{"type":"Point","coordinates":[72.829799,18.934964]},"properties":{"id":"osm:way/1288957915","name":null,"category":"sports","subtype":"leisure=pitch","source":"osm"}},{"type":"Feature","geometry":{"type":"Point","coordinates":[72.829524,18.937477]},"properties":{"id":"osm:way/1288957916","name":null,"category":"sports","subtype":"leisure=pitch","source":"osm"}},{"type":"Feature","geometry":{"type":"Point","coordinates":[72.829525,18.936909]},"properties":{"id":"osm:way/1288957917","name":null,"category":"sports","subtype":"leisure=pitch","source":"osm"}},{"type":"Feature","geometry":{"type":"Point","coordinates":[72.829562,18.936348]},"properties":{"id":"osm:way/1288957918","name":null,"category":"sports","subtype":"leisure=pitch","source":"osm"}},{"type":"Feature","geometry":{"type":"Point","coordinates":[72.829821,18.935681]},"properties":{"id":"osm:way/1288957919","name":null,"category":"sports","subtype":"leisure=pitch","source":"osm"}},{"type":"Feature","geometry":{"type":"Point","coordinates":[72.830059,18.936902]},"properties":{"id":"osm:way/1288957920","name":null,"category":"sports","subtype":"leisure=pitch","source":"osm"}},{"type":"Feature","geometry":{"type":"Point","coordinates":[72.830023,18.937471]},"properties":{"id":"osm:way/1288957921","name":null,"category":"sports","subtype":"leisure=pitch","source":"osm"}},{"type":"Feature","geometry":{"type":"Point","coordinates":[72.829703,18.938099]},"properties":{"id":"osm:way/1288957922","name":null,"category":"sports","subtype":"leisure=pitch","source":"osm"}},{"type":"Feature","geometry":{"type":"Point","coordinates":[72.830083,18.936335]},"properties":{"id":"osm:way/1288957923","name":null,"category":"sports","subtype":"leisure=pitch","source":"osm"}},{"type":"Feature","geometry":{"type":"Point","coordinates":[72.828943,18.930722]},"properties":{"id":"osm:way/1288957924","name":null,"category":"sports","subtype":"leisure=pitch","source":"osm"}},{"type":"Feature","geometry":{"type":"Point","coordinates":[72.828922,18.930056]},"properties":{"id":"osm:way/1288957925","name":null,"category":"sports","subtype":"leisure=pitch","source":"osm"}},{"type":"Feature","geometry":{"type":"Point","coordinates":[72.828971,18.931286]},"properties":{"id":"osm:way/1288957926","name":null,"category":"sports","subtype":"leisure=pitch","source":"osm"}},{"type":"Feature","geometry":{"type":"Point","coordinates":[72.828986,18.931917]},"properties":{"id":"osm:way/1288957927","name":null,"category":"sports","subtype":"leisure=pitch","source":"osm"}},{"type":"Feature","geometry":{"type":"Point","coordinates":[72.828881,18.929218]},"properties":{"id":"osm:way/1288957928","name":null,"category":"sports","subtype":"leisure=pitch","source":"osm"}},{"type":"Feature","geometry":{"type":"Point","coordinates":[72.828869,18.928589]},"properties":{"id":"osm:way/1288957929","name":null,"category":"sports","subtype":"leisure=pitch","source":"osm"}},{"type":"Feature","geometry":{"type":"Point","coordinates":[72.828856,18.927857]},"properties":{"id":"osm:way/1288957930","name":"KC College Ground","category":"sports","subtype":"leisure=pitch","source":"osm"}},{"type":"Feature","geometry":{"type":"Point","coordinates":[72.828856,18.927173]},"properties":{"id":"osm:way/1288957931","name":null,"category":"sports","subtype":"leisure=pitch","source":"osm"}},{"type":"Feature","geometry":{"type":"Point","coordinates":[72.819762,18.985182]},"properties":{"id":"osm:way/1289073486","name":"Mahalaxmi Racecourse","category":"sports","subtype":"leisure=stadium","source":"osm"}},{"type":"Feature","geometry":{"type":"Point","coordinates":[72.903008,19.138996]},"properties":{"id":"osm:way/1290746264","name":null,"category":"sports","subtype":"leisure=pitch","source":"osm"}},{"type":"Feature","geometry":{"type":"Point","coordinates":[73.007146,18.96953]},"properties":{"id":"osm:way/1310990254","name":null,"category":"sports","subtype":"leisure=pitch","source":"osm"}},{"type":"Feature","geometry":{"type":"Point","coordinates":[73.019725,19.022519]},"properties":{"id":"osm:way/1311209849","name":null,"category":"sports","subtype":"leisure=swimming_pool","source":"osm","access":"private"}},{"type":"Feature","geometry":{"type":"Point","coordinates":[72.82477,19.079836]},"properties":{"id":"osm:way/1324094543","name":"DFC INDIA","category":"sports","subtype":"leisure=pitch","source":"osm","access":"yes"}},{"type":"Feature","geometry":{"type":"Point","coordinates":[73.014533,19.026738]},"properties":{"id":"osm:way/1328127194","name":"Swimming Pool, Gymkhana","category":"sports","subtype":"leisure=swimming_pool","source":"osm"}},{"type":"Feature","geometry":{"type":"Point","coordinates":[72.826176,18.920995]},"properties":{"id":"osm:way/1329412887","name":null,"category":"sports","subtype":"leisure=playground","source":"osm","access":"yes"}},{"type":"Feature","geometry":{"type":"Point","coordinates":[72.835102,19.110189]},"properties":{"id":"osm:way/1330474697","name":null,"category":"sports","subtype":"leisure=pitch","source":"osm"}},{"type":"Feature","geometry":{"type":"Point","coordinates":[72.835261,19.110211]},"properties":{"id":"osm:way/1330474698","name":null,"category":"sports","subtype":"leisure=pitch","source":"osm"}},{"type":"Feature","geometry":{"type":"Point","coordinates":[72.835419,19.110219]},"properties":{"id":"osm:way/1330474699","name":null,"category":"sports","subtype":"leisure=pitch","source":"osm"}},{"type":"Feature","geometry":{"type":"Point","coordinates":[72.826826,19.133028]},"properties":{"id":"osm:way/1331275665","name":null,"category":"sports","subtype":"leisure=pitch","source":"osm"}},{"type":"Feature","geometry":{"type":"Point","coordinates":[72.826979,19.132987]},"properties":{"id":"osm:way/1331275723","name":null,"category":"sports","subtype":"leisure=pitch","source":"osm"}},{"type":"Feature","geometry":{"type":"Point","coordinates":[72.820677,19.13793]},"properties":{"id":"osm:way/1332557277","name":null,"category":"sports","subtype":"leisure=swimming_pool","source":"osm","level":"11"}},{"type":"Feature","geometry":{"type":"Point","coordinates":[72.820385,19.137836]},"properties":{"id":"osm:way/1332557280","name":null,"category":"sports","subtype":"leisure=pitch","source":"osm"}},{"type":"Feature","geometry":{"type":"Point","coordinates":[72.820484,19.1378]},"properties":{"id":"osm:way/1332557286","name":"Stellar","category":"sports","subtype":"leisure=sports_centre","source":"osm"}},{"type":"Feature","geometry":{"type":"Point","coordinates":[72.835478,19.058252]},"properties":{"id":"osm:way/1335357702","name":"Bandra Physical Culture Association","category":"sports","subtype":"leisure=fitness_centre","source":"osm"}},{"type":"Feature","geometry":{"type":"Point","coordinates":[72.835527,19.05828]},"properties":{"id":"osm:way/1335357704","name":null,"category":"sports","subtype":"leisure=fitness_centre","source":"osm"}},{"type":"Feature","geometry":{"type":"Point","coordinates":[72.935822,19.178676]},"properties":{"id":"osm:way/1339382535","name":null,"category":"sports","subtype":"leisure=pitch","source":"osm"}},{"type":"Feature","geometry":{"type":"Point","coordinates":[72.826353,19.146953]},"properties":{"id":"osm:way/1340590098","name":null,"category":"sports","subtype":"leisure=swimming_pool","source":"osm"}},{"type":"Feature","geometry":{"type":"Point","coordinates":[72.825864,19.146801]},"properties":{"id":"osm:way/1340590101","name":null,"category":"sports","subtype":"leisure=pitch","source":"osm"}},{"type":"Feature","geometry":{"type":"Point","coordinates":[72.826683,19.146456]},"properties":{"id":"osm:way/1340590102","name":null,"category":"sports","subtype":"leisure=pitch","source":"osm"}},{"type":"Feature","geometry":{"type":"Point","coordinates":[72.826341,19.14695]},"properties":{"id":"osm:way/1340590103","name":"The Celebration Sports Club","category":"sports","subtype":"leisure=sports_centre","source":"osm"}},{"type":"Feature","geometry":{"type":"Point","coordinates":[72.836527,19.22227]},"properties":{"id":"osm:way/1340730633","name":"bmc ground","category":"sports","subtype":"leisure=track","source":"osm","access":"destination"}},{"type":"Feature","geometry":{"type":"Point","coordinates":[72.83778,19.227313]},"properties":{"id":"osm:way/1340730634","name":null,"category":"sports","subtype":"leisure=pitch","source":"osm","access":"private"}},{"type":"Feature","geometry":{"type":"Point","coordinates":[72.827322,18.9194]},"properties":{"id":"osm:way/1344478905","name":"Badminton Court, Badhwar Park","category":"sports","subtype":"leisure=pitch","source":"osm"}},{"type":"Feature","geometry":{"type":"Point","coordinates":[72.827395,18.919506]},"properties":{"id":"osm:way/1344478906","name":"Badminton Court, Badhwar Park","category":"sports","subtype":"leisure=pitch","source":"osm"}},{"type":"Feature","geometry":{"type":"Point","coordinates":[72.820315,19.188456]},"properties":{"id":"osm:way/1349895068","name":"play ground","category":"sports","subtype":"leisure=playground","source":"osm"}},{"type":"Feature","geometry":{"type":"Point","coordinates":[72.831014,19.01032]},"properties":{"id":"osm:way/1351495458","name":null,"category":"sports","subtype":"leisure=pitch","source":"osm"}},{"type":"Feature","geometry":{"type":"Point","coordinates":[72.825024,18.974038]},"properties":{"id":"osm:way/1354031377","name":"ymca","category":"sports","subtype":"leisure=swimming_pool","source":"osm","access":"permit"}},{"type":"Feature","geometry":{"type":"Point","coordinates":[72.825608,18.940681]},"properties":{"id":"osm:way/1356638826","name":"practice pitch","category":"sports","subtype":"leisure=pitch","source":"osm","access":"private"}},{"type":"Feature","geometry":{"type":"Point","coordinates":[72.827074,18.91927]},"properties":{"id":"osm:way/1358980795","name":null,"category":"sports","subtype":"leisure=pitch","source":"osm"}},{"type":"Feature","geometry":{"type":"Point","coordinates":[72.827197,18.91917]},"properties":{"id":"osm:way/1358980796","name":null,"category":"sports","subtype":"leisure=pitch","source":"osm"}},{"type":"Feature","geometry":{"type":"Point","coordinates":[72.912981,19.115417]},"properties":{"id":"osm:way/1360467384","name":"Castle Rock Powai Pool","category":"sports","subtype":"leisure=swimming_pool","source":"osm"}},{"type":"Feature","geometry":{"type":"Point","coordinates":[72.905717,19.121469]},"properties":{"id":"osm:way/1360467386","name":"Powai Lake Bike Pathways","category":"sports","subtype":"leisure=track","source":"osm"}},{"type":"Feature","geometry":{"type":"Point","coordinates":[73.001228,19.103768]},"properties":{"id":"osm:way/1360718263","name":null,"category":"sports","subtype":"leisure=pitch","source":"osm"}},{"type":"Feature","geometry":{"type":"Point","coordinates":[72.847887,19.022143]},"properties":{"id":"osm:way/1378123574","name":null,"category":"sports","subtype":"leisure=pitch","source":"osm"}},{"type":"Feature","geometry":{"type":"Point","coordinates":[72.853307,19.02704]},"properties":{"id":"osm:way/1378123586","name":null,"category":"sports","subtype":"leisure=playground","source":"osm"}},{"type":"Feature","geometry":{"type":"Point","coordinates":[72.847897,19.022119]},"properties":{"id":"osm:way/1378123600","name":"R.A. Poddar College of Economics Playground","category":"sports","subtype":"leisure=sports_centre","source":"osm"}},{"type":"Feature","geometry":{"type":"Point","coordinates":[72.813713,19.138142]},"properties":{"id":"osm:way/1378636312","name":null,"category":"sports","subtype":"leisure=pitch","source":"osm"}},{"type":"Feature","geometry":{"type":"Point","coordinates":[72.840409,19.151839]},"properties":{"id":"osm:way/1379315252","name":null,"category":"sports","subtype":"leisure=swimming_pool","source":"osm"}},{"type":"Feature","geometry":{"type":"Point","coordinates":[72.824849,18.996123]},"properties":{"id":"osm:way/1379625572","name":null,"category":"sports","subtype":"leisure=pitch","source":"osm","access":"private"}},{"type":"Feature","geometry":{"type":"Point","coordinates":[72.824966,18.996055]},"properties":{"id":"osm:way/1379625573","name":null,"category":"sports","subtype":"leisure=pitch","source":"osm","access":"private"}},{"type":"Feature","geometry":{"type":"Point","coordinates":[72.81374,19.000343]},"properties":{"id":"osm:way/1379626318","name":"BMC Swimming Pool, Worli","category":"sports","subtype":"leisure=swimming_pool","source":"osm","access":"yes"}},{"type":"Feature","geometry":{"type":"Point","coordinates":[72.863955,19.299973]},"properties":{"id":"osm:way/1384405017","name":null,"category":"sports","subtype":"leisure=playground","source":"osm","access":"private"}},{"type":"Feature","geometry":{"type":"Point","coordinates":[72.860749,19.277511]},"properties":{"id":"osm:way/1384662194","name":null,"category":"sports","subtype":"leisure=pitch","source":"osm"}},{"type":"Feature","geometry":{"type":"Point","coordinates":[72.861817,19.299979]},"properties":{"id":"osm:way/1385268781","name":null,"category":"sports","subtype":"leisure=swimming_pool","source":"osm","access":"customers"}},{"type":"Feature","geometry":{"type":"Point","coordinates":[72.86191,19.300004]},"properties":{"id":"osm:way/1385268783","name":"Mira Bhayandar Sports Complex","category":"sports","subtype":"leisure=sports_centre","source":"osm","fee":"yes","operator":"MBMC"}},{"type":"Feature","geometry":{"type":"Point","coordinates":[72.860162,19.303131]},"properties":{"id":"osm:way/1385274477","name":"Goddev Gym","category":"sports","subtype":"leisure=fitness_centre","source":"osm"}},{"type":"Feature","geometry":{"type":"Point","coordinates":[72.841847,19.042672]},"properties":{"id":"osm:way/1387156400","name":null,"category":"sports","subtype":"leisure=playground","source":"osm"}},{"type":"Feature","geometry":{"type":"Point","coordinates":[72.842161,19.042471]},"properties":{"id":"osm:way/1387156401","name":null,"category":"sports","subtype":"leisure=playground","source":"osm"}},{"type":"Feature","geometry":{"type":"Point","coordinates":[72.960561,19.187776]},"properties":{"id":"osm:way/1387504888","name":"Thane Club","category":"sports","subtype":"leisure=sports_centre","source":"osm"}},{"type":"Feature","geometry":{"type":"Point","coordinates":[72.82546,19.101686]},"properties":{"id":"osm:way/1388053367","name":null,"category":"sports","subtype":"leisure=swimming_pool","source":"osm"}},{"type":"Feature","geometry":{"type":"Point","coordinates":[72.964398,19.175163]},"properties":{"id":"osm:way/1388225955","name":null,"category":"sports","subtype":"leisure=playground","source":"osm"}},{"type":"Feature","geometry":{"type":"Point","coordinates":[72.897645,19.073927]},"properties":{"id":"osm:way/1388703487","name":"Somaiya Swimming Pool","category":"sports","subtype":"leisure=swimming_pool","source":"osm","access":"private","operator":"Somaiya Vidyavihar","description":"Swimming Pool - Somaiya Sports Academy"}},{"type":"Feature","geometry":{"type":"Point","coordinates":[72.89901,19.074366]},"properties":{"id":"osm:way/1388704126","name":"Somaiya Volleyball Court","category":"sports","subtype":"leisure=pitch","source":"osm"}},{"type":"Feature","geometry":{"type":"Point","coordinates":[72.901177,19.073286]},"properties":{"id":"osm:way/1388713623","name":"Somaiya Ground","category":"sports","subtype":"leisure=pitch","source":"osm"}},{"type":"Feature","geometry":{"type":"Point","coordinates":[72.897563,19.073674]},"properties":{"id":"osm:way/1388769253","name":"Eklavya","category":"sports","subtype":"leisure=sports_centre","source":"osm","fee":"no","operator":"Somaiya Sports Academy"}},{"type":"Feature","geometry":{"type":"Point","coordinates":[72.898593,19.080733]},"properties":{"id":"osm:way/1389644045","name":null,"category":"sports","subtype":"leisure=pitch","source":"osm"}},{"type":"Feature","geometry":{"type":"Point","coordinates":[72.898913,19.080977]},"properties":{"id":"osm:way/1389644046","name":null,"category":"sports","subtype":"leisure=pitch","source":"osm"}},{"type":"Feature","geometry":{"type":"Point","coordinates":[72.898769,19.080836]},"properties":{"id":"osm:way/1389644047","name":null,"category":"sports","subtype":"leisure=pitch","source":"osm"}},{"type":"Feature","geometry":{"type":"Point","coordinates":[72.927321,19.166796]},"properties":{"id":"osm:way/1389690392","name":null,"category":"sports","subtype":"leisure=pitch","source":"osm"}},{"type":"Feature","geometry":{"type":"Point","coordinates":[72.850391,19.226528]},"properties":{"id":"osm:way/1389891176","name":null,"category":"sports","subtype":"leisure=pitch","source":"osm","access":"permissive"}},{"type":"Feature","geometry":{"type":"Point","coordinates":[72.850278,19.226361]},"properties":{"id":"osm:way/1389891178","name":null,"category":"sports","subtype":"leisure=fitness_centre","source":"osm"}},{"type":"Feature","geometry":{"type":"Point","coordinates":[72.849904,19.226308]},"properties":{"id":"osm:way/1389891179","name":null,"category":"sports","subtype":"leisure=pitch","source":"osm"}},{"type":"Feature","geometry":{"type":"Point","coordinates":[72.849929,19.228311]},"properties":{"id":"osm:way/1389891182","name":null,"category":"sports","subtype":"leisure=playground","source":"osm"}},{"type":"Feature","geometry":{"type":"Point","coordinates":[72.850596,19.226484]},"properties":{"id":"osm:way/1389891185","name":null,"category":"sports","subtype":"leisure=pitch","source":"osm"}},{"type":"Feature","geometry":{"type":"Point","coordinates":[72.850762,19.226381]},"properties":{"id":"osm:way/1389891186","name":null,"category":"sports","subtype":"leisure=pitch","source":"osm"}},{"type":"Feature","geometry":{"type":"Point","coordinates":[72.84439,19.217265]},"properties":{"id":"osm:way/1389898836","name":null,"category":"sports","subtype":"leisure=fitness_centre","source":"osm"}},{"type":"Feature","geometry":{"type":"Point","coordinates":[72.837831,19.228353]},"properties":{"id":"osm:way/1389898837","name":null,"category":"sports","subtype":"leisure=fitness_centre","source":"osm"}},{"type":"Feature","geometry":{"type":"Point","coordinates":[72.899031,19.074061]},"properties":{"id":"osm:way/1390028807","name":"Somaiya Basketball Court","category":"sports","subtype":"leisure=pitch","source":"osm"}},{"type":"Feature","geometry":{"type":"Point","coordinates":[72.899315,19.075016]},"properties":{"id":"osm:way/1390040862","name":"KJSAC Basketball Court","category":"sports","subtype":"leisure=pitch","source":"osm"}},{"type":"Feature","geometry":{"type":"Point","coordinates":[72.898349,19.073948]},"properties":{"id":"osm:way/1390433258","name":"Somaiya Football Ground","category":"sports","subtype":"leisure=pitch","source":"osm","access":"private"}},{"type":"Feature","geometry":{"type":"Point","coordinates":[72.998161,19.109297]},"properties":{"id":"osm:way/1391308865","name":null,"category":"sports","subtype":"leisure=pitch","source":"osm"}},{"type":"Feature","geometry":{"type":"Point","coordinates":[72.962727,19.17371]},"properties":{"id":"osm:way/1391802090","name":null,"category":"sports","subtype":"leisure=pitch","source":"osm"}},{"type":"Feature","geometry":{"type":"Point","coordinates":[72.821467,19.044482]},"properties":{"id":"osm:way/1393438364","name":null,"category":"sports","subtype":"leisure=pitch","source":"osm","access":"private"}},{"type":"Feature","geometry":{"type":"Point","coordinates":[72.848241,19.057397]},"properties":{"id":"osm:way/1393794995","name":null,"category":"sports","subtype":"leisure=swimming_pool","source":"osm","access":"private"}},{"type":"Feature","geometry":{"type":"Point","coordinates":[72.825932,19.147308]},"properties":{"id":"osm:way/1395750521","name":null,"category":"sports","subtype":"leisure=pitch","source":"osm"}},{"type":"Feature","geometry":{"type":"Point","coordinates":[72.826102,19.147274]},"properties":{"id":"osm:way/1395750522","name":null,"category":"sports","subtype":"leisure=pitch","source":"osm"}},{"type":"Feature","geometry":{"type":"Point","coordinates":[72.837818,19.136696]},"properties":{"id":"osm:way/1395765072","name":null,"category":"sports","subtype":"leisure=pitch","source":"osm"}},{"type":"Feature","geometry":{"type":"Point","coordinates":[72.837988,19.136789]},"properties":{"id":"osm:way/1395765073","name":null,"category":"sports","subtype":"leisure=pitch","source":"osm"}},{"type":"Feature","geometry":{"type":"Point","coordinates":[72.833457,19.083484]},"properties":{"id":"osm:way/1395820083","name":null,"category":"sports","subtype":"leisure=pitch","source":"osm"}},{"type":"Feature","geometry":{"type":"Point","coordinates":[72.830684,19.063614]},"properties":{"id":"osm:way/1396189540","name":null,"category":"sports","subtype":"leisure=swimming_pool","source":"osm","access":"private"}},{"type":"Feature","geometry":{"type":"Point","coordinates":[72.828136,18.921549]},"properties":{"id":"osm:way/1396793104","name":null,"category":"sports","subtype":"leisure=swimming_pool","source":"osm"}},{"type":"Feature","geometry":{"type":"Point","coordinates":[72.82602,18.919181]},"properties":{"id":"osm:way/1396793105","name":"Badhwar Park Swimming Pool","category":"sports","subtype":"leisure=swimming_pool","source":"osm"}},{"type":"Feature","geometry":{"type":"Point","coordinates":[72.900649,19.053582]},"properties":{"id":"osm:way/1402778167","name":null,"category":"sports","subtype":"leisure=playground","source":"osm"}},{"type":"Feature","geometry":{"type":"Point","coordinates":[72.827177,18.92205]},"properties":{"id":"osm:way/1408717270","name":null,"category":"sports","subtype":"leisure=pitch","source":"osm"}},{"type":"Feature","geometry":{"type":"Point","coordinates":[72.828711,18.92439]},"properties":{"id":"osm:way/1408717273","name":"Cooperage Stadium","category":"sports","subtype":"leisure=stadium","source":"osm"}},{"type":"Feature","geometry":{"type":"Point","coordinates":[72.925105,18.873756]},"properties":{"id":"osm:way/1409173645","name":null,"category":"sports","subtype":"leisure=swimming_pool","source":"osm","opening_hours":"24/7","access":"customers","operator":"Silver Oak By Bay Hotels"}},{"type":"Feature","geometry":{"type":"Point","coordinates":[72.87686,19.113235]},"properties":{"id":"osm:way/1410345896","name":null,"category":"sports","subtype":"leisure=playground","source":"osm","access":"yes"}},{"type":"Feature","geometry":{"type":"Point","coordinates":[72.819565,19.04561]},"properties":{"id":"osm:way/1412316694","name":null,"category":"sports","subtype":"leisure=swimming_pool","source":"osm","access":"private"}},{"type":"Feature","geometry":{"type":"Point","coordinates":[72.86426,19.297088]},"properties":{"id":"osm:way/1415395526","name":null,"category":"sports","subtype":"leisure=playground","source":"osm","access":"yes"}},{"type":"Feature","geometry":{"type":"Point","coordinates":[72.998702,19.144101]},"properties":{"id":"osm:way/1418749688","name":null,"category":"sports","subtype":"leisure=swimming_pool","source":"osm"}},{"type":"Feature","geometry":{"type":"Point","coordinates":[72.864434,19.297735]},"properties":{"id":"osm:way/1419367872","name":null,"category":"sports","subtype":"leisure=playground","source":"osm","wheelchair":"no"}},{"type":"Feature","geometry":{"type":"Point","coordinates":[72.830637,19.011133]},"properties":{"id":"osm:way/1419913194","name":null,"category":"sports","subtype":"leisure=swimming_pool","source":"osm","access":"private"}},{"type":"Feature","geometry":{"type":"Point","coordinates":[72.829879,19.071298]},"properties":{"id":"osm:way/1421013459","name":null,"category":"sports","subtype":"leisure=swimming_pool","source":"osm","access":"private"}},{"type":"Feature","geometry":{"type":"Point","coordinates":[72.814909,18.959743]},"properties":{"id":"osm:way/1422977946","name":null,"category":"sports","subtype":"leisure=pitch","source":"osm"}},{"type":"Feature","geometry":{"type":"Point","coordinates":[72.815169,18.959609]},"properties":{"id":"osm:way/1422977947","name":null,"category":"sports","subtype":"leisure=pitch","source":"osm"}},{"type":"Feature","geometry":{"type":"Point","coordinates":[72.828438,19.044801]},"properties":{"id":"osm:way/1423267463","name":null,"category":"sports","subtype":"leisure=pitch","source":"osm"}},{"type":"Feature","geometry":{"type":"Point","coordinates":[72.839283,19.066918]},"properties":{"id":"osm:way/1424948134","name":null,"category":"sports","subtype":"leisure=swimming_pool","source":"osm","access":"private"}},{"type":"Feature","geometry":{"type":"Point","coordinates":[72.827805,19.002569]},"properties":{"id":"osm:way/1431905890","name":null,"category":"sports","subtype":"leisure=swimming_pool","source":"osm","access":"private"}},{"type":"Feature","geometry":{"type":"Point","coordinates":[72.827953,19.002229]},"properties":{"id":"osm:way/1431905891","name":null,"category":"sports","subtype":"leisure=pitch","source":"osm","access":"private"}},{"type":"Feature","geometry":{"type":"Point","coordinates":[72.838954,19.160611]},"properties":{"id":"osm:way/1436471713","name":null,"category":"sports","subtype":"leisure=playground","source":"osm","access":"yes"}},{"type":"Feature","geometry":{"type":"Point","coordinates":[72.878182,19.049376]},"properties":{"id":"osm:way/1445445362","name":"VPPCOE Turf","category":"sports","subtype":"leisure=pitch","source":"osm","access":"permit"}},{"type":"Feature","geometry":{"type":"Point","coordinates":[72.85767,19.025327]},"properties":{"id":"osm:way/1448422677","name":"Don Bosco High School Basketball Turf","category":"sports","subtype":"leisure=pitch","source":"osm","access":"permissive"}},{"type":"Feature","geometry":{"type":"Point","coordinates":[72.813844,18.979048]},"properties":{"id":"osm:way/1451269782","name":null,"category":"sports","subtype":"leisure=pitch","source":"osm"}},{"type":"Feature","geometry":{"type":"Point","coordinates":[72.821294,19.059554]},"properties":{"id":"osm:way/1455096281","name":null,"category":"sports","subtype":"leisure=track","source":"osm"}},{"type":"Feature","geometry":{"type":"Point","coordinates":[72.821558,19.059186]},"properties":{"id":"osm:way/1455096903","name":null,"category":"sports","subtype":"leisure=playground","source":"osm"}},{"type":"Feature","geometry":{"type":"Point","coordinates":[72.91727,19.051337]},"properties":{"id":"osm:way/1455924531","name":"deonar ground","category":"sports","subtype":"leisure=playground","source":"osm","access":"yes"}},{"type":"Feature","geometry":{"type":"Point","coordinates":[72.861544,19.176992]},"properties":{"id":"osm:way/1456841082","name":null,"category":"sports","subtype":"leisure=playground","source":"osm"}},{"type":"Feature","geometry":{"type":"Point","coordinates":[72.826863,18.966019]},"properties":{"id":"osm:way/1457063708","name":"VR Tulla Playground","category":"sports","subtype":"leisure=playground","source":"osm"}},{"type":"Feature","geometry":{"type":"Point","coordinates":[72.836617,18.965728]},"properties":{"id":"osm:way/1457667524","name":null,"category":"sports","subtype":"leisure=pitch","source":"osm"}},{"type":"Feature","geometry":{"type":"Point","coordinates":[72.959446,19.205684]},"properties":{"id":"osm:way/1458864171","name":"Dosti Clubhouse","category":"sports","subtype":"leisure=sports_centre","source":"osm","fee":"yes","operator":"Dosti Vihar"}},{"type":"Feature","geometry":{"type":"Point","coordinates":[72.832277,18.993746]},"properties":{"id":"osm:way/1458934399","name":null,"category":"sports","subtype":"leisure=playground","source":"osm"}},{"type":"Feature","geometry":{"type":"Point","coordinates":[72.869472,19.173549]},"properties":{"id":"osm:way/1459178476","name":null,"category":"sports","subtype":"leisure=swimming_pool","source":"osm"}},{"type":"Feature","geometry":{"type":"Point","coordinates":[72.83022,19.142986]},"properties":{"id":"osm:way/1459319803","name":null,"category":"sports","subtype":"leisure=swimming_pool","source":"osm"}},{"type":"Feature","geometry":{"type":"Point","coordinates":[72.853001,19.024883]},"properties":{"id":"osm:way/1459553144","name":null,"category":"sports","subtype":"leisure=swimming_pool","source":"osm","access":"private"}},{"type":"Feature","geometry":{"type":"Point","coordinates":[72.821757,19.11593]},"properties":{"id":"osm:way/1459695419","name":null,"category":"sports","subtype":"leisure=swimming_pool","source":"osm"}},{"type":"Feature","geometry":{"type":"Point","coordinates":[72.822182,19.115514]},"properties":{"id":"osm:way/1459695423","name":null,"category":"sports","subtype":"leisure=swimming_pool","source":"osm"}},{"type":"Feature","geometry":{"type":"Point","coordinates":[72.85466,19.072532]},"properties":{"id":"osm:way/1459740150","name":null,"category":"sports","subtype":"leisure=pitch","source":"osm"}},{"type":"Feature","geometry":{"type":"Point","coordinates":[72.829776,19.12377]},"properties":{"id":"osm:way/1459999334","name":null,"category":"sports","subtype":"leisure=pitch","source":"osm"}},{"type":"Feature","geometry":{"type":"Point","coordinates":[72.819522,18.991104]},"properties":{"id":"osm:way/1463026802","name":null,"category":"sports","subtype":"leisure=playground","source":"osm"}},{"type":"Feature","geometry":{"type":"Point","coordinates":[72.811423,18.988566]},"properties":{"id":"osm:way/1467124200","name":null,"category":"sports","subtype":"leisure=swimming_pool","source":"osm"}},{"type":"Feature","geometry":{"type":"Point","coordinates":[72.863033,19.103262]},"properties":{"id":"osm:way/1467533924","name":null,"category":"sports","subtype":"leisure=swimming_pool","source":"osm","access":"private"}},{"type":"Feature","geometry":{"type":"Point","coordinates":[72.902985,19.055215]},"properties":{"id":"osm:way/1467561862","name":null,"category":"sports","subtype":"leisure=pitch","source":"osm","access":"private"}},{"type":"Feature","geometry":{"type":"Point","coordinates":[72.829753,19.147498]},"properties":{"id":"osm:way/1469348953","name":null,"category":"sports","subtype":"leisure=pitch","source":"osm"}},{"type":"Feature","geometry":{"type":"Point","coordinates":[72.829199,19.147774]},"properties":{"id":"osm:way/1469348963","name":null,"category":"sports","subtype":"leisure=swimming_pool","source":"osm"}},{"type":"Feature","geometry":{"type":"Point","coordinates":[72.830197,19.148087]},"properties":{"id":"osm:way/1469348964","name":null,"category":"sports","subtype":"leisure=pitch","source":"osm"}},{"type":"Feature","geometry":{"type":"Point","coordinates":[72.831401,18.942832]},"properties":{"id":"osm:way/1472321742","name":null,"category":"sports","subtype":"leisure=pitch","source":"osm"}},{"type":"Feature","geometry":{"type":"Point","coordinates":[72.82962,19.140802]},"properties":{"id":"osm:way/1479500610","name":null,"category":"sports","subtype":"leisure=sports_centre","source":"osm"}},{"type":"Feature","geometry":{"type":"Point","coordinates":[72.938749,19.171885]},"properties":{"id":"osm:way/1479525969","name":null,"category":"sports","subtype":"leisure=track","source":"osm","access":"private"}},{"type":"Feature","geometry":{"type":"Point","coordinates":[72.825358,19.143486]},"properties":{"id":"osm:way/1481731783","name":null,"category":"sports","subtype":"leisure=playground","source":"osm","access":"private"}},{"type":"Feature","geometry":{"type":"Point","coordinates":[72.955657,19.288259]},"properties":{"id":"osm:way/1485374396","name":null,"category":"sports","subtype":"leisure=pitch","source":"osm"}},{"type":"Feature","geometry":{"type":"Point","coordinates":[72.98869,19.25573]},"properties":{"id":"osm:way/1485857501","name":null,"category":"sports","subtype":"leisure=pitch","source":"osm"}},{"type":"Feature","geometry":{"type":"Point","coordinates":[72.833838,19.049635]},"properties":{"id":"osm:way/1488973545","name":null,"category":"sports","subtype":"leisure=playground","source":"osm","access":"yes"}},{"type":"Feature","geometry":{"type":"Point","coordinates":[72.817339,18.968499]},"properties":{"id":"osm:way/1489064944","name":null,"category":"sports","subtype":"leisure=swimming_pool","source":"osm"}},{"type":"Feature","geometry":{"type":"Point","coordinates":[72.830835,18.944348]},"properties":{"id":"osm:way/1489079811","name":null,"category":"sports","subtype":"leisure=playground","source":"osm"}},{"type":"Feature","geometry":{"type":"Point","coordinates":[72.823807,18.931518]},"properties":{"id":"osm:way/1489081963","name":null,"category":"sports","subtype":"leisure=swimming_pool","source":"osm"}},{"type":"Feature","geometry":{"type":"Point","coordinates":[72.829107,19.004185]},"properties":{"id":"osm:way/1490038299","name":null,"category":"sports","subtype":"leisure=swimming_pool","source":"osm","access":"private","level":"7"}},{"type":"Feature","geometry":{"type":"Point","coordinates":[72.83989,19.298814]},"properties":{"id":"osm:way/1491845368","name":null,"category":"sports","subtype":"leisure=playground","source":"osm"}},{"type":"Feature","geometry":{"type":"Point","coordinates":[72.840369,19.298759]},"properties":{"id":"osm:way/1491845369","name":null,"category":"sports","subtype":"leisure=playground","source":"osm"}},{"type":"Feature","geometry":{"type":"Point","coordinates":[72.828866,19.018668]},"properties":{"id":"osm:way/1493704365","name":null,"category":"sports","subtype":"leisure=swimming_pool","source":"osm"}},{"type":"Feature","geometry":{"type":"Point","coordinates":[72.825885,19.016217]},"properties":{"id":"osm:way/1493704370","name":null,"category":"sports","subtype":"leisure=swimming_pool","source":"osm"}},{"type":"Feature","geometry":{"type":"Point","coordinates":[72.824778,19.017713]},"properties":{"id":"osm:way/1493704371","name":null,"category":"sports","subtype":"leisure=swimming_pool","source":"osm"}},{"type":"Feature","geometry":{"type":"Point","coordinates":[72.820487,18.949317]},"properties":{"id":"osm:way/1494229937","name":null,"category":"sports","subtype":"leisure=pitch","source":"osm"}},{"type":"Feature","geometry":{"type":"Point","coordinates":[72.820537,18.949389]},"properties":{"id":"osm:way/1494229938","name":null,"category":"sports","subtype":"leisure=pitch","source":"osm"}},{"type":"Feature","geometry":{"type":"Point","coordinates":[72.820605,18.949434]},"properties":{"id":"osm:way/1494229939","name":null,"category":"sports","subtype":"leisure=pitch","source":"osm"}},{"type":"Feature","geometry":{"type":"Point","coordinates":[72.837255,19.127919]},"properties":{"id":"osm:way/1494528893","name":null,"category":"sports","subtype":"leisure=pitch","source":"osm"}},{"type":"Feature","geometry":{"type":"Point","coordinates":[72.829924,18.941978]},"properties":{"id":"osm:way/1495385322","name":null,"category":"sports","subtype":"leisure=pitch","source":"osm"}},{"type":"Feature","geometry":{"type":"Point","coordinates":[72.830123,18.94186]},"properties":{"id":"osm:way/1495385323","name":null,"category":"sports","subtype":"leisure=pitch","source":"osm"}},{"type":"Feature","geometry":{"type":"Point","coordinates":[72.829999,18.941655]},"properties":{"id":"osm:way/1495385324","name":null,"category":"sports","subtype":"leisure=pitch","source":"osm"}},{"type":"Feature","geometry":{"type":"Point","coordinates":[72.830258,18.941622]},"properties":{"id":"osm:way/1495385325","name":null,"category":"sports","subtype":"leisure=pitch","source":"osm"}},{"type":"Feature","geometry":{"type":"Point","coordinates":[72.830168,19.108462]},"properties":{"id":"osm:way/1495925467","name":null,"category":"sports","subtype":"leisure=swimming_pool","source":"osm","access":"private"}},{"type":"Feature","geometry":{"type":"Point","coordinates":[72.885699,19.080174]},"properties":{"id":"osm:way/1499334886","name":null,"category":"sports","subtype":"leisure=swimming_pool","source":"osm"}},{"type":"Feature","geometry":{"type":"Point","coordinates":[72.937135,19.169908]},"properties":{"id":"osm:way/1503408177","name":null,"category":"sports","subtype":"leisure=swimming_pool","source":"osm","access":"private"}},{"type":"Feature","geometry":{"type":"Point","coordinates":[72.860156,19.029839]},"properties":{"id":"osm:way/1503546409","name":null,"category":"sports","subtype":"leisure=swimming_pool","source":"osm"}},{"type":"Feature","geometry":{"type":"Point","coordinates":[72.868108,19.113182]},"properties":{"id":"osm:way/1503649843","name":null,"category":"sports","subtype":"leisure=swimming_pool","source":"osm"}},{"type":"Feature","geometry":{"type":"Point","coordinates":[72.826614,19.141718]},"properties":{"id":"osm:way/1505666824","name":null,"category":"sports","subtype":"leisure=swimming_pool","source":"osm"}},{"type":"Feature","geometry":{"type":"Point","coordinates":[72.828382,19.145632]},"properties":{"id":"osm:way/1505666825","name":null,"category":"sports","subtype":"leisure=swimming_pool","source":"osm"}},{"type":"Feature","geometry":{"type":"Point","coordinates":[72.826297,19.142181]},"properties":{"id":"osm:way/1505666826","name":null,"category":"sports","subtype":"leisure=swimming_pool","source":"osm"}},{"type":"Feature","geometry":{"type":"Point","coordinates":[72.896072,19.028438]},"properties":{"id":"osm:way/1509800555","name":null,"category":"sports","subtype":"leisure=swimming_pool","source":"osm"}},{"type":"Feature","geometry":{"type":"Point","coordinates":[72.829159,19.004551]},"properties":{"id":"osm:way/1523993879","name":"Jewel Clubhouse","category":"sports","subtype":"leisure=fitness_centre","source":"osm","opening_hours":"06:00-22:00","access":"private"}},{"type":"Feature","geometry":{"type":"Point","coordinates":[72.897686,19.074321]},"properties":{"id":"osm:way/1528427611","name":"Sports Performance Lab","category":"sports","subtype":"leisure=sports_centre","source":"osm","fee":"no","operator":"Somaiya Sports Academy"}},{"type":"Feature","geometry":{"type":"Point","coordinates":[72.83031,19.065402]},"properties":{"id":"osm:way/1530331018","name":null,"category":"sports","subtype":"leisure=swimming_pool","source":"osm"}},{"type":"Feature","geometry":{"type":"Point","coordinates":[72.827215,19.144724]},"properties":{"id":"osm:way/1530671672","name":null,"category":"sports","subtype":"leisure=playground","source":"osm"}},{"type":"Feature","geometry":{"type":"Point","coordinates":[72.819999,18.984435]},"properties":{"id":"osm:way/1536187896","name":null,"category":"sports","subtype":"leisure=track","source":"osm"}},{"type":"Feature","geometry":{"type":"Point","coordinates":[72.840903,19.296124]},"properties":{"id":"osm:way/1543042372","name":null,"category":"sports","subtype":"leisure=playground","source":"osm","access":"permissive"}},{"type":"Feature","geometry":{"type":"Point","coordinates":[72.880101,19.16726]},"properties":{"id":"osm:way/1544960673","name":null,"category":"sports","subtype":"leisure=swimming_pool","source":"osm"}},{"type":"Feature","geometry":{"type":"Point","coordinates":[72.878771,19.165922]},"properties":{"id":"osm:way/1544960687","name":null,"category":"sports","subtype":"leisure=pitch","source":"osm"}},{"type":"Feature","geometry":{"type":"Point","coordinates":[72.982353,19.18216]},"properties":{"id":"osm:way/1548072609","name":null,"category":"sports","subtype":"leisure=playground","source":"osm"}},{"type":"Feature","geometry":{"type":"Point","coordinates":[72.878649,19.036829]},"properties":{"id":"osm:way/1550177123","name":null,"category":"sports","subtype":"leisure=playground","source":"osm"}},{"type":"Feature","geometry":{"type":"Point","coordinates":[72.87855,19.037174]},"properties":{"id":"osm:way/1550177124","name":null,"category":"sports","subtype":"leisure=swimming_pool","source":"osm"}},{"type":"Feature","geometry":{"type":"Point","coordinates":[72.87847,19.037318]},"properties":{"id":"osm:way/1550177125","name":null,"category":"sports","subtype":"leisure=playground","source":"osm"}},{"type":"Feature","geometry":{"type":"Point","coordinates":[72.878598,19.037333]},"properties":{"id":"osm:way/1550177126","name":null,"category":"sports","subtype":"leisure=swimming_pool","source":"osm"}},{"type":"Feature","geometry":{"type":"Point","coordinates":[72.878228,19.038938]},"properties":{"id":"osm:way/1550177137","name":null,"category":"sports","subtype":"leisure=swimming_pool","source":"osm"}},{"type":"Feature","geometry":{"type":"Point","coordinates":[72.8784,19.038952]},"properties":{"id":"osm:way/1550177138","name":null,"category":"sports","subtype":"leisure=swimming_pool","source":"osm"}},{"type":"Feature","geometry":{"type":"Point","coordinates":[72.878915,19.038966]},"properties":{"id":"osm:way/1550177141","name":null,"category":"sports","subtype":"leisure=pitch","source":"osm"}},{"type":"Feature","geometry":{"type":"Point","coordinates":[72.877962,19.038315]},"properties":{"id":"osm:way/1550271968","name":null,"category":"sports","subtype":"leisure=playground","source":"osm"}},{"type":"Feature","geometry":{"type":"Point","coordinates":[72.826665,19.00483]},"properties":{"id":"osm:way/1551995795","name":null,"category":"sports","subtype":"leisure=sports_centre","source":"osm"}},{"type":"Feature","geometry":{"type":"Point","coordinates":[72.827928,19.005746]},"properties":{"id":"osm:way/1551995796","name":null,"category":"sports","subtype":"leisure=playground","source":"osm"}},{"type":"Feature","geometry":{"type":"Point","coordinates":[72.828176,19.006011]},"properties":{"id":"osm:way/1551995797","name":null,"category":"sports","subtype":"leisure=pitch","source":"osm"}},{"type":"Feature","geometry":{"type":"Point","coordinates":[72.832535,19.143099]},"properties":{"id":"osm:way/1556482657","name":null,"category":"sports","subtype":"leisure=pitch","source":"osm"}},{"type":"Feature","geometry":{"type":"Point","coordinates":[72.804875,18.96322]},"properties":{"id":"osm:way/1558930875","name":null,"category":"sports","subtype":"leisure=pitch","source":"osm","access":"private"}},{"type":"Feature","geometry":{"type":"Point","coordinates":[72.804902,18.974434]},"properties":{"id":"osm:way/1558930888","name":null,"category":"sports","subtype":"leisure=swimming_pool","source":"osm","access":"private"}},{"type":"Feature","geometry":{"type":"Point","coordinates":[72.926369,19.031898]},"properties":{"id":"osm:relation/5270608","name":"PTAA Complex","category":"sports","subtype":"leisure=fitness_centre","source":"osm"}},{"type":"Feature","geometry":{"type":"Point","coordinates":[72.819925,18.98555]},"properties":{"id":"osm:relation/7107871","name":null,"category":"sports","subtype":"leisure=track","source":"osm"}},{"type":"Feature","geometry":{"type":"Point","coordinates":[72.826214,19.059325]},"properties":{"id":"osm:relation/8134400","name":"D'Monte Park Recreational Club","category":"sports","subtype":"leisure=sports_centre","source":"osm"}},{"type":"Feature","geometry":{"type":"Point","coordinates":[72.912246,19.134499]},"properties":{"id":"osm:relation/9175618","name":"Running Track","category":"sports","subtype":"leisure=track","source":"osm"}},{"type":"Feature","geometry":{"type":"Point","coordinates":[72.875442,19.048247]},"properties":{"id":"osm:relation/14042177","name":null,"category":"sports","subtype":"leisure=pitch","source":"osm"}},{"type":"Feature","geometry":{"type":"Point","coordinates":[72.825576,18.940684]},"properties":{"id":"osm:relation/18649866","name":null,"category":"sports","subtype":"leisure=track","source":"osm"}},{"type":"Feature","geometry":{"type":"Point","coordinates":[72.805434,18.903916]},"properties":{"id":"osm:relation/18855974","name":null,"category":"sports","subtype":"leisure=track","source":"osm"}},{"type":"Feature","geometry":{"type":"Point","coordinates":[72.898352,19.07397]},"properties":{"id":"osm:relation/19186017","name":"Somaiya Running Track","category":"sports","subtype":"leisure=track","source":"osm"}}]}